legacy_url,legacy_title,source_exports,post_types,final_destination,decision,rationale
https://na.org.za/,Home,narcoticsanonymoussouthafricaregion.WordPress.2026-08-16.xml,page,/about,final-route,general public information consolidates in About NA pending page-level editorial expansion
https://na.org.za/?page_id=1459,Refund and Returns Policy,narcoticsanonymoussouthafricaregion.WordPress.2026-08-16.xml,page,/about,final-route,general public information consolidates in About NA pending page-level editorial expansion
https://na.org.za/?post_type=tsml_location&p=3140,"Methodist Church, Burg Street",narcoticsanonymoussouthafricaregion.WordPress.2026-08-16.xml,tsml_location,/about,final-route,general public information consolidates in About NA pending page-level editorial expansion
https://na.org.za/?post_type=tsml_location&p=3142,Salesians Institute,narcoticsanonymoussouthafricaregion.WordPress.2026-08-16.xml,tsml_location,/about,final-route,general public information consolidates in About NA pending page-level editorial expansion
https://na.org.za/?post_type=tsml_location&p=3144,"Western Cape, South Africa",narcoticsanonymoussouthafricaregion.WordPress.2026-08-16.xml,tsml_location,/about,final-route,general public information consolidates in About NA pending page-level editorial expansion
https://na.org.za/?post_type=tsml_location&p=3146,"3 Batavia Rd, Bloubergstrand, Cape Town, 7436, South Africa",narcoticsanonymoussouthafricaregion.WordPress.2026-08-16.xml,tsml_location,/about,final-route,general public information consolidates in About NA pending page-level editorial expansion
https://na.org.za/?post_type=tsml_location&p=3148,Delft Civic c/o Delft and Voorbrug Main Road,narcoticsanonymoussouthafricaregion.WordPress.2026-08-16.xml,tsml_location,/about,final-route,general public information consolidates in About NA pending page-level editorial expansion
https://na.org.za/?post_type=tsml_location&p=3150,GROOTE KERK Sentrum,narcoticsanonymoussouthafricaregion.WordPress.2026-08-16.xml,tsml_location,/about,final-route,general public information consolidates in About NA pending page-level editorial expansion
https://na.org.za/?post_type=tsml_location&p=3152,"House Of Steps, Plettenberg Bay",narcoticsanonymoussouthafricaregion.WordPress.2026-08-16.xml,tsml_location,/about,final-route,general public information consolidates in About NA pending page-level editorial expansion
https://na.org.za/?post_type=tsml_location&p=3154,"Methodist Church, off Marsh Street",narcoticsanonymoussouthafricaregion.WordPress.2026-08-16.xml,tsml_location,/about,final-route,general public information consolidates in About NA pending page-level editorial expansion
https://na.org.za/?post_type=tsml_location&p=3156,ST Martin's Anglican Church,narcoticsanonymoussouthafricaregion.WordPress.2026-08-16.xml,tsml_location,/about,final-route,general public information consolidates in About NA pending page-level editorial expansion
https://na.org.za/?post_type=tsml_location&p=3158,St. Mark's Catholic Church,narcoticsanonymoussouthafricaregion.WordPress.2026-08-16.xml,tsml_location,/about,final-route,general public information consolidates in About NA pending page-level editorial expansion
https://na.org.za/?post_type=tsml_location&p=3160,"United Church, Hermanus",narcoticsanonymoussouthafricaregion.WordPress.2026-08-16.xml,tsml_location,/about,final-route,general public information consolidates in About NA pending page-level editorial expansion
https://na.org.za/?post_type=tsml_location&p=3162,"NG Gemeente, Gordon's bay",narcoticsanonymoussouthafricaregion.WordPress.2026-08-16.xml,tsml_location,/about,final-route,general public information consolidates in About NA pending page-level editorial expansion
https://na.org.za/?post_type=tsml_location&p=3164,Bonteheuwel Multi-Purpose Centre,narcoticsanonymoussouthafricaregion.WordPress.2026-08-16.xml,tsml_location,/about,final-route,general public information consolidates in About NA pending page-level editorial expansion
https://na.org.za/?post_type=tsml_location&p=3166,"Durbanville Presbyterian Church, Cnr Louw St and Hafele St. Durbanville.",narcoticsanonymoussouthafricaregion.WordPress.2026-08-16.xml,tsml_location,/about,final-route,general public information consolidates in About NA pending page-level editorial expansion
https://na.org.za/?post_type=tsml_location&p=3168,Moravian Church School,narcoticsanonymoussouthafricaregion.WordPress.2026-08-16.xml,tsml_location,/about,final-route,general public information consolidates in About NA pending page-level editorial expansion
https://na.org.za/?post_type=tsml_location&p=3170,Mountain View Baptist Church,narcoticsanonymoussouthafricaregion.WordPress.2026-08-16.xml,tsml_location,/about,final-route,general public information consolidates in About NA pending page-level editorial expansion
https://na.org.za/?post_type=tsml_location&p=3172,Observatory Community Centre Hall,narcoticsanonymoussouthafricaregion.WordPress.2026-08-16.xml,tsml_location,/about,final-route,general public information consolidates in About NA pending page-level editorial expansion
https://na.org.za/?post_type=tsml_location&p=3174,"St. Marks Church, Southfield",narcoticsanonymoussouthafricaregion.WordPress.2026-08-16.xml,tsml_location,/about,final-route,general public information consolidates in About NA pending page-level editorial expansion
https://na.org.za/?post_type=tsml_location&p=3179,"East Claremont Congregational Church, Craven Hall",narcoticsanonymoussouthafricaregion.WordPress.2026-08-16.xml,tsml_location,/about,final-route,general public information consolidates in About NA pending page-level editorial expansion
https://na.org.za/?post_type=tsml_location&p=3181,Gilpine Scout Hall,narcoticsanonymoussouthafricaregion.WordPress.2026-08-16.xml,tsml_location,/about,final-route,general public information consolidates in About NA pending page-level editorial expansion
https://na.org.za/?post_type=tsml_location&p=3183,Kalk Bay Community Centre,narcoticsanonymoussouthafricaregion.WordPress.2026-08-16.xml,tsml_location,/about,final-route,general public information consolidates in About NA pending page-level editorial expansion
https://na.org.za/?post_type=tsml_location&p=3185,Table View Methodist Church,narcoticsanonymoussouthafricaregion.WordPress.2026-08-16.xml,tsml_location,/about,final-route,general public information consolidates in About NA pending page-level editorial expansion
https://na.org.za/?post_type=tsml_location&p=3187,The Haven Night Shelter,narcoticsanonymoussouthafricaregion.WordPress.2026-08-16.xml,tsml_location,/about,final-route,general public information consolidates in About NA pending page-level editorial expansion
https://na.org.za/?post_type=tsml_location&p=3189,Medway Community Church,narcoticsanonymoussouthafricaregion.WordPress.2026-08-16.xml,tsml_location,/about,final-route,general public information consolidates in About NA pending page-level editorial expansion
https://na.org.za/?post_type=tsml_location&p=3194,"316 Manenberg Avenue, Manenberg",narcoticsanonymoussouthafricaregion.WordPress.2026-08-16.xml,tsml_location,/about,final-route,general public information consolidates in About NA pending page-level editorial expansion
https://na.org.za/?post_type=tsml_location&p=3196,Knysna,narcoticsanonymoussouthafricaregion.WordPress.2026-08-16.xml,tsml_location,/about,final-route,general public information consolidates in About NA pending page-level editorial expansion
https://na.org.za/?post_type=tsml_location&p=3198,NG Helderberg Gemeente Church,narcoticsanonymoussouthafricaregion.WordPress.2026-08-16.xml,tsml_location,/about,final-route,general public information consolidates in About NA pending page-level editorial expansion
https://na.org.za/?post_type=tsml_location&p=3201,Milnerton,narcoticsanonymoussouthafricaregion.WordPress.2026-08-16.xml,tsml_location,/about,final-route,general public information consolidates in About NA pending page-level editorial expansion
https://na.org.za/?post_type=tsml_location&p=3207,"Meadowridge Primary School, off A Z Berman Drive",narcoticsanonymoussouthafricaregion.WordPress.2026-08-16.xml,tsml_location,/about,final-route,general public information consolidates in About NA pending page-level editorial expansion
https://na.org.za/?post_type=tsml_location&p=3209,"St Clements Primary School, St Clements Way",narcoticsanonymoussouthafricaregion.WordPress.2026-08-16.xml,tsml_location,/about,final-route,general public information consolidates in About NA pending page-level editorial expansion
https://na.org.za/?post_type=tsml_location&p=3211,Cape Town Drug Counselling Centre,narcoticsanonymoussouthafricaregion.WordPress.2026-08-16.xml,tsml_location,/about,final-route,general public information consolidates in About NA pending page-level editorial expansion
https://na.org.za/?post_type=tsml_location&p=3213,"Cnr of Dolfyn Street and 5th ,Onse Hoop Sentrum ,Struisbaai Noord",narcoticsanonymoussouthafricaregion.WordPress.2026-08-16.xml,tsml_location,/about,final-route,general public information consolidates in About NA pending page-level editorial expansion
https://na.org.za/?post_type=tsml_location&p=3217,Toringkerk Paarl Church hall (lower hall),narcoticsanonymoussouthafricaregion.WordPress.2026-08-16.xml,tsml_location,/about,final-route,general public information consolidates in About NA pending page-level editorial expansion
https://na.org.za/?post_type=tsml_location&p=3219,Noordhoek Community Centre,narcoticsanonymoussouthafricaregion.WordPress.2026-08-16.xml,tsml_location,/about,final-route,general public information consolidates in About NA pending page-level editorial expansion
https://na.org.za/?post_type=tsml_location&p=3221,"Mitchell's Plain Family and Youth Centre, Corner of Kilimanjaro and Pyrenees Street",narcoticsanonymoussouthafricaregion.WordPress.2026-08-16.xml,tsml_location,/about,final-route,general public information consolidates in About NA pending page-level editorial expansion
https://na.org.za/?post_type=tsml_location&p=3224,St Michael and All Angels Anglican Church,narcoticsanonymoussouthafricaregion.WordPress.2026-08-16.xml,tsml_location,/about,final-route,general public information consolidates in About NA pending page-level editorial expansion
https://na.org.za/?post_type=tsml_location&p=3226,Bellville Presbyterian Church Office,narcoticsanonymoussouthafricaregion.WordPress.2026-08-16.xml,tsml_location,/about,final-route,general public information consolidates in About NA pending page-level editorial expansion
https://na.org.za/?post_type=tsml_location&p=3228,Corner of Gordon Rd and 2nd Road,narcoticsanonymoussouthafricaregion.WordPress.2026-08-16.xml,tsml_location,/about,final-route,general public information consolidates in About NA pending page-level editorial expansion
https://na.org.za/?post_type=tsml_location&p=3230,Observatory Community Recreation Centre Room 7,narcoticsanonymoussouthafricaregion.WordPress.2026-08-16.xml,tsml_location,/about,final-route,general public information consolidates in About NA pending page-level editorial expansion
https://na.org.za/?post_type=tsml_location&p=3232,Kenilworth Community Presbyterian Church,narcoticsanonymoussouthafricaregion.WordPress.2026-08-16.xml,tsml_location,/about,final-route,general public information consolidates in About NA pending page-level editorial expansion
https://na.org.za/?post_type=tsml_location&p=3234,"Harry Giddy Park, Mosselbay, South Africa",narcoticsanonymoussouthafricaregion.WordPress.2026-08-16.xml,tsml_location,/about,final-route,general public information consolidates in About NA pending page-level editorial expansion
https://na.org.za/?post_type=tsml_location&p=3237,Kommetjie Christian Church,narcoticsanonymoussouthafricaregion.WordPress.2026-08-16.xml,tsml_location,/about,final-route,general public information consolidates in About NA pending page-level editorial expansion
https://na.org.za/?post_type=tsml_location&p=3240,Table View Neighborhood Watch Headquarters,narcoticsanonymoussouthafricaregion.WordPress.2026-08-16.xml,tsml_location,/about,final-route,general public information consolidates in About NA pending page-level editorial expansion
https://na.org.za/?post_type=tsml_location&p=3244,Muizenberg Methodist Church,narcoticsanonymoussouthafricaregion.WordPress.2026-08-16.xml,tsml_location,/about,final-route,general public information consolidates in About NA pending page-level editorial expansion
https://na.org.za/?post_type=tsml_location&p=3246,Somerset West United Church,narcoticsanonymoussouthafricaregion.WordPress.2026-08-16.xml,tsml_location,/about,final-route,general public information consolidates in About NA pending page-level editorial expansion
https://na.org.za/?post_type=tsml_location&p=3248,"Cedar High School, entrance off Weltevreden Rd",narcoticsanonymoussouthafricaregion.WordPress.2026-08-16.xml,tsml_location,/about,final-route,general public information consolidates in About NA pending page-level editorial expansion
https://na.org.za/?post_type=tsml_location&p=3251,Kuilsriver Public Library,narcoticsanonymoussouthafricaregion.WordPress.2026-08-16.xml,tsml_location,/about,final-route,general public information consolidates in About NA pending page-level editorial expansion
https://na.org.za/?post_type=tsml_location&p=3254,"St Clements Primary School, St Clements Way",narcoticsanonymoussouthafricaregion.WordPress.2026-08-16.xml,tsml_location,/about,final-route,general public information consolidates in About NA pending page-level editorial expansion
https://na.org.za/?post_type=tsml_location&p=3258,"St Mary's of Angels Catholic Church, 86 Lawrence Road, Athlone",narcoticsanonymoussouthafricaregion.WordPress.2026-08-16.xml,tsml_location,/about,final-route,general public information consolidates in About NA pending page-level editorial expansion
https://na.org.za/?post_type=tsml_location&p=3264,Sea Point High School,narcoticsanonymoussouthafricaregion.WordPress.2026-08-16.xml,tsml_location,/about,final-route,general public information consolidates in About NA pending page-level editorial expansion
https://na.org.za/?post_type=tsml_location&p=3266,Hanover Park Community Center,narcoticsanonymoussouthafricaregion.WordPress.2026-08-16.xml,tsml_location,/about,final-route,general public information consolidates in About NA pending page-level editorial expansion
https://na.org.za/about-na/,About NA,narcoticsanonymoussouthafricaregion.WordPress.2026-08-16.xml,page,/about,final-route,organisation and history content consolidates in About NA
https://na.org.za/blog/hello-world/,Hello world!,narcoticsanonymoussouthafricaregion.WordPress.2026-08-16.xml,post,/news,final-route,news and event content consolidates in the reviewed notices section
https://na.org.za/blog/locations/1-pam-rd-morningside-sandton-2057-south-africa-2/,"1 Pam Rd, Morningside, Sandton, 2057, South Africa",narcoticsanonymoussouthafricaregion.WordPress.2026-08-16.xml,tsml_location,/meetings,final-route,"meeting/location URLs use the structured finder with filters, map pins, and directions"
https://na.org.za/blog/locations/10-cnr-central-and-noord-street-noordgesig-soweto-1804-2/,"10 Cnr Central and Noord street, Noordgesig, Soweto, 1804",narcoticsanonymoussouthafricaregion.WordPress.2026-08-16.xml,tsml_location,/meetings,final-route,"meeting/location URLs use the structured finder with filters, map pins, and directions"
https://na.org.za/blog/locations/10-tehore-rdmulbarton-johannesburg-south-2091/,"10 Tehore RdMulbarton, Johannesburg South, 2091",narcoticsanonymoussouthafricaregion.WordPress.2026-08-16.xml,tsml_location,/meetings,final-route,"meeting/location URLs use the structured finder with filters, map pins, and directions"
https://na.org.za/blog/locations/108-colorado-dr-riverlea-johannesburg-2093-south-africa-2/,"108 Colorado Dr, Riverlea, Johannesburg, 2093, South Africa",narcoticsanonymoussouthafricaregion.WordPress.2026-08-16.xml,tsml_location,/meetings,final-route,"meeting/location URLs use the structured finder with filters, map pins, and directions"
https://na.org.za/blog/locations/1140-cornelius-st-weltevredenpark-roodepoort-1709-south-africa/,"1140 Cornelius St, Weltevredenpark, Roodepoort, 1709, South Africa",narcoticsanonymoussouthafricaregion.WordPress.2026-08-16.xml,tsml_location,/meetings,final-route,"meeting/location URLs use the structured finder with filters, map pins, and directions"
https://na.org.za/blog/locations/115-grosvenor-rd-bryanston-sandton-2191-south-africa/,"115 Grosvenor Rd, Bryanston, Sandton, 2191, South Africa",narcoticsanonymoussouthafricaregion.WordPress.2026-08-16.xml,tsml_location,/meetings,final-route,"meeting/location URLs use the structured finder with filters, map pins, and directions"
https://na.org.za/blog/locations/133-plane-road-spartan-kempton-park-1619/,"133 Plane Road, Spartan, Kempton Park, 1619",narcoticsanonymoussouthafricaregion.WordPress.2026-08-16.xml,tsml_location,/meetings,final-route,"meeting/location URLs use the structured finder with filters, map pins, and directions"
https://na.org.za/blog/locations/134-gardiner-street-brakpan-1540/,134 Gardiner street Brakpan 1540,narcoticsanonymoussouthafricaregion.WordPress.2026-08-16.xml,tsml_location,/meetings,final-route,"meeting/location URLs use the structured finder with filters, map pins, and directions"
https://na.org.za/blog/locations/152-market-street-fairlands/,"152 Market Street, Fairlands",narcoticsanonymoussouthafricaregion.WordPress.2026-08-16.xml,tsml_location,/meetings,final-route,"meeting/location URLs use the structured finder with filters, map pins, and directions"
https://na.org.za/blog/locations/1559-link-st-orange-farm-johannesburg-1841-south-africa/,"1559 Link St, Orange Farm, Johannesburg, 1841, South Africa",narcoticsanonymoussouthafricaregion.WordPress.2026-08-16.xml,tsml_location,/meetings,final-route,"meeting/location URLs use the structured finder with filters, map pins, and directions"
https://na.org.za/blog/locations/1607-kanya-rd-senaoane-soweto-1818-south-africa-2/,"1607 Kanya Rd, Senaoane, Soweto, 1818, South Africa",narcoticsanonymoussouthafricaregion.WordPress.2026-08-16.xml,tsml_location,/meetings,final-route,"meeting/location URLs use the structured finder with filters, map pins, and directions"
https://na.org.za/blog/locations/1607-kanya-rd-senaoane-soweto-1818-south-africa/,"1607 Kanya Rd, Senaoane, Soweto, 1818, South Africa",narcoticsanonymoussouthafricaregion.WordPress.2026-08-16.xml,tsml_location,/meetings,final-route,"meeting/location URLs use the structured finder with filters, map pins, and directions"
https://na.org.za/blog/locations/1607-kanya-road-and-umthwalume-street-senaone-mvezo-community-center/,1607 Kanya Road and Umthwalume Street.Senaone. Mvezo community center,narcoticsanonymoussouthafricaregion.WordPress.2026-08-16.xml,tsml_location,/meetings,final-route,"meeting/location URLs use the structured finder with filters, map pins, and directions"
https://na.org.za/blog/locations/166-south-road-walkers-fruit-farms-2/,"166 South Road, Walkers Fruit Farms",narcoticsanonymoussouthafricaregion.WordPress.2026-08-16.xml,tsml_location,/meetings,final-route,"meeting/location URLs use the structured finder with filters, map pins, and directions"
https://na.org.za/blog/locations/16b-penguin-dr-norscot-fourways-sandton-2055/,"16b Penguin Dr, Norscot, Fourways, Sandton, 2055",narcoticsanonymoussouthafricaregion.WordPress.2026-08-16.xml,tsml_location,/meetings,final-route,"meeting/location URLs use the structured finder with filters, map pins, and directions"
https://na.org.za/blog/locations/18-high-rd-orchards-johannesburg-2192/,"18 High Rd, Orchards, Johannesburg, 2192",narcoticsanonymoussouthafricaregion.WordPress.2026-08-16.xml,tsml_location,/meetings,final-route,"meeting/location URLs use the structured finder with filters, map pins, and directions"
https://na.org.za/blog/locations/19027-somo-st-pretoria-0122-south-africa/,"19027 Somo St, Pretoria, 0122, South Africa",narcoticsanonymoussouthafricaregion.WordPress.2026-08-16.xml,tsml_location,/meetings,final-route,"meeting/location URLs use the structured finder with filters, map pins, and directions"
https://na.org.za/blog/locations/1954-peacock-str-lenasia-south-1827-2/,"1954 Peacock str, Lenasia South, 1827",narcoticsanonymoussouthafricaregion.WordPress.2026-08-16.xml,tsml_location,/meetings,final-route,"meeting/location URLs use the structured finder with filters, map pins, and directions"
https://na.org.za/blog/locations/1st-rosebank-air-scouts-hall/,1st Rosebank Air Scouts Hall,narcoticsanonymoussouthafricaregion.WordPress.2026-08-16.xml,tsml_location,/meetings,final-route,"meeting/location URLs use the structured finder with filters, map pins, and directions"
https://na.org.za/blog/locations/2-diamant-st-toekomsrus-randfontein-1765-south-africa-2/,"2 Diamant St, Toekomsrus, Randfontein, 1765, South Africa",narcoticsanonymoussouthafricaregion.WordPress.2026-08-16.xml,tsml_location,/meetings,final-route,"meeting/location URLs use the structured finder with filters, map pins, and directions"
https://na.org.za/blog/locations/20a-7th-ave-parktown-north-johannesburg-2193-2/,"20A 7th Ave, Parktown North, Johannesburg, 2193",narcoticsanonymoussouthafricaregion.WordPress.2026-08-16.xml,tsml_location,/meetings,final-route,"meeting/location URLs use the structured finder with filters, map pins, and directions"
https://na.org.za/blog/locations/243-6th-ave-mid-ennerdale-johannesburg-1830-south-africa-2/,"243 6th Ave, Mid-Ennerdale, Johannesburg, 1830, South Africa",narcoticsanonymoussouthafricaregion.WordPress.2026-08-16.xml,tsml_location,/meetings,final-route,"meeting/location URLs use the structured finder with filters, map pins, and directions"
https://na.org.za/blog/locations/25-vrede-street-fochville/,"25 vrede street, fochville",narcoticsanonymoussouthafricaregion.WordPress.2026-08-16.xml,tsml_location,/meetings,final-route,"meeting/location URLs use the structured finder with filters, map pins, and directions"
https://na.org.za/blog/locations/253-bryanston-drive-2/,253 Bryanston Drive,narcoticsanonymoussouthafricaregion.WordPress.2026-08-16.xml,tsml_location,/meetings,final-route,"meeting/location URLs use the structured finder with filters, map pins, and directions"
https://na.org.za/blog/locations/27-george-ave-fairmount-johannesburg-2192-south-africa-2/,"27 George Ave, Fairmount, Johannesburg, 2192, South Africa",narcoticsanonymoussouthafricaregion.WordPress.2026-08-16.xml,tsml_location,/meetings,final-route,"meeting/location URLs use the structured finder with filters, map pins, and directions"
https://na.org.za/blog/locations/272-york-ave-ferndale-randburg-2194/,"272 York Ave, Ferndale, Randburg, 2194",narcoticsanonymoussouthafricaregion.WordPress.2026-08-16.xml,tsml_location,/meetings,final-route,"meeting/location URLs use the structured finder with filters, map pins, and directions"
https://na.org.za/blog/locations/29-dippenaar-rd-noordheuwel-krugersdorp-1739-south-africa/,"29 Dippenaar Rd, Noordheuwel, Krugersdorp, 1739, South Africa",narcoticsanonymoussouthafricaregion.WordPress.2026-08-16.xml,tsml_location,/meetings,final-route,"meeting/location URLs use the structured finder with filters, map pins, and directions"
https://na.org.za/blog/locations/31-richard-rd-kengies-sandton-2055/,"31 Richard Rd, Kengies, Sandton, 2055",narcoticsanonymoussouthafricaregion.WordPress.2026-08-16.xml,tsml_location,/meetings,final-route,"meeting/location URLs use the structured finder with filters, map pins, and directions"
https://na.org.za/blog/locations/3131-bolani-rd-zola-soweto-1878/,"3131 Bolani Rd, Zola, Soweto, 1878",narcoticsanonymoussouthafricaregion.WordPress.2026-08-16.xml,tsml_location,/meetings,final-route,"meeting/location URLs use the structured finder with filters, map pins, and directions"
https://na.org.za/blog/locations/33747-indaba-street-tsakane-2/,"33747 Indaba Street, Tsakane",narcoticsanonymoussouthafricaregion.WordPress.2026-08-16.xml,tsml_location,/meetings,final-route,"meeting/location URLs use the structured finder with filters, map pins, and directions"
https://na.org.za/blog/locations/3707b-molatedi-street-zone3-diepkloof/,3707B Molatedi Street Zone3 Diepkloof,narcoticsanonymoussouthafricaregion.WordPress.2026-08-16.xml,tsml_location,/meetings,final-route,"meeting/location URLs use the structured finder with filters, map pins, and directions"
https://na.org.za/blog/locations/3859-sebati-street-ext-1-vosloorus-1475-2/,"3859 Sebati street, Ext 1 Vosloorus 1475",narcoticsanonymoussouthafricaregion.WordPress.2026-08-16.xml,tsml_location,/meetings,final-route,"meeting/location URLs use the structured finder with filters, map pins, and directions"
https://na.org.za/blog/locations/386-e-bank-ave-alexandra-2014-south-africa-2/,"386 E Bank Ave, Alexandra, 2014, South Africa",narcoticsanonymoussouthafricaregion.WordPress.2026-08-16.xml,tsml_location,/meetings,final-route,"meeting/location URLs use the structured finder with filters, map pins, and directions"
https://na.org.za/blog/locations/4-hoy-st-newclare-randburg-2/,"4 Hoy St, Newclare, Randburg",narcoticsanonymoussouthafricaregion.WordPress.2026-08-16.xml,tsml_location,/meetings,final-route,"meeting/location URLs use the structured finder with filters, map pins, and directions"
https://na.org.za/blog/locations/40-gaysingh-rd-northdale-pietermaritzburg-3201-south-africa/,"40 Gaysingh Rd, Northdale, Pietermaritzburg, 3201, South Africa",narcoticsanonymoussouthafricaregion.WordPress.2026-08-16.xml,tsml_location,/meetings,final-route,"meeting/location URLs use the structured finder with filters, map pins, and directions"
https://na.org.za/blog/locations/41-pretoria-street-oaklands-2/,41 Pretoria street oaklands,narcoticsanonymoussouthafricaregion.WordPress.2026-08-16.xml,tsml_location,/meetings,final-route,"meeting/location URLs use the structured finder with filters, map pins, and directions"
https://na.org.za/blog/locations/420-york-ave-ferndale-randburg-2194-south-africa-2/,"420 York Ave, Ferndale, Randburg, 2194, South Africa",narcoticsanonymoussouthafricaregion.WordPress.2026-08-16.xml,tsml_location,/meetings,final-route,"meeting/location URLs use the structured finder with filters, map pins, and directions"
https://na.org.za/blog/locations/43-madeline-st-florida-roodepoort-1709/,"43 Madeline St, Florida, Roodepoort, 1709",narcoticsanonymoussouthafricaregion.WordPress.2026-08-16.xml,tsml_location,/meetings,final-route,"meeting/location URLs use the structured finder with filters, map pins, and directions"
https://na.org.za/blog/locations/45-lily-ave-northcliff-randburg-2115-south-africa-2/,"45 Lily Ave, Northcliff, Randburg, 2115, South Africa",narcoticsanonymoussouthafricaregion.WordPress.2026-08-16.xml,tsml_location,/meetings,final-route,"meeting/location URLs use the structured finder with filters, map pins, and directions"
https://na.org.za/blog/locations/5-suikerbos-street-lenasia-2/,"5 Suikerbos Street, Lenasia",narcoticsanonymoussouthafricaregion.WordPress.2026-08-16.xml,tsml_location,/meetings,final-route,"meeting/location URLs use the structured finder with filters, map pins, and directions"
https://na.org.za/blog/locations/50-saxon-rd-sandhurst-sandton-2196-south-africa/,"50 Saxon Rd, Sandhurst, Sandton, 2196, South Africa",narcoticsanonymoussouthafricaregion.WordPress.2026-08-16.xml,tsml_location,/meetings,final-route,"meeting/location URLs use the structured finder with filters, map pins, and directions"
https://na.org.za/blog/locations/556-chester-street-lenasia-south-johannesburg/,"556 Chester street, Lenasia South, Johannesburg",narcoticsanonymoussouthafricaregion.WordPress.2026-08-16.xml,tsml_location,/meetings,final-route,"meeting/location URLs use the structured finder with filters, map pins, and directions"
https://na.org.za/blog/locations/5634-unity-boulevard-ext-2-bram-fischerville/,"5634 Unity Boulevard ext 2, Bram Fischerville",narcoticsanonymoussouthafricaregion.WordPress.2026-08-16.xml,tsml_location,/meetings,final-route,"meeting/location URLs use the structured finder with filters, map pins, and directions"
https://na.org.za/blog/locations/6-brink-st-bryanbrink-randburg-2194-johannesburg-south-africa-2/,"6 Brink St, Bryanbrink, Randburg, 2194 Johannesburg, South Africa",narcoticsanonymoussouthafricaregion.WordPress.2026-08-16.xml,tsml_location,/meetings,final-route,"meeting/location URLs use the structured finder with filters, map pins, and directions"
https://na.org.za/blog/locations/65-foyle-ave-crosby-johannesburg-2092/,"65 Foyle Ave, Crosby, Johannesburg, 2092",narcoticsanonymoussouthafricaregion.WordPress.2026-08-16.xml,tsml_location,/meetings,final-route,"meeting/location URLs use the structured finder with filters, map pins, and directions"
https://na.org.za/blog/locations/67-nanyuki-rd-sunninghill-sandton-2157-south-africa-3/,"67 Nanyuki Rd, Sunninghill, Sandton, 2157, South Africa",narcoticsanonymoussouthafricaregion.WordPress.2026-08-16.xml,tsml_location,/meetings,final-route,"meeting/location URLs use the structured finder with filters, map pins, and directions"
https://na.org.za/blog/locations/68-6th-ave-edenvale-1609-south-africa/,"68 6th Ave, Edenvale, 1609, South Africa",narcoticsanonymoussouthafricaregion.WordPress.2026-08-16.xml,tsml_location,/meetings,final-route,"meeting/location URLs use the structured finder with filters, map pins, and directions"
https://na.org.za/blog/locations/68-7th-ave-parktown-north-2/,"68 7th Ave, Parktown North",narcoticsanonymoussouthafricaregion.WordPress.2026-08-16.xml,tsml_location,/meetings,final-route,"meeting/location URLs use the structured finder with filters, map pins, and directions"
https://na.org.za/blog/locations/71-cr-swart-drboskruin-randburg-2188-2/,"71 CR Swart DrBoskruin, Randburg, 2188",narcoticsanonymoussouthafricaregion.WordPress.2026-08-16.xml,tsml_location,/meetings,final-route,"meeting/location URLs use the structured finder with filters, map pins, and directions"
https://na.org.za/blog/locations/7644-eben-cuyler-dr-diepkloof-zone-1-diepmeadow-1862-south-africa-2/,"7644 Eben Cuyler Dr, Diepkloof Zone 1, Diepmeadow, 1862, South Africa",narcoticsanonymoussouthafricaregion.WordPress.2026-08-16.xml,tsml_location,/meetings,final-route,"meeting/location URLs use the structured finder with filters, map pins, and directions"
https://na.org.za/blog/locations/8-marilyn-street-towerby-2190/,"8 Marilyn street, Towerby, 2190",narcoticsanonymoussouthafricaregion.WordPress.2026-08-16.xml,tsml_location,/meetings,final-route,"meeting/location URLs use the structured finder with filters, map pins, and directions"
https://na.org.za/blog/locations/827-elias-motsoaledi-road-moroka-soweto-1860/,"827 Elias Motsoaledi Road, Moroka, Soweto 1860",narcoticsanonymoussouthafricaregion.WordPress.2026-08-16.xml,tsml_location,/meetings,final-route,"meeting/location URLs use the structured finder with filters, map pins, and directions"
https://na.org.za/blog/locations/86-buitekant-st-alabama-klerksdorp/,"86 Buitekant St, Alabama, Klerksdorp",narcoticsanonymoussouthafricaregion.WordPress.2026-08-16.xml,tsml_location,/meetings,final-route,"meeting/location URLs use the structured finder with filters, map pins, and directions"
https://na.org.za/blog/locations/90-abraham-st-mantervrede-ah-vanderbijlpark-1900/,"90 Abraham St, Mantervrede AH, Vanderbijlpark, 1900",narcoticsanonymoussouthafricaregion.WordPress.2026-08-16.xml,tsml_location,/meetings,final-route,"meeting/location URLs use the structured finder with filters, map pins, and directions"
https://na.org.za/blog/locations/92-voortrekker-ave-edenvale-1609-2/,"92 Voortrekker Ave, Edenvale, 1609",narcoticsanonymoussouthafricaregion.WordPress.2026-08-16.xml,tsml_location,/meetings,final-route,"meeting/location URLs use the structured finder with filters, map pins, and directions"
https://na.org.za/blog/locations/929-leoatleng-street-central-western-jabavu-2/,"929 Leoatleng Street, Central Western Jabavu",narcoticsanonymoussouthafricaregion.WordPress.2026-08-16.xml,tsml_location,/meetings,final-route,"meeting/location URLs use the structured finder with filters, map pins, and directions"
https://na.org.za/blog/locations/akeso-crescent-clinic-president-fouche-dr-boskruin/,"Akeso Crescent clinic President Fouche Dr, Boskruin",narcoticsanonymoussouthafricaregion.WordPress.2026-08-16.xml,tsml_location,/meetings,final-route,"meeting/location URLs use the structured finder with filters, map pins, and directions"
https://na.org.za/blog/locations/alabama-grace-community-church/,Alabama Grace Community Church,narcoticsanonymoussouthafricaregion.WordPress.2026-08-16.xml,tsml_location,/meetings,final-route,"meeting/location URLs use the structured finder with filters, map pins, and directions"
https://na.org.za/blog/locations/alberton-civic-center-3rd-floor-alwyn-taljaard-ave-new-redruth-alberton-1449-south-africa-2/,"Alberton Civic Center, 3rd floor. Alwyn taljaard Ave, New Redruth, Alberton, 1449, South Africa",narcoticsanonymoussouthafricaregion.WordPress.2026-08-16.xml,tsml_location,/meetings,final-route,"meeting/location URLs use the structured finder with filters, map pins, and directions"
https://na.org.za/blog/locations/albertus-pop-recreation-centre/,Albertus Pop Recreation Centre,narcoticsanonymoussouthafricaregion.WordPress.2026-08-16.xml,tsml_location,/meetings,final-route,"meeting/location URLs use the structured finder with filters, map pins, and directions"
https://na.org.za/blog/locations/ballito-public-library/,Ballito Public Library,narcoticsanonymoussouthafricaregion.WordPress.2026-08-16.xml,tsml_location,/meetings,final-route,"meeting/location URLs use the structured finder with filters, map pins, and directions"
https://na.org.za/blog/locations/belverdere-community-centre/,Belverdere Community Centre,narcoticsanonymoussouthafricaregion.WordPress.2026-08-16.xml,tsml_location,/meetings,final-route,"meeting/location URLs use the structured finder with filters, map pins, and directions"
https://na.org.za/blog/locations/berachah-church/,Berachah Church,narcoticsanonymoussouthafricaregion.WordPress.2026-08-16.xml,tsml_location,/meetings,final-route,"meeting/location URLs use the structured finder with filters, map pins, and directions"
https://na.org.za/blog/locations/berea-church/,Berea Church,narcoticsanonymoussouthafricaregion.WordPress.2026-08-16.xml,tsml_location,/meetings,final-route,"meeting/location URLs use the structured finder with filters, map pins, and directions"
https://na.org.za/blog/locations/blairgowrie-recreation-centre-2/,Blairgowrie Recreation Centre,narcoticsanonymoussouthafricaregion.WordPress.2026-08-16.xml,tsml_location,/meetings,final-route,"meeting/location URLs use the structured finder with filters, map pins, and directions"
https://na.org.za/blog/locations/blessed-liberat-catholic-church/,Blessed Liberat Catholic Church,narcoticsanonymoussouthafricaregion.WordPress.2026-08-16.xml,tsml_location,/meetings,final-route,"meeting/location URLs use the structured finder with filters, map pins, and directions"
https://na.org.za/blog/locations/bosmont-recreation-centre/,Bosmont Recreation Centre,narcoticsanonymoussouthafricaregion.WordPress.2026-08-16.xml,tsml_location,/meetings,final-route,"meeting/location URLs use the structured finder with filters, map pins, and directions"
https://na.org.za/blog/locations/braamficher-phase-1-amandla-boulevard/,Braamficher phase 1 amandla boulevard,narcoticsanonymoussouthafricaregion.WordPress.2026-08-16.xml,tsml_location,/meetings,final-route,"meeting/location URLs use the structured finder with filters, map pins, and directions"
https://na.org.za/blog/locations/brackenhurst-methodist-church-9-toinette-st-brackenhurst-alberton-1453-south-africa/,"(BRACKENHURST METHODIST CHURCH) 9 Toinette St, Brackenhurst, Alberton, 1453, South Africa",narcoticsanonymoussouthafricaregion.WordPress.2026-08-16.xml,tsml_location,/meetings,final-route,"meeting/location URLs use the structured finder with filters, map pins, and directions"
https://na.org.za/blog/locations/brixton/,Brixton,narcoticsanonymoussouthafricaregion.WordPress.2026-08-16.xml,tsml_location,/meetings,final-route,"meeting/location URLs use the structured finder with filters, map pins, and directions"
https://na.org.za/blog/locations/buffelsdale-community-hall/,Buffelsdale Community Hall,narcoticsanonymoussouthafricaregion.WordPress.2026-08-16.xml,tsml_location,/meetings,final-route,"meeting/location URLs use the structured finder with filters, map pins, and directions"
https://na.org.za/blog/locations/calvary-methodist-church-2/,Calvary Methodist Church,narcoticsanonymoussouthafricaregion.WordPress.2026-08-16.xml,tsml_location,/meetings,final-route,"meeting/location URLs use the structured finder with filters, map pins, and directions"
https://na.org.za/blog/locations/christ-church-north-coast-2/,Christ Church North Coast,narcoticsanonymoussouthafricaregion.WordPress.2026-08-16.xml,tsml_location,/meetings,final-route,"meeting/location URLs use the structured finder with filters, map pins, and directions"
https://na.org.za/blog/locations/church-st-goodwood-estate-cape-town-7460-2/,"Church St, Goodwood Estate, Cape Town, 7460",narcoticsanonymoussouthafricaregion.WordPress.2026-08-16.xml,tsml_location,/meetings,final-route,"meeting/location URLs use the structured finder with filters, map pins, and directions"
https://na.org.za/blog/locations/collegevale-primary-school/,Collegevale Primary School,narcoticsanonymoussouthafricaregion.WordPress.2026-08-16.xml,tsml_location,/meetings,final-route,"meeting/location URLs use the structured finder with filters, map pins, and directions"
https://na.org.za/blog/locations/constantia-park-2/,Constantia Park,narcoticsanonymoussouthafricaregion.WordPress.2026-08-16.xml,tsml_location,/meetings,final-route,"meeting/location URLs use the structured finder with filters, map pins, and directions"
https://na.org.za/blog/locations/constantia-park/,Constantia Park,narcoticsanonymoussouthafricaregion.WordPress.2026-08-16.xml,tsml_location,/meetings,final-route,"meeting/location URLs use the structured finder with filters, map pins, and directions"
https://na.org.za/blog/locations/denis-hurley-centre/,Denis Hurley Centre,narcoticsanonymoussouthafricaregion.WordPress.2026-08-16.xml,tsml_location,/meetings,final-route,"meeting/location URLs use the structured finder with filters, map pins, and directions"
https://na.org.za/blog/locations/depot-road-memorial-primary-school/,Depot Road Memorial Primary School,narcoticsanonymoussouthafricaregion.WordPress.2026-08-16.xml,tsml_location,/meetings,final-route,"meeting/location URLs use the structured finder with filters, map pins, and directions"
https://na.org.za/blog/locations/dube-community-centre-2/,Dube Community Centre,narcoticsanonymoussouthafricaregion.WordPress.2026-08-16.xml,tsml_location,/meetings,final-route,"meeting/location URLs use the structured finder with filters, map pins, and directions"
https://na.org.za/blog/locations/durban-north-methodist-church/,Durban North Methodist Church,narcoticsanonymoussouthafricaregion.WordPress.2026-08-16.xml,tsml_location,/meetings,final-route,"meeting/location URLs use the structured finder with filters, map pins, and directions"
https://na.org.za/blog/locations/durbanville-presbyterian-church-cnr-louw-st-and-hafele-st-durbanville-2/,"Durbanville Presbyterian Church, Cnr Louw St and Hafele St. Durbanville.",narcoticsanonymoussouthafricaregion.WordPress.2026-08-16.xml,tsml_location,/meetings,final-route,"meeting/location URLs use the structured finder with filters, map pins, and directions"
https://na.org.za/blog/locations/eastwood/,Eastwood,narcoticsanonymoussouthafricaregion.WordPress.2026-08-16.xml,tsml_location,/meetings,final-route,"meeting/location URLs use the structured finder with filters, map pins, and directions"
https://na.org.za/blog/locations/edenvale-methodist-church-57-6th-ave-edenvale-1610-south-africa/,"(Edenvale Methodist Church) 57 6th Ave, Edenvale, 1610, South Africa",narcoticsanonymoussouthafricaregion.WordPress.2026-08-16.xml,tsml_location,/meetings,final-route,"meeting/location URLs use the structured finder with filters, map pins, and directions"
https://na.org.za/blog/locations/eersterus/,Eersterus,narcoticsanonymoussouthafricaregion.WordPress.2026-08-16.xml,tsml_location,/meetings,final-route,"meeting/location URLs use the structured finder with filters, map pins, and directions"
https://na.org.za/blog/locations/eldorado-park-ext-9-community-clinic-and-center-2/,Eldorado Park Ext 9 Community Clinic and center,narcoticsanonymoussouthafricaregion.WordPress.2026-08-16.xml,tsml_location,/meetings,final-route,"meeting/location URLs use the structured finder with filters, map pins, and directions"
https://na.org.za/blog/locations/foresthaven-secondary-school/,Foresthaven Secondary School,narcoticsanonymoussouthafricaregion.WordPress.2026-08-16.xml,tsml_location,/meetings,final-route,"meeting/location URLs use the structured finder with filters, map pins, and directions"
https://na.org.za/blog/locations/fynnlands-primary-school/,Fynnlands Primary School,narcoticsanonymoussouthafricaregion.WordPress.2026-08-16.xml,tsml_location,/meetings,final-route,"meeting/location URLs use the structured finder with filters, map pins, and directions"
https://na.org.za/blog/locations/garsfontein-2/,Garsfontein,narcoticsanonymoussouthafricaregion.WordPress.2026-08-16.xml,tsml_location,/meetings,final-route,"meeting/location URLs use the structured finder with filters, map pins, and directions"
https://na.org.za/blog/locations/garsfontein/,Garsfontein,narcoticsanonymoussouthafricaregion.WordPress.2026-08-16.xml,tsml_location,/meetings,final-route,"meeting/location URLs use the structured finder with filters, map pins, and directions"
https://na.org.za/blog/locations/girl-guide-hall/,Girl Guide Hall,narcoticsanonymoussouthafricaregion.WordPress.2026-08-16.xml,tsml_location,/meetings,final-route,"meeting/location URLs use the structured finder with filters, map pins, and directions"
https://na.org.za/blog/locations/good-tidings-full-gospel-church/,Good Tidings Full Gospel Church,narcoticsanonymoussouthafricaregion.WordPress.2026-08-16.xml,tsml_location,/meetings,final-route,"meeting/location URLs use the structured finder with filters, map pins, and directions"
https://na.org.za/blog/locations/gracepoint-church-2/,Gracepoint Church,narcoticsanonymoussouthafricaregion.WordPress.2026-08-16.xml,tsml_location,/meetings,final-route,"meeting/location URLs use the structured finder with filters, map pins, and directions"
https://na.org.za/blog/locations/hammanskraal-2/,Hammanskraal,narcoticsanonymoussouthafricaregion.WordPress.2026-08-16.xml,tsml_location,/meetings,final-route,"meeting/location URLs use the structured finder with filters, map pins, and directions"
https://na.org.za/blog/locations/hammanskraal/,Hammanskraal,narcoticsanonymoussouthafricaregion.WordPress.2026-08-16.xml,tsml_location,/meetings,final-route,"meeting/location URLs use the structured finder with filters, map pins, and directions"
https://na.org.za/blog/locations/hillcrest-presbyterian-family-church/,Hillcrest Presbyterian Family Church,narcoticsanonymoussouthafricaregion.WordPress.2026-08-16.xml,tsml_location,/meetings,final-route,"meeting/location URLs use the structured finder with filters, map pins, and directions"
https://na.org.za/blog/locations/hillcrest/,Hillcrest,narcoticsanonymoussouthafricaregion.WordPress.2026-08-16.xml,tsml_location,/meetings,final-route,"meeting/location URLs use the structured finder with filters, map pins, and directions"
https://na.org.za/blog/locations/holy-trinity-church/,Holy Trinity Church,narcoticsanonymoussouthafricaregion.WordPress.2026-08-16.xml,tsml_location,/meetings,final-route,"meeting/location URLs use the structured finder with filters, map pins, and directions"
https://na.org.za/blog/locations/immanuel-church/,Immanuel Church,narcoticsanonymoussouthafricaregion.WordPress.2026-08-16.xml,tsml_location,/meetings,final-route,"meeting/location URLs use the structured finder with filters, map pins, and directions"
https://na.org.za/blog/locations/ithuba-centre-3315-ralarata-street-mohlakeng-randfontein-2/,Ithuba centre 3315 Ralarata street mohlakeng randfontein,narcoticsanonymoussouthafricaregion.WordPress.2026-08-16.xml,tsml_location,/meetings,final-route,"meeting/location URLs use the structured finder with filters, map pins, and directions"
https://na.org.za/blog/locations/jesus-international-ministry/,Jesus International Ministry,narcoticsanonymoussouthafricaregion.WordPress.2026-08-16.xml,tsml_location,/meetings,final-route,"meeting/location URLs use the structured finder with filters, map pins, and directions"
https://na.org.za/blog/locations/johannesburg-south-2190-south-africa/,"Johannesburg South, 2190, South Africa",narcoticsanonymoussouthafricaregion.WordPress.2026-08-16.xml,tsml_location,/meetings,final-route,"meeting/location URLs use the structured finder with filters, map pins, and directions"
https://na.org.za/blog/locations/johannesburg/,Johannesburg,narcoticsanonymoussouthafricaregion.WordPress.2026-08-16.xml,tsml_location,/meetings,final-route,"meeting/location URLs use the structured finder with filters, map pins, and directions"
https://na.org.za/blog/locations/kwazulu-natal/,Kwazulu-Natal,narcoticsanonymoussouthafricaregion.WordPress.2026-08-16.xml,tsml_location,/meetings,final-route,"meeting/location URLs use the structured finder with filters, map pins, and directions"
https://na.org.za/blog/locations/laudium/,Laudium,narcoticsanonymoussouthafricaregion.WordPress.2026-08-16.xml,tsml_location,/meetings,final-route,"meeting/location URLs use the structured finder with filters, map pins, and directions"
https://na.org.za/blog/locations/lynnwoodrif-gemeente/,Lynnwoodrif Gemeente,narcoticsanonymoussouthafricaregion.WordPress.2026-08-16.xml,tsml_location,/meetings,final-route,"meeting/location URLs use the structured finder with filters, map pins, and directions"
https://na.org.za/blog/locations/lyttleton-2/,Lyttleton,narcoticsanonymoussouthafricaregion.WordPress.2026-08-16.xml,tsml_location,/meetings,final-route,"meeting/location URLs use the structured finder with filters, map pins, and directions"
https://na.org.za/blog/locations/lyttleton/,Lyttleton,narcoticsanonymoussouthafricaregion.WordPress.2026-08-16.xml,tsml_location,/meetings,final-route,"meeting/location URLs use the structured finder with filters, map pins, and directions"
https://na.org.za/blog/locations/mabewana-primary-school/,Mabewana Primary School,narcoticsanonymoussouthafricaregion.WordPress.2026-08-16.xml,tsml_location,/meetings,final-route,"meeting/location URLs use the structured finder with filters, map pins, and directions"
https://na.org.za/blog/locations/mabopane-service-point/,Mabopane Service Point,narcoticsanonymoussouthafricaregion.WordPress.2026-08-16.xml,tsml_location,/meetings,final-route,"meeting/location URLs use the structured finder with filters, map pins, and directions"
https://na.org.za/blog/locations/mali-congo-street-welamlambo-section-tembisa-1632-2/,Mali &amp; Congo Street. Welamlambo Section. Tembisa. 1632,narcoticsanonymoussouthafricaregion.WordPress.2026-08-16.xml,tsml_location,/meetings,final-route,"meeting/location URLs use the structured finder with filters, map pins, and directions"
https://na.org.za/blog/locations/mamelodi-2/,Mamelodi,narcoticsanonymoussouthafricaregion.WordPress.2026-08-16.xml,tsml_location,/meetings,final-route,"meeting/location URLs use the structured finder with filters, map pins, and directions"
https://na.org.za/blog/locations/mamelodi/,Mamelodi,narcoticsanonymoussouthafricaregion.WordPress.2026-08-16.xml,tsml_location,/meetings,final-route,"meeting/location URLs use the structured finder with filters, map pins, and directions"
https://na.org.za/blog/locations/margate-methodist-church/,Margate Methodist Church,narcoticsanonymoussouthafricaregion.WordPress.2026-08-16.xml,tsml_location,/meetings,final-route,"meeting/location URLs use the structured finder with filters, map pins, and directions"
https://na.org.za/blog/locations/memezelo-secondary-highschool/,Memezelo High School,narcoticsanonymoussouthafricaregion.WordPress.2026-08-16.xml,tsml_location,/meetings,final-route,"meeting/location URLs use the structured finder with filters, map pins, and directions"
https://na.org.za/blog/locations/merebank-secondary/,Merebank Secondary,narcoticsanonymoussouthafricaregion.WordPress.2026-08-16.xml,tsml_location,/meetings,final-route,"meeting/location URLs use the structured finder with filters, map pins, and directions"
https://na.org.za/blog/locations/montana/,Montana,narcoticsanonymoussouthafricaregion.WordPress.2026-08-16.xml,tsml_location,/meetings,final-route,"meeting/location URLs use the structured finder with filters, map pins, and directions"
https://na.org.za/blog/locations/naledi-sports-complex-naledi-ext-2-742-cnr-letsatsi-radebe-st-soweto-south-africa/,"Naledi Sports Complex, Naledi ext 2, 742 CNR Letsatsi &amp; Radebe St Soweto, South Africa",narcoticsanonymoussouthafricaregion.WordPress.2026-08-16.xml,tsml_location,/meetings,final-route,"meeting/location URLs use the structured finder with filters, map pins, and directions"
https://na.org.za/blog/locations/nelson-mandela-youth-centre/,Nelson Mandela Youth Centre,narcoticsanonymoussouthafricaregion.WordPress.2026-08-16.xml,tsml_location,/meetings,final-route,"meeting/location URLs use the structured finder with filters, map pins, and directions"
https://na.org.za/blog/locations/new-apostolic-church-booysens/,New Apostolic Church Booysens,narcoticsanonymoussouthafricaregion.WordPress.2026-08-16.xml,tsml_location,/meetings,final-route,"meeting/location URLs use the structured finder with filters, map pins, and directions"
https://na.org.za/blog/locations/newlands-east-library/,Newlands East Library,narcoticsanonymoussouthafricaregion.WordPress.2026-08-16.xml,tsml_location,/meetings,final-route,"meeting/location URLs use the structured finder with filters, map pins, and directions"
https://na.org.za/blog/locations/ngk-nederduitse-gereformeerde-kerk-church/,NGK (Nederduitse Gereformeerde Kerk) Church,narcoticsanonymoussouthafricaregion.WordPress.2026-08-16.xml,tsml_location,/meetings,final-route,"meeting/location URLs use the structured finder with filters, map pins, and directions"
https://na.org.za/blog/locations/north-beach-in-front-of-minitown/,North Beach in front of Minitown,narcoticsanonymoussouthafricaregion.WordPress.2026-08-16.xml,tsml_location,/meetings,final-route,"meeting/location URLs use the structured finder with filters, map pins, and directions"
https://na.org.za/blog/locations/northcliff-union-church-cnr-dawn-and-pendoring-road/,Northcliff Union Church. Cnr Dawn and Pendoring road.,narcoticsanonymoussouthafricaregion.WordPress.2026-08-16.xml,tsml_location,/meetings,final-route,"meeting/location URLs use the structured finder with filters, map pins, and directions"
https://na.org.za/blog/locations/odirileng-maponya-clinicsonap/,Odirileng Maponya Clinic(Sonap),narcoticsanonymoussouthafricaregion.WordPress.2026-08-16.xml,tsml_location,/meetings,final-route,"meeting/location URLs use the structured finder with filters, map pins, and directions"
https://na.org.za/blog/locations/olive-tree-church-kloof/,Olive Tree Church Kloof,narcoticsanonymoussouthafricaregion.WordPress.2026-08-16.xml,tsml_location,/meetings,final-route,"meeting/location URLs use the structured finder with filters, map pins, and directions"
https://na.org.za/blog/locations/olympus/,Olympus,narcoticsanonymoussouthafricaregion.WordPress.2026-08-16.xml,tsml_location,/meetings,final-route,"meeting/location URLs use the structured finder with filters, map pins, and directions"
https://na.org.za/blog/locations/parish-of-the-immaculate-conception-catholic-church/,Parish of the Immaculate Conception Catholic Church,narcoticsanonymoussouthafricaregion.WordPress.2026-08-16.xml,tsml_location,/meetings,final-route,"meeting/location URLs use the structured finder with filters, map pins, and directions"
https://na.org.za/blog/locations/parkhurst-recreation-centre/,Parkhurst Recreation Centre,narcoticsanonymoussouthafricaregion.WordPress.2026-08-16.xml,tsml_location,/meetings,final-route,"meeting/location URLs use the structured finder with filters, map pins, and directions"
https://na.org.za/blog/locations/pennington-methodist-church/,"Pennington Methodist Church,",narcoticsanonymoussouthafricaregion.WordPress.2026-08-16.xml,tsml_location,/meetings,final-route,"meeting/location URLs use the structured finder with filters, map pins, and directions"
https://na.org.za/blog/locations/phefeni-recreation-center-12764-funani-street-orlando-wes/,Phefeni Recreation Center 12764 funani street Orlando wes,narcoticsanonymoussouthafricaregion.WordPress.2026-08-16.xml,tsml_location,/meetings,final-route,"meeting/location URLs use the structured finder with filters, map pins, and directions"
https://na.org.za/blog/locations/phoenix-victory-center/,Phoenix Victory Center,narcoticsanonymoussouthafricaregion.WordPress.2026-08-16.xml,tsml_location,/meetings,final-route,"meeting/location URLs use the structured finder with filters, map pins, and directions"
https://na.org.za/blog/locations/pimville-zone-4-pcc-hall-11624-mathithibala-st-pimville-zone-4-pimville-1809/,"(Pimville zone 4 PCC hall) 11624 Mathithibala St, Pimville Zone 4, Pimville, 1809",narcoticsanonymoussouthafricaregion.WordPress.2026-08-16.xml,tsml_location,/meetings,final-route,"meeting/location URLs use the structured finder with filters, map pins, and directions"
https://na.org.za/blog/locations/pretoria-south-africa/,"Pretoria, South Africa",narcoticsanonymoussouthafricaregion.WordPress.2026-08-16.xml,tsml_location,/meetings,final-route,"meeting/location URLs use the structured finder with filters, map pins, and directions"
https://na.org.za/blog/locations/protea-glen-recreation-center-1703-milkwood-streetm-protea-glen-ext-2/,"Protea Glen Recreation center, 1703 Milkwood Streetm Protea Glen, Ext 2",narcoticsanonymoussouthafricaregion.WordPress.2026-08-16.xml,tsml_location,/meetings,final-route,"meeting/location URLs use the structured finder with filters, map pins, and directions"
https://na.org.za/blog/locations/queensburgh-community-hall/,Queensburgh Community Hall,narcoticsanonymoussouthafricaregion.WordPress.2026-08-16.xml,tsml_location,/meetings,final-route,"meeting/location URLs use the structured finder with filters, map pins, and directions"
https://na.org.za/blog/locations/queenswood/,Queenswood,narcoticsanonymoussouthafricaregion.WordPress.2026-08-16.xml,tsml_location,/meetings,final-route,"meeting/location URLs use the structured finder with filters, map pins, and directions"
https://na.org.za/blog/locations/raisethorpe-high-school/,Raisethorpe High School,narcoticsanonymoussouthafricaregion.WordPress.2026-08-16.xml,tsml_location,/meetings,final-route,"meeting/location URLs use the structured finder with filters, map pins, and directions"
https://na.org.za/blog/locations/real-life-church-86-viljoen-st-krugersdorp-north-krugersdorp-1740-2/,"(Real life Church) 86 Viljoen St, Krugersdorp North, Krugersdorp, 1740",narcoticsanonymoussouthafricaregion.WordPress.2026-08-16.xml,tsml_location,/meetings,final-route,"meeting/location URLs use the structured finder with filters, map pins, and directions"
https://na.org.za/blog/locations/redhill-public-library/,Redhill Public Library,narcoticsanonymoussouthafricaregion.WordPress.2026-08-16.xml,tsml_location,/meetings,final-route,"meeting/location URLs use the structured finder with filters, map pins, and directions"
https://na.org.za/blog/locations/ring-road-block-4-doornkop-johannesburg-2091-gauteng-2/,"Ring Road, Block 4, Doornkop, Johannesburg, 2091, Gauteng",narcoticsanonymoussouthafricaregion.WordPress.2026-08-16.xml,tsml_location,/meetings,final-route,"meeting/location URLs use the structured finder with filters, map pins, and directions"
https://na.org.za/blog/locations/ring-road-block-4-doornkop-johannesburg-2091-gauteng/,"Ring Road, Block 4, Doornkop, Johannesburg, 2091, Gauteng",narcoticsanonymoussouthafricaregion.WordPress.2026-08-16.xml,tsml_location,/meetings,final-route,"meeting/location URLs use the structured finder with filters, map pins, and directions"
https://na.org.za/blog/locations/rock-foundation-ministries-corner-of-strandbrook-and-towerbrook/,"Rock Foundation Ministries, corner of Strandbrook and Towerbrook",narcoticsanonymoussouthafricaregion.WordPress.2026-08-16.xml,tsml_location,/meetings,final-route,"meeting/location URLs use the structured finder with filters, map pins, and directions"
https://na.org.za/blog/locations/rock-foundation-ministries/,Rock Foundation Ministries,narcoticsanonymoussouthafricaregion.WordPress.2026-08-16.xml,tsml_location,/meetings,final-route,"meeting/location URLs use the structured finder with filters, map pins, and directions"
https://na.org.za/blog/locations/rooihuiskraal/,Rooihuiskraal,narcoticsanonymoussouthafricaregion.WordPress.2026-08-16.xml,tsml_location,/meetings,final-route,"meeting/location URLs use the structured finder with filters, map pins, and directions"
https://na.org.za/blog/locations/rosettenville-2/,Rosettenville,narcoticsanonymoussouthafricaregion.WordPress.2026-08-16.xml,tsml_location,/meetings,final-route,"meeting/location URLs use the structured finder with filters, map pins, and directions"
https://na.org.za/blog/locations/rustenburg-2/,Rustenburg,narcoticsanonymoussouthafricaregion.WordPress.2026-08-16.xml,tsml_location,/meetings,final-route,"meeting/location URLs use the structured finder with filters, map pins, and directions"
https://na.org.za/blog/locations/rustenburg-3/,Rustenburg,narcoticsanonymoussouthafricaregion.WordPress.2026-08-16.xml,tsml_location,/meetings,final-route,"meeting/location URLs use the structured finder with filters, map pins, and directions"
https://na.org.za/blog/locations/rustenburg-4/,Rustenburg,narcoticsanonymoussouthafricaregion.WordPress.2026-08-16.xml,tsml_location,/meetings,final-route,"meeting/location URLs use the structured finder with filters, map pins, and directions"
https://na.org.za/blog/locations/rustenburg-6/,Rustenburg,narcoticsanonymoussouthafricaregion.WordPress.2026-08-16.xml,tsml_location,/meetings,final-route,"meeting/location URLs use the structured finder with filters, map pins, and directions"
https://na.org.za/blog/locations/rustenburg/,Rustenburg,narcoticsanonymoussouthafricaregion.WordPress.2026-08-16.xml,tsml_location,/meetings,final-route,"meeting/location URLs use the structured finder with filters, map pins, and directions"
https://na.org.za/blog/locations/saint-peters-united-church/,Saint Peter’s United Church,narcoticsanonymoussouthafricaregion.WordPress.2026-08-16.xml,tsml_location,/meetings,final-route,"meeting/location URLs use the structured finder with filters, map pins, and directions"
https://na.org.za/blog/locations/salt-rock-library/,Salt Rock Library,narcoticsanonymoussouthafricaregion.WordPress.2026-08-16.xml,tsml_location,/meetings,final-route,"meeting/location URLs use the structured finder with filters, map pins, and directions"
https://na.org.za/blog/locations/sanca-diepsloot-boardroom-136-dr-moosa-diepsloot-centre-extension-10-off-r511-methodist-church-complex-2/,"Sanca Diepsloot Boardroom, 136 Dr. Moosa Diepsloot Centre, Extension 10, Off R511, Methodist Church Complex",narcoticsanonymoussouthafricaregion.WordPress.2026-08-16.xml,tsml_location,/meetings,final-route,"meeting/location URLs use the structured finder with filters, map pins, and directions"
https://na.org.za/blog/locations/scottburgh-beach-marine-terrace-near-caravan-park/,"Scottburgh Beach, Marine Terrace (Near caravan park)",narcoticsanonymoussouthafricaregion.WordPress.2026-08-16.xml,tsml_location,/meetings,final-route,"meeting/location URLs use the structured finder with filters, map pins, and directions"
https://na.org.za/blog/locations/scottsville-pietermaritzburg/,"Scottsville, Pietermaritzburg",narcoticsanonymoussouthafricaregion.WordPress.2026-08-16.xml,tsml_location,/meetings,final-route,"meeting/location URLs use the structured finder with filters, map pins, and directions"
https://na.org.za/blog/locations/sharicrest-primary-school/,Sharicrest Primary School,narcoticsanonymoussouthafricaregion.WordPress.2026-08-16.xml,tsml_location,/meetings,final-route,"meeting/location URLs use the structured finder with filters, map pins, and directions"
https://na.org.za/blog/locations/shrimati-anandben-desai-pre-primary-school/,Shrimati Anandben Desai Pre-Primary School,narcoticsanonymoussouthafricaregion.WordPress.2026-08-16.xml,tsml_location,/meetings,final-route,"meeting/location URLs use the structured finder with filters, map pins, and directions"
https://na.org.za/blog/locations/st-agnes-catholic-church/,St Agnes Catholic Church,narcoticsanonymoussouthafricaregion.WordPress.2026-08-16.xml,tsml_location,/meetings,final-route,"meeting/location URLs use the structured finder with filters, map pins, and directions"
https://na.org.za/blog/locations/st-barnabus-church/,St Barnabus Church,narcoticsanonymoussouthafricaregion.WordPress.2026-08-16.xml,tsml_location,/meetings,final-route,"meeting/location URLs use the structured finder with filters, map pins, and directions"
https://na.org.za/blog/locations/st-francis-methodist-church-1-talton-road-forest-town/,"St Francis Methodist Church, 1 Talton Road, Forest Town",narcoticsanonymoussouthafricaregion.WordPress.2026-08-16.xml,tsml_location,/meetings,final-route,"meeting/location URLs use the structured finder with filters, map pins, and directions"
https://na.org.za/blog/locations/st-james-presbyterian-church-2/,St James Presbyterian Church,narcoticsanonymoussouthafricaregion.WordPress.2026-08-16.xml,tsml_location,/meetings,final-route,"meeting/location URLs use the structured finder with filters, map pins, and directions"
https://na.org.za/blog/locations/st-josephs-catholic-church/,St Josephs Catholic Church,narcoticsanonymoussouthafricaregion.WordPress.2026-08-16.xml,tsml_location,/meetings,final-route,"meeting/location URLs use the structured finder with filters, map pins, and directions"
https://na.org.za/blog/locations/st-marys-anglican-church/,St Mary’s Anglican Church,narcoticsanonymoussouthafricaregion.WordPress.2026-08-16.xml,tsml_location,/meetings,final-route,"meeting/location URLs use the structured finder with filters, map pins, and directions"
https://na.org.za/blog/locations/st-thomas-anglican-church/,St Thomas Anglican Church,narcoticsanonymoussouthafricaregion.WordPress.2026-08-16.xml,tsml_location,/meetings,final-route,"meeting/location URLs use the structured finder with filters, map pins, and directions"
https://na.org.za/blog/locations/thabazimbi/,Thabazimbi,narcoticsanonymoussouthafricaregion.WordPress.2026-08-16.xml,tsml_location,/meetings,final-route,"meeting/location URLs use the structured finder with filters, map pins, and directions"
https://na.org.za/blog/locations/thames-house-hope-st-city-power-complex-2/,"Thames House, Hope St, City Power Complex",narcoticsanonymoussouthafricaregion.WordPress.2026-08-16.xml,tsml_location,/meetings,final-route,"meeting/location URLs use the structured finder with filters, map pins, and directions"
https://na.org.za/blog/locations/thekwini-tvet-college/,Thekwini TVET College,narcoticsanonymoussouthafricaregion.WordPress.2026-08-16.xml,tsml_location,/meetings,final-route,"meeting/location URLs use the structured finder with filters, map pins, and directions"
https://na.org.za/blog/locations/tongaat-central-library/,Tongaat Central Library,narcoticsanonymoussouthafricaregion.WordPress.2026-08-16.xml,tsml_location,/meetings,final-route,"meeting/location URLs use the structured finder with filters, map pins, and directions"
https://na.org.za/blog/locations/umbilo-methodist-church/,Umbilo Methodist Church,narcoticsanonymoussouthafricaregion.WordPress.2026-08-16.xml,tsml_location,/meetings,final-route,"meeting/location URLs use the structured finder with filters, map pins, and directions"
https://na.org.za/blog/locations/wanderers-cricket-stadium-35-corlette-drive-illovo/,"Wanderers Cricket Stadium, 35 Corlette Drive, Illovo",narcoticsanonymoussouthafricaregion.WordPress.2026-08-16.xml,tsml_location,/meetings,final-route,"meeting/location URLs use the structured finder with filters, map pins, and directions"
https://na.org.za/blog/locations/waterkloof-ridge/,Waterkloof Ridge,narcoticsanonymoussouthafricaregion.WordPress.2026-08-16.xml,tsml_location,/meetings,final-route,"meeting/location URLs use the structured finder with filters, map pins, and directions"
https://na.org.za/blog/locations/waterkloof/,Waterkloof,narcoticsanonymoussouthafricaregion.WordPress.2026-08-16.xml,tsml_location,/meetings,final-route,"meeting/location URLs use the structured finder with filters, map pins, and directions"
https://na.org.za/blog/locations/wayside-chapel/,Wayside Chapel,narcoticsanonymoussouthafricaregion.WordPress.2026-08-16.xml,tsml_location,/meetings,final-route,"meeting/location URLs use the structured finder with filters, map pins, and directions"
https://na.org.za/blog/locations/westville-methodist-church/,Westville Methodist Church,narcoticsanonymoussouthafricaregion.WordPress.2026-08-16.xml,tsml_location,/meetings,final-route,"meeting/location URLs use the structured finder with filters, map pins, and directions"
https://na.org.za/blog/locations/wings-of-love-building/,Wings of Love Building,narcoticsanonymoussouthafricaregion.WordPress.2026-08-16.xml,tsml_location,/meetings,final-route,"meeting/location URLs use the structured finder with filters, map pins, and directions"
https://na.org.za/blog/meetings/afrikaans/,Sunday Afrikaans Meeting,narcoticsanonymoussouthafricaregion.WordPress.2026-08-16.xml,tsml_meeting,/meetings,final-route,"meeting/location URLs use the structured finder with filters, map pins, and directions"
https://na.org.za/blog/meetings/alabama-klerksdorp-sunday-1730-2/,Alabama Klerksdorp - Sunday - 17:30,narcoticsanonymoussouthafricaregion.WordPress.2026-08-16.xml,tsml_meeting,/meetings,final-route,"meeting/location URLs use the structured finder with filters, map pins, and directions"
https://na.org.za/blog/meetings/alabama-klerksdorp-thursday-1730-2/,Alabama Klerksdorp - Thursday - 17:30,narcoticsanonymoussouthafricaregion.WordPress.2026-08-16.xml,tsml_meeting,/meetings,final-route,"meeting/location URLs use the structured finder with filters, map pins, and directions"
https://na.org.za/blog/meetings/alabama-klerksdorp-thursday-1730/,Alabama Klerksdorp - Thursday - 17:30,narcoticsanonymoussouthafricaregion.WordPress.2026-08-16.xml,tsml_meeting,/meetings,final-route,"meeting/location URLs use the structured finder with filters, map pins, and directions"
https://na.org.za/blog/meetings/alabama-klerksdorp-tuesday-1730/,Alabama Klerksdorp - Tuesday - 17:30,narcoticsanonymoussouthafricaregion.WordPress.2026-08-16.xml,tsml_meeting,/meetings,final-route,"meeting/location URLs use the structured finder with filters, map pins, and directions"
https://na.org.za/blog/meetings/alberton-thursday-1930-2/,Alberton - Thursday - 19:30,narcoticsanonymoussouthafricaregion.WordPress.2026-08-16.xml,tsml_meeting,/meetings,final-route,"meeting/location URLs use the structured finder with filters, map pins, and directions"
https://na.org.za/blog/meetings/alberton-thursday-1930/,Alberton - Thursday - 19:30,narcoticsanonymoussouthafricaregion.WordPress.2026-08-16.xml,tsml_meeting,/meetings,final-route,"meeting/location URLs use the structured finder with filters, map pins, and directions"
https://na.org.za/blog/meetings/alberton-tuesday-1930-2/,Alberton - Tuesday - 19:30,narcoticsanonymoussouthafricaregion.WordPress.2026-08-16.xml,tsml_meeting,/meetings,final-route,"meeting/location URLs use the structured finder with filters, map pins, and directions"
https://na.org.za/blog/meetings/alexander-sunday-1600-2/,Alexander - Sunday - 16:00,narcoticsanonymoussouthafricaregion.WordPress.2026-08-16.xml,tsml_meeting,/meetings,final-route,"meeting/location URLs use the structured finder with filters, map pins, and directions"
https://na.org.za/blog/meetings/amanzimtoti-tuesday/,Amanzimtoti Tuesday,narcoticsanonymoussouthafricaregion.WordPress.2026-08-16.xml,tsml_meeting,/meetings,final-route,"meeting/location URLs use the structured finder with filters, map pins, and directions"
https://na.org.za/blog/meetings/austerville-friday/,Austerville Friday,narcoticsanonymoussouthafricaregion.WordPress.2026-08-16.xml,tsml_meeting,/meetings,final-route,"meeting/location URLs use the structured finder with filters, map pins, and directions"
https://na.org.za/blog/meetings/austerville-monday/,Austerville Monday,narcoticsanonymoussouthafricaregion.WordPress.2026-08-16.xml,tsml_meeting,/meetings,final-route,"meeting/location URLs use the structured finder with filters, map pins, and directions"
https://na.org.za/blog/meetings/austerville-wednesday/,Austerville Wednesday,narcoticsanonymoussouthafricaregion.WordPress.2026-08-16.xml,tsml_meeting,/meetings,final-route,"meeting/location URLs use the structured finder with filters, map pins, and directions"
https://na.org.za/blog/meetings/back-to-basics/,Monday Montana Meeting,narcoticsanonymoussouthafricaregion.WordPress.2026-08-16.xml,tsml_meeting,/meetings,final-route,"meeting/location URLs use the structured finder with filters, map pins, and directions"
https://na.org.za/blog/meetings/ballito-saturday/,Ballito Saturday,narcoticsanonymoussouthafricaregion.WordPress.2026-08-16.xml,tsml_meeting,/meetings,final-route,"meeting/location URLs use the structured finder with filters, map pins, and directions"
https://na.org.za/blog/meetings/beacon-of-hope-na/,Beacon Of Hope NA,narcoticsanonymoussouthafricaregion.WordPress.2026-08-16.xml,tsml_meeting,/meetings,final-route,"meeting/location URLs use the structured finder with filters, map pins, and directions"
https://na.org.za/blog/meetings/bedfordview-saturday-0900-2/,Bedfordview - Saturday - 09:00,narcoticsanonymoussouthafricaregion.WordPress.2026-08-16.xml,tsml_meeting,/meetings,final-route,"meeting/location URLs use the structured finder with filters, map pins, and directions"
https://na.org.za/blog/meetings/beginners-group/,Observatory (Beginners Group),narcoticsanonymoussouthafricaregion.WordPress.2026-08-16.xml,tsml_meeting,/meetings,final-route,"meeting/location URLs use the structured finder with filters, map pins, and directions"
https://na.org.za/blog/meetings/bellville/,Bellville Boston,narcoticsanonymoussouthafricaregion.WordPress.2026-08-16.xml,tsml_meeting,/meetings,final-route,"meeting/location URLs use the structured finder with filters, map pins, and directions"
https://na.org.za/blog/meetings/benmore-sunday-1800-2/,Benmore - Sunday - 18:00,narcoticsanonymoussouthafricaregion.WordPress.2026-08-16.xml,tsml_meeting,/meetings,final-route,"meeting/location URLs use the structured finder with filters, map pins, and directions"
https://na.org.za/blog/meetings/benmore-tuesday-1930-2/,Benmore - Tuesday - 19:30,narcoticsanonymoussouthafricaregion.WordPress.2026-08-16.xml,tsml_meeting,/meetings,final-route,"meeting/location URLs use the structured finder with filters, map pins, and directions"
https://na.org.za/blog/meetings/benmore-tuesday-1930-3/,Benmore - Tuesday - 19:30,narcoticsanonymoussouthafricaregion.WordPress.2026-08-16.xml,tsml_meeting,/meetings,final-route,"meeting/location URLs use the structured finder with filters, map pins, and directions"
https://na.org.za/blog/meetings/benmore-tuesdays-1930-2/,Benmore - Friday - 19:30,narcoticsanonymoussouthafricaregion.WordPress.2026-08-16.xml,tsml_meeting,/meetings,final-route,"meeting/location URLs use the structured finder with filters, map pins, and directions"
https://na.org.za/blog/meetings/besileia-tuesday-meeting-open/,Besileia Tuesday Meeting,narcoticsanonymoussouthafricaregion.WordPress.2026-08-16.xml,tsml_meeting,/meetings,final-route,"meeting/location URLs use the structured finder with filters, map pins, and directions"
https://na.org.za/blog/meetings/blairgowrie-saturday-1700-2/,Blairgowrie - Saturday - 17:00,narcoticsanonymoussouthafricaregion.WordPress.2026-08-16.xml,tsml_meeting,/meetings,final-route,"meeting/location URLs use the structured finder with filters, map pins, and directions"
https://na.org.za/blog/meetings/blouberg-2/,Blouberg Friday,narcoticsanonymoussouthafricaregion.WordPress.2026-08-16.xml,tsml_meeting,/meetings,final-route,"meeting/location URLs use the structured finder with filters, map pins, and directions"
https://na.org.za/blog/meetings/blouberg/,Blouberg Sunday night,narcoticsanonymoussouthafricaregion.WordPress.2026-08-16.xml,tsml_meeting,/meetings,final-route,"meeting/location URLs use the structured finder with filters, map pins, and directions"
https://na.org.za/blog/meetings/blue-monday-steenberg/,Blue Monday Steenberg,narcoticsanonymoussouthafricaregion.WordPress.2026-08-16.xml,tsml_meeting,/meetings,final-route,"meeting/location URLs use the structured finder with filters, map pins, and directions"
https://na.org.za/blog/meetings/bluff-tuesday/,Vision of Hope Bluff Group,narcoticsanonymoussouthafricaregion.WordPress.2026-08-16.xml,tsml_meeting,/meetings,final-route,"meeting/location URLs use the structured finder with filters, map pins, and directions"
https://na.org.za/blog/meetings/bonfire-saturday-2/,Oaklands - Saturday - 19:30 (Bonfire),narcoticsanonymoussouthafricaregion.WordPress.2026-08-16.xml,tsml_meeting,/meetings,final-route,"meeting/location URLs use the structured finder with filters, map pins, and directions"
https://na.org.za/blog/meetings/bonfire-saturday/,Oaklands - Saturday - 19:30 (Bonfire),narcoticsanonymoussouthafricaregion.WordPress.2026-08-16.xml,tsml_meeting,/meetings,final-route,"meeting/location URLs use the structured finder with filters, map pins, and directions"
https://na.org.za/blog/meetings/bonteheuwel/,Bonteheuwel Meeting,narcoticsanonymoussouthafricaregion.WordPress.2026-08-16.xml,tsml_meeting,/meetings,final-route,"meeting/location URLs use the structured finder with filters, map pins, and directions"
https://na.org.za/blog/meetings/booysens-meeting-thursday-open/,Booysens Meeting - Thursday,narcoticsanonymoussouthafricaregion.WordPress.2026-08-16.xml,tsml_meeting,/meetings,final-route,"meeting/location URLs use the structured finder with filters, map pins, and directions"
https://na.org.za/blog/meetings/boskriun-friday-2/,Boskruin - Friday - 18:00,narcoticsanonymoussouthafricaregion.WordPress.2026-08-16.xml,tsml_meeting,/meetings,final-route,"meeting/location URLs use the structured finder with filters, map pins, and directions"
https://na.org.za/blog/meetings/boskruin-tuesday/,Boskruin - Tuesday - 18:00,narcoticsanonymoussouthafricaregion.WordPress.2026-08-16.xml,tsml_meeting,/meetings,final-route,"meeting/location URLs use the structured finder with filters, map pins, and directions"
https://na.org.za/blog/meetings/boskruin-wednesday-1900-2/,Boskruin - Wednesday - 19:00,narcoticsanonymoussouthafricaregion.WordPress.2026-08-16.xml,tsml_meeting,/meetings,final-route,"meeting/location URLs use the structured finder with filters, map pins, and directions"
https://na.org.za/blog/meetings/bosmont-thursday-1830/,Bosmont - Thursday - 18:30 - Temp Closed,narcoticsanonymoussouthafricaregion.WordPress.2026-08-16.xml,tsml_meeting,/meetings,final-route,"meeting/location URLs use the structured finder with filters, map pins, and directions"
https://na.org.za/blog/meetings/braam-fischer-thursday-1600-2/,Braam Fischer - Thursday - 16:00,narcoticsanonymoussouthafricaregion.WordPress.2026-08-16.xml,tsml_meeting,/meetings,final-route,"meeting/location URLs use the structured finder with filters, map pins, and directions"
https://na.org.za/blog/meetings/braam-fischer-tuesday-1600/,Braam Fischer - Tuesday - 16:00,narcoticsanonymoussouthafricaregion.WordPress.2026-08-16.xml,tsml_meeting,/meetings,final-route,"meeting/location URLs use the structured finder with filters, map pins, and directions"
https://na.org.za/blog/meetings/brackenhurst-monday-1900-2/,Brackenhurst - Monday - 19:30,narcoticsanonymoussouthafricaregion.WordPress.2026-08-16.xml,tsml_meeting,/meetings,final-route,"meeting/location URLs use the structured finder with filters, map pins, and directions"
https://na.org.za/blog/meetings/brackenhurst-wednesday-1930/,Brackenhurst - Wednesday - 19:30,narcoticsanonymoussouthafricaregion.WordPress.2026-08-16.xml,tsml_meeting,/meetings,final-route,"meeting/location URLs use the structured finder with filters, map pins, and directions"
https://na.org.za/blog/meetings/brakpan-tuesday-1800/,Brakpan - Tuesday - 19:00,narcoticsanonymoussouthafricaregion.WordPress.2026-08-16.xml,tsml_meeting,/meetings,final-route,"meeting/location URLs use the structured finder with filters, map pins, and directions"
https://na.org.za/blog/meetings/brixton-real-talk/,Brixton Real Talk - Wednesday - 19:30 - Online,narcoticsanonymoussouthafricaregion.WordPress.2026-08-16.xml,tsml_meeting,/meetings,final-route,"meeting/location URLs use the structured finder with filters, map pins, and directions"
https://na.org.za/blog/meetings/bryanston-saturday-1800-2/,Bryanston - Saturday - 18:00,narcoticsanonymoussouthafricaregion.WordPress.2026-08-16.xml,tsml_meeting,/meetings,final-route,"meeting/location URLs use the structured finder with filters, map pins, and directions"
https://na.org.za/blog/meetings/bryanston-thursday-1930/,Bryanston - Thursday - 19:30,narcoticsanonymoussouthafricaregion.WordPress.2026-08-16.xml,tsml_meeting,/meetings,final-route,"meeting/location URLs use the structured finder with filters, map pins, and directions"
https://na.org.za/blog/meetings/buffelsdale-wednesday-meeting/,Buffelsdale Wednesday Meeting,narcoticsanonymoussouthafricaregion.WordPress.2026-08-16.xml,tsml_meeting,/meetings,final-route,"meeting/location URLs use the structured finder with filters, map pins, and directions"
https://na.org.za/blog/meetings/central-western-jabavu-soweto-thursday-1800-2/,Central Western Jabavu Soweto - Thursday - 18:00,narcoticsanonymoussouthafricaregion.WordPress.2026-08-16.xml,tsml_meeting,/meetings,final-route,"meeting/location URLs use the structured finder with filters, map pins, and directions"
https://na.org.za/blog/meetings/chatsworth-monday/,Chatsworth Monday,narcoticsanonymoussouthafricaregion.WordPress.2026-08-16.xml,tsml_meeting,/meetings,final-route,"meeting/location URLs use the structured finder with filters, map pins, and directions"
https://na.org.za/blog/meetings/chatsworth-wednesday-step-work/,Chatsworth Wednesday - Step Work,narcoticsanonymoussouthafricaregion.WordPress.2026-08-16.xml,tsml_meeting,/meetings,final-route,"meeting/location URLs use the structured finder with filters, map pins, and directions"
https://na.org.za/blog/meetings/city-bowl/,City Bowl,narcoticsanonymoussouthafricaregion.WordPress.2026-08-16.xml,tsml_meeting,/meetings,final-route,"meeting/location URLs use the structured finder with filters, map pins, and directions"
https://na.org.za/blog/meetings/city-group-wednesday/,City Group Wednesday,narcoticsanonymoussouthafricaregion.WordPress.2026-08-16.xml,tsml_meeting,/meetings,final-route,"meeting/location URLs use the structured finder with filters, map pins, and directions"
https://na.org.za/blog/meetings/claremont-express-meeting/,Claremont Tuesday Express,narcoticsanonymoussouthafricaregion.WordPress.2026-08-16.xml,tsml_meeting,/meetings,final-route,"meeting/location URLs use the structured finder with filters, map pins, and directions"
https://na.org.za/blog/meetings/constantia/,Constantia Monday,narcoticsanonymoussouthafricaregion.WordPress.2026-08-16.xml,tsml_meeting,/meetings,final-route,"meeting/location URLs use the structured finder with filters, map pins, and directions"
https://na.org.za/blog/meetings/crawford/,Crawford Living Clean,narcoticsanonymoussouthafricaregion.WordPress.2026-08-16.xml,tsml_meeting,/meetings,final-route,"meeting/location URLs use the structured finder with filters, map pins, and directions"
https://na.org.za/blog/meetings/crosby-wednesday-1900/,Crosby - Wednesday - 19:00,narcoticsanonymoussouthafricaregion.WordPress.2026-08-16.xml,tsml_meeting,/meetings,final-route,"meeting/location URLs use the structured finder with filters, map pins, and directions"
https://na.org.za/blog/meetings/ct-womens-meeting-2/,CT Women’s Meeting 2026,narcoticsanonymoussouthafricaregion.WordPress.2026-08-16.xml,tsml_meeting,/meetings,final-route,"meeting/location URLs use the structured finder with filters, map pins, and directions"
https://na.org.za/blog/meetings/ct-womens-meeting-3/,CT Women’s Meeting 2026,narcoticsanonymoussouthafricaregion.WordPress.2026-08-16.xml,tsml_meeting,/meetings,final-route,"meeting/location URLs use the structured finder with filters, map pins, and directions"
https://na.org.za/blog/meetings/ct-womens-meeting/,CT Women’s Meeting,narcoticsanonymoussouthafricaregion.WordPress.2026-08-16.xml,tsml_meeting,/meetings,final-route,"meeting/location URLs use the structured finder with filters, map pins, and directions"
https://na.org.za/blog/meetings/delft/,Delft Against All Odds,narcoticsanonymoussouthafricaregion.WordPress.2026-08-16.xml,tsml_meeting,/meetings,final-route,"meeting/location URLs use the structured finder with filters, map pins, and directions"
https://na.org.za/blog/meetings/diepkloof-thursdays-1800-2/,Diepkloof - Thursday - 18:00,narcoticsanonymoussouthafricaregion.WordPress.2026-08-16.xml,tsml_meeting,/meetings,final-route,"meeting/location URLs use the structured finder with filters, map pins, and directions"
https://na.org.za/blog/meetings/diepkloof-tuesdays-1800/,Diepkloof - Tuesday - 18:00,narcoticsanonymoussouthafricaregion.WordPress.2026-08-16.xml,tsml_meeting,/meetings,final-route,"meeting/location URLs use the structured finder with filters, map pins, and directions"
https://na.org.za/blog/meetings/diepsloot-friday-1030-2/,Diepsloot - Friday - 10:30,narcoticsanonymoussouthafricaregion.WordPress.2026-08-16.xml,tsml_meeting,/meetings,final-route,"meeting/location URLs use the structured finder with filters, map pins, and directions"
https://na.org.za/blog/meetings/durban-beach-sunday/,Durban Beach Sunday,narcoticsanonymoussouthafricaregion.WordPress.2026-08-16.xml,tsml_meeting,/meetings,final-route,"meeting/location URLs use the structured finder with filters, map pins, and directions"
https://na.org.za/blog/meetings/durban-north-monday/,Durban North Monday,narcoticsanonymoussouthafricaregion.WordPress.2026-08-16.xml,tsml_meeting,/meetings,final-route,"meeting/location URLs use the structured finder with filters, map pins, and directions"
https://na.org.za/blog/meetings/durbanville-2/,Durbanville Friday Keep Coming Back,narcoticsanonymoussouthafricaregion.WordPress.2026-08-16.xml,tsml_meeting,/meetings,final-route,"meeting/location URLs use the structured finder with filters, map pins, and directions"
https://na.org.za/blog/meetings/durbanville-wednesday-lunch/,Durbanville Wednesday Lunch,narcoticsanonymoussouthafricaregion.WordPress.2026-08-16.xml,tsml_meeting,/meetings,final-route,"meeting/location URLs use the structured finder with filters, map pins, and directions"
https://na.org.za/blog/meetings/durbanville/,Durbanville Together We Can,narcoticsanonymoussouthafricaregion.WordPress.2026-08-16.xml,tsml_meeting,/meetings,final-route,"meeting/location URLs use the structured finder with filters, map pins, and directions"
https://na.org.za/blog/meetings/edenvale-friday-1900-2/,Edenvale - Friday - 19:00,narcoticsanonymoussouthafricaregion.WordPress.2026-08-16.xml,tsml_meeting,/meetings,final-route,"meeting/location URLs use the structured finder with filters, map pins, and directions"
https://na.org.za/blog/meetings/edenvale-friday-1900-3/,Edenvale - Friday - 19:00,narcoticsanonymoussouthafricaregion.WordPress.2026-08-16.xml,tsml_meeting,/meetings,final-route,"meeting/location URLs use the structured finder with filters, map pins, and directions"
https://na.org.za/blog/meetings/edenvale-friday-1900/,Edenvale - Friday - 19:00,narcoticsanonymoussouthafricaregion.WordPress.2026-08-16.xml,tsml_meeting,/meetings,final-route,"meeting/location URLs use the structured finder with filters, map pins, and directions"
https://na.org.za/blog/meetings/edenvale-monday-1930-2/,Edenvale - Monday - 19:30,narcoticsanonymoussouthafricaregion.WordPress.2026-08-16.xml,tsml_meeting,/meetings,final-route,"meeting/location URLs use the structured finder with filters, map pins, and directions"
https://na.org.za/blog/meetings/edenvale-wednesday-1930/,Edenvale - Wednesday - 19:30,narcoticsanonymoussouthafricaregion.WordPress.2026-08-16.xml,tsml_meeting,/meetings,final-route,"meeting/location URLs use the structured finder with filters, map pins, and directions"
https://na.org.za/blog/meetings/eersterus-2/,Friday Eersterus,narcoticsanonymoussouthafricaregion.WordPress.2026-08-16.xml,tsml_meeting,/meetings,final-route,"meeting/location URLs use the structured finder with filters, map pins, and directions"
https://na.org.za/blog/meetings/eldorado-park-saturday-1000-2/,Eldorado Park - Saturday - 10:00,narcoticsanonymoussouthafricaregion.WordPress.2026-08-16.xml,tsml_meeting,/meetings,final-route,"meeting/location URLs use the structured finder with filters, map pins, and directions"
https://na.org.za/blog/meetings/eldorado-park-wednesday-1930/,Eldorado Park - Wednesday - 19:30,narcoticsanonymoussouthafricaregion.WordPress.2026-08-16.xml,tsml_meeting,/meetings,final-route,"meeting/location URLs use the structured finder with filters, map pins, and directions"
https://na.org.za/blog/meetings/ennerdale-tuesday-2000-2/,Ennerdale - Tuesday - 20:00,narcoticsanonymoussouthafricaregion.WordPress.2026-08-16.xml,tsml_meeting,/meetings,final-route,"meeting/location URLs use the structured finder with filters, map pins, and directions"
https://na.org.za/blog/meetings/ennerdale-tuesday-2000/,Ennerdale - Tuesday - 20:00,narcoticsanonymoussouthafricaregion.WordPress.2026-08-16.xml,tsml_meeting,/meetings,final-route,"meeting/location URLs use the structured finder with filters, map pins, and directions"
https://na.org.za/blog/meetings/esihlahleni-tsakane-daily-1730-2/,Esihlahleni Tsakane - Daily - 17:30,narcoticsanonymoussouthafricaregion.WordPress.2026-08-16.xml,tsml_meeting,/meetings,final-route,"meeting/location URLs use the structured finder with filters, map pins, and directions"
https://na.org.za/blog/meetings/fairlands-tuesday-1900/,Fairlands - Tuesday - 19:00,narcoticsanonymoussouthafricaregion.WordPress.2026-08-16.xml,tsml_meeting,/meetings,final-route,"meeting/location URLs use the structured finder with filters, map pins, and directions"
https://na.org.za/blog/meetings/ferndale-friday-1800-2/,Ferndale - Friday - 18:00,narcoticsanonymoussouthafricaregion.WordPress.2026-08-16.xml,tsml_meeting,/meetings,final-route,"meeting/location URLs use the structured finder with filters, map pins, and directions"
https://na.org.za/blog/meetings/florida-mondays-1830/,Florida - Monday - 18:30,narcoticsanonymoussouthafricaregion.WordPress.2026-08-16.xml,tsml_meeting,/meetings,final-route,"meeting/location URLs use the structured finder with filters, map pins, and directions"
https://na.org.za/blog/meetings/forest-town-thursday-1930/,Forest Town - Thursday - 19:30,narcoticsanonymoussouthafricaregion.WordPress.2026-08-16.xml,tsml_meeting,/meetings,final-route,"meeting/location URLs use the structured finder with filters, map pins, and directions"
https://na.org.za/blog/meetings/fourways-tuesdays-1930/,Fourways - Tuesdays - 19:30,narcoticsanonymoussouthafricaregion.WordPress.2026-08-16.xml,tsml_meeting,/meetings,final-route,"meeting/location URLs use the structured finder with filters, map pins, and directions"
https://na.org.za/blog/meetings/freaky-fridays/,Freaky Fridays,narcoticsanonymoussouthafricaregion.WordPress.2026-08-16.xml,tsml_meeting,/meetings,final-route,"meeting/location URLs use the structured finder with filters, map pins, and directions"
https://na.org.za/blog/meetings/friday-ballito-beach-meeting/,Salt Rock Friday Beach Meeting,narcoticsanonymoussouthafricaregion.WordPress.2026-08-16.xml,tsml_meeting,/meetings,final-route,"meeting/location URLs use the structured finder with filters, map pins, and directions"
https://na.org.za/blog/meetings/friday-second-chance-meeting/,Friday Second Chance Meeting,narcoticsanonymoussouthafricaregion.WordPress.2026-08-16.xml,tsml_meeting,/meetings,final-route,"meeting/location URLs use the structured finder with filters, map pins, and directions"
https://na.org.za/blog/meetings/fynnlands-thursday/,Together We Can - Fynnlands Group,narcoticsanonymoussouthafricaregion.WordPress.2026-08-16.xml,tsml_meeting,/meetings,final-route,"meeting/location URLs use the structured finder with filters, map pins, and directions"
https://na.org.za/blog/meetings/goodwood/,Goodwood Saturday Night,narcoticsanonymoussouthafricaregion.WordPress.2026-08-16.xml,tsml_meeting,/meetings,final-route,"meeting/location URLs use the structured finder with filters, map pins, and directions"
https://na.org.za/blog/meetings/gordons-bay/,Gordon's Bay Monday Night,narcoticsanonymoussouthafricaregion.WordPress.2026-08-16.xml,tsml_meeting,/meetings,final-route,"meeting/location URLs use the structured finder with filters, map pins, and directions"
https://na.org.za/blog/meetings/grassy_park/,Grassy Park Courage to Change,narcoticsanonymoussouthafricaregion.WordPress.2026-08-16.xml,tsml_meeting,/meetings,final-route,"meeting/location URLs use the structured finder with filters, map pins, and directions"
https://na.org.za/blog/meetings/green-point-just-for-today/,Just For Today CPT - Online,narcoticsanonymoussouthafricaregion.WordPress.2026-08-16.xml,tsml_meeting,/meetings,final-route,"meeting/location URLs use the structured finder with filters, map pins, and directions"
https://na.org.za/blog/meetings/green-point-topic-meeting-share-2/,Just For Today CPT - Online,narcoticsanonymoussouthafricaregion.WordPress.2026-08-16.xml,tsml_meeting,/meetings,final-route,"meeting/location URLs use the structured finder with filters, map pins, and directions"
https://na.org.za/blog/meetings/green-point-topic-meeting-share/,Just For Today CPT - Online,narcoticsanonymoussouthafricaregion.WordPress.2026-08-16.xml,tsml_meeting,/meetings,final-route,"meeting/location URLs use the structured finder with filters, map pins, and directions"
https://na.org.za/blog/meetings/green-point/,Green Point JFT (F2F),narcoticsanonymoussouthafricaregion.WordPress.2026-08-16.xml,tsml_meeting,/meetings,final-route,"meeting/location URLs use the structured finder with filters, map pins, and directions"
https://na.org.za/blog/meetings/greenpoint/,Just For Today CPT - Online,narcoticsanonymoussouthafricaregion.WordPress.2026-08-16.xml,tsml_meeting,/meetings,final-route,"meeting/location URLs use the structured finder with filters, map pins, and directions"
https://na.org.za/blog/meetings/group-living-clean-format-literature-study/,Friday Constantia Meeting,narcoticsanonymoussouthafricaregion.WordPress.2026-08-16.xml,tsml_meeting,/meetings,final-route,"meeting/location URLs use the structured finder with filters, map pins, and directions"
https://na.org.za/blog/meetings/hammanskraal-meeting-monday-open/,Hammanskraal Meeting - Monday,narcoticsanonymoussouthafricaregion.WordPress.2026-08-16.xml,tsml_meeting,/meetings,final-route,"meeting/location URLs use the structured finder with filters, map pins, and directions"
https://na.org.za/blog/meetings/hammanskraal-tuesday-meeting-open/,Hammanskraal Meeting - Tuesday,narcoticsanonymoussouthafricaregion.WordPress.2026-08-16.xml,tsml_meeting,/meetings,final-route,"meeting/location URLs use the structured finder with filters, map pins, and directions"
https://na.org.za/blog/meetings/hanover-park-get-back-up/,Hanover Park (Get Back Up),narcoticsanonymoussouthafricaregion.WordPress.2026-08-16.xml,tsml_meeting,/meetings,final-route,"meeting/location URLs use the structured finder with filters, map pins, and directions"
https://na.org.za/blog/meetings/helderberg/,Helderberg Friday,narcoticsanonymoussouthafricaregion.WordPress.2026-08-16.xml,tsml_meeting,/meetings,final-route,"meeting/location URLs use the structured finder with filters, map pins, and directions"
https://na.org.za/blog/meetings/hillcrest-sunday/,Hillcrest Sunday,narcoticsanonymoussouthafricaregion.WordPress.2026-08-16.xml,tsml_meeting,/meetings,final-route,"meeting/location URLs use the structured finder with filters, map pins, and directions"
https://na.org.za/blog/meetings/hillcrest-thursday/,Hillcrest Thursday,narcoticsanonymoussouthafricaregion.WordPress.2026-08-16.xml,tsml_meeting,/meetings,final-route,"meeting/location URLs use the structured finder with filters, map pins, and directions"
https://na.org.za/blog/meetings/hour-of-power-online/,Hour of Power - Online,narcoticsanonymoussouthafricaregion.WordPress.2026-08-16.xml,tsml_meeting,/meetings,final-route,"meeting/location URLs use the structured finder with filters, map pins, and directions"
https://na.org.za/blog/meetings/howick-friday/,Howick Friday,narcoticsanonymoussouthafricaregion.WordPress.2026-08-16.xml,tsml_meeting,/meetings,final-route,"meeting/location URLs use the structured finder with filters, map pins, and directions"
https://na.org.za/blog/meetings/howick-wednesday-mens-meeting/,Howick Wednesday,narcoticsanonymoussouthafricaregion.WordPress.2026-08-16.xml,tsml_meeting,/meetings,final-route,"meeting/location URLs use the structured finder with filters, map pins, and directions"
https://na.org.za/blog/meetings/huringham-saturday-0900/,Sandhurst - Saturday - Peacock Group - 09:00,narcoticsanonymoussouthafricaregion.WordPress.2026-08-16.xml,tsml_meeting,/meetings,final-route,"meeting/location URLs use the structured finder with filters, map pins, and directions"
https://na.org.za/blog/meetings/i-cant-we-can-wednesday/,"I can't, we can - Wednesday",narcoticsanonymoussouthafricaregion.WordPress.2026-08-16.xml,tsml_meeting,/meetings,final-route,"meeting/location URLs use the structured finder with filters, map pins, and directions"
https://na.org.za/blog/meetings/isizulu-meeting-3-2/,isiZulu Meeting - Sunday - 20:30 - Online,narcoticsanonymoussouthafricaregion.WordPress.2026-08-16.xml,tsml_meeting,/meetings,final-route,"meeting/location URLs use the structured finder with filters, map pins, and directions"
https://na.org.za/blog/meetings/isizulu-saturday/,IsiZulu Saturday,narcoticsanonymoussouthafricaregion.WordPress.2026-08-16.xml,tsml_meeting,/meetings,final-route,"meeting/location URLs use the structured finder with filters, map pins, and directions"
https://na.org.za/blog/meetings/isizulu-sunday-online/,isiZulu Sunday Online,narcoticsanonymoussouthafricaregion.WordPress.2026-08-16.xml,tsml_meeting,/meetings,final-route,"meeting/location URLs use the structured finder with filters, map pins, and directions"
https://na.org.za/blog/meetings/jft-online-2/,JFT Meeting,narcoticsanonymoussouthafricaregion.WordPress.2026-08-16.xml,tsml_meeting,/meetings,final-route,"meeting/location URLs use the structured finder with filters, map pins, and directions"
https://na.org.za/blog/meetings/jft-online-3/,JFT Meeting,narcoticsanonymoussouthafricaregion.WordPress.2026-08-16.xml,tsml_meeting,/meetings,final-route,"meeting/location URLs use the structured finder with filters, map pins, and directions"
https://na.org.za/blog/meetings/jft-online-4/,JFT Meeting,narcoticsanonymoussouthafricaregion.WordPress.2026-08-16.xml,tsml_meeting,/meetings,final-route,"meeting/location URLs use the structured finder with filters, map pins, and directions"
https://na.org.za/blog/meetings/jft-online-5/,JFT Meeting,narcoticsanonymoussouthafricaregion.WordPress.2026-08-16.xml,tsml_meeting,/meetings,final-route,"meeting/location URLs use the structured finder with filters, map pins, and directions"
https://na.org.za/blog/meetings/jft-online-6/,JFT Meeting,narcoticsanonymoussouthafricaregion.WordPress.2026-08-16.xml,tsml_meeting,/meetings,final-route,"meeting/location URLs use the structured finder with filters, map pins, and directions"
https://na.org.za/blog/meetings/jft-online-7/,JFT Meeting,narcoticsanonymoussouthafricaregion.WordPress.2026-08-16.xml,tsml_meeting,/meetings,final-route,"meeting/location URLs use the structured finder with filters, map pins, and directions"
https://na.org.za/blog/meetings/jft-online/,JFT Meeting,narcoticsanonymoussouthafricaregion.WordPress.2026-08-16.xml,tsml_meeting,/meetings,final-route,"meeting/location URLs use the structured finder with filters, map pins, and directions"
https://na.org.za/blog/meetings/jft/,JFT,narcoticsanonymoussouthafricaregion.WordPress.2026-08-16.xml,tsml_meeting,/meetings,final-route,"meeting/location URLs use the structured finder with filters, map pins, and directions"
https://na.org.za/blog/meetings/johannesburg-friday-500-pm/,Johannesburg Friday 5:00 pm,narcoticsanonymoussouthafricaregion.WordPress.2026-08-16.xml,tsml_meeting,/meetings,final-route,"meeting/location URLs use the structured finder with filters, map pins, and directions"
https://na.org.za/blog/meetings/johannesburg-sunday-530-pm/,Johannesburg Sunday 5:30 pm,narcoticsanonymoussouthafricaregion.WordPress.2026-08-16.xml,tsml_meeting,/meetings,final-route,"meeting/location URLs use the structured finder with filters, map pins, and directions"
https://na.org.za/blog/meetings/johannesburg-wednesday-700-pm/,Spiritual Principles,narcoticsanonymoussouthafricaregion.WordPress.2026-08-16.xml,tsml_meeting,/meetings,final-route,"meeting/location URLs use the structured finder with filters, map pins, and directions"
https://na.org.za/blog/meetings/just-for-today-2-2/,Just For Today CPT - Online,narcoticsanonymoussouthafricaregion.WordPress.2026-08-16.xml,tsml_meeting,/meetings,final-route,"meeting/location URLs use the structured finder with filters, map pins, and directions"
https://na.org.za/blog/meetings/just-for-today-2/,Just For Today CPT - Online,narcoticsanonymoussouthafricaregion.WordPress.2026-08-16.xml,tsml_meeting,/meetings,final-route,"meeting/location URLs use the structured finder with filters, map pins, and directions"
https://na.org.za/blog/meetings/just-for-today-2a/,Green Point JFT (F2F),narcoticsanonymoussouthafricaregion.WordPress.2026-08-16.xml,tsml_meeting,/meetings,final-route,"meeting/location URLs use the structured finder with filters, map pins, and directions"
https://na.org.za/blog/meetings/just-for-today-3/,Just For Today CPT - Online,narcoticsanonymoussouthafricaregion.WordPress.2026-08-16.xml,tsml_meeting,/meetings,final-route,"meeting/location URLs use the structured finder with filters, map pins, and directions"
https://na.org.za/blog/meetings/just-for-today-3a/,Green Point JFT (F2F),narcoticsanonymoussouthafricaregion.WordPress.2026-08-16.xml,tsml_meeting,/meetings,final-route,"meeting/location URLs use the structured finder with filters, map pins, and directions"
https://na.org.za/blog/meetings/just-for-today-5/,Green market square Express,narcoticsanonymoussouthafricaregion.WordPress.2026-08-16.xml,tsml_meeting,/meetings,final-route,"meeting/location URLs use the structured finder with filters, map pins, and directions"
https://na.org.za/blog/meetings/just-for-today-7/,Green market square Express,narcoticsanonymoussouthafricaregion.WordPress.2026-08-16.xml,tsml_meeting,/meetings,final-route,"meeting/location URLs use the structured finder with filters, map pins, and directions"
https://na.org.za/blog/meetings/just-for-today/,Green market square Express,narcoticsanonymoussouthafricaregion.WordPress.2026-08-16.xml,tsml_meeting,/meetings,final-route,"meeting/location URLs use the structured finder with filters, map pins, and directions"
https://na.org.za/blog/meetings/kagiso-friday-1700/,Kagiso - Friday - 16:30,narcoticsanonymoussouthafricaregion.WordPress.2026-08-16.xml,tsml_meeting,/meetings,final-route,"meeting/location URLs use the structured finder with filters, map pins, and directions"
https://na.org.za/blog/meetings/kalk-bay/,Kalk Bay Changing Tides,narcoticsanonymoussouthafricaregion.WordPress.2026-08-16.xml,tsml_meeting,/meetings,final-route,"meeting/location URLs use the structured finder with filters, map pins, and directions"
https://na.org.za/blog/meetings/kempton-park-monday-1830/,Kempton Park - Monday - 18:30,narcoticsanonymoussouthafricaregion.WordPress.2026-08-16.xml,tsml_meeting,/meetings,final-route,"meeting/location URLs use the structured finder with filters, map pins, and directions"
https://na.org.za/blog/meetings/kempton-park-thursday-1930-2-2/,Kempton Park - Thursday - 19:30,narcoticsanonymoussouthafricaregion.WordPress.2026-08-16.xml,tsml_meeting,/meetings,final-route,"meeting/location URLs use the structured finder with filters, map pins, and directions"
https://na.org.za/blog/meetings/kenilworth-3/,Saturday Night Live,narcoticsanonymoussouthafricaregion.WordPress.2026-08-16.xml,tsml_meeting,/meetings,final-route,"meeting/location URLs use the structured finder with filters, map pins, and directions"
https://na.org.za/blog/meetings/klerksdorp-friday-1000/,Klerksdorp - Friday - 10:00,narcoticsanonymoussouthafricaregion.WordPress.2026-08-16.xml,tsml_meeting,/meetings,final-route,"meeting/location URLs use the structured finder with filters, map pins, and directions"
https://na.org.za/blog/meetings/klerksdorp-monday-1000/,Klerksdorp - Monday - 10:00,narcoticsanonymoussouthafricaregion.WordPress.2026-08-16.xml,tsml_meeting,/meetings,final-route,"meeting/location URLs use the structured finder with filters, map pins, and directions"
https://na.org.za/blog/meetings/klerksdorp-thursday-1800/,Klerksdorp - Thursday - 18:00,narcoticsanonymoussouthafricaregion.WordPress.2026-08-16.xml,tsml_meeting,/meetings,final-route,"meeting/location URLs use the structured finder with filters, map pins, and directions"
https://na.org.za/blog/meetings/klerksdorp-wednesday-1000/,Klerksdorp - Wednesday - 10:00,narcoticsanonymoussouthafricaregion.WordPress.2026-08-16.xml,tsml_meeting,/meetings,final-route,"meeting/location URLs use the structured finder with filters, map pins, and directions"
https://na.org.za/blog/meetings/kloof-tuesday/,Kloof Tuesday,narcoticsanonymoussouthafricaregion.WordPress.2026-08-16.xml,tsml_meeting,/meetings,final-route,"meeting/location URLs use the structured finder with filters, map pins, and directions"
https://na.org.za/blog/meetings/knysna-wednesday-700-pm-2/,Knysna JFT (F2F),narcoticsanonymoussouthafricaregion.WordPress.2026-08-16.xml,tsml_meeting,/meetings,final-route,"meeting/location URLs use the structured finder with filters, map pins, and directions"
https://na.org.za/blog/meetings/knysna-wednesday-700-pm/,Knysna JFT (F2F),narcoticsanonymoussouthafricaregion.WordPress.2026-08-16.xml,tsml_meeting,/meetings,final-route,"meeting/location URLs use the structured finder with filters, map pins, and directions"
https://na.org.za/blog/meetings/krugersdorp-thursday-1900-2/,Krugersdorp - Thursday - 19:00,narcoticsanonymoussouthafricaregion.WordPress.2026-08-16.xml,tsml_meeting,/meetings,final-route,"meeting/location URLs use the structured finder with filters, map pins, and directions"
https://na.org.za/blog/meetings/krugersdorp-tuesday/,Krugersdorp - Tuesday - 19:00,narcoticsanonymoussouthafricaregion.WordPress.2026-08-16.xml,tsml_meeting,/meetings,final-route,"meeting/location URLs use the structured finder with filters, map pins, and directions"
https://na.org.za/blog/meetings/kuilsriver/,Kuilsriver Saturday,narcoticsanonymoussouthafricaregion.WordPress.2026-08-16.xml,tsml_meeting,/meetings,final-route,"meeting/location URLs use the structured finder with filters, map pins, and directions"
https://na.org.za/blog/meetings/kyalami-tuesday-2000-2/,Kyalami - Tuesday - 19:00,narcoticsanonymoussouthafricaregion.WordPress.2026-08-16.xml,tsml_meeting,/meetings,final-route,"meeting/location URLs use the structured finder with filters, map pins, and directions"
https://na.org.za/blog/meetings/kyalami-tuesday-2000-3/,Kyalami - Tuesday - 19:00,narcoticsanonymoussouthafricaregion.WordPress.2026-08-16.xml,tsml_meeting,/meetings,final-route,"meeting/location URLs use the structured finder with filters, map pins, and directions"
https://na.org.za/blog/meetings/lansdowne/,Lansdowne Searching and Fearless,narcoticsanonymoussouthafricaregion.WordPress.2026-08-16.xml,tsml_meeting,/meetings,final-route,"meeting/location URLs use the structured finder with filters, map pins, and directions"
https://na.org.za/blog/meetings/lenasia-south-fridays-1930/,Daxina - Friday - 19:30,narcoticsanonymoussouthafricaregion.WordPress.2026-08-16.xml,tsml_meeting,/meetings,final-route,"meeting/location URLs use the structured finder with filters, map pins, and directions"
https://na.org.za/blog/meetings/lenasia-south-wednesday-1900-3/,Lenasia South - Wednesday - 19:00,narcoticsanonymoussouthafricaregion.WordPress.2026-08-16.xml,tsml_meeting,/meetings,final-route,"meeting/location URLs use the structured finder with filters, map pins, and directions"
https://na.org.za/blog/meetings/lenasia-south-wednesday-1900/,Lenasia South - Wednesday - 19:00,narcoticsanonymoussouthafricaregion.WordPress.2026-08-16.xml,tsml_meeting,/meetings,final-route,"meeting/location URLs use the structured finder with filters, map pins, and directions"
https://na.org.za/blog/meetings/lenasia-wednesday-2000-2/,Lenasia - Monday- 20:00,narcoticsanonymoussouthafricaregion.WordPress.2026-08-16.xml,tsml_meeting,/meetings,final-route,"meeting/location URLs use the structured finder with filters, map pins, and directions"
https://na.org.za/blog/meetings/lgbt/,Wednesday Pride Meeting,narcoticsanonymoussouthafricaregion.WordPress.2026-08-16.xml,tsml_meeting,/meetings,final-route,"meeting/location URLs use the structured finder with filters, map pins, and directions"
https://na.org.za/blog/meetings/lgbtqia-monday-1900-online/,LGBTQIA - Monday - 19:00 - Online,narcoticsanonymoussouthafricaregion.WordPress.2026-08-16.xml,tsml_meeting,/meetings,final-route,"meeting/location URLs use the structured finder with filters, map pins, and directions"
https://na.org.za/blog/meetings/linden-friday-1930-2/,Linden - Friday - 19:30,narcoticsanonymoussouthafricaregion.WordPress.2026-08-16.xml,tsml_meeting,/meetings,final-route,"meeting/location URLs use the structured finder with filters, map pins, and directions"
https://na.org.za/blog/meetings/linden-friday-1930/,Linden - Friday - 19:30,narcoticsanonymoussouthafricaregion.WordPress.2026-08-16.xml,tsml_meeting,/meetings,final-route,"meeting/location URLs use the structured finder with filters, map pins, and directions"
https://na.org.za/blog/meetings/living-miracles/,"Living Miracles, Mosselbay",narcoticsanonymoussouthafricaregion.WordPress.2026-08-16.xml,tsml_meeting,/meetings,final-route,"meeting/location URLs use the structured finder with filters, map pins, and directions"
https://na.org.za/blog/meetings/living-queer-lit/,Living Queer Literature,narcoticsanonymoussouthafricaregion.WordPress.2026-08-16.xml,tsml_meeting,/meetings,final-route,"meeting/location URLs use the structured finder with filters, map pins, and directions"
https://na.org.za/blog/meetings/living-queer/,Living Queer,narcoticsanonymoussouthafricaregion.WordPress.2026-08-16.xml,tsml_meeting,/meetings,final-route,"meeting/location URLs use the structured finder with filters, map pins, and directions"
https://na.org.za/blog/meetings/lotus-river-every-step-counts/,Lotus River Every Step Counts,narcoticsanonymoussouthafricaregion.WordPress.2026-08-16.xml,tsml_meeting,/meetings,final-route,"meeting/location URLs use the structured finder with filters, map pins, and directions"
https://na.org.za/blog/meetings/mamelodi-west-open2/,Friday Mamelodi West,narcoticsanonymoussouthafricaregion.WordPress.2026-08-16.xml,tsml_meeting,/meetings,final-route,"meeting/location URLs use the structured finder with filters, map pins, and directions"
https://na.org.za/blog/meetings/mamelodi/,Mamelodi Meeting,narcoticsanonymoussouthafricaregion.WordPress.2026-08-16.xml,tsml_meeting,/meetings,final-route,"meeting/location URLs use the structured finder with filters, map pins, and directions"
https://na.org.za/blog/meetings/manenberg-new-hope-meeting/,Manenberg New Hope Meeting,narcoticsanonymoussouthafricaregion.WordPress.2026-08-16.xml,tsml_meeting,/meetings,final-route,"meeting/location URLs use the structured finder with filters, map pins, and directions"
https://na.org.za/blog/meetings/mapetla-tuesdays-1800-2/,Mapetla - Tuesday - 18:00,narcoticsanonymoussouthafricaregion.WordPress.2026-08-16.xml,tsml_meeting,/meetings,final-route,"meeting/location URLs use the structured finder with filters, map pins, and directions"
https://na.org.za/blog/meetings/mapetla-tuesdays-1800/,Mapetla - Tuesday - 18:00,narcoticsanonymoussouthafricaregion.WordPress.2026-08-16.xml,tsml_meeting,/meetings,final-route,"meeting/location URLs use the structured finder with filters, map pins, and directions"
https://na.org.za/blog/meetings/margate-thursday/,Margate Thursday,narcoticsanonymoussouthafricaregion.WordPress.2026-08-16.xml,tsml_meeting,/meetings,final-route,"meeting/location URLs use the structured finder with filters, map pins, and directions"
https://na.org.za/blog/meetings/mens-meeting/,Men's Meeting,narcoticsanonymoussouthafricaregion.WordPress.2026-08-16.xml,tsml_meeting,/meetings,final-route,"meeting/location URLs use the structured finder with filters, map pins, and directions"
https://na.org.za/blog/meetings/merebank-sunday/,Merebank Sunday,narcoticsanonymoussouthafricaregion.WordPress.2026-08-16.xml,tsml_meeting,/meetings,final-route,"meeting/location URLs use the structured finder with filters, map pins, and directions"
https://na.org.za/blog/meetings/midnight-meeting/,Saturday Night Owl-12 past 11,narcoticsanonymoussouthafricaregion.WordPress.2026-08-16.xml,tsml_meeting,/meetings,final-route,"meeting/location URLs use the structured finder with filters, map pins, and directions"
https://na.org.za/blog/meetings/midrand-thursday-1930-2/,Midrand - Thursday - 19:30,narcoticsanonymoussouthafricaregion.WordPress.2026-08-16.xml,tsml_meeting,/meetings,final-route,"meeting/location URLs use the structured finder with filters, map pins, and directions"
https://na.org.za/blog/meetings/miracles-milestones/,Miracles and Milestones,narcoticsanonymoussouthafricaregion.WordPress.2026-08-16.xml,tsml_meeting,/meetings,final-route,"meeting/location URLs use the structured finder with filters, map pins, and directions"
https://na.org.za/blog/meetings/mitchells-plain-from-the-streets-to-the-seats/,Mitchell's Plain From The Streets to The Seats,narcoticsanonymoussouthafricaregion.WordPress.2026-08-16.xml,tsml_meeting,/meetings,final-route,"meeting/location URLs use the structured finder with filters, map pins, and directions"
https://na.org.za/blog/meetings/mitchells-plain-grow-and-change-group/,Wednesday Grow and Change,narcoticsanonymoussouthafricaregion.WordPress.2026-08-16.xml,tsml_meeting,/meetings,final-route,"meeting/location URLs use the structured finder with filters, map pins, and directions"
https://na.org.za/blog/meetings/mitchells-plain/,One Addict Helping Another,narcoticsanonymoussouthafricaregion.WordPress.2026-08-16.xml,tsml_meeting,/meetings,final-route,"meeting/location URLs use the structured finder with filters, map pins, and directions"
https://na.org.za/blog/meetings/mitchells_plein/,I Can't We Can - Mitchells Plain,narcoticsanonymoussouthafricaregion.WordPress.2026-08-16.xml,tsml_meeting,/meetings,final-route,"meeting/location URLs use the structured finder with filters, map pins, and directions"
https://na.org.za/blog/meetings/monday-rietvlei-meeting-open/,Monday Rietvlei Meeting,narcoticsanonymoussouthafricaregion.WordPress.2026-08-16.xml,tsml_meeting,/meetings,final-route,"meeting/location URLs use the structured finder with filters, map pins, and directions"
https://na.org.za/blog/meetings/monday-rustenburg-meeting-open/,Monday Rustenburg Meeting,narcoticsanonymoussouthafricaregion.WordPress.2026-08-16.xml,tsml_meeting,/meetings,final-route,"meeting/location URLs use the structured finder with filters, map pins, and directions"
https://na.org.za/blog/meetings/monday-second-chance-meeting/,Monday Second Chance Meeting,narcoticsanonymoussouthafricaregion.WordPress.2026-08-16.xml,tsml_meeting,/meetings,final-route,"meeting/location URLs use the structured finder with filters, map pins, and directions"
https://na.org.za/blog/meetings/mossel-bay/,Mosselbay,narcoticsanonymoussouthafricaregion.WordPress.2026-08-16.xml,tsml_meeting,/meetings,final-route,"meeting/location URLs use the structured finder with filters, map pins, and directions"
https://na.org.za/blog/meetings/muizenberg/,Friday Muizenberg,narcoticsanonymoussouthafricaregion.WordPress.2026-08-16.xml,tsml_meeting,/meetings,final-route,"meeting/location URLs use the structured finder with filters, map pins, and directions"
https://na.org.za/blog/meetings/musgrave-friday/,Musgrave Friday,narcoticsanonymoussouthafricaregion.WordPress.2026-08-16.xml,tsml_meeting,/meetings,final-route,"meeting/location URLs use the structured finder with filters, map pins, and directions"
https://na.org.za/blog/meetings/na-edgemead-narcotics-anonymous-cape-town-keep-it-simple-na-thursday-na-meeting-na-support-group-western-cape-na-speaker-meeting-edgemead/,Edgemead Thursday Night Meeting,narcoticsanonymoussouthafricaregion.WordPress.2026-08-16.xml,tsml_meeting,/meetings,final-route,"meeting/location URLs use the structured finder with filters, map pins, and directions"
https://na.org.za/blog/meetings/na-hermanus/,NA Hermanus,narcoticsanonymoussouthafricaregion.WordPress.2026-08-16.xml,tsml_meeting,/meetings,final-route,"meeting/location URLs use the structured finder with filters, map pins, and directions"
https://na.org.za/blog/meetings/naledi-wednesday-1130/,Naledi - Wednesday - 11:30,narcoticsanonymoussouthafricaregion.WordPress.2026-08-16.xml,tsml_meeting,/meetings,final-route,"meeting/location URLs use the structured finder with filters, map pins, and directions"
https://na.org.za/blog/meetings/narcotics-annonymous-fochville/,Fochville - Tuesday - 18:00,narcoticsanonymoussouthafricaregion.WordPress.2026-08-16.xml,tsml_meeting,/meetings,final-route,"meeting/location URLs use the structured finder with filters, map pins, and directions"
https://na.org.za/blog/meetings/narcotics-anonymous-lenz-ext-10/,Lenasia Ext.10 - Wednesday - 19:30,narcoticsanonymoussouthafricaregion.WordPress.2026-08-16.xml,tsml_meeting,/meetings,final-route,"meeting/location URLs use the structured finder with filters, map pins, and directions"
https://na.org.za/blog/meetings/new-meeting-thursday-700-pm/,Thursday Bonfire,narcoticsanonymoussouthafricaregion.WordPress.2026-08-16.xml,tsml_meeting,/meetings,final-route,"meeting/location URLs use the structured finder with filters, map pins, and directions"
https://na.org.za/blog/meetings/newclare-tuesday-1930/,Newclare – Tuesday – 19:30 - Temp Closed,narcoticsanonymoussouthafricaregion.WordPress.2026-08-16.xml,tsml_meeting,/meetings,final-route,"meeting/location URLs use the structured finder with filters, map pins, and directions"
https://na.org.za/blog/meetings/newlands-east-monday/,Newlands East Monday,narcoticsanonymoussouthafricaregion.WordPress.2026-08-16.xml,tsml_meeting,/meetings,final-route,"meeting/location URLs use the structured finder with filters, map pins, and directions"
https://na.org.za/blog/meetings/newlands-west-thursday/,Newlands West Thursday,narcoticsanonymoussouthafricaregion.WordPress.2026-08-16.xml,tsml_meeting,/meetings,final-route,"meeting/location URLs use the structured finder with filters, map pins, and directions"
https://na.org.za/blog/meetings/noordgesig-wednesday-1800-2/,Noordgesig - Wednesday - 18:00,narcoticsanonymoussouthafricaregion.WordPress.2026-08-16.xml,tsml_meeting,/meetings,final-route,"meeting/location URLs use the structured finder with filters, map pins, and directions"
https://na.org.za/blog/meetings/noordhoek-new-way-of-life-2/,Noordhoek - New Way of Life,narcoticsanonymoussouthafricaregion.WordPress.2026-08-16.xml,tsml_meeting,/meetings,final-route,"meeting/location URLs use the structured finder with filters, map pins, and directions"
https://na.org.za/blog/meetings/norscort-wednesday-1900-2/,Norscort - Wednesday - 19:00,narcoticsanonymoussouthafricaregion.WordPress.2026-08-16.xml,tsml_meeting,/meetings,final-route,"meeting/location URLs use the structured finder with filters, map pins, and directions"
https://na.org.za/blog/meetings/norscot-monday-1930/,Norscot - Monday - 19:30,narcoticsanonymoussouthafricaregion.WordPress.2026-08-16.xml,tsml_meeting,/meetings,final-route,"meeting/location URLs use the structured finder with filters, map pins, and directions"
https://na.org.za/blog/meetings/northcliff-lgbtq-thursday-2/,Northcliff - Thursday - 19:30 (LGBTQ),narcoticsanonymoussouthafricaregion.WordPress.2026-08-16.xml,tsml_meeting,/meetings,final-route,"meeting/location URLs use the structured finder with filters, map pins, and directions"
https://na.org.za/blog/meetings/northcliff-wednesday-1930/,Northcliff - Wednesday - 19:30,narcoticsanonymoussouthafricaregion.WordPress.2026-08-16.xml,tsml_meeting,/meetings,final-route,"meeting/location URLs use the structured finder with filters, map pins, and directions"
https://na.org.za/blog/meetings/observatory-2/,Saturday Observatory,narcoticsanonymoussouthafricaregion.WordPress.2026-08-16.xml,tsml_meeting,/meetings,final-route,"meeting/location URLs use the structured finder with filters, map pins, and directions"
https://na.org.za/blog/meetings/observatory-express/,Observatory (Observatory Express),narcoticsanonymoussouthafricaregion.WordPress.2026-08-16.xml,tsml_meeting,/meetings,final-route,"meeting/location URLs use the structured finder with filters, map pins, and directions"
https://na.org.za/blog/meetings/observatory/,No Matter What,narcoticsanonymoussouthafricaregion.WordPress.2026-08-16.xml,tsml_meeting,/meetings,final-route,"meeting/location URLs use the structured finder with filters, map pins, and directions"
https://na.org.za/blog/meetings/on-course-recovery-thursday-1830/,Glenvista - Thursday - 19:15,narcoticsanonymoussouthafricaregion.WordPress.2026-08-16.xml,tsml_meeting,/meetings,final-route,"meeting/location URLs use the structured finder with filters, map pins, and directions"
https://na.org.za/blog/meetings/on-course-recovery-thursday-1915/,Glenvista - Thursday - 19:15,narcoticsanonymoussouthafricaregion.WordPress.2026-08-16.xml,tsml_meeting,/meetings,final-route,"meeting/location URLs use the structured finder with filters, map pins, and directions"
https://na.org.za/blog/meetings/open-meeting/,Laudium Serenity Group Meeting,narcoticsanonymoussouthafricaregion.WordPress.2026-08-16.xml,tsml_meeting,/meetings,final-route,"meeting/location URLs use the structured finder with filters, map pins, and directions"
https://na.org.za/blog/meetings/orange-farm-monday-1600/,Orange Farm - Wednesday - 14:00,narcoticsanonymoussouthafricaregion.WordPress.2026-08-16.xml,tsml_meeting,/meetings,final-route,"meeting/location URLs use the structured finder with filters, map pins, and directions"
https://na.org.za/blog/meetings/outreach-12-past-midnight-meeting-2/,Outreach - Saturday - 00:00 - Online,narcoticsanonymoussouthafricaregion.WordPress.2026-08-16.xml,tsml_meeting,/meetings,final-route,"meeting/location URLs use the structured finder with filters, map pins, and directions"
https://na.org.za/blog/meetings/overport-sunday/,Morningside Sunday,narcoticsanonymoussouthafricaregion.WordPress.2026-08-16.xml,tsml_meeting,/meetings,final-route,"meeting/location URLs use the structured finder with filters, map pins, and directions"
https://na.org.za/blog/meetings/paarl/,Paarl Thursday,narcoticsanonymoussouthafricaregion.WordPress.2026-08-16.xml,tsml_meeting,/meetings,final-route,"meeting/location URLs use the structured finder with filters, map pins, and directions"
https://na.org.za/blog/meetings/page-by-page/,Page by Page Online,narcoticsanonymoussouthafricaregion.WordPress.2026-08-16.xml,tsml_meeting,/meetings,final-route,"meeting/location URLs use the structured finder with filters, map pins, and directions"
https://na.org.za/blog/meetings/park-rynie-sunday/,Park Rynie Sunday,narcoticsanonymoussouthafricaregion.WordPress.2026-08-16.xml,tsml_meeting,/meetings,final-route,"meeting/location URLs use the structured finder with filters, map pins, and directions"
https://na.org.za/blog/meetings/parkhurst-sunday-1800-2/,Parkhurst - Sunday - 18:00,narcoticsanonymoussouthafricaregion.WordPress.2026-08-16.xml,tsml_meeting,/meetings,final-route,"meeting/location URLs use the structured finder with filters, map pins, and directions"
https://na.org.za/blog/meetings/parkhurst-wednesday-1500-3/,Parkhurst - Sunday - 15:00,narcoticsanonymoussouthafricaregion.WordPress.2026-08-16.xml,tsml_meeting,/meetings,final-route,"meeting/location URLs use the structured finder with filters, map pins, and directions"
https://na.org.za/blog/meetings/parkhurst-wednesday-1930/,Parkhurst - Wednesday - 19:30,narcoticsanonymoussouthafricaregion.WordPress.2026-08-16.xml,tsml_meeting,/meetings,final-route,"meeting/location URLs use the structured finder with filters, map pins, and directions"
https://na.org.za/blog/meetings/pennington-tuesday/,Pennington Tuesday,narcoticsanonymoussouthafricaregion.WordPress.2026-08-16.xml,tsml_meeting,/meetings,final-route,"meeting/location URLs use the structured finder with filters, map pins, and directions"
https://na.org.za/blog/meetings/phefeni-miracles/,Phefeni Soweto - Monday - 18:00,narcoticsanonymoussouthafricaregion.WordPress.2026-08-16.xml,tsml_meeting,/meetings,final-route,"meeting/location URLs use the structured finder with filters, map pins, and directions"
https://na.org.za/blog/meetings/phiri-primary-purpose-monday-1800/,Senaone Soweto - Saturday - 17:30,narcoticsanonymoussouthafricaregion.WordPress.2026-08-16.xml,tsml_meeting,/meetings,final-route,"meeting/location URLs use the structured finder with filters, map pins, and directions"
https://na.org.za/blog/meetings/phoenix-friday/,Phoenix Friday,narcoticsanonymoussouthafricaregion.WordPress.2026-08-16.xml,tsml_meeting,/meetings,final-route,"meeting/location URLs use the structured finder with filters, map pins, and directions"
https://na.org.za/blog/meetings/phoenix-monday/,Phoenix Monday,narcoticsanonymoussouthafricaregion.WordPress.2026-08-16.xml,tsml_meeting,/meetings,final-route,"meeting/location URLs use the structured finder with filters, map pins, and directions"
https://na.org.za/blog/meetings/phoenix-saturday/,Phoenix Saturday,narcoticsanonymoussouthafricaregion.WordPress.2026-08-16.xml,tsml_meeting,/meetings,final-route,"meeting/location URLs use the structured finder with filters, map pins, and directions"
https://na.org.za/blog/meetings/phoenix-sunday/,Phoenix Sunday,narcoticsanonymoussouthafricaregion.WordPress.2026-08-16.xml,tsml_meeting,/meetings,final-route,"meeting/location URLs use the structured finder with filters, map pins, and directions"
https://na.org.za/blog/meetings/phoenix-thursday/,Phoenix Thursday,narcoticsanonymoussouthafricaregion.WordPress.2026-08-16.xml,tsml_meeting,/meetings,final-route,"meeting/location URLs use the structured finder with filters, map pins, and directions"
https://na.org.za/blog/meetings/phoenix-tuesday/,Phoenix Tuesday,narcoticsanonymoussouthafricaregion.WordPress.2026-08-16.xml,tsml_meeting,/meetings,final-route,"meeting/location URLs use the structured finder with filters, map pins, and directions"
https://na.org.za/blog/meetings/pinetown-saturday/,Pinetown Saturday,narcoticsanonymoussouthafricaregion.WordPress.2026-08-16.xml,tsml_meeting,/meetings,final-route,"meeting/location URLs use the structured finder with filters, map pins, and directions"
https://na.org.za/blog/meetings/pink-cloud-2/,Pink Cloud,narcoticsanonymoussouthafricaregion.WordPress.2026-08-16.xml,tsml_meeting,/meetings,final-route,"meeting/location URLs use the structured finder with filters, map pins, and directions"
https://na.org.za/blog/meetings/plettenberg-bay-2/,Plettenberg Bay (Share / Topic Meeting),narcoticsanonymoussouthafricaregion.WordPress.2026-08-16.xml,tsml_meeting,/meetings,final-route,"meeting/location URLs use the structured finder with filters, map pins, and directions"
https://na.org.za/blog/meetings/plettenberg-bay/,Plettenberg Bay (Share / Topic Meeting) Sunday,narcoticsanonymoussouthafricaregion.WordPress.2026-08-16.xml,tsml_meeting,/meetings,final-route,"meeting/location URLs use the structured finder with filters, map pins, and directions"
https://na.org.za/blog/meetings/plumstead-strength-and-unity/,Plumstead Strength and Unity,narcoticsanonymoussouthafricaregion.WordPress.2026-08-16.xml,tsml_meeting,/meetings,final-route,"meeting/location URLs use the structured finder with filters, map pins, and directions"
https://na.org.za/blog/meetings/pmb-friday/,PMB Northdale Thursday,narcoticsanonymoussouthafricaregion.WordPress.2026-08-16.xml,tsml_meeting,/meetings,final-route,"meeting/location URLs use the structured finder with filters, map pins, and directions"
https://na.org.za/blog/meetings/pmb-midlands-friday/,PMB Midlands Friday,narcoticsanonymoussouthafricaregion.WordPress.2026-08-16.xml,tsml_meeting,/meetings,final-route,"meeting/location URLs use the structured finder with filters, map pins, and directions"
https://na.org.za/blog/meetings/pmb-saturday/,NA PMB Group Saturday,narcoticsanonymoussouthafricaregion.WordPress.2026-08-16.xml,tsml_meeting,/meetings,final-route,"meeting/location URLs use the structured finder with filters, map pins, and directions"
https://na.org.za/blog/meetings/pmb-tuesday/,PMB Midlands Tuesday,narcoticsanonymoussouthafricaregion.WordPress.2026-08-16.xml,tsml_meeting,/meetings,final-route,"meeting/location URLs use the structured finder with filters, map pins, and directions"
https://na.org.za/blog/meetings/pmb-wednesday/,NA PMB Group Wednesday,narcoticsanonymoussouthafricaregion.WordPress.2026-08-16.xml,tsml_meeting,/meetings,final-route,"meeting/location URLs use the structured finder with filters, map pins, and directions"
https://na.org.za/blog/meetings/protea-glen-tuesday-1200/,Protea Glen - Tuesday - 12:00,narcoticsanonymoussouthafricaregion.WordPress.2026-08-16.xml,tsml_meeting,/meetings,final-route,"meeting/location URLs use the structured finder with filters, map pins, and directions"
https://na.org.za/blog/meetings/proteapark-wednesday-meeting-open/,Proteapark Wednesday Meeting,narcoticsanonymoussouthafricaregion.WordPress.2026-08-16.xml,tsml_meeting,/meetings,final-route,"meeting/location URLs use the structured finder with filters, map pins, and directions"
https://na.org.za/blog/meetings/randburg-tuesday-1930/,Randburg - Tuesday - 19:30,narcoticsanonymoussouthafricaregion.WordPress.2026-08-16.xml,tsml_meeting,/meetings,final-route,"meeting/location URLs use the structured finder with filters, map pins, and directions"
https://na.org.za/blog/meetings/randfontein-saturday-0900-2/,Randfontein - Saturday - 09:00,narcoticsanonymoussouthafricaregion.WordPress.2026-08-16.xml,tsml_meeting,/meetings,final-route,"meeting/location URLs use the structured finder with filters, map pins, and directions"
https://na.org.za/blog/meetings/redhill-friday/,Redhill Saturday,narcoticsanonymoussouthafricaregion.WordPress.2026-08-16.xml,tsml_meeting,/meetings,final-route,"meeting/location URLs use the structured finder with filters, map pins, and directions"
https://na.org.za/blog/meetings/redhill-tuesday/,Redhill Tuesday,narcoticsanonymoussouthafricaregion.WordPress.2026-08-16.xml,tsml_meeting,/meetings,final-route,"meeting/location URLs use the structured finder with filters, map pins, and directions"
https://na.org.za/blog/meetings/retreat/,Retreat Coming Home,narcoticsanonymoussouthafricaregion.WordPress.2026-08-16.xml,tsml_meeting,/meetings,final-route,"meeting/location URLs use the structured finder with filters, map pins, and directions"
https://na.org.za/blog/meetings/richards-bay-thursday/,Richards Bay Thursday,narcoticsanonymoussouthafricaregion.WordPress.2026-08-16.xml,tsml_meeting,/meetings,final-route,"meeting/location URLs use the structured finder with filters, map pins, and directions"
https://na.org.za/blog/meetings/riverlea-thursday-1830-2/,Riverlea - Thursday - 18:30,narcoticsanonymoussouthafricaregion.WordPress.2026-08-16.xml,tsml_meeting,/meetings,final-route,"meeting/location URLs use the structured finder with filters, map pins, and directions"
https://na.org.za/blog/meetings/rosebank-monday-2/,Rosebank - Monday - 19:30,narcoticsanonymoussouthafricaregion.WordPress.2026-08-16.xml,tsml_meeting,/meetings,final-route,"meeting/location URLs use the structured finder with filters, map pins, and directions"
https://na.org.za/blog/meetings/rosettenville-na-2/,Rosettenville - Monday - 19:30 - Online,narcoticsanonymoussouthafricaregion.WordPress.2026-08-16.xml,tsml_meeting,/meetings,final-route,"meeting/location URLs use the structured finder with filters, map pins, and directions"
https://na.org.za/blog/meetings/salt-rock-wednesday/,Salt Rock Wednesday,narcoticsanonymoussouthafricaregion.WordPress.2026-08-16.xml,tsml_meeting,/meetings,final-route,"meeting/location URLs use the structured finder with filters, map pins, and directions"
https://na.org.za/blog/meetings/scottburgh-friday/,Scottburgh Friday,narcoticsanonymoussouthafricaregion.WordPress.2026-08-16.xml,tsml_meeting,/meetings,final-route,"meeting/location URLs use the structured finder with filters, map pins, and directions"
https://na.org.za/blog/meetings/scottburgh-saturday/,Scottburgh Saturday,narcoticsanonymoussouthafricaregion.WordPress.2026-08-16.xml,tsml_meeting,/meetings,final-route,"meeting/location URLs use the structured finder with filters, map pins, and directions"
https://na.org.za/blog/meetings/scottsville-saturday-online/,Scottsville Saturday Online,narcoticsanonymoussouthafricaregion.WordPress.2026-08-16.xml,tsml_meeting,/meetings,final-route,"meeting/location URLs use the structured finder with filters, map pins, and directions"
https://na.org.za/blog/meetings/seapointlivingclean/,Sea Point Living Clean,narcoticsanonymoussouthafricaregion.WordPress.2026-08-16.xml,tsml_meeting,/meetings,final-route,"meeting/location URLs use the structured finder with filters, map pins, and directions"
https://na.org.za/blog/meetings/secunda-recovery-group-wednesday-1900/,Secunda Recovery Group - Wednesday - 19:00,narcoticsanonymoussouthafricaregion.WordPress.2026-08-16.xml,tsml_meeting,/meetings,final-route,"meeting/location URLs use the structured finder with filters, map pins, and directions"
https://na.org.za/blog/meetings/senaoane-sunday-1630-2/,Senaone Soweto - Sunday - 16:30,narcoticsanonymoussouthafricaregion.WordPress.2026-08-16.xml,tsml_meeting,/meetings,final-route,"meeting/location URLs use the structured finder with filters, map pins, and directions"
https://na.org.za/blog/meetings/senaone-soweto-monday-1800/,Senaone Soweto - Monday - 18:00,narcoticsanonymoussouthafricaregion.WordPress.2026-08-16.xml,tsml_meeting,/meetings,final-route,"meeting/location URLs use the structured finder with filters, map pins, and directions"
https://na.org.za/blog/meetings/serenitysunrise-2/,Serenity@Sunrise,narcoticsanonymoussouthafricaregion.WordPress.2026-08-16.xml,tsml_meeting,/meetings,final-route,"meeting/location URLs use the structured finder with filters, map pins, and directions"
https://na.org.za/blog/meetings/serenitysunrise-3/,Serenity@Sunrise,narcoticsanonymoussouthafricaregion.WordPress.2026-08-16.xml,tsml_meeting,/meetings,final-route,"meeting/location URLs use the structured finder with filters, map pins, and directions"
https://na.org.za/blog/meetings/serenitysunrise-4/,Serenity@Sunrise,narcoticsanonymoussouthafricaregion.WordPress.2026-08-16.xml,tsml_meeting,/meetings,final-route,"meeting/location URLs use the structured finder with filters, map pins, and directions"
https://na.org.za/blog/meetings/serenitysunrise-5/,Serenity@Sunrise,narcoticsanonymoussouthafricaregion.WordPress.2026-08-16.xml,tsml_meeting,/meetings,final-route,"meeting/location URLs use the structured finder with filters, map pins, and directions"
https://na.org.za/blog/meetings/serenitysunrise-6/,Serenity@Sunrise,narcoticsanonymoussouthafricaregion.WordPress.2026-08-16.xml,tsml_meeting,/meetings,final-route,"meeting/location URLs use the structured finder with filters, map pins, and directions"
https://na.org.za/blog/meetings/serenitysunrise/,Serenity@Sunrise,narcoticsanonymoussouthafricaregion.WordPress.2026-08-16.xml,tsml_meeting,/meetings,final-route,"meeting/location URLs use the structured finder with filters, map pins, and directions"
https://na.org.za/blog/meetings/serenitysunrise1/,Serenity@Sunrise,narcoticsanonymoussouthafricaregion.WordPress.2026-08-16.xml,tsml_meeting,/meetings,final-route,"meeting/location URLs use the structured finder with filters, map pins, and directions"
https://na.org.za/blog/meetings/snake-park-friday-1200-2/,Snake Park – Friday – 12:00,narcoticsanonymoussouthafricaregion.WordPress.2026-08-16.xml,tsml_meeting,/meetings,final-route,"meeting/location URLs use the structured finder with filters, map pins, and directions"
https://na.org.za/blog/meetings/snake-park-wednesday-1200/,Snake Park – Wednesday – 12:00,narcoticsanonymoussouthafricaregion.WordPress.2026-08-16.xml,tsml_meeting,/meetings,final-route,"meeting/location URLs use the structured finder with filters, map pins, and directions"
https://na.org.za/blog/meetings/somerset-west/,Somerset West,narcoticsanonymoussouthafricaregion.WordPress.2026-08-16.xml,tsml_meeting,/meetings,final-route,"meeting/location URLs use the structured finder with filters, map pins, and directions"
https://na.org.za/blog/meetings/soshanguve-meeting-sunday-open/,Soshanguve Meeting - Sunday,narcoticsanonymoussouthafricaregion.WordPress.2026-08-16.xml,tsml_meeting,/meetings,final-route,"meeting/location URLs use the structured finder with filters, map pins, and directions"
https://na.org.za/blog/meetings/soshanguve-meeting-wednesday-open/,Soshanguve Meeting - Wednesday,narcoticsanonymoussouthafricaregion.WordPress.2026-08-16.xml,tsml_meeting,/meetings,final-route,"meeting/location URLs use the structured finder with filters, map pins, and directions"
https://na.org.za/blog/meetings/southfield/,Carrying the Message,narcoticsanonymoussouthafricaregion.WordPress.2026-08-16.xml,tsml_meeting,/meetings,final-route,"meeting/location URLs use the structured finder with filters, map pins, and directions"
https://na.org.za/blog/meetings/soweto-dube-fridays-1830-3-2/,Soweto Dube - Friday - 18:00,narcoticsanonymoussouthafricaregion.WordPress.2026-08-16.xml,tsml_meeting,/meetings,final-route,"meeting/location URLs use the structured finder with filters, map pins, and directions"
https://na.org.za/blog/meetings/soweto-friday-1600/,Soweto - Friday - 16:00,narcoticsanonymoussouthafricaregion.WordPress.2026-08-16.xml,tsml_meeting,/meetings,final-route,"meeting/location URLs use the structured finder with filters, map pins, and directions"
https://na.org.za/blog/meetings/soweto-pimville-wednesday-1830-2/,Pimville - Wednesday - 18:00,narcoticsanonymoussouthafricaregion.WordPress.2026-08-16.xml,tsml_meeting,/meetings,final-route,"meeting/location URLs use the structured finder with filters, map pins, and directions"
https://na.org.za/blog/meetings/soweto-pimville-wednesday-1830/,Pimville - Wednesday - 18:00,narcoticsanonymoussouthafricaregion.WordPress.2026-08-16.xml,tsml_meeting,/meetings,final-route,"meeting/location URLs use the structured finder with filters, map pins, and directions"
https://na.org.za/blog/meetings/soweto-saturday-0900-2/,Soweto - Saturday - 09:00,narcoticsanonymoussouthafricaregion.WordPress.2026-08-16.xml,tsml_meeting,/meetings,final-route,"meeting/location URLs use the structured finder with filters, map pins, and directions"
https://na.org.za/blog/meetings/soweto-thursday-1600-2/,Bram Fischerville - Thursday - 16:00,narcoticsanonymoussouthafricaregion.WordPress.2026-08-16.xml,tsml_meeting,/meetings,final-route,"meeting/location URLs use the structured finder with filters, map pins, and directions"
https://na.org.za/blog/meetings/soweto-tuesday-1600/,Bram Fischerville - Tuesday - 16:00,narcoticsanonymoussouthafricaregion.WordPress.2026-08-16.xml,tsml_meeting,/meetings,final-route,"meeting/location URLs use the structured finder with filters, map pins, and directions"
https://na.org.za/blog/meetings/speaker-meeting/,Saturday Hillcrest Meeting (Afternoon),narcoticsanonymoussouthafricaregion.WordPress.2026-08-16.xml,tsml_meeting,/meetings,final-route,"meeting/location URLs use the structured finder with filters, map pins, and directions"
https://na.org.za/blog/meetings/speaker/,Friday Lyttleton,narcoticsanonymoussouthafricaregion.WordPress.2026-08-16.xml,tsml_meeting,/meetings,final-route,"meeting/location URLs use the structured finder with filters, map pins, and directions"
https://na.org.za/blog/meetings/spiritual-principles-2/,Spiritual Principles,narcoticsanonymoussouthafricaregion.WordPress.2026-08-16.xml,tsml_meeting,/meetings,final-route,"meeting/location URLs use the structured finder with filters, map pins, and directions"
https://na.org.za/blog/meetings/spiritual-principles-3/,Spiritual Principles,narcoticsanonymoussouthafricaregion.WordPress.2026-08-16.xml,tsml_meeting,/meetings,final-route,"meeting/location URLs use the structured finder with filters, map pins, and directions"
https://na.org.za/blog/meetings/spiritual-principles-4/,Spiritual Principles,narcoticsanonymoussouthafricaregion.WordPress.2026-08-16.xml,tsml_meeting,/meetings,final-route,"meeting/location URLs use the structured finder with filters, map pins, and directions"
https://na.org.za/blog/meetings/spiritual-principles-5/,Spiritual Principles,narcoticsanonymoussouthafricaregion.WordPress.2026-08-16.xml,tsml_meeting,/meetings,final-route,"meeting/location URLs use the structured finder with filters, map pins, and directions"
https://na.org.za/blog/meetings/spiritual-principles-6/,Spiritual Principles,narcoticsanonymoussouthafricaregion.WordPress.2026-08-16.xml,tsml_meeting,/meetings,final-route,"meeting/location URLs use the structured finder with filters, map pins, and directions"
https://na.org.za/blog/meetings/spiritual-principles-7/,Spiritual Principles,narcoticsanonymoussouthafricaregion.WordPress.2026-08-16.xml,tsml_meeting,/meetings,final-route,"meeting/location URLs use the structured finder with filters, map pins, and directions"
https://na.org.za/blog/meetings/spiritual-principles/,Monday Garsfontein Meeting,narcoticsanonymoussouthafricaregion.WordPress.2026-08-16.xml,tsml_meeting,/meetings,final-route,"meeting/location URLs use the structured finder with filters, map pins, and directions"
https://na.org.za/blog/meetings/st-josephs-church-friday-500-pm/,Friday Kommetjie - Kom Recover,narcoticsanonymoussouthafricaregion.WordPress.2026-08-16.xml,tsml_meeting,/meetings,final-route,"meeting/location URLs use the structured finder with filters, map pins, and directions"
https://na.org.za/blog/meetings/stellenbosch/,Stellenbosch,narcoticsanonymoussouthafricaregion.WordPress.2026-08-16.xml,tsml_meeting,/meetings,final-route,"meeting/location URLs use the structured finder with filters, map pins, and directions"
https://na.org.za/blog/meetings/step-up-newcomer-group/,Tuesday Hillcrest Meeting,narcoticsanonymoussouthafricaregion.WordPress.2026-08-16.xml,tsml_meeting,/meetings,final-route,"meeting/location URLs use the structured finder with filters, map pins, and directions"
https://na.org.za/blog/meetings/sunday-serenity/,Sunday Serenity,narcoticsanonymoussouthafricaregion.WordPress.2026-08-16.xml,tsml_meeting,/meetings,final-route,"meeting/location URLs use the structured finder with filters, map pins, and directions"
https://na.org.za/blog/meetings/sunninghill-sunday-sundowner-3/,Sunninghill - Sunday - 15:30,narcoticsanonymoussouthafricaregion.WordPress.2026-08-16.xml,tsml_meeting,/meetings,final-route,"meeting/location URLs use the structured finder with filters, map pins, and directions"
https://na.org.za/blog/meetings/surrender-to-monday/,Blouberg - Surrender to Monday,narcoticsanonymoussouthafricaregion.WordPress.2026-08-16.xml,tsml_meeting,/meetings,final-route,"meeting/location URLs use the structured finder with filters, map pins, and directions"
https://na.org.za/blog/meetings/sydenham-friday/,Sydenham Friday,narcoticsanonymoussouthafricaregion.WordPress.2026-08-16.xml,tsml_meeting,/meetings,final-route,"meeting/location URLs use the structured finder with filters, map pins, and directions"
https://na.org.za/blog/meetings/sydenham-meeting-2/,Sydenham - Sunday - 09:00,narcoticsanonymoussouthafricaregion.WordPress.2026-08-16.xml,tsml_meeting,/meetings,final-route,"meeting/location URLs use the structured finder with filters, map pins, and directions"
https://na.org.za/blog/meetings/sydenham-meeting-3/,Sydenham - Sunday - 09:00,narcoticsanonymoussouthafricaregion.WordPress.2026-08-16.xml,tsml_meeting,/meetings,final-route,"meeting/location URLs use the structured finder with filters, map pins, and directions"
https://na.org.za/blog/meetings/sydenham-saturday/,Sydenham Men's Meeting,narcoticsanonymoussouthafricaregion.WordPress.2026-08-16.xml,tsml_meeting,/meetings,final-route,"meeting/location URLs use the structured finder with filters, map pins, and directions"
https://na.org.za/blog/meetings/table-view/,Tableview -Keep it Simple,narcoticsanonymoussouthafricaregion.WordPress.2026-08-16.xml,tsml_meeting,/meetings,final-route,"meeting/location URLs use the structured finder with filters, map pins, and directions"
https://na.org.za/blog/meetings/tembisa-friday-1830-2/,Tembisa - Friday -18:30,narcoticsanonymoussouthafricaregion.WordPress.2026-08-16.xml,tsml_meeting,/meetings,final-route,"meeting/location URLs use the structured finder with filters, map pins, and directions"
https://na.org.za/blog/meetings/tembisa-friday-1830/,Tembisa - Friday -18:30,narcoticsanonymoussouthafricaregion.WordPress.2026-08-16.xml,tsml_meeting,/meetings,final-route,"meeting/location URLs use the structured finder with filters, map pins, and directions"
https://na.org.za/blog/meetings/thames-house-group-monday-2000-3/,Thames House - Monday - 20:00,narcoticsanonymoussouthafricaregion.WordPress.2026-08-16.xml,tsml_meeting,/meetings,final-route,"meeting/location URLs use the structured finder with filters, map pins, and directions"
https://na.org.za/blog/meetings/thames-house-group-monday-2000/,Thames House - Monday - 20:00,narcoticsanonymoussouthafricaregion.WordPress.2026-08-16.xml,tsml_meeting,/meetings,final-route,"meeting/location URLs use the structured finder with filters, map pins, and directions"
https://na.org.za/blog/meetings/thandanani-walk-in-centre-tuesday-600-pm/,Tuesday Mamelodi,narcoticsanonymoussouthafricaregion.WordPress.2026-08-16.xml,tsml_meeting,/meetings,final-route,"meeting/location URLs use the structured finder with filters, map pins, and directions"
https://na.org.za/blog/meetings/the-untold-stories-of-na-members-online/,THE UNTOLD STORIES OF OUR NA MEMBERS,narcoticsanonymoussouthafricaregion.WordPress.2026-08-16.xml,tsml_meeting,/meetings,final-route,"meeting/location URLs use the structured finder with filters, map pins, and directions"
https://na.org.za/blog/meetings/thembisa-na-meeting-wednesday-1830-2/,Thembisa - Wednesday - 18:30,narcoticsanonymoussouthafricaregion.WordPress.2026-08-16.xml,tsml_meeting,/meetings,final-route,"meeting/location URLs use the structured finder with filters, map pins, and directions"
https://na.org.za/blog/meetings/thursday-queensburgh/,Queensburgh Thursday,narcoticsanonymoussouthafricaregion.WordPress.2026-08-16.xml,tsml_meeting,/meetings,final-route,"meeting/location URLs use the structured finder with filters, map pins, and directions"
https://na.org.za/blog/meetings/thursday-rustenburg-meeting-open/,Thursday Rustenburg Meeting,narcoticsanonymoussouthafricaregion.WordPress.2026-08-16.xml,tsml_meeting,/meetings,final-route,"meeting/location URLs use the structured finder with filters, map pins, and directions"
https://na.org.za/blog/meetings/thursday-second-chance-meeting/,Thursday Second Chance Meeting,narcoticsanonymoussouthafricaregion.WordPress.2026-08-16.xml,tsml_meeting,/meetings,final-route,"meeting/location URLs use the structured finder with filters, map pins, and directions"
https://na.org.za/blog/meetings/thursday-thabazimbi-meeting-open/,Thursday Thabazimbi Meeting,narcoticsanonymoussouthafricaregion.WordPress.2026-08-16.xml,tsml_meeting,/meetings,final-route,"meeting/location URLs use the structured finder with filters, map pins, and directions"
https://na.org.za/blog/meetings/toekomsrus-wednesdays-18h00-2/,Toekomsrus - Friday - 18h00,narcoticsanonymoussouthafricaregion.WordPress.2026-08-16.xml,tsml_meeting,/meetings,final-route,"meeting/location URLs use the structured finder with filters, map pins, and directions"
https://na.org.za/blog/meetings/toekomsrus-wednesdays-18h00/,Toekomsrus - Wednesday - 18h00,narcoticsanonymoussouthafricaregion.WordPress.2026-08-16.xml,tsml_meeting,/meetings,final-route,"meeting/location URLs use the structured finder with filters, map pins, and directions"
https://na.org.za/blog/meetings/tongaat-saturday/,Tongaat Saturday,narcoticsanonymoussouthafricaregion.WordPress.2026-08-16.xml,tsml_meeting,/meetings,final-route,"meeting/location URLs use the structured finder with filters, map pins, and directions"
https://na.org.za/blog/meetings/tongaat-sunday/,Tongaat Sunday,narcoticsanonymoussouthafricaregion.WordPress.2026-08-16.xml,tsml_meeting,/meetings,final-route,"meeting/location URLs use the structured finder with filters, map pins, and directions"
https://na.org.za/blog/meetings/tongaat-thursday/,Tongaat Thursday,narcoticsanonymoussouthafricaregion.WordPress.2026-08-16.xml,tsml_meeting,/meetings,final-route,"meeting/location URLs use the structured finder with filters, map pins, and directions"
https://na.org.za/blog/meetings/tongaat-tuesday/,Tongaat Tuesday,narcoticsanonymoussouthafricaregion.WordPress.2026-08-16.xml,tsml_meeting,/meetings,final-route,"meeting/location URLs use the structured finder with filters, map pins, and directions"
https://na.org.za/blog/meetings/topic-2/,Wednesday Hillcrest Meeting,narcoticsanonymoussouthafricaregion.WordPress.2026-08-16.xml,tsml_meeting,/meetings,final-route,"meeting/location URLs use the structured finder with filters, map pins, and directions"
https://na.org.za/blog/meetings/topic-3/,Monday Lyttleton,narcoticsanonymoussouthafricaregion.WordPress.2026-08-16.xml,tsml_meeting,/meetings,final-route,"meeting/location URLs use the structured finder with filters, map pins, and directions"
https://na.org.za/blog/meetings/topic-4/,Thursday Rooihuiskraal,narcoticsanonymoussouthafricaregion.WordPress.2026-08-16.xml,tsml_meeting,/meetings,final-route,"meeting/location URLs use the structured finder with filters, map pins, and directions"
https://na.org.za/blog/meetings/topic-tag-meeting/,Tuesday Lyttleton,narcoticsanonymoussouthafricaregion.WordPress.2026-08-16.xml,tsml_meeting,/meetings,final-route,"meeting/location URLs use the structured finder with filters, map pins, and directions"
https://na.org.za/blog/meetings/topic/,Thursday Queenswood Meeting,narcoticsanonymoussouthafricaregion.WordPress.2026-08-16.xml,tsml_meeting,/meetings,final-route,"meeting/location URLs use the structured finder with filters, map pins, and directions"
https://na.org.za/blog/meetings/toti-sunday-steps-meeting/,Toti Sunday Steps Meeting,narcoticsanonymoussouthafricaregion.WordPress.2026-08-16.xml,tsml_meeting,/meetings,final-route,"meeting/location URLs use the structured finder with filters, map pins, and directions"
https://na.org.za/blog/meetings/towerby-tuesday-1900/,Towerby - Tuesday - 19:00 - Meeting is closed,narcoticsanonymoussouthafricaregion.WordPress.2026-08-16.xml,tsml_meeting,/meetings,final-route,"meeting/location URLs use the structured finder with filters, map pins, and directions"
https://na.org.za/blog/meetings/tuesday-mabupane-recovery-meeting/,Tuesday Mabupane Recovery Meeting,narcoticsanonymoussouthafricaregion.WordPress.2026-08-16.xml,tsml_meeting,/meetings,final-route,"meeting/location URLs use the structured finder with filters, map pins, and directions"
https://na.org.za/blog/meetings/tuesday-second-chance-meeting/,Tuesday Second Chance Meeting,narcoticsanonymoussouthafricaregion.WordPress.2026-08-16.xml,tsml_meeting,/meetings,final-route,"meeting/location URLs use the structured finder with filters, map pins, and directions"
https://na.org.za/blog/meetings/umbilo-monday/,Umbilo Monday,narcoticsanonymoussouthafricaregion.WordPress.2026-08-16.xml,tsml_meeting,/meetings,final-route,"meeting/location URLs use the structured finder with filters, map pins, and directions"
https://na.org.za/blog/meetings/umhlali-tuesday-2/,Umhlali Thursday,narcoticsanonymoussouthafricaregion.WordPress.2026-08-16.xml,tsml_meeting,/meetings,final-route,"meeting/location URLs use the structured finder with filters, map pins, and directions"
https://na.org.za/blog/meetings/umhlali-tuesday/,Umhlali Tuesday,narcoticsanonymoussouthafricaregion.WordPress.2026-08-16.xml,tsml_meeting,/meetings,final-route,"meeting/location URLs use the structured finder with filters, map pins, and directions"
https://na.org.za/blog/meetings/umhlanga-thursday/,Umhlanga Thursday,narcoticsanonymoussouthafricaregion.WordPress.2026-08-16.xml,tsml_meeting,/meetings,final-route,"meeting/location URLs use the structured finder with filters, map pins, and directions"
https://na.org.za/blog/meetings/umzinto-saturday/,Umzinto Saturday,narcoticsanonymoussouthafricaregion.WordPress.2026-08-16.xml,tsml_meeting,/meetings,final-route,"meeting/location URLs use the structured finder with filters, map pins, and directions"
https://na.org.za/blog/meetings/vanderbijlpark-monday-1900/,Vanderbijlpark - Monday - 19:00,narcoticsanonymoussouthafricaregion.WordPress.2026-08-16.xml,tsml_meeting,/meetings,final-route,"meeting/location URLs use the structured finder with filters, map pins, and directions"
https://na.org.za/blog/meetings/virtual-online-group-vog-2/,Virtual Online Group (VOG),narcoticsanonymoussouthafricaregion.WordPress.2026-08-16.xml,tsml_meeting,/meetings,final-route,"meeting/location URLs use the structured finder with filters, map pins, and directions"
https://na.org.za/blog/meetings/virtual-online-group-vog-3/,Virtual Online Group (VOG),narcoticsanonymoussouthafricaregion.WordPress.2026-08-16.xml,tsml_meeting,/meetings,final-route,"meeting/location URLs use the structured finder with filters, map pins, and directions"
https://na.org.za/blog/meetings/virtual-online-group-vog-4/,Virtual Online Group (VOG),narcoticsanonymoussouthafricaregion.WordPress.2026-08-16.xml,tsml_meeting,/meetings,final-route,"meeting/location URLs use the structured finder with filters, map pins, and directions"
https://na.org.za/blog/meetings/virtual-online-group-vog-5/,Virtual Online Group (VOG),narcoticsanonymoussouthafricaregion.WordPress.2026-08-16.xml,tsml_meeting,/meetings,final-route,"meeting/location URLs use the structured finder with filters, map pins, and directions"
https://na.org.za/blog/meetings/virtual-online-group-vog-6/,Virtual Online Group (VOG),narcoticsanonymoussouthafricaregion.WordPress.2026-08-16.xml,tsml_meeting,/meetings,final-route,"meeting/location URLs use the structured finder with filters, map pins, and directions"
https://na.org.za/blog/meetings/virtual-online-group-vog-7/,Virtual Online Group (VOG),narcoticsanonymoussouthafricaregion.WordPress.2026-08-16.xml,tsml_meeting,/meetings,final-route,"meeting/location URLs use the structured finder with filters, map pins, and directions"
https://na.org.za/blog/meetings/virtual-online-group-vog/,Virtual Online Group (VOG),narcoticsanonymoussouthafricaregion.WordPress.2026-08-16.xml,tsml_meeting,/meetings,final-route,"meeting/location URLs use the structured finder with filters, map pins, and directions"
https://na.org.za/blog/meetings/vosloorus-friday-1800-2/,Vosloorus - Friday - 18:00,narcoticsanonymoussouthafricaregion.WordPress.2026-08-16.xml,tsml_meeting,/meetings,final-route,"meeting/location URLs use the structured finder with filters, map pins, and directions"
https://na.org.za/blog/meetings/vosloorus-friday-1800/,Vosloorus - Friday - 18:00,narcoticsanonymoussouthafricaregion.WordPress.2026-08-16.xml,tsml_meeting,/meetings,final-route,"meeting/location URLs use the structured finder with filters, map pins, and directions"
https://na.org.za/blog/meetings/vosloorus-wednesday-1800-2/,Vosloorus - Wednesday - 18:00,narcoticsanonymoussouthafricaregion.WordPress.2026-08-16.xml,tsml_meeting,/meetings,final-route,"meeting/location URLs use the structured finder with filters, map pins, and directions"
https://na.org.za/blog/meetings/walkers-fruit-farms-thursday-1830-3/,Walkers Fruit Farms - Thursday - 18:30,narcoticsanonymoussouthafricaregion.WordPress.2026-08-16.xml,tsml_meeting,/meetings,final-route,"meeting/location URLs use the structured finder with filters, map pins, and directions"
https://na.org.za/blog/meetings/wanderers-wednesday-1930-2/,Wanderers - Wednesday - 19:30,narcoticsanonymoussouthafricaregion.WordPress.2026-08-16.xml,tsml_meeting,/meetings,final-route,"meeting/location URLs use the structured finder with filters, map pins, and directions"
https://na.org.za/blog/meetings/wanderers-wednesday-1930/,Wanderers - Wednesday - 19:30,narcoticsanonymoussouthafricaregion.WordPress.2026-08-16.xml,tsml_meeting,/meetings,final-route,"meeting/location URLs use the structured finder with filters, map pins, and directions"
https://na.org.za/blog/meetings/waverley-meeting/,Waverley - Tuesday - 19:30,narcoticsanonymoussouthafricaregion.WordPress.2026-08-16.xml,tsml_meeting,/meetings,final-route,"meeting/location URLs use the structured finder with filters, map pins, and directions"
https://na.org.za/blog/meetings/wc-afrikaans-meeting-online/,NA WK Afrikaans Vergadering - Aanlyn,narcoticsanonymoussouthafricaregion.WordPress.2026-08-16.xml,tsml_meeting,/meetings,final-route,"meeting/location URLs use the structured finder with filters, map pins, and directions"
https://na.org.za/blog/meetings/wednesday-new-life-meeting-open/,Wednesday New Life Meeting,narcoticsanonymoussouthafricaregion.WordPress.2026-08-16.xml,tsml_meeting,/meetings,final-route,"meeting/location URLs use the structured finder with filters, map pins, and directions"
https://na.org.za/blog/meetings/wednesday-second-chance-meeting/,Wednesday Second Chance Meeting,narcoticsanonymoussouthafricaregion.WordPress.2026-08-16.xml,tsml_meeting,/meetings,final-route,"meeting/location URLs use the structured finder with filters, map pins, and directions"
https://na.org.za/blog/meetings/wednesdays-we-can/,Milnerton Wednesdays We Can,narcoticsanonymoussouthafricaregion.WordPress.2026-08-16.xml,tsml_meeting,/meetings,final-route,"meeting/location URLs use the structured finder with filters, map pins, and directions"
https://na.org.za/blog/meetings/welcome-home/,Heathfield Welcome Home,narcoticsanonymoussouthafricaregion.WordPress.2026-08-16.xml,tsml_meeting,/meetings,final-route,"meeting/location URLs use the structured finder with filters, map pins, and directions"
https://na.org.za/blog/meetings/welcome-to-the-newcomer/,Saturday Hillcrest,narcoticsanonymoussouthafricaregion.WordPress.2026-08-16.xml,tsml_meeting,/meetings,final-route,"meeting/location URLs use the structured finder with filters, map pins, and directions"
https://na.org.za/blog/meetings/weltevreden-park-mondays-1900/,Weltevreden Park - Monday - 19:00,narcoticsanonymoussouthafricaregion.WordPress.2026-08-16.xml,tsml_meeting,/meetings,final-route,"meeting/location URLs use the structured finder with filters, map pins, and directions"
https://na.org.za/blog/meetings/weltevreden-park-thursdays-1930/,Weltevreden Park - Thursday - 19:30,narcoticsanonymoussouthafricaregion.WordPress.2026-08-16.xml,tsml_meeting,/meetings,final-route,"meeting/location URLs use the structured finder with filters, map pins, and directions"
https://na.org.za/blog/meetings/westville-wednesday/,Westville Wednesday,narcoticsanonymoussouthafricaregion.WordPress.2026-08-16.xml,tsml_meeting,/meetings,final-route,"meeting/location URLs use the structured finder with filters, map pins, and directions"
https://na.org.za/blog/meetings/womens-meeting/,Thursday Women's Meeting,narcoticsanonymoussouthafricaregion.WordPress.2026-08-16.xml,tsml_meeting,/meetings,final-route,"meeting/location URLs use the structured finder with filters, map pins, and directions"
https://na.org.za/blog/meetings/woodstock-meeting/,Wednesday Woodstock,narcoticsanonymoussouthafricaregion.WordPress.2026-08-16.xml,tsml_meeting,/meetings,final-route,"meeting/location URLs use the structured finder with filters, map pins, and directions"
https://na.org.za/blog/meetings/young-peoples-meeting/,Young People's Meeting,narcoticsanonymoussouthafricaregion.WordPress.2026-08-16.xml,tsml_meeting,/meetings,final-route,"meeting/location URLs use the structured finder with filters, map pins, and directions"
https://na.org.za/blog/meetings/zola-thursday-1130-2-2/,Zola Soweto - Thursday - 11:30,narcoticsanonymoussouthafricaregion.WordPress.2026-08-16.xml,tsml_meeting,/meetings,final-route,"meeting/location URLs use the structured finder with filters, map pins, and directions"
https://na.org.za/blog/meetings/zola-tuesday-1130-2/,Zola Soweto - Tuesday - 11:30,narcoticsanonymoussouthafricaregion.WordPress.2026-08-16.xml,tsml_meeting,/meetings,final-route,"meeting/location URLs use the structured finder with filters, map pins, and directions"
https://na.org.za/blog/meetings/zola-tuesday-1130/,Zola Soweto - Tuesday - 11:30,narcoticsanonymoussouthafricaregion.WordPress.2026-08-16.xml,tsml_meeting,/meetings,final-route,"meeting/location URLs use the structured finder with filters, map pins, and directions"
https://na.org.za/cart/,Cart,narcoticsanonymoussouthafricaregion.WordPress.2026-08-16.xml,page,/about,final-route,general public information consolidates in About NA pending page-level editorial expansion
https://na.org.za/checkout/,Checkout,narcoticsanonymoussouthafricaregion.WordPress.2026-08-16.xml,page,/about,final-route,general public information consolidates in About NA pending page-level editorial expansion
https://na.org.za/contact/,Contact,narcoticsanonymoussouthafricaregion.WordPress.2026-08-16.xml,page,/contact,final-route,contact and support content consolidates in the national contact page
https://na.org.za/how-to-start-an-na-meeting/,How to start an NA meeting,narcoticsanonymoussouthafricaregion.WordPress.2026-08-16.xml,page,/recovery,final-route,recovery and newcomer guidance consolidates in the recovery section
https://na.org.za/in-person-meetings/,In-Person Meetings,narcoticsanonymoussouthafricaregion.WordPress.2026-08-16.xml,page,/recovery,final-route,recovery and newcomer guidance consolidates in the recovery section
https://na.org.za/information-about-na/,Information About NA,narcoticsanonymoussouthafricaregion.WordPress.2026-08-16.xml,page,/recovery,final-route,recovery and newcomer guidance consolidates in the recovery section
https://na.org.za/jhb/,Home,narcoticsanonymousjohannesburg.WordPress.2026-08-16.xml,page,/areas,final-route,regional information consolidates in the area directory
https://na.org.za/jhb/2025/11/21/hello-world/,Hello world!,narcoticsanonymousjohannesburg.WordPress.2026-08-16.xml,post,/areas,final-route,regional information consolidates in the area directory
https://na.org.za/jhb/7th-tradition/,7th Tradition,narcoticsanonymousjohannesburg.WordPress.2026-08-16.xml,page,/areas,final-route,regional information consolidates in the area directory
https://na.org.za/jhb/add-a-meeting/,Add a Meeting,narcoticsanonymousjohannesburg.WordPress.2026-08-16.xml,page,/recovery,final-route,recovery and newcomer guidance consolidates in the recovery section
https://na.org.za/jhb/add-event/,Add Event,narcoticsanonymousjohannesburg.WordPress.2026-08-16.xml,page,/areas,final-route,regional information consolidates in the area directory
https://na.org.za/jhb/asc-contact-details/,ASC Contact Details,narcoticsanonymousjohannesburg.WordPress.2026-08-16.xml,page,/contact,final-route,contact and support content consolidates in the national contact page
https://na.org.za/jhb/calendar/,Calendar,narcoticsanonymousjohannesburg.WordPress.2026-08-16.xml,page,/areas,final-route,regional information consolidates in the area directory
https://na.org.za/jhb/contact-us/,Contact Us,narcoticsanonymousjohannesburg.WordPress.2026-08-16.xml,page,/contact,final-route,contact and support content consolidates in the national contact page
https://na.org.za/jhb/downloads/,Downloads,narcoticsanonymousjohannesburg.WordPress.2026-08-16.xml,page,/literature,final-route,resource and literature content consolidates in the rebuilt library
https://na.org.za/jhb/group-readings/,Group Readings,narcoticsanonymousjohannesburg.WordPress.2026-08-16.xml,page,/areas,final-route,regional information consolidates in the area directory
https://na.org.za/jhb/literature/,Literature,narcoticsanonymousjohannesburg.WordPress.2026-08-16.xml,page,/literature,final-route,resource and literature content consolidates in the rebuilt library
https://na.org.za/jhb/locations/1-pam-rd-morningside-sandton-2057-south-africa/,"1 Pam Rd, Morningside, Sandton, 2057, South Africa",narcoticsanonymousjohannesburg.WordPress.2026-08-16.xml,tsml_location,/meetings,final-route,"meeting/location URLs use the structured finder with filters, map pins, and directions"
https://na.org.za/jhb/locations/10-cnr-central-and-noord-street-noordgesig-soweto-1804/,"10 Cnr Central and Noord street, Noordgesig, Soweto, 1804",narcoticsanonymousjohannesburg.WordPress.2026-08-16.xml,tsml_location,/meetings,final-route,"meeting/location URLs use the structured finder with filters, map pins, and directions"
https://na.org.za/jhb/locations/10-tehore-rdmulbarton-johannesburg-south-2091/,"10 Tehore RdMulbarton, Johannesburg South, 2091",narcoticsanonymousjohannesburg.WordPress.2026-08-16.xml,tsml_location,/meetings,final-route,"meeting/location URLs use the structured finder with filters, map pins, and directions"
https://na.org.za/jhb/locations/108-colorado-dr-riverlea-johannesburg-2093-south-africa/,"108 Colorado Dr, Riverlea, Johannesburg, 2093, South Africa",narcoticsanonymousjohannesburg.WordPress.2026-08-16.xml,tsml_location,/meetings,final-route,"meeting/location URLs use the structured finder with filters, map pins, and directions"
https://na.org.za/jhb/locations/1140-cornelius-st-weltevredenpark-roodepoort-1709-south-africa/,"1140 Cornelius St, Weltevredenpark, Roodepoort, 1709, South Africa",narcoticsanonymousjohannesburg.WordPress.2026-08-16.xml,tsml_location,/meetings,final-route,"meeting/location URLs use the structured finder with filters, map pins, and directions"
https://na.org.za/jhb/locations/115-grosvenor-rd-bryanston-sandton-2191-south-africa/,"115 Grosvenor Rd, Bryanston, Sandton, 2191, South Africa",narcoticsanonymousjohannesburg.WordPress.2026-08-16.xml,tsml_location,/meetings,final-route,"meeting/location URLs use the structured finder with filters, map pins, and directions"
https://na.org.za/jhb/locations/133-plane-road-spartan-kempton-park-1619/,"133 Plane Road, Spartan, Kempton Park, 1619",narcoticsanonymousjohannesburg.WordPress.2026-08-16.xml,tsml_location,/meetings,final-route,"meeting/location URLs use the structured finder with filters, map pins, and directions"
https://na.org.za/jhb/locations/134-gardiner-street-brakpan-1540/,134 Gardiner street Brakpan 1540,narcoticsanonymousjohannesburg.WordPress.2026-08-16.xml,tsml_location,/meetings,final-route,"meeting/location URLs use the structured finder with filters, map pins, and directions"
https://na.org.za/jhb/locations/152-market-street-fairlands/,"152 Market Street, Fairlands",narcoticsanonymousjohannesburg.WordPress.2026-08-16.xml,tsml_location,/meetings,final-route,"meeting/location URLs use the structured finder with filters, map pins, and directions"
https://na.org.za/jhb/locations/1559-link-st-orange-farm-johannesburg-1841-south-africa/,"1559 Link St, Orange Farm, Johannesburg, 1841, South Africa",narcoticsanonymousjohannesburg.WordPress.2026-08-16.xml,tsml_location,/meetings,final-route,"meeting/location URLs use the structured finder with filters, map pins, and directions"
https://na.org.za/jhb/locations/1607-kanya-rd-senaoane-soweto-1818-south-africa/,"1607 Kanya Rd, Senaoane, Soweto, 1818, South Africa",narcoticsanonymousjohannesburg.WordPress.2026-08-16.xml,tsml_location,/meetings,final-route,"meeting/location URLs use the structured finder with filters, map pins, and directions"
https://na.org.za/jhb/locations/1607-kanya-road-and-umthwalume-street-senaone-mvezo-community-center/,1607 Kanya Road and Umthwalume Street.Senaone. Mvezo community center,narcoticsanonymousjohannesburg.WordPress.2026-08-16.xml,tsml_location,/meetings,final-route,"meeting/location URLs use the structured finder with filters, map pins, and directions"
https://na.org.za/jhb/locations/166-south-road-walkers-fruit-farms/,"166 South Road, Walkers Fruit Farms",narcoticsanonymousjohannesburg.WordPress.2026-08-16.xml,tsml_location,/meetings,final-route,"meeting/location URLs use the structured finder with filters, map pins, and directions"
https://na.org.za/jhb/locations/16b-penguin-dr-norscot-fourways-sandton-2055/,"16b Penguin Dr, Norscot, Fourways, Sandton, 2055",narcoticsanonymousjohannesburg.WordPress.2026-08-16.xml,tsml_location,/meetings,final-route,"meeting/location URLs use the structured finder with filters, map pins, and directions"
https://na.org.za/jhb/locations/18-high-rd-orchards-johannesburg-2192/,"18 High Rd, Orchards, Johannesburg, 2192",narcoticsanonymousjohannesburg.WordPress.2026-08-16.xml,tsml_location,/meetings,final-route,"meeting/location URLs use the structured finder with filters, map pins, and directions"
https://na.org.za/jhb/locations/1954-peacock-str-lenasia-south-1827/,"1954 Peacock str, Lenasia South, 1827",narcoticsanonymousjohannesburg.WordPress.2026-08-16.xml,tsml_location,/meetings,final-route,"meeting/location URLs use the structured finder with filters, map pins, and directions"
https://na.org.za/jhb/locations/2-diamant-st-toekomsrus-randfontein-1765-south-africa/,"2 Diamant St, Toekomsrus, Randfontein, 1765, South Africa",narcoticsanonymousjohannesburg.WordPress.2026-08-16.xml,tsml_location,/meetings,final-route,"meeting/location URLs use the structured finder with filters, map pins, and directions"
https://na.org.za/jhb/locations/20a-7th-ave-parktown-north-johannesburg-2193/,"20A 7th Ave, Parktown North, Johannesburg, 2193",narcoticsanonymousjohannesburg.WordPress.2026-08-16.xml,tsml_location,/meetings,final-route,"meeting/location URLs use the structured finder with filters, map pins, and directions"
https://na.org.za/jhb/locations/243-6th-ave-mid-ennerdale-johannesburg-1830-south-africa/,"243 6th Ave, Mid-Ennerdale, Johannesburg, 1830, South Africa",narcoticsanonymousjohannesburg.WordPress.2026-08-16.xml,tsml_location,/meetings,final-route,"meeting/location URLs use the structured finder with filters, map pins, and directions"
https://na.org.za/jhb/locations/25-vrede-street-fochville/,"25 vrede street, fochville",narcoticsanonymousjohannesburg.WordPress.2026-08-16.xml,tsml_location,/meetings,final-route,"meeting/location URLs use the structured finder with filters, map pins, and directions"
https://na.org.za/jhb/locations/253-bryanston-drive/,253 Bryanston Drive,narcoticsanonymousjohannesburg.WordPress.2026-08-16.xml,tsml_location,/meetings,final-route,"meeting/location URLs use the structured finder with filters, map pins, and directions"
https://na.org.za/jhb/locations/27-george-ave-fairmount-johannesburg-2192-south-africa/,"27 George Ave, Fairmount, Johannesburg, 2192, South Africa",narcoticsanonymousjohannesburg.WordPress.2026-08-16.xml,tsml_location,/meetings,final-route,"meeting/location URLs use the structured finder with filters, map pins, and directions"
https://na.org.za/jhb/locations/272-york-ave-ferndale-randburg-2194/,"272 York Ave, Ferndale, Randburg, 2194",narcoticsanonymousjohannesburg.WordPress.2026-08-16.xml,tsml_location,/meetings,final-route,"meeting/location URLs use the structured finder with filters, map pins, and directions"
https://na.org.za/jhb/locations/29-dippenaar-rd-noordheuwel-krugersdorp-1739-south-africa/,"29 Dippenaar Rd, Noordheuwel, Krugersdorp, 1739, South Africa",narcoticsanonymousjohannesburg.WordPress.2026-08-16.xml,tsml_location,/meetings,final-route,"meeting/location URLs use the structured finder with filters, map pins, and directions"
https://na.org.za/jhb/locations/31-richard-rd-kengies-sandton-2055/,"31 Richard Rd, Kengies, Sandton, 2055",narcoticsanonymousjohannesburg.WordPress.2026-08-16.xml,tsml_location,/meetings,final-route,"meeting/location URLs use the structured finder with filters, map pins, and directions"
https://na.org.za/jhb/locations/3131-bolani-rd-zola-soweto-1878/,"3131 Bolani Rd, Zola, Soweto, 1878",narcoticsanonymousjohannesburg.WordPress.2026-08-16.xml,tsml_location,/meetings,final-route,"meeting/location URLs use the structured finder with filters, map pins, and directions"
https://na.org.za/jhb/locations/33747-indaba-street-tsakane/,"33747 Indaba Street, Tsakane",narcoticsanonymousjohannesburg.WordPress.2026-08-16.xml,tsml_location,/meetings,final-route,"meeting/location URLs use the structured finder with filters, map pins, and directions"
https://na.org.za/jhb/locations/3707b-molatedi-street-zone3-diepkloof/,3707B Molatedi Street Zone3 Diepkloof,narcoticsanonymousjohannesburg.WordPress.2026-08-16.xml,tsml_location,/meetings,final-route,"meeting/location URLs use the structured finder with filters, map pins, and directions"
https://na.org.za/jhb/locations/3859-sebati-street-ext-1-vosloorus-1475/,"3859 Sebati street, Ext 1 Vosloorus 1475",narcoticsanonymousjohannesburg.WordPress.2026-08-16.xml,tsml_location,/meetings,final-route,"meeting/location URLs use the structured finder with filters, map pins, and directions"
https://na.org.za/jhb/locations/386-e-bank-ave-alexandra-2014-south-africa/,"386 E Bank Ave, Alexandra, 2014, South Africa",narcoticsanonymousjohannesburg.WordPress.2026-08-16.xml,tsml_location,/meetings,final-route,"meeting/location URLs use the structured finder with filters, map pins, and directions"
https://na.org.za/jhb/locations/4-hoy-st-newclare-randburg/,"4 Hoy St, Newclare, Randburg",narcoticsanonymousjohannesburg.WordPress.2026-08-16.xml,tsml_location,/meetings,final-route,"meeting/location URLs use the structured finder with filters, map pins, and directions"
https://na.org.za/jhb/locations/41-pretoria-street-oaklands/,41 Pretoria street oaklands,narcoticsanonymousjohannesburg.WordPress.2026-08-16.xml,tsml_location,/meetings,final-route,"meeting/location URLs use the structured finder with filters, map pins, and directions"
https://na.org.za/jhb/locations/420-york-ave-ferndale-randburg-2194-south-africa/,"420 York Ave, Ferndale, Randburg, 2194, South Africa",narcoticsanonymousjohannesburg.WordPress.2026-08-16.xml,tsml_location,/meetings,final-route,"meeting/location URLs use the structured finder with filters, map pins, and directions"
https://na.org.za/jhb/locations/43-madeline-st-florida-roodepoort-1709/,"43 Madeline St, Florida, Roodepoort, 1709",narcoticsanonymousjohannesburg.WordPress.2026-08-16.xml,tsml_location,/meetings,final-route,"meeting/location URLs use the structured finder with filters, map pins, and directions"
https://na.org.za/jhb/locations/45-lily-ave-northcliff-randburg-2115-south-africa/,"45 Lily Ave, Northcliff, Randburg, 2115, South Africa",narcoticsanonymousjohannesburg.WordPress.2026-08-16.xml,tsml_location,/meetings,final-route,"meeting/location URLs use the structured finder with filters, map pins, and directions"
https://na.org.za/jhb/locations/5-suikerbos-street-lenasia/,"5 Suikerbos Street, Lenasia",narcoticsanonymousjohannesburg.WordPress.2026-08-16.xml,tsml_location,/meetings,final-route,"meeting/location URLs use the structured finder with filters, map pins, and directions"
https://na.org.za/jhb/locations/50-saxon-rd-sandhurst-sandton-2196-south-africa/,"50 Saxon Rd, Sandhurst, Sandton, 2196, South Africa",narcoticsanonymousjohannesburg.WordPress.2026-08-16.xml,tsml_location,/meetings,final-route,"meeting/location URLs use the structured finder with filters, map pins, and directions"
https://na.org.za/jhb/locations/556-chester-street-lenasia-south-johannesburg/,"556 Chester street, Lenasia South, Johannesburg",narcoticsanonymousjohannesburg.WordPress.2026-08-16.xml,tsml_location,/meetings,final-route,"meeting/location URLs use the structured finder with filters, map pins, and directions"
https://na.org.za/jhb/locations/5634-unity-boulevard-ext-2-bram-fischerville/,"5634 Unity Boulevard ext 2, Bram Fischerville",narcoticsanonymousjohannesburg.WordPress.2026-08-16.xml,tsml_location,/meetings,final-route,"meeting/location URLs use the structured finder with filters, map pins, and directions"
https://na.org.za/jhb/locations/6-brink-st-bryanbrink-randburg-2194-johannesburg-south-africa/,"6 Brink St, Bryanbrink, Randburg, 2194 Johannesburg, South Africa",narcoticsanonymousjohannesburg.WordPress.2026-08-16.xml,tsml_location,/meetings,final-route,"meeting/location URLs use the structured finder with filters, map pins, and directions"
https://na.org.za/jhb/locations/65-foyle-ave-crosby-johannesburg-2092/,"65 Foyle Ave, Crosby, Johannesburg, 2092",narcoticsanonymousjohannesburg.WordPress.2026-08-16.xml,tsml_location,/meetings,final-route,"meeting/location URLs use the structured finder with filters, map pins, and directions"
https://na.org.za/jhb/locations/67-nanyuki-rd-sunninghill-sandton-2157-south-africa/,"67 Nanyuki Rd, Sunninghill, Sandton, 2157, South Africa",narcoticsanonymousjohannesburg.WordPress.2026-08-16.xml,tsml_location,/meetings,final-route,"meeting/location URLs use the structured finder with filters, map pins, and directions"
https://na.org.za/jhb/locations/68-6th-ave-edenvale-1609-south-africa/,"68 6th Ave, Edenvale, 1609, South Africa",narcoticsanonymousjohannesburg.WordPress.2026-08-16.xml,tsml_location,/meetings,final-route,"meeting/location URLs use the structured finder with filters, map pins, and directions"
https://na.org.za/jhb/locations/68-7th-ave-parktown-north/,"68 7th Ave, Parktown North",narcoticsanonymousjohannesburg.WordPress.2026-08-16.xml,tsml_location,/meetings,final-route,"meeting/location URLs use the structured finder with filters, map pins, and directions"
https://na.org.za/jhb/locations/71-cr-swart-drboskruin-randburg-2188/,"71 CR Swart DrBoskruin, Randburg, 2188",narcoticsanonymousjohannesburg.WordPress.2026-08-16.xml,tsml_location,/meetings,final-route,"meeting/location URLs use the structured finder with filters, map pins, and directions"
https://na.org.za/jhb/locations/7644-eben-cuyler-dr-diepkloof-zone-1-diepmeadow-1862-south-africa/,"7644 Eben Cuyler Dr, Diepkloof Zone 1, Diepmeadow, 1862, South Africa",narcoticsanonymousjohannesburg.WordPress.2026-08-16.xml,tsml_location,/meetings,final-route,"meeting/location URLs use the structured finder with filters, map pins, and directions"
https://na.org.za/jhb/locations/8-marilyn-street-towerby-2190/,"8 Marilyn street, Towerby, 2190",narcoticsanonymousjohannesburg.WordPress.2026-08-16.xml,tsml_location,/meetings,final-route,"meeting/location URLs use the structured finder with filters, map pins, and directions"
https://na.org.za/jhb/locations/827-elias-motsoaledi-road-moroka-soweto-1860/,"827 Elias Motsoaledi Road, Moroka, Soweto 1860",narcoticsanonymousjohannesburg.WordPress.2026-08-16.xml,tsml_location,/meetings,final-route,"meeting/location URLs use the structured finder with filters, map pins, and directions"
https://na.org.za/jhb/locations/86-buitekant-st-alabama-klerksdorp/,"86 Buitekant St, Alabama, Klerksdorp",narcoticsanonymousjohannesburg.WordPress.2026-08-16.xml,tsml_location,/meetings,final-route,"meeting/location URLs use the structured finder with filters, map pins, and directions"
https://na.org.za/jhb/locations/90-abraham-st-mantervrede-ah-vanderbijlpark-1900/,"90 Abraham St, Mantervrede AH, Vanderbijlpark, 1900",narcoticsanonymousjohannesburg.WordPress.2026-08-16.xml,tsml_location,/meetings,final-route,"meeting/location URLs use the structured finder with filters, map pins, and directions"
https://na.org.za/jhb/locations/92-voortrekker-ave-edenvale-1609/,"92 Voortrekker Ave, Edenvale, 1609",narcoticsanonymousjohannesburg.WordPress.2026-08-16.xml,tsml_location,/meetings,final-route,"meeting/location URLs use the structured finder with filters, map pins, and directions"
https://na.org.za/jhb/locations/929-leoatleng-street-central-western-jabavu/,"929 Leoatleng Street, Central Western Jabavu",narcoticsanonymousjohannesburg.WordPress.2026-08-16.xml,tsml_location,/meetings,final-route,"meeting/location URLs use the structured finder with filters, map pins, and directions"
https://na.org.za/jhb/locations/alabama-grace-community-church/,Alabama Grace Community Church,narcoticsanonymousjohannesburg.WordPress.2026-08-16.xml,tsml_location,/meetings,final-route,"meeting/location URLs use the structured finder with filters, map pins, and directions"
https://na.org.za/jhb/locations/alberton-civic-center-3rd-floor-alwyn-taljaard-ave-new-redruth-alberton-1449-south-africa/,"Alberton Civic Center, 3rd floor. Alwyn taljaard Ave, New Redruth, Alberton, 1449, South Africa",narcoticsanonymousjohannesburg.WordPress.2026-08-16.xml,tsml_location,/meetings,final-route,"meeting/location URLs use the structured finder with filters, map pins, and directions"
https://na.org.za/jhb/locations/albertus-pop-recreation-centre/,Albertus Pop Recreation Centre,narcoticsanonymousjohannesburg.WordPress.2026-08-16.xml,tsml_location,/meetings,final-route,"meeting/location URLs use the structured finder with filters, map pins, and directions"
https://na.org.za/jhb/locations/blairgowrie-recreation-centre/,Blairgowrie Recreation Centre,narcoticsanonymousjohannesburg.WordPress.2026-08-16.xml,tsml_location,/meetings,final-route,"meeting/location URLs use the structured finder with filters, map pins, and directions"
https://na.org.za/jhb/locations/bosmont-recreation-centre-2/,Bosmont Recreation Centre,narcoticsanonymousjohannesburg.WordPress.2026-08-16.xml,tsml_location,/meetings,final-route,"meeting/location URLs use the structured finder with filters, map pins, and directions"
https://na.org.za/jhb/locations/braamficher-phase-1-amandla-boulevard/,Braamficher phase 1 amandla boulevard,narcoticsanonymousjohannesburg.WordPress.2026-08-16.xml,tsml_location,/meetings,final-route,"meeting/location URLs use the structured finder with filters, map pins, and directions"
https://na.org.za/jhb/locations/brackenhurst-methodist-church-9-toinette-st-brackenhurst-alberton-1453-south-africa/,"(BRACKENHURST METHODIST CHURCH) 9 Toinette St, Brackenhurst, Alberton, 1453, South Africa",narcoticsanonymousjohannesburg.WordPress.2026-08-16.xml,tsml_location,/meetings,final-route,"meeting/location URLs use the structured finder with filters, map pins, and directions"
https://na.org.za/jhb/locations/brixton/,Brixton,narcoticsanonymousjohannesburg.WordPress.2026-08-16.xml,tsml_location,/meetings,final-route,"meeting/location URLs use the structured finder with filters, map pins, and directions"
https://na.org.za/jhb/locations/c-o-hawken-ave-president-fouche-dr/,"Akeso Crescent clinic President Fouche Dr, Boskruin",narcoticsanonymousjohannesburg.WordPress.2026-08-16.xml,tsml_location,/meetings,final-route,"meeting/location URLs use the structured finder with filters, map pins, and directions"
https://na.org.za/jhb/locations/calvary-methodist-church/,Calvary Methodist Church,narcoticsanonymousjohannesburg.WordPress.2026-08-16.xml,tsml_location,/meetings,final-route,"meeting/location URLs use the structured finder with filters, map pins, and directions"
https://na.org.za/jhb/locations/dube-community-centre/,Dube Community Centre,narcoticsanonymousjohannesburg.WordPress.2026-08-16.xml,tsml_location,/meetings,final-route,"meeting/location URLs use the structured finder with filters, map pins, and directions"
https://na.org.za/jhb/locations/edenvale-methodist-church-57-6th-ave-edenvale-1610-south-africa/,"(Edenvale Methodist Church) 57 6th Ave, Edenvale, 1610, South Africa",narcoticsanonymousjohannesburg.WordPress.2026-08-16.xml,tsml_location,/meetings,final-route,"meeting/location URLs use the structured finder with filters, map pins, and directions"
https://na.org.za/jhb/locations/eldorado-park-ext-9-community-clinic-and-center/,Eldorado Park Ext 9 Community Clinic and center,narcoticsanonymousjohannesburg.WordPress.2026-08-16.xml,tsml_location,/meetings,final-route,"meeting/location URLs use the structured finder with filters, map pins, and directions"
https://na.org.za/jhb/locations/gracepoint-church/,Gracepoint Church,narcoticsanonymousjohannesburg.WordPress.2026-08-16.xml,tsml_location,/meetings,final-route,"meeting/location URLs use the structured finder with filters, map pins, and directions"
https://na.org.za/jhb/locations/ithuba-centre-3315-ralarata-street-mohlakeng-randfontein/,Ithuba centre 3315 Ralarata street mohlakeng randfontein,narcoticsanonymousjohannesburg.WordPress.2026-08-16.xml,tsml_location,/meetings,final-route,"meeting/location URLs use the structured finder with filters, map pins, and directions"
https://na.org.za/jhb/locations/johannesburg-south-2190-south-africa/,"Johannesburg South, 2190, South Africa",narcoticsanonymousjohannesburg.WordPress.2026-08-16.xml,tsml_location,/meetings,final-route,"meeting/location URLs use the structured finder with filters, map pins, and directions"
https://na.org.za/jhb/locations/johannesburg/,Johannesburg,narcoticsanonymousjohannesburg.WordPress.2026-08-16.xml,tsml_location,/meetings,final-route,"meeting/location URLs use the structured finder with filters, map pins, and directions"
https://na.org.za/jhb/locations/mabewana-primary-school/,Mabewana Primary School,narcoticsanonymousjohannesburg.WordPress.2026-08-16.xml,tsml_location,/meetings,final-route,"meeting/location URLs use the structured finder with filters, map pins, and directions"
https://na.org.za/jhb/locations/mali-congo-street-welamlambo-section-tembisa-1632/,Mali &amp; Congo Street. Welamlambo Section. Tembisa. 1632,narcoticsanonymousjohannesburg.WordPress.2026-08-16.xml,tsml_location,/meetings,final-route,"meeting/location URLs use the structured finder with filters, map pins, and directions"
https://na.org.za/jhb/locations/naledi-sports-complex-naledi-ext-2-742-cnr-letsatsi-radebe-st-soweto-south-africa/,"Naledi Sports Complex, Naledi ext 2, 742 CNR Letsatsi &amp; Radebe St Soweto, South Africa",narcoticsanonymousjohannesburg.WordPress.2026-08-16.xml,tsml_location,/meetings,final-route,"meeting/location URLs use the structured finder with filters, map pins, and directions"
https://na.org.za/jhb/locations/northcliff-union-church-cnr-dawn-and-pendoring-road/,Northcliff Union Church. Cnr Dawn and Pendoring road.,narcoticsanonymousjohannesburg.WordPress.2026-08-16.xml,tsml_location,/meetings,final-route,"meeting/location URLs use the structured finder with filters, map pins, and directions"
https://na.org.za/jhb/locations/odirileng-maponya-clinicsonap/,Odirileng Maponya Clinic(Sonap),narcoticsanonymousjohannesburg.WordPress.2026-08-16.xml,tsml_location,/meetings,final-route,"meeting/location URLs use the structured finder with filters, map pins, and directions"
https://na.org.za/jhb/locations/parkhurst-recreation-centre/,Parkhurst Recreation Centre,narcoticsanonymousjohannesburg.WordPress.2026-08-16.xml,tsml_location,/meetings,final-route,"meeting/location URLs use the structured finder with filters, map pins, and directions"
https://na.org.za/jhb/locations/phefeni-recreation-center-12764-funani-street-orlando-wes/,Phefeni Recreation Center 12764 funani street Orlando wes,narcoticsanonymousjohannesburg.WordPress.2026-08-16.xml,tsml_location,/meetings,final-route,"meeting/location URLs use the structured finder with filters, map pins, and directions"
https://na.org.za/jhb/locations/pimville-zone-4-pcc-hall-11624-mathithibala-st-pimville-zone-4-pimville-1809/,"(Pimville zone 4 PCC hall) 11624 Mathithibala St, Pimville Zone 4, Pimville, 1809",narcoticsanonymousjohannesburg.WordPress.2026-08-16.xml,tsml_location,/meetings,final-route,"meeting/location URLs use the structured finder with filters, map pins, and directions"
https://na.org.za/jhb/locations/protea-glen-recreation-center-1703-milkwood-streetm-protea-glen-ext-2/,"Protea Glen Recreation center, 1703 Milkwood Streetm Protea Glen, Ext 2",narcoticsanonymousjohannesburg.WordPress.2026-08-16.xml,tsml_location,/meetings,final-route,"meeting/location URLs use the structured finder with filters, map pins, and directions"
https://na.org.za/jhb/locations/real-life-church-86-viljoen-st-krugersdorp-north-krugersdorp-1740/,"(Real life Church) 86 Viljoen St, Krugersdorp North, Krugersdorp, 1740",narcoticsanonymousjohannesburg.WordPress.2026-08-16.xml,tsml_location,/meetings,final-route,"meeting/location URLs use the structured finder with filters, map pins, and directions"
https://na.org.za/jhb/locations/ring-road-block-4-doornkop-johannesburg-2091-gauteng/,"Ring Road, Block 4, Doornkop, Johannesburg, 2091, Gauteng",narcoticsanonymousjohannesburg.WordPress.2026-08-16.xml,tsml_location,/meetings,final-route,"meeting/location URLs use the structured finder with filters, map pins, and directions"
https://na.org.za/jhb/locations/rosettenville/,Rosettenville,narcoticsanonymousjohannesburg.WordPress.2026-08-16.xml,tsml_location,/meetings,final-route,"meeting/location URLs use the structured finder with filters, map pins, and directions"
https://na.org.za/jhb/locations/saint-peters-united-church/,Saint Peter’s United Church,narcoticsanonymousjohannesburg.WordPress.2026-08-16.xml,tsml_location,/meetings,final-route,"meeting/location URLs use the structured finder with filters, map pins, and directions"
https://na.org.za/jhb/locations/sanca-diepsloot-boardroom-136-dr-moosa-diepsloot-centre-extension-10-off-r511-methodist-church-complex/,"Sanca Diepsloot Boardroom, 136 Dr. Moosa Diepsloot Centre, Extension 10, Off R511, Methodist Church Complex",narcoticsanonymousjohannesburg.WordPress.2026-08-16.xml,tsml_location,/meetings,final-route,"meeting/location URLs use the structured finder with filters, map pins, and directions"
https://na.org.za/jhb/locations/sharicrest-primary-school/,Sharicrest Primary School,narcoticsanonymousjohannesburg.WordPress.2026-08-16.xml,tsml_location,/meetings,final-route,"meeting/location URLs use the structured finder with filters, map pins, and directions"
https://na.org.za/jhb/locations/st-francis-methodist-church-1-talton-road-forest-town/,"St Francis Methodist Church, 1 Talton Road, Forest Town",narcoticsanonymousjohannesburg.WordPress.2026-08-16.xml,tsml_location,/meetings,final-route,"meeting/location URLs use the structured finder with filters, map pins, and directions"
https://na.org.za/jhb/locations/st-james-presbyterian-church/,St James Presbyterian Church,narcoticsanonymousjohannesburg.WordPress.2026-08-16.xml,tsml_location,/meetings,final-route,"meeting/location URLs use the structured finder with filters, map pins, and directions"
https://na.org.za/jhb/locations/thames-house-hope-st-city-power-complex/,"Thames House, Hope St, City Power Complex",narcoticsanonymousjohannesburg.WordPress.2026-08-16.xml,tsml_location,/meetings,final-route,"meeting/location URLs use the structured finder with filters, map pins, and directions"
https://na.org.za/jhb/locations/wanderers-cricket-stadium-35-corlette-drive-illovo/,"Wanderers Cricket Stadium, 35 Corlette Drive, Illovo",narcoticsanonymousjohannesburg.WordPress.2026-08-16.xml,tsml_location,/meetings,final-route,"meeting/location URLs use the structured finder with filters, map pins, and directions"
https://na.org.za/jhb/meetings/alabama-klerksdorp-sunday-1730/,Alabama Klerksdorp - Sunday - 17:30,narcoticsanonymousjohannesburg.WordPress.2026-08-16.xml,tsml_meeting,/meetings,final-route,"meeting/location URLs use the structured finder with filters, map pins, and directions"
https://na.org.za/jhb/meetings/alabama-klerksdorp-thursday-1730/,Alabama Klerksdorp - Thursday - 17:30,narcoticsanonymousjohannesburg.WordPress.2026-08-16.xml,tsml_meeting,/meetings,final-route,"meeting/location URLs use the structured finder with filters, map pins, and directions"
https://na.org.za/jhb/meetings/alabama-klerksdorp-tuesday-1730/,Alabama Klerksdorp - Tuesday - 17:30,narcoticsanonymousjohannesburg.WordPress.2026-08-16.xml,tsml_meeting,/meetings,final-route,"meeting/location URLs use the structured finder with filters, map pins, and directions"
https://na.org.za/jhb/meetings/alberton-thursday-1930/,Alberton - Thursday - 19:30,narcoticsanonymousjohannesburg.WordPress.2026-08-16.xml,tsml_meeting,/meetings,final-route,"meeting/location URLs use the structured finder with filters, map pins, and directions"
https://na.org.za/jhb/meetings/alberton-tuesday-1930-2/,Alberton - Tuesday - 19:30,narcoticsanonymousjohannesburg.WordPress.2026-08-16.xml,tsml_meeting,/meetings,final-route,"meeting/location URLs use the structured finder with filters, map pins, and directions"
https://na.org.za/jhb/meetings/alexander-sunday-1600/,Alexander - Sunday - 16:00,narcoticsanonymousjohannesburg.WordPress.2026-08-16.xml,tsml_meeting,/meetings,final-route,"meeting/location URLs use the structured finder with filters, map pins, and directions"
https://na.org.za/jhb/meetings/bedfordview-saturday-0900/,Bedfordview - Saturday - 09:00,narcoticsanonymousjohannesburg.WordPress.2026-08-16.xml,tsml_meeting,/meetings,final-route,"meeting/location URLs use the structured finder with filters, map pins, and directions"
https://na.org.za/jhb/meetings/benmore-sunday-1800/,Benmore - Sunday - 18:00,narcoticsanonymousjohannesburg.WordPress.2026-08-16.xml,tsml_meeting,/meetings,final-route,"meeting/location URLs use the structured finder with filters, map pins, and directions"
https://na.org.za/jhb/meetings/benmore-tuesday-1930/,Benmore - Tuesday - 19:30,narcoticsanonymousjohannesburg.WordPress.2026-08-16.xml,tsml_meeting,/meetings,final-route,"meeting/location URLs use the structured finder with filters, map pins, and directions"
https://na.org.za/jhb/meetings/benmore-tuesdays-1930/,Benmore - Friday - 19:30,narcoticsanonymousjohannesburg.WordPress.2026-08-16.xml,tsml_meeting,/meetings,final-route,"meeting/location URLs use the structured finder with filters, map pins, and directions"
https://na.org.za/jhb/meetings/blairgowrie-saturday-1700/,Blairgowrie - Saturday - 17:00,narcoticsanonymousjohannesburg.WordPress.2026-08-16.xml,tsml_meeting,/meetings,final-route,"meeting/location URLs use the structured finder with filters, map pins, and directions"
https://na.org.za/jhb/meetings/bonfire-saturday/,Oaklands - Saturday - 19:30 (Bonfire),narcoticsanonymousjohannesburg.WordPress.2026-08-16.xml,tsml_meeting,/meetings,final-route,"meeting/location URLs use the structured finder with filters, map pins, and directions"
https://na.org.za/jhb/meetings/boskriun-friday/,Boskruin - Friday - 18:00,narcoticsanonymousjohannesburg.WordPress.2026-08-16.xml,tsml_meeting,/meetings,final-route,"meeting/location URLs use the structured finder with filters, map pins, and directions"
https://na.org.za/jhb/meetings/boskruin-tuesday/,Boskruin - Tuesday - 18:00,narcoticsanonymousjohannesburg.WordPress.2026-08-16.xml,tsml_meeting,/meetings,final-route,"meeting/location URLs use the structured finder with filters, map pins, and directions"
https://na.org.za/jhb/meetings/boskruin-wednesday-1900/,Boskruin - Wednesday - 19:00,narcoticsanonymousjohannesburg.WordPress.2026-08-16.xml,tsml_meeting,/meetings,final-route,"meeting/location URLs use the structured finder with filters, map pins, and directions"
https://na.org.za/jhb/meetings/bosmont-thursday-1830/,Bosmont - Thursday - 18:30 - Temp Closed,narcoticsanonymousjohannesburg.WordPress.2026-08-16.xml,tsml_meeting,/meetings,final-route,"meeting/location URLs use the structured finder with filters, map pins, and directions"
https://na.org.za/jhb/meetings/braam-fischer-thursday-1600/,Braam Fischer - Thursday - 16:00,narcoticsanonymousjohannesburg.WordPress.2026-08-16.xml,tsml_meeting,/meetings,final-route,"meeting/location URLs use the structured finder with filters, map pins, and directions"
https://na.org.za/jhb/meetings/braam-fischer-tuesday-1600/,Braam Fischer - Tuesday - 16:00,narcoticsanonymousjohannesburg.WordPress.2026-08-16.xml,tsml_meeting,/meetings,final-route,"meeting/location URLs use the structured finder with filters, map pins, and directions"
https://na.org.za/jhb/meetings/brackenhurst-monday-1900/,Brackenhurst - Monday - 19:30,narcoticsanonymousjohannesburg.WordPress.2026-08-16.xml,tsml_meeting,/meetings,final-route,"meeting/location URLs use the structured finder with filters, map pins, and directions"
https://na.org.za/jhb/meetings/brackenhurst-wednesday-1930/,Brackenhurst - Wednesday - 19:30,narcoticsanonymousjohannesburg.WordPress.2026-08-16.xml,tsml_meeting,/meetings,final-route,"meeting/location URLs use the structured finder with filters, map pins, and directions"
https://na.org.za/jhb/meetings/brakpan-tuesday-1800/,Brakpan - Tuesday - 19:00,narcoticsanonymousjohannesburg.WordPress.2026-08-16.xml,tsml_meeting,/meetings,final-route,"meeting/location URLs use the structured finder with filters, map pins, and directions"
https://na.org.za/jhb/meetings/brixton-real-talk/,Brixton Real Talk - Wednesday - 19:30 - Online,narcoticsanonymousjohannesburg.WordPress.2026-08-16.xml,tsml_meeting,/meetings,final-route,"meeting/location URLs use the structured finder with filters, map pins, and directions"
https://na.org.za/jhb/meetings/bryanston-saturday-1800/,Bryanston - Saturday - 18:00,narcoticsanonymousjohannesburg.WordPress.2026-08-16.xml,tsml_meeting,/meetings,final-route,"meeting/location URLs use the structured finder with filters, map pins, and directions"
https://na.org.za/jhb/meetings/bryanston-thursday-1930/,Bryanston - Thursday - 19:30,narcoticsanonymousjohannesburg.WordPress.2026-08-16.xml,tsml_meeting,/meetings,final-route,"meeting/location URLs use the structured finder with filters, map pins, and directions"
https://na.org.za/jhb/meetings/central-western-jabavu-soweto-thursday-1800/,Central Western Jabavu Soweto - Thursday - 18:00,narcoticsanonymousjohannesburg.WordPress.2026-08-16.xml,tsml_meeting,/meetings,final-route,"meeting/location URLs use the structured finder with filters, map pins, and directions"
https://na.org.za/jhb/meetings/crosby-wednesday-1900/,Crosby - Wednesday - 19:00,narcoticsanonymousjohannesburg.WordPress.2026-08-16.xml,tsml_meeting,/meetings,final-route,"meeting/location URLs use the structured finder with filters, map pins, and directions"
https://na.org.za/jhb/meetings/diepkloof-thursdays-1800/,Diepkloof - Thursday - 18:00,narcoticsanonymousjohannesburg.WordPress.2026-08-16.xml,tsml_meeting,/meetings,final-route,"meeting/location URLs use the structured finder with filters, map pins, and directions"
https://na.org.za/jhb/meetings/diepkloof-tuesdays-1800/,Diepkloof - Tuesday - 18:00,narcoticsanonymousjohannesburg.WordPress.2026-08-16.xml,tsml_meeting,/meetings,final-route,"meeting/location URLs use the structured finder with filters, map pins, and directions"
https://na.org.za/jhb/meetings/diepsloot-friday-1030/,Diepsloot - Friday - 10:30,narcoticsanonymousjohannesburg.WordPress.2026-08-16.xml,tsml_meeting,/meetings,final-route,"meeting/location URLs use the structured finder with filters, map pins, and directions"
https://na.org.za/jhb/meetings/edenvale-friday-1900/,Edenvale - Friday - 19:00,narcoticsanonymousjohannesburg.WordPress.2026-08-16.xml,tsml_meeting,/meetings,final-route,"meeting/location URLs use the structured finder with filters, map pins, and directions"
https://na.org.za/jhb/meetings/edenvale-monday-1930/,Edenvale - Monday - 19:30,narcoticsanonymousjohannesburg.WordPress.2026-08-16.xml,tsml_meeting,/meetings,final-route,"meeting/location URLs use the structured finder with filters, map pins, and directions"
https://na.org.za/jhb/meetings/edenvale-wednesday-1930/,Edenvale - Wednesday - 19:30,narcoticsanonymousjohannesburg.WordPress.2026-08-16.xml,tsml_meeting,/meetings,final-route,"meeting/location URLs use the structured finder with filters, map pins, and directions"
https://na.org.za/jhb/meetings/eldorado-park-saturday-1000/,Eldorado Park - Saturday - 10:00,narcoticsanonymousjohannesburg.WordPress.2026-08-16.xml,tsml_meeting,/meetings,final-route,"meeting/location URLs use the structured finder with filters, map pins, and directions"
https://na.org.za/jhb/meetings/eldorado-park-wednesday-1930/,Eldorado Park - Wednesday - 19:30,narcoticsanonymousjohannesburg.WordPress.2026-08-16.xml,tsml_meeting,/meetings,final-route,"meeting/location URLs use the structured finder with filters, map pins, and directions"
https://na.org.za/jhb/meetings/ennerdale-tuesday-2000/,Ennerdale - Tuesday - 20:00,narcoticsanonymousjohannesburg.WordPress.2026-08-16.xml,tsml_meeting,/meetings,final-route,"meeting/location URLs use the structured finder with filters, map pins, and directions"
https://na.org.za/jhb/meetings/esihlahleni-tsakane-daily-1730/,Esihlahleni Tsakane - Daily - 17:30,narcoticsanonymousjohannesburg.WordPress.2026-08-16.xml,tsml_meeting,/meetings,final-route,"meeting/location URLs use the structured finder with filters, map pins, and directions"
https://na.org.za/jhb/meetings/fairlands-tuesday-1900/,Fairlands - Tuesday - 19:00,narcoticsanonymousjohannesburg.WordPress.2026-08-16.xml,tsml_meeting,/meetings,final-route,"meeting/location URLs use the structured finder with filters, map pins, and directions"
https://na.org.za/jhb/meetings/ferndale-friday-1800/,Ferndale - Friday - 18:00,narcoticsanonymousjohannesburg.WordPress.2026-08-16.xml,tsml_meeting,/meetings,final-route,"meeting/location URLs use the structured finder with filters, map pins, and directions"
https://na.org.za/jhb/meetings/florida-mondays-1830/,Florida - Monday - 18:30,narcoticsanonymousjohannesburg.WordPress.2026-08-16.xml,tsml_meeting,/meetings,final-route,"meeting/location URLs use the structured finder with filters, map pins, and directions"
https://na.org.za/jhb/meetings/forest-town-thursday-1930/,Forest Town - Thursday - 19:30,narcoticsanonymousjohannesburg.WordPress.2026-08-16.xml,tsml_meeting,/meetings,final-route,"meeting/location URLs use the structured finder with filters, map pins, and directions"
https://na.org.za/jhb/meetings/fourways-tuesdays-1930/,Fourways - Tuesdays - 19:30,narcoticsanonymousjohannesburg.WordPress.2026-08-16.xml,tsml_meeting,/meetings,final-route,"meeting/location URLs use the structured finder with filters, map pins, and directions"
https://na.org.za/jhb/meetings/huringham-saturday-0900/,Sandhurst - Saturday - Peacock Group - 09:00,narcoticsanonymousjohannesburg.WordPress.2026-08-16.xml,tsml_meeting,/meetings,final-route,"meeting/location URLs use the structured finder with filters, map pins, and directions"
https://na.org.za/jhb/meetings/isizulu-meeting-3/,isiZulu Meeting - Sunday - 20:30 - Online,narcoticsanonymousjohannesburg.WordPress.2026-08-16.xml,tsml_meeting,/meetings,final-route,"meeting/location URLs use the structured finder with filters, map pins, and directions"
https://na.org.za/jhb/meetings/kagiso-friday-1700/,Kagiso - Friday - 16:30,narcoticsanonymousjohannesburg.WordPress.2026-08-16.xml,tsml_meeting,/meetings,final-route,"meeting/location URLs use the structured finder with filters, map pins, and directions"
https://na.org.za/jhb/meetings/kempton-park-monday-1830/,Kempton Park - Monday - 18:30,narcoticsanonymousjohannesburg.WordPress.2026-08-16.xml,tsml_meeting,/meetings,final-route,"meeting/location URLs use the structured finder with filters, map pins, and directions"
https://na.org.za/jhb/meetings/klerksdorp-friday-1000/,Klerksdorp - Friday - 10:00,narcoticsanonymousjohannesburg.WordPress.2026-08-16.xml,tsml_meeting,/meetings,final-route,"meeting/location URLs use the structured finder with filters, map pins, and directions"
https://na.org.za/jhb/meetings/klerksdorp-monday-1000/,Klerksdorp - Monday - 10:00,narcoticsanonymousjohannesburg.WordPress.2026-08-16.xml,tsml_meeting,/meetings,final-route,"meeting/location URLs use the structured finder with filters, map pins, and directions"
https://na.org.za/jhb/meetings/klerksdorp-thursday-1800/,Klerksdorp - Thursday - 18:00,narcoticsanonymousjohannesburg.WordPress.2026-08-16.xml,tsml_meeting,/meetings,final-route,"meeting/location URLs use the structured finder with filters, map pins, and directions"
https://na.org.za/jhb/meetings/klerksdorp-wednesday-1000/,Klerksdorp - Wednesday - 10:00,narcoticsanonymousjohannesburg.WordPress.2026-08-16.xml,tsml_meeting,/meetings,final-route,"meeting/location URLs use the structured finder with filters, map pins, and directions"
https://na.org.za/jhb/meetings/krugersdorp-thursday-1900/,Krugersdorp - Thursday - 19:00,narcoticsanonymousjohannesburg.WordPress.2026-08-16.xml,tsml_meeting,/meetings,final-route,"meeting/location URLs use the structured finder with filters, map pins, and directions"
https://na.org.za/jhb/meetings/krugersdorp-tuesday/,Krugersdorp - Tuesday - 19:00,narcoticsanonymousjohannesburg.WordPress.2026-08-16.xml,tsml_meeting,/meetings,final-route,"meeting/location URLs use the structured finder with filters, map pins, and directions"
https://na.org.za/jhb/meetings/kyalami-tuesday-2000/,Kyalami - Tuesday - 19:00,narcoticsanonymousjohannesburg.WordPress.2026-08-16.xml,tsml_meeting,/meetings,final-route,"meeting/location URLs use the structured finder with filters, map pins, and directions"
https://na.org.za/jhb/meetings/lenasia-south-fridays-1930/,Daxina - Friday - 19:30,narcoticsanonymousjohannesburg.WordPress.2026-08-16.xml,tsml_meeting,/meetings,final-route,"meeting/location URLs use the structured finder with filters, map pins, and directions"
https://na.org.za/jhb/meetings/lenasia-south-wednesday-1900/,Lenasia South - Wednesday - 19:00,narcoticsanonymousjohannesburg.WordPress.2026-08-16.xml,tsml_meeting,/meetings,final-route,"meeting/location URLs use the structured finder with filters, map pins, and directions"
https://na.org.za/jhb/meetings/lenasia-wednesday-2000/,Lenasia - Monday- 20:00,narcoticsanonymousjohannesburg.WordPress.2026-08-16.xml,tsml_meeting,/meetings,final-route,"meeting/location URLs use the structured finder with filters, map pins, and directions"
https://na.org.za/jhb/meetings/lgbtqia-monday-1900-online/,LGBTQIA - Monday - 19:00 - Online,narcoticsanonymousjohannesburg.WordPress.2026-08-16.xml,tsml_meeting,/meetings,final-route,"meeting/location URLs use the structured finder with filters, map pins, and directions"
https://na.org.za/jhb/meetings/linden-friday-1930/,Linden - Friday - 19:30,narcoticsanonymousjohannesburg.WordPress.2026-08-16.xml,tsml_meeting,/meetings,final-route,"meeting/location URLs use the structured finder with filters, map pins, and directions"
https://na.org.za/jhb/meetings/mapetla-tuesdays-1800/,Mapetla - Tuesday - 18:00,narcoticsanonymousjohannesburg.WordPress.2026-08-16.xml,tsml_meeting,/meetings,final-route,"meeting/location URLs use the structured finder with filters, map pins, and directions"
https://na.org.za/jhb/meetings/midrand-thursday-1930/,Midrand - Thursday - 19:30,narcoticsanonymousjohannesburg.WordPress.2026-08-16.xml,tsml_meeting,/meetings,final-route,"meeting/location URLs use the structured finder with filters, map pins, and directions"
https://na.org.za/jhb/meetings/naledi-wednesday-1130/,Naledi - Wednesday - 11:30,narcoticsanonymousjohannesburg.WordPress.2026-08-16.xml,tsml_meeting,/meetings,final-route,"meeting/location URLs use the structured finder with filters, map pins, and directions"
https://na.org.za/jhb/meetings/narcotics-annonymous-fochville/,Fochville - Tuesday - 18:00,narcoticsanonymousjohannesburg.WordPress.2026-08-16.xml,tsml_meeting,/meetings,final-route,"meeting/location URLs use the structured finder with filters, map pins, and directions"
https://na.org.za/jhb/meetings/narcotics-anonymous-lenz-ext-10/,Lenasia Ext.10 - Wednesday - 19:30,narcoticsanonymousjohannesburg.WordPress.2026-08-16.xml,tsml_meeting,/meetings,final-route,"meeting/location URLs use the structured finder with filters, map pins, and directions"
https://na.org.za/jhb/meetings/newclare-tuesday-1930/,Newclare – Tuesday – 19:30 - Temp Closed,narcoticsanonymousjohannesburg.WordPress.2026-08-16.xml,tsml_meeting,/meetings,final-route,"meeting/location URLs use the structured finder with filters, map pins, and directions"
https://na.org.za/jhb/meetings/noordgesig-wednesday-1800/,Noordgesig - Wednesday - 18:00,narcoticsanonymousjohannesburg.WordPress.2026-08-16.xml,tsml_meeting,/meetings,final-route,"meeting/location URLs use the structured finder with filters, map pins, and directions"
https://na.org.za/jhb/meetings/norscort-wednesday-1900/,Norscort - Wednesday - 19:00,narcoticsanonymousjohannesburg.WordPress.2026-08-16.xml,tsml_meeting,/meetings,final-route,"meeting/location URLs use the structured finder with filters, map pins, and directions"
https://na.org.za/jhb/meetings/norscot-monday-1930/,Norscot - Monday - 19:30,narcoticsanonymousjohannesburg.WordPress.2026-08-16.xml,tsml_meeting,/meetings,final-route,"meeting/location URLs use the structured finder with filters, map pins, and directions"
https://na.org.za/jhb/meetings/northcliff-lgbtq-thursday/,Northcliff - Thursday - 19:30 (LGBTQ),narcoticsanonymousjohannesburg.WordPress.2026-08-16.xml,tsml_meeting,/meetings,final-route,"meeting/location URLs use the structured finder with filters, map pins, and directions"
https://na.org.za/jhb/meetings/northcliff-wednesday-1930/,Northcliff - Wednesday - 19:30,narcoticsanonymousjohannesburg.WordPress.2026-08-16.xml,tsml_meeting,/meetings,final-route,"meeting/location URLs use the structured finder with filters, map pins, and directions"
https://na.org.za/jhb/meetings/on-course-recovery-thursday-1915/,Glenvista - Thursday - 19:15,narcoticsanonymousjohannesburg.WordPress.2026-08-16.xml,tsml_meeting,/meetings,final-route,"meeting/location URLs use the structured finder with filters, map pins, and directions"
https://na.org.za/jhb/meetings/orange-farm-monday-1600/,Orange Farm - Wednesday - 14:00,narcoticsanonymousjohannesburg.WordPress.2026-08-16.xml,tsml_meeting,/meetings,final-route,"meeting/location URLs use the structured finder with filters, map pins, and directions"
https://na.org.za/jhb/meetings/outreach-12-past-midnight-meeting-2/,Outreach - Saturday - 00:00 - Online,narcoticsanonymousjohannesburg.WordPress.2026-08-16.xml,tsml_meeting,/meetings,final-route,"meeting/location URLs use the structured finder with filters, map pins, and directions"
https://na.org.za/jhb/meetings/parkhurst-sunday-1800/,Parkhurst - Sunday - 18:00,narcoticsanonymousjohannesburg.WordPress.2026-08-16.xml,tsml_meeting,/meetings,final-route,"meeting/location URLs use the structured finder with filters, map pins, and directions"
https://na.org.za/jhb/meetings/parkhurst-wednesday-1500/,Parkhurst - Sunday - 15:00,narcoticsanonymousjohannesburg.WordPress.2026-08-16.xml,tsml_meeting,/meetings,final-route,"meeting/location URLs use the structured finder with filters, map pins, and directions"
https://na.org.za/jhb/meetings/parkhurst-wednesday-1930/,Parkhurst - Wednesday - 19:30,narcoticsanonymousjohannesburg.WordPress.2026-08-16.xml,tsml_meeting,/meetings,final-route,"meeting/location URLs use the structured finder with filters, map pins, and directions"
https://na.org.za/jhb/meetings/phefeni-miracles/,Phefeni Soweto - Monday - 18:00,narcoticsanonymousjohannesburg.WordPress.2026-08-16.xml,tsml_meeting,/meetings,final-route,"meeting/location URLs use the structured finder with filters, map pins, and directions"
https://na.org.za/jhb/meetings/phiri-primary-purpose-monday-1800/,Senaone Soweto - Saturday - 17:30,narcoticsanonymousjohannesburg.WordPress.2026-08-16.xml,tsml_meeting,/meetings,final-route,"meeting/location URLs use the structured finder with filters, map pins, and directions"
https://na.org.za/jhb/meetings/protea-glen-tuesday-1200/,Protea Glen - Tuesday - 12:00,narcoticsanonymousjohannesburg.WordPress.2026-08-16.xml,tsml_meeting,/meetings,final-route,"meeting/location URLs use the structured finder with filters, map pins, and directions"
https://na.org.za/jhb/meetings/randburg-tuesday-1930/,Randburg - Tuesday - 19:30,narcoticsanonymousjohannesburg.WordPress.2026-08-16.xml,tsml_meeting,/meetings,final-route,"meeting/location URLs use the structured finder with filters, map pins, and directions"
https://na.org.za/jhb/meetings/randfontein-saturday-0900/,Randfontein - Saturday - 09:00,narcoticsanonymousjohannesburg.WordPress.2026-08-16.xml,tsml_meeting,/meetings,final-route,"meeting/location URLs use the structured finder with filters, map pins, and directions"
https://na.org.za/jhb/meetings/riverlea-thursday-1830/,Riverlea - Thursday - 18:30,narcoticsanonymousjohannesburg.WordPress.2026-08-16.xml,tsml_meeting,/meetings,final-route,"meeting/location URLs use the structured finder with filters, map pins, and directions"
https://na.org.za/jhb/meetings/rosebank-monday/,Rosebank - Monday - 19:30,narcoticsanonymousjohannesburg.WordPress.2026-08-16.xml,tsml_meeting,/meetings,final-route,"meeting/location URLs use the structured finder with filters, map pins, and directions"
https://na.org.za/jhb/meetings/rosettenville-na/,Rosettenville - Monday - 19:30 - Online,narcoticsanonymousjohannesburg.WordPress.2026-08-16.xml,tsml_meeting,/meetings,final-route,"meeting/location URLs use the structured finder with filters, map pins, and directions"
https://na.org.za/jhb/meetings/secunda-recovery-group-wednesday-1900/,Secunda Recovery Group - Wednesday - 19:00,narcoticsanonymousjohannesburg.WordPress.2026-08-16.xml,tsml_meeting,/meetings,final-route,"meeting/location URLs use the structured finder with filters, map pins, and directions"
https://na.org.za/jhb/meetings/senaoane-sunday-1630/,Senaone Soweto - Sunday - 16:30,narcoticsanonymousjohannesburg.WordPress.2026-08-16.xml,tsml_meeting,/meetings,final-route,"meeting/location URLs use the structured finder with filters, map pins, and directions"
https://na.org.za/jhb/meetings/senaone-soweto-monday-1800/,Senaone Soweto - Monday - 18:00,narcoticsanonymousjohannesburg.WordPress.2026-08-16.xml,tsml_meeting,/meetings,final-route,"meeting/location URLs use the structured finder with filters, map pins, and directions"
https://na.org.za/jhb/meetings/snake-park-friday-1200/,Snake Park – Friday – 12:00,narcoticsanonymousjohannesburg.WordPress.2026-08-16.xml,tsml_meeting,/meetings,final-route,"meeting/location URLs use the structured finder with filters, map pins, and directions"
https://na.org.za/jhb/meetings/snake-park-wednesday-1200/,Snake Park – Wednesday – 12:00,narcoticsanonymousjohannesburg.WordPress.2026-08-16.xml,tsml_meeting,/meetings,final-route,"meeting/location URLs use the structured finder with filters, map pins, and directions"
https://na.org.za/jhb/meetings/soweto-dube-fridays-1830-3/,Soweto Dube - Friday - 18:00,narcoticsanonymousjohannesburg.WordPress.2026-08-16.xml,tsml_meeting,/meetings,final-route,"meeting/location URLs use the structured finder with filters, map pins, and directions"
https://na.org.za/jhb/meetings/soweto-friday-1600/,Soweto - Friday - 16:00,narcoticsanonymousjohannesburg.WordPress.2026-08-16.xml,tsml_meeting,/meetings,final-route,"meeting/location URLs use the structured finder with filters, map pins, and directions"
https://na.org.za/jhb/meetings/soweto-pimville-wednesday-1830/,Pimville - Wednesday - 18:00,narcoticsanonymousjohannesburg.WordPress.2026-08-16.xml,tsml_meeting,/meetings,final-route,"meeting/location URLs use the structured finder with filters, map pins, and directions"
https://na.org.za/jhb/meetings/soweto-saturday-0900/,Soweto - Saturday - 09:00,narcoticsanonymousjohannesburg.WordPress.2026-08-16.xml,tsml_meeting,/meetings,final-route,"meeting/location URLs use the structured finder with filters, map pins, and directions"
https://na.org.za/jhb/meetings/soweto-thursday-1600/,Bram Fischerville - Thursday - 16:00,narcoticsanonymousjohannesburg.WordPress.2026-08-16.xml,tsml_meeting,/meetings,final-route,"meeting/location URLs use the structured finder with filters, map pins, and directions"
https://na.org.za/jhb/meetings/soweto-tuesday-1600/,Bram Fischerville - Tuesday - 16:00,narcoticsanonymousjohannesburg.WordPress.2026-08-16.xml,tsml_meeting,/meetings,final-route,"meeting/location URLs use the structured finder with filters, map pins, and directions"
https://na.org.za/jhb/meetings/sunninghill-sunday-sundowner/,Sunninghill - Sunday - 15:30,narcoticsanonymousjohannesburg.WordPress.2026-08-16.xml,tsml_meeting,/meetings,final-route,"meeting/location URLs use the structured finder with filters, map pins, and directions"
https://na.org.za/jhb/meetings/sydenham-meeting/,Sydenham - Sunday - 09:00,narcoticsanonymousjohannesburg.WordPress.2026-08-16.xml,tsml_meeting,/meetings,final-route,"meeting/location URLs use the structured finder with filters, map pins, and directions"
https://na.org.za/jhb/meetings/tembisa-friday-1830/,Tembisa - Friday -18:30,narcoticsanonymousjohannesburg.WordPress.2026-08-16.xml,tsml_meeting,/meetings,final-route,"meeting/location URLs use the structured finder with filters, map pins, and directions"
https://na.org.za/jhb/meetings/thames-house-group-monday-2000/,Thames House - Monday - 20:00,narcoticsanonymousjohannesburg.WordPress.2026-08-16.xml,tsml_meeting,/meetings,final-route,"meeting/location URLs use the structured finder with filters, map pins, and directions"
https://na.org.za/jhb/meetings/thembisa-na-meeting-wednesday-1830/,Thembisa - Wednesday - 18:30,narcoticsanonymousjohannesburg.WordPress.2026-08-16.xml,tsml_meeting,/meetings,final-route,"meeting/location URLs use the structured finder with filters, map pins, and directions"
https://na.org.za/jhb/meetings/toekomsrus-wednesdays-18h00-2/,Toekomsrus - Friday - 18h00,narcoticsanonymousjohannesburg.WordPress.2026-08-16.xml,tsml_meeting,/meetings,final-route,"meeting/location URLs use the structured finder with filters, map pins, and directions"
https://na.org.za/jhb/meetings/toekomsrus-wednesdays-18h00/,Toekomsrus - Wednesday - 18h00,narcoticsanonymousjohannesburg.WordPress.2026-08-16.xml,tsml_meeting,/meetings,final-route,"meeting/location URLs use the structured finder with filters, map pins, and directions"
https://na.org.za/jhb/meetings/towerby-tuesday-1900/,Towerby - Tuesday - 19:00 - Meeting is closed,narcoticsanonymousjohannesburg.WordPress.2026-08-16.xml,tsml_meeting,/meetings,final-route,"meeting/location URLs use the structured finder with filters, map pins, and directions"
https://na.org.za/jhb/meetings/vanderbijlpark-monday-1900/,Vanderbijlpark - Monday - 19:00,narcoticsanonymousjohannesburg.WordPress.2026-08-16.xml,tsml_meeting,/meetings,final-route,"meeting/location URLs use the structured finder with filters, map pins, and directions"
https://na.org.za/jhb/meetings/vosloorus-friday-1800/,Vosloorus - Friday - 18:00,narcoticsanonymousjohannesburg.WordPress.2026-08-16.xml,tsml_meeting,/meetings,final-route,"meeting/location URLs use the structured finder with filters, map pins, and directions"
https://na.org.za/jhb/meetings/vosloorus-wednesday-1800/,Vosloorus - Wednesday - 18:00,narcoticsanonymousjohannesburg.WordPress.2026-08-16.xml,tsml_meeting,/meetings,final-route,"meeting/location URLs use the structured finder with filters, map pins, and directions"
https://na.org.za/jhb/meetings/walkers-fruit-farms-thursday-1830/,Walkers Fruit Farms - Thursday - 18:30,narcoticsanonymousjohannesburg.WordPress.2026-08-16.xml,tsml_meeting,/meetings,final-route,"meeting/location URLs use the structured finder with filters, map pins, and directions"
https://na.org.za/jhb/meetings/wanderers-wednesday-1930/,Wanderers - Wednesday - 19:30,narcoticsanonymousjohannesburg.WordPress.2026-08-16.xml,tsml_meeting,/meetings,final-route,"meeting/location URLs use the structured finder with filters, map pins, and directions"
https://na.org.za/jhb/meetings/waverley-meeting/,Waverley - Tuesday - 19:30,narcoticsanonymousjohannesburg.WordPress.2026-08-16.xml,tsml_meeting,/meetings,final-route,"meeting/location URLs use the structured finder with filters, map pins, and directions"
https://na.org.za/jhb/meetings/weltevreden-park-mondays-1900/,Weltevreden Park - Monday - 19:00,narcoticsanonymousjohannesburg.WordPress.2026-08-16.xml,tsml_meeting,/meetings,final-route,"meeting/location URLs use the structured finder with filters, map pins, and directions"
https://na.org.za/jhb/meetings/weltevreden-park-thursdays-1930/,Weltevreden Park - Thursday - 19:30,narcoticsanonymousjohannesburg.WordPress.2026-08-16.xml,tsml_meeting,/meetings,final-route,"meeting/location URLs use the structured finder with filters, map pins, and directions"
https://na.org.za/jhb/meetings/zola-thursday-1130-2/,Zola Soweto - Thursday - 11:30,narcoticsanonymousjohannesburg.WordPress.2026-08-16.xml,tsml_meeting,/meetings,final-route,"meeting/location URLs use the structured finder with filters, map pins, and directions"
https://na.org.za/jhb/meetings/zola-tuesday-1130/,Zola Soweto - Tuesday - 11:30,narcoticsanonymousjohannesburg.WordPress.2026-08-16.xml,tsml_meeting,/meetings,final-route,"meeting/location URLs use the structured finder with filters, map pins, and directions"
https://na.org.za/jhb/na-meetings/,Meetings,narcoticsanonymousjohannesburg.WordPress.2026-08-16.xml,page,/recovery,final-route,recovery and newcomer guidance consolidates in the recovery section
https://na.org.za/jhb/na-terminology/,NA Terminology,narcoticsanonymousjohannesburg.WordPress.2026-08-16.xml,page,/areas,final-route,regional information consolidates in the area directory
https://na.org.za/jhb/new-to-na/,New To NA,narcoticsanonymousjohannesburg.WordPress.2026-08-16.xml,page,/areas,final-route,regional information consolidates in the area directory
https://na.org.za/jhb/policies/,Policies,narcoticsanonymousjohannesburg.WordPress.2026-08-16.xml,page,/areas,final-route,regional information consolidates in the area directory
https://na.org.za/jhb/predatory-behaviour/,Predatory Behaviour,narcoticsanonymousjohannesburg.WordPress.2026-08-16.xml,page,/areas,final-route,regional information consolidates in the area directory
https://na.org.za/jhb/subcommittees/,Subcommittees,narcoticsanonymousjohannesburg.WordPress.2026-08-16.xml,page,/areas,final-route,regional information consolidates in the area directory
https://na.org.za/kzn/,Home,narcoticsanonymouskwazulu-natal.WordPress.2026-08-16.xml,page,/areas,final-route,regional information consolidates in the area directory
https://na.org.za/kzn/2025/11/18/hello-world/,Hello world!,narcoticsanonymouskwazulu-natal.WordPress.2026-08-16.xml,post,/areas,final-route,regional information consolidates in the area directory
https://na.org.za/kzn/?post_type=tsml_location&p=8869,Archie Gumede Thusong Sizakala Centre,narcoticsanonymouskwazulu-natal.WordPress.2026-08-16.xml,tsml_location,/areas,final-route,regional information consolidates in the area directory
https://na.org.za/kzn/?post_type=tsml_meeting&p=8870,Clermont isiZulu Meeting,narcoticsanonymouskwazulu-natal.WordPress.2026-08-16.xml,tsml_meeting,/recovery,final-route,recovery and newcomer guidance consolidates in the recovery section
https://na.org.za/kzn/area-service-committee/,Area Service Committee,narcoticsanonymouskwazulu-natal.WordPress.2026-08-16.xml,page,/areas,final-route,regional information consolidates in the area directory
https://na.org.za/kzn/downloads/,Downloads,narcoticsanonymouskwazulu-natal.WordPress.2026-08-16.xml,page,/literature,final-route,resource and literature content consolidates in the rebuilt library
https://na.org.za/kzn/literature/,Literature,narcoticsanonymouskwazulu-natal.WordPress.2026-08-16.xml,page,/literature,final-route,resource and literature content consolidates in the rebuilt library
https://na.org.za/kzn/locations/40-gaysingh-rd-northdale-pietermaritzburg-3201-south-africa/,"40 Gaysingh Rd, Northdale, Pietermaritzburg, 3201, South Africa",narcoticsanonymouskwazulu-natal.WordPress.2026-08-16.xml,tsml_location,/meetings,final-route,"meeting/location URLs use the structured finder with filters, map pins, and directions"
https://na.org.za/kzn/locations/ballito-public-library/,Ballito Public Library,narcoticsanonymouskwazulu-natal.WordPress.2026-08-16.xml,tsml_location,/meetings,final-route,"meeting/location URLs use the structured finder with filters, map pins, and directions"
https://na.org.za/kzn/locations/belverdere-community-centre/,Belverdere Community Centre,narcoticsanonymouskwazulu-natal.WordPress.2026-08-16.xml,tsml_location,/meetings,final-route,"meeting/location URLs use the structured finder with filters, map pins, and directions"
https://na.org.za/kzn/locations/berachah-church/,Berachah Church,narcoticsanonymouskwazulu-natal.WordPress.2026-08-16.xml,tsml_location,/meetings,final-route,"meeting/location URLs use the structured finder with filters, map pins, and directions"
https://na.org.za/kzn/locations/berea-church/,Berea Church,narcoticsanonymouskwazulu-natal.WordPress.2026-08-16.xml,tsml_location,/meetings,final-route,"meeting/location URLs use the structured finder with filters, map pins, and directions"
https://na.org.za/kzn/locations/blessed-liberat-catholic-church/,Blessed Liberat Catholic Church,narcoticsanonymouskwazulu-natal.WordPress.2026-08-16.xml,tsml_location,/meetings,final-route,"meeting/location URLs use the structured finder with filters, map pins, and directions"
https://na.org.za/kzn/locations/buffelsdale-community-hall/,Buffelsdale Community Hall,narcoticsanonymouskwazulu-natal.WordPress.2026-08-16.xml,tsml_location,/meetings,final-route,"meeting/location URLs use the structured finder with filters, map pins, and directions"
https://na.org.za/kzn/locations/christ-church-north-coast-2/,Christ Church North Coast,narcoticsanonymouskwazulu-natal.WordPress.2026-08-16.xml,tsml_location,/meetings,final-route,"meeting/location URLs use the structured finder with filters, map pins, and directions"
https://na.org.za/kzn/locations/christ-church-north-coast/,Christ Church North Coast,narcoticsanonymouskwazulu-natal.WordPress.2026-08-16.xml,tsml_location,/meetings,final-route,"meeting/location URLs use the structured finder with filters, map pins, and directions"
https://na.org.za/kzn/locations/collegevale-primary-school/,Collegevale Primary School,narcoticsanonymouskwazulu-natal.WordPress.2026-08-16.xml,tsml_location,/meetings,final-route,"meeting/location URLs use the structured finder with filters, map pins, and directions"
https://na.org.za/kzn/locations/denis-hurley-centre/,Denis Hurley Centre,narcoticsanonymouskwazulu-natal.WordPress.2026-08-16.xml,tsml_location,/meetings,final-route,"meeting/location URLs use the structured finder with filters, map pins, and directions"
https://na.org.za/kzn/locations/depot-road-memorial-primary-school/,Depot Road Memorial Primary School,narcoticsanonymouskwazulu-natal.WordPress.2026-08-16.xml,tsml_location,/meetings,final-route,"meeting/location URLs use the structured finder with filters, map pins, and directions"
https://na.org.za/kzn/locations/durban-north-methodist-church/,Durban North Methodist Church,narcoticsanonymouskwazulu-natal.WordPress.2026-08-16.xml,tsml_location,/meetings,final-route,"meeting/location URLs use the structured finder with filters, map pins, and directions"
https://na.org.za/kzn/locations/foresthaven-secondary-school/,Foresthaven Secondary School,narcoticsanonymouskwazulu-natal.WordPress.2026-08-16.xml,tsml_location,/meetings,final-route,"meeting/location URLs use the structured finder with filters, map pins, and directions"
https://na.org.za/kzn/locations/fynnlands-primary-school/,Fynnlands Primary School,narcoticsanonymouskwazulu-natal.WordPress.2026-08-16.xml,tsml_location,/meetings,final-route,"meeting/location URLs use the structured finder with filters, map pins, and directions"
https://na.org.za/kzn/locations/girl-guide-hall/,Girl Guide Hall,narcoticsanonymouskwazulu-natal.WordPress.2026-08-16.xml,tsml_location,/meetings,final-route,"meeting/location URLs use the structured finder with filters, map pins, and directions"
https://na.org.za/kzn/locations/good-tidings-full-gospel-church/,Good Tidings Full Gospel Church,narcoticsanonymouskwazulu-natal.WordPress.2026-08-16.xml,tsml_location,/meetings,final-route,"meeting/location URLs use the structured finder with filters, map pins, and directions"
https://na.org.za/kzn/locations/hillcrest-presbyterian-family-church/,Hillcrest Presbyterian Family Church,narcoticsanonymouskwazulu-natal.WordPress.2026-08-16.xml,tsml_location,/meetings,final-route,"meeting/location URLs use the structured finder with filters, map pins, and directions"
https://na.org.za/kzn/locations/holy-trinity-church/,Holy Trinity Church,narcoticsanonymouskwazulu-natal.WordPress.2026-08-16.xml,tsml_location,/meetings,final-route,"meeting/location URLs use the structured finder with filters, map pins, and directions"
https://na.org.za/kzn/locations/immanuel-church/,Immanuel Church,narcoticsanonymouskwazulu-natal.WordPress.2026-08-16.xml,tsml_location,/meetings,final-route,"meeting/location URLs use the structured finder with filters, map pins, and directions"
https://na.org.za/kzn/locations/jesus-international-ministry/,Jesus International Ministry,narcoticsanonymouskwazulu-natal.WordPress.2026-08-16.xml,tsml_location,/meetings,final-route,"meeting/location URLs use the structured finder with filters, map pins, and directions"
https://na.org.za/kzn/locations/kwazulu-natal/,Kwazulu-Natal,narcoticsanonymouskwazulu-natal.WordPress.2026-08-16.xml,tsml_location,/meetings,final-route,"meeting/location URLs use the structured finder with filters, map pins, and directions"
https://na.org.za/kzn/locations/margate-methodist-church/,Margate Methodist Church,narcoticsanonymouskwazulu-natal.WordPress.2026-08-16.xml,tsml_location,/meetings,final-route,"meeting/location URLs use the structured finder with filters, map pins, and directions"
https://na.org.za/kzn/locations/merebank-secondary/,Merebank Secondary,narcoticsanonymouskwazulu-natal.WordPress.2026-08-16.xml,tsml_location,/meetings,final-route,"meeting/location URLs use the structured finder with filters, map pins, and directions"
https://na.org.za/kzn/locations/nelson-mandela-youth-centre/,Nelson Mandela Youth Centre,narcoticsanonymouskwazulu-natal.WordPress.2026-08-16.xml,tsml_location,/meetings,final-route,"meeting/location URLs use the structured finder with filters, map pins, and directions"
https://na.org.za/kzn/locations/newlands-east-library/,Newlands East Library,narcoticsanonymouskwazulu-natal.WordPress.2026-08-16.xml,tsml_location,/meetings,final-route,"meeting/location URLs use the structured finder with filters, map pins, and directions"
https://na.org.za/kzn/locations/ngk-nederduitse-gereformeerde-kerk-church/,NGK (Nederduitse Gereformeerde Kerk) Church,narcoticsanonymouskwazulu-natal.WordPress.2026-08-16.xml,tsml_location,/meetings,final-route,"meeting/location URLs use the structured finder with filters, map pins, and directions"
https://na.org.za/kzn/locations/north-beach-in-front-of-minitown/,North Beach in front of Minitown,narcoticsanonymouskwazulu-natal.WordPress.2026-08-16.xml,tsml_location,/meetings,final-route,"meeting/location URLs use the structured finder with filters, map pins, and directions"
https://na.org.za/kzn/locations/olive-tree-church-kloof/,Olive Tree Church Kloof,narcoticsanonymouskwazulu-natal.WordPress.2026-08-16.xml,tsml_location,/meetings,final-route,"meeting/location URLs use the structured finder with filters, map pins, and directions"
https://na.org.za/kzn/locations/parish-of-the-immaculate-conception-catholic-church/,Parish of the Immaculate Conception Catholic Church,narcoticsanonymouskwazulu-natal.WordPress.2026-08-16.xml,tsml_location,/meetings,final-route,"meeting/location URLs use the structured finder with filters, map pins, and directions"
https://na.org.za/kzn/locations/pennington-methodist-church/,"Pennington Methodist Church,",narcoticsanonymouskwazulu-natal.WordPress.2026-08-16.xml,tsml_location,/meetings,final-route,"meeting/location URLs use the structured finder with filters, map pins, and directions"
https://na.org.za/kzn/locations/phoenix-victory-center/,Phoenix Victory Center,narcoticsanonymouskwazulu-natal.WordPress.2026-08-16.xml,tsml_location,/meetings,final-route,"meeting/location URLs use the structured finder with filters, map pins, and directions"
https://na.org.za/kzn/locations/queensburgh-community-hall/,Queensburgh Community Hall,narcoticsanonymouskwazulu-natal.WordPress.2026-08-16.xml,tsml_location,/meetings,final-route,"meeting/location URLs use the structured finder with filters, map pins, and directions"
https://na.org.za/kzn/locations/raisethorpe-high-school/,Raisethorpe High School,narcoticsanonymouskwazulu-natal.WordPress.2026-08-16.xml,tsml_location,/meetings,final-route,"meeting/location URLs use the structured finder with filters, map pins, and directions"
https://na.org.za/kzn/locations/redhill-public-library/,Redhill Public Library,narcoticsanonymouskwazulu-natal.WordPress.2026-08-16.xml,tsml_location,/meetings,final-route,"meeting/location URLs use the structured finder with filters, map pins, and directions"
https://na.org.za/kzn/locations/rock-foundation-ministries-corner-of-strandbrook-and-towerbrook/,"Rock Foundation Ministries, corner of Strandbrook and Towerbrook",narcoticsanonymouskwazulu-natal.WordPress.2026-08-16.xml,tsml_location,/meetings,final-route,"meeting/location URLs use the structured finder with filters, map pins, and directions"
https://na.org.za/kzn/locations/rock-foundation-ministries/,Rock Foundation Ministries,narcoticsanonymouskwazulu-natal.WordPress.2026-08-16.xml,tsml_location,/meetings,final-route,"meeting/location URLs use the structured finder with filters, map pins, and directions"
https://na.org.za/kzn/locations/salt-rock-library/,Salt Rock Library,narcoticsanonymouskwazulu-natal.WordPress.2026-08-16.xml,tsml_location,/meetings,final-route,"meeting/location URLs use the structured finder with filters, map pins, and directions"
https://na.org.za/kzn/locations/scottburgh-beach-marine-terrace-near-caravan-park/,"Scottburgh Beach, Marine Terrace (Near caravan park)",narcoticsanonymouskwazulu-natal.WordPress.2026-08-16.xml,tsml_location,/meetings,final-route,"meeting/location URLs use the structured finder with filters, map pins, and directions"
https://na.org.za/kzn/locations/scottsville-pietermaritzburg/,"Scottsville, Pietermaritzburg",narcoticsanonymouskwazulu-natal.WordPress.2026-08-16.xml,tsml_location,/meetings,final-route,"meeting/location URLs use the structured finder with filters, map pins, and directions"
https://na.org.za/kzn/locations/shrimati-anandben-desai-pre-primary-school/,Shrimati Anandben Desai Pre-Primary School,narcoticsanonymouskwazulu-natal.WordPress.2026-08-16.xml,tsml_location,/meetings,final-route,"meeting/location URLs use the structured finder with filters, map pins, and directions"
https://na.org.za/kzn/locations/st-barnabus-church/,St Barnabus Church,narcoticsanonymouskwazulu-natal.WordPress.2026-08-16.xml,tsml_location,/meetings,final-route,"meeting/location URLs use the structured finder with filters, map pins, and directions"
https://na.org.za/kzn/locations/st-josephs-catholic-church/,St Josephs Catholic Church,narcoticsanonymouskwazulu-natal.WordPress.2026-08-16.xml,tsml_location,/meetings,final-route,"meeting/location URLs use the structured finder with filters, map pins, and directions"
https://na.org.za/kzn/locations/st-marys-anglican-church/,St Mary’s Anglican Church,narcoticsanonymouskwazulu-natal.WordPress.2026-08-16.xml,tsml_location,/meetings,final-route,"meeting/location URLs use the structured finder with filters, map pins, and directions"
https://na.org.za/kzn/locations/st-thomas-anglican-church/,St Thomas Anglican Church,narcoticsanonymouskwazulu-natal.WordPress.2026-08-16.xml,tsml_location,/meetings,final-route,"meeting/location URLs use the structured finder with filters, map pins, and directions"
https://na.org.za/kzn/locations/thekwini-tvet-college/,Thekwini TVET College,narcoticsanonymouskwazulu-natal.WordPress.2026-08-16.xml,tsml_location,/meetings,final-route,"meeting/location URLs use the structured finder with filters, map pins, and directions"
https://na.org.za/kzn/locations/tongaat-central-library/,Tongaat Central Library,narcoticsanonymouskwazulu-natal.WordPress.2026-08-16.xml,tsml_location,/meetings,final-route,"meeting/location URLs use the structured finder with filters, map pins, and directions"
https://na.org.za/kzn/locations/umbilo-methodist-church/,Umbilo Methodist Church,narcoticsanonymouskwazulu-natal.WordPress.2026-08-16.xml,tsml_location,/meetings,final-route,"meeting/location URLs use the structured finder with filters, map pins, and directions"
https://na.org.za/kzn/locations/wayside-chapel/,Wayside Chapel,narcoticsanonymouskwazulu-natal.WordPress.2026-08-16.xml,tsml_location,/meetings,final-route,"meeting/location URLs use the structured finder with filters, map pins, and directions"
https://na.org.za/kzn/locations/westville-methodist-church/,Westville Methodist Church,narcoticsanonymouskwazulu-natal.WordPress.2026-08-16.xml,tsml_location,/meetings,final-route,"meeting/location URLs use the structured finder with filters, map pins, and directions"
https://na.org.za/kzn/locations/wings-of-love-building/,Wings of Love Building,narcoticsanonymouskwazulu-natal.WordPress.2026-08-16.xml,tsml_location,/meetings,final-route,"meeting/location URLs use the structured finder with filters, map pins, and directions"
https://na.org.za/kzn/meetings/amanzimtoti-tuesday/,Amanzimtoti Tuesday,narcoticsanonymouskwazulu-natal.WordPress.2026-08-16.xml,tsml_meeting,/meetings,final-route,"meeting/location URLs use the structured finder with filters, map pins, and directions"
https://na.org.za/kzn/meetings/austerville-friday/,Austerville Friday,narcoticsanonymouskwazulu-natal.WordPress.2026-08-16.xml,tsml_meeting,/meetings,final-route,"meeting/location URLs use the structured finder with filters, map pins, and directions"
https://na.org.za/kzn/meetings/austerville-monday/,Austerville Monday,narcoticsanonymouskwazulu-natal.WordPress.2026-08-16.xml,tsml_meeting,/meetings,final-route,"meeting/location URLs use the structured finder with filters, map pins, and directions"
https://na.org.za/kzn/meetings/austerville-wednesday/,Austerville Wednesday,narcoticsanonymouskwazulu-natal.WordPress.2026-08-16.xml,tsml_meeting,/meetings,final-route,"meeting/location URLs use the structured finder with filters, map pins, and directions"
https://na.org.za/kzn/meetings/ballito-saturday/,Ballito Saturday,narcoticsanonymouskwazulu-natal.WordPress.2026-08-16.xml,tsml_meeting,/meetings,final-route,"meeting/location URLs use the structured finder with filters, map pins, and directions"
https://na.org.za/kzn/meetings/bluff-tuesday/,Vision of Hope Bluff Group,narcoticsanonymouskwazulu-natal.WordPress.2026-08-16.xml,tsml_meeting,/meetings,final-route,"meeting/location URLs use the structured finder with filters, map pins, and directions"
https://na.org.za/kzn/meetings/buffelsdale-wednesday-meeting/,Buffelsdale Wednesday Meeting,narcoticsanonymouskwazulu-natal.WordPress.2026-08-16.xml,tsml_meeting,/meetings,final-route,"meeting/location URLs use the structured finder with filters, map pins, and directions"
https://na.org.za/kzn/meetings/chatsworth-monday/,Chatsworth Monday,narcoticsanonymouskwazulu-natal.WordPress.2026-08-16.xml,tsml_meeting,/meetings,final-route,"meeting/location URLs use the structured finder with filters, map pins, and directions"
https://na.org.za/kzn/meetings/chatsworth-wednesday-step-work/,Chatsworth Wednesday - Step Work,narcoticsanonymouskwazulu-natal.WordPress.2026-08-16.xml,tsml_meeting,/meetings,final-route,"meeting/location URLs use the structured finder with filters, map pins, and directions"
https://na.org.za/kzn/meetings/city-group-wednesday/,City Group Wednesday,narcoticsanonymouskwazulu-natal.WordPress.2026-08-16.xml,tsml_meeting,/meetings,final-route,"meeting/location URLs use the structured finder with filters, map pins, and directions"
https://na.org.za/kzn/meetings/durban-beach-sunday/,Durban Beach Sunday,narcoticsanonymouskwazulu-natal.WordPress.2026-08-16.xml,tsml_meeting,/meetings,final-route,"meeting/location URLs use the structured finder with filters, map pins, and directions"
https://na.org.za/kzn/meetings/durban-north-monday/,Durban North Monday,narcoticsanonymouskwazulu-natal.WordPress.2026-08-16.xml,tsml_meeting,/meetings,final-route,"meeting/location URLs use the structured finder with filters, map pins, and directions"
https://na.org.za/kzn/meetings/friday-ballito-beach-meeting/,Salt Rock Friday Beach Meeting,narcoticsanonymouskwazulu-natal.WordPress.2026-08-16.xml,tsml_meeting,/meetings,final-route,"meeting/location URLs use the structured finder with filters, map pins, and directions"
https://na.org.za/kzn/meetings/fynnlands-thursday/,Together We Can - Fynnlands Group,narcoticsanonymouskwazulu-natal.WordPress.2026-08-16.xml,tsml_meeting,/meetings,final-route,"meeting/location URLs use the structured finder with filters, map pins, and directions"
https://na.org.za/kzn/meetings/hillcrest-sunday/,Hillcrest Sunday,narcoticsanonymouskwazulu-natal.WordPress.2026-08-16.xml,tsml_meeting,/meetings,final-route,"meeting/location URLs use the structured finder with filters, map pins, and directions"
https://na.org.za/kzn/meetings/hillcrest-thursday/,Hillcrest Thursday,narcoticsanonymouskwazulu-natal.WordPress.2026-08-16.xml,tsml_meeting,/meetings,final-route,"meeting/location URLs use the structured finder with filters, map pins, and directions"
https://na.org.za/kzn/meetings/howick-friday/,Howick Friday,narcoticsanonymouskwazulu-natal.WordPress.2026-08-16.xml,tsml_meeting,/meetings,final-route,"meeting/location URLs use the structured finder with filters, map pins, and directions"
https://na.org.za/kzn/meetings/howick-wednesday-mens-meeting/,Howick Wednesday,narcoticsanonymouskwazulu-natal.WordPress.2026-08-16.xml,tsml_meeting,/meetings,final-route,"meeting/location URLs use the structured finder with filters, map pins, and directions"
https://na.org.za/kzn/meetings/isizulu-saturday/,IsiZulu Saturday,narcoticsanonymouskwazulu-natal.WordPress.2026-08-16.xml,tsml_meeting,/meetings,final-route,"meeting/location URLs use the structured finder with filters, map pins, and directions"
https://na.org.za/kzn/meetings/isizulu-sunday-online/,isiZulu Sunday Online,narcoticsanonymouskwazulu-natal.WordPress.2026-08-16.xml,tsml_meeting,/meetings,final-route,"meeting/location URLs use the structured finder with filters, map pins, and directions"
https://na.org.za/kzn/meetings/kloof-tuesday/,Kloof Tuesday,narcoticsanonymouskwazulu-natal.WordPress.2026-08-16.xml,tsml_meeting,/meetings,final-route,"meeting/location URLs use the structured finder with filters, map pins, and directions"
https://na.org.za/kzn/meetings/margate-thursday/,Margate Thursday,narcoticsanonymouskwazulu-natal.WordPress.2026-08-16.xml,tsml_meeting,/meetings,final-route,"meeting/location URLs use the structured finder with filters, map pins, and directions"
https://na.org.za/kzn/meetings/merebank-sunday/,Merebank Sunday,narcoticsanonymouskwazulu-natal.WordPress.2026-08-16.xml,tsml_meeting,/meetings,final-route,"meeting/location URLs use the structured finder with filters, map pins, and directions"
https://na.org.za/kzn/meetings/musgrave-friday/,Musgrave Friday,narcoticsanonymouskwazulu-natal.WordPress.2026-08-16.xml,tsml_meeting,/meetings,final-route,"meeting/location URLs use the structured finder with filters, map pins, and directions"
https://na.org.za/kzn/meetings/newlands-east-monday/,Newlands East Monday,narcoticsanonymouskwazulu-natal.WordPress.2026-08-16.xml,tsml_meeting,/meetings,final-route,"meeting/location URLs use the structured finder with filters, map pins, and directions"
https://na.org.za/kzn/meetings/newlands-west-thursday/,Newlands West Thursday,narcoticsanonymouskwazulu-natal.WordPress.2026-08-16.xml,tsml_meeting,/meetings,final-route,"meeting/location URLs use the structured finder with filters, map pins, and directions"
https://na.org.za/kzn/meetings/overport-sunday/,Morningside Sunday,narcoticsanonymouskwazulu-natal.WordPress.2026-08-16.xml,tsml_meeting,/meetings,final-route,"meeting/location URLs use the structured finder with filters, map pins, and directions"
https://na.org.za/kzn/meetings/park-rynie-sunday/,Park Rynie Sunday,narcoticsanonymouskwazulu-natal.WordPress.2026-08-16.xml,tsml_meeting,/meetings,final-route,"meeting/location URLs use the structured finder with filters, map pins, and directions"
https://na.org.za/kzn/meetings/pennington-tuesday/,Pennington Tuesday,narcoticsanonymouskwazulu-natal.WordPress.2026-08-16.xml,tsml_meeting,/meetings,final-route,"meeting/location URLs use the structured finder with filters, map pins, and directions"
https://na.org.za/kzn/meetings/phoenix-friday/,Phoenix Friday,narcoticsanonymouskwazulu-natal.WordPress.2026-08-16.xml,tsml_meeting,/meetings,final-route,"meeting/location URLs use the structured finder with filters, map pins, and directions"
https://na.org.za/kzn/meetings/phoenix-monday/,Phoenix Monday,narcoticsanonymouskwazulu-natal.WordPress.2026-08-16.xml,tsml_meeting,/meetings,final-route,"meeting/location URLs use the structured finder with filters, map pins, and directions"
https://na.org.za/kzn/meetings/phoenix-saturday/,Phoenix Saturday,narcoticsanonymouskwazulu-natal.WordPress.2026-08-16.xml,tsml_meeting,/meetings,final-route,"meeting/location URLs use the structured finder with filters, map pins, and directions"
https://na.org.za/kzn/meetings/phoenix-sunday/,Phoenix Sunday,narcoticsanonymouskwazulu-natal.WordPress.2026-08-16.xml,tsml_meeting,/meetings,final-route,"meeting/location URLs use the structured finder with filters, map pins, and directions"
https://na.org.za/kzn/meetings/phoenix-thursday/,Phoenix Thursday,narcoticsanonymouskwazulu-natal.WordPress.2026-08-16.xml,tsml_meeting,/meetings,final-route,"meeting/location URLs use the structured finder with filters, map pins, and directions"
https://na.org.za/kzn/meetings/phoenix-tuesday/,Phoenix Tuesday,narcoticsanonymouskwazulu-natal.WordPress.2026-08-16.xml,tsml_meeting,/meetings,final-route,"meeting/location URLs use the structured finder with filters, map pins, and directions"
https://na.org.za/kzn/meetings/pinetown-saturday/,Pinetown Saturday,narcoticsanonymouskwazulu-natal.WordPress.2026-08-16.xml,tsml_meeting,/meetings,final-route,"meeting/location URLs use the structured finder with filters, map pins, and directions"
https://na.org.za/kzn/meetings/pmb-friday/,PMB Northdale Thursday,narcoticsanonymouskwazulu-natal.WordPress.2026-08-16.xml,tsml_meeting,/meetings,final-route,"meeting/location URLs use the structured finder with filters, map pins, and directions"
https://na.org.za/kzn/meetings/pmb-midlands-friday/,PMB Midlands Friday,narcoticsanonymouskwazulu-natal.WordPress.2026-08-16.xml,tsml_meeting,/meetings,final-route,"meeting/location URLs use the structured finder with filters, map pins, and directions"
https://na.org.za/kzn/meetings/pmb-saturday/,NA PMB Group Saturday,narcoticsanonymouskwazulu-natal.WordPress.2026-08-16.xml,tsml_meeting,/meetings,final-route,"meeting/location URLs use the structured finder with filters, map pins, and directions"
https://na.org.za/kzn/meetings/pmb-tuesday/,PMB Midlands Tuesday,narcoticsanonymouskwazulu-natal.WordPress.2026-08-16.xml,tsml_meeting,/meetings,final-route,"meeting/location URLs use the structured finder with filters, map pins, and directions"
https://na.org.za/kzn/meetings/pmb-wednesday/,NA PMB Group Wednesday,narcoticsanonymouskwazulu-natal.WordPress.2026-08-16.xml,tsml_meeting,/meetings,final-route,"meeting/location URLs use the structured finder with filters, map pins, and directions"
https://na.org.za/kzn/meetings/redhill-friday/,Redhill Saturday,narcoticsanonymouskwazulu-natal.WordPress.2026-08-16.xml,tsml_meeting,/meetings,final-route,"meeting/location URLs use the structured finder with filters, map pins, and directions"
https://na.org.za/kzn/meetings/redhill-tuesday/,Redhill Tuesday,narcoticsanonymouskwazulu-natal.WordPress.2026-08-16.xml,tsml_meeting,/meetings,final-route,"meeting/location URLs use the structured finder with filters, map pins, and directions"
https://na.org.za/kzn/meetings/richards-bay-thursday/,Richards Bay Thursday,narcoticsanonymouskwazulu-natal.WordPress.2026-08-16.xml,tsml_meeting,/meetings,final-route,"meeting/location URLs use the structured finder with filters, map pins, and directions"
https://na.org.za/kzn/meetings/salt-rock-wednesday/,Salt Rock Wednesday,narcoticsanonymouskwazulu-natal.WordPress.2026-08-16.xml,tsml_meeting,/meetings,final-route,"meeting/location URLs use the structured finder with filters, map pins, and directions"
https://na.org.za/kzn/meetings/scottburgh-friday/,Scottburgh Friday,narcoticsanonymouskwazulu-natal.WordPress.2026-08-16.xml,tsml_meeting,/meetings,final-route,"meeting/location URLs use the structured finder with filters, map pins, and directions"
https://na.org.za/kzn/meetings/scottburgh-saturday/,Scottburgh Saturday,narcoticsanonymouskwazulu-natal.WordPress.2026-08-16.xml,tsml_meeting,/meetings,final-route,"meeting/location URLs use the structured finder with filters, map pins, and directions"
https://na.org.za/kzn/meetings/scottsville-saturday-online/,Scottsville Saturday Online,narcoticsanonymouskwazulu-natal.WordPress.2026-08-16.xml,tsml_meeting,/meetings,final-route,"meeting/location URLs use the structured finder with filters, map pins, and directions"
https://na.org.za/kzn/meetings/sydenham-friday/,Sydenham Friday,narcoticsanonymouskwazulu-natal.WordPress.2026-08-16.xml,tsml_meeting,/meetings,final-route,"meeting/location URLs use the structured finder with filters, map pins, and directions"
https://na.org.za/kzn/meetings/sydenham-saturday/,Sydenham Men's Meeting,narcoticsanonymouskwazulu-natal.WordPress.2026-08-16.xml,tsml_meeting,/meetings,final-route,"meeting/location URLs use the structured finder with filters, map pins, and directions"
https://na.org.za/kzn/meetings/thursday-queensburgh/,Queensburgh Thursday,narcoticsanonymouskwazulu-natal.WordPress.2026-08-16.xml,tsml_meeting,/meetings,final-route,"meeting/location URLs use the structured finder with filters, map pins, and directions"
https://na.org.za/kzn/meetings/tongaat-saturday/,Tongaat Saturday,narcoticsanonymouskwazulu-natal.WordPress.2026-08-16.xml,tsml_meeting,/meetings,final-route,"meeting/location URLs use the structured finder with filters, map pins, and directions"
https://na.org.za/kzn/meetings/tongaat-sunday/,Tongaat Sunday,narcoticsanonymouskwazulu-natal.WordPress.2026-08-16.xml,tsml_meeting,/meetings,final-route,"meeting/location URLs use the structured finder with filters, map pins, and directions"
https://na.org.za/kzn/meetings/tongaat-thursday/,Tongaat Thursday,narcoticsanonymouskwazulu-natal.WordPress.2026-08-16.xml,tsml_meeting,/meetings,final-route,"meeting/location URLs use the structured finder with filters, map pins, and directions"
https://na.org.za/kzn/meetings/tongaat-tuesday/,Tongaat Tuesday,narcoticsanonymouskwazulu-natal.WordPress.2026-08-16.xml,tsml_meeting,/meetings,final-route,"meeting/location URLs use the structured finder with filters, map pins, and directions"
https://na.org.za/kzn/meetings/toti-sunday-steps-meeting/,Toti Sunday Steps Meeting,narcoticsanonymouskwazulu-natal.WordPress.2026-08-16.xml,tsml_meeting,/meetings,final-route,"meeting/location URLs use the structured finder with filters, map pins, and directions"
https://na.org.za/kzn/meetings/umbilo-monday/,Umbilo Monday,narcoticsanonymouskwazulu-natal.WordPress.2026-08-16.xml,tsml_meeting,/meetings,final-route,"meeting/location URLs use the structured finder with filters, map pins, and directions"
https://na.org.za/kzn/meetings/umhlali-tuesday-2/,Umhlali Thursday,narcoticsanonymouskwazulu-natal.WordPress.2026-08-16.xml,tsml_meeting,/meetings,final-route,"meeting/location URLs use the structured finder with filters, map pins, and directions"
https://na.org.za/kzn/meetings/umhlali-tuesday/,Umhlali Tuesday,narcoticsanonymouskwazulu-natal.WordPress.2026-08-16.xml,tsml_meeting,/meetings,final-route,"meeting/location URLs use the structured finder with filters, map pins, and directions"
https://na.org.za/kzn/meetings/umhlanga-thursday/,Umhlanga Thursday,narcoticsanonymouskwazulu-natal.WordPress.2026-08-16.xml,tsml_meeting,/meetings,final-route,"meeting/location URLs use the structured finder with filters, map pins, and directions"
https://na.org.za/kzn/meetings/umzinto-saturday/,Umzinto Saturday,narcoticsanonymouskwazulu-natal.WordPress.2026-08-16.xml,tsml_meeting,/meetings,final-route,"meeting/location URLs use the structured finder with filters, map pins, and directions"
https://na.org.za/kzn/meetings/westville-wednesday/,Westville Wednesday,narcoticsanonymouskwazulu-natal.WordPress.2026-08-16.xml,tsml_meeting,/meetings,final-route,"meeting/location URLs use the structured finder with filters, map pins, and directions"
https://na.org.za/kzn/na-meetings/,Meetings,narcoticsanonymouskwazulu-natal.WordPress.2026-08-16.xml,page,/recovery,final-route,recovery and newcomer guidance consolidates in the recovery section
https://na.org.za/kzn/preambles/,Preambles,narcoticsanonymouskwazulu-natal.WordPress.2026-08-16.xml,page,/areas,final-route,regional information consolidates in the area directory
https://na.org.za/meetings/,Meetings,narcoticsanonymoussouthafricaregion.WordPress.2026-08-16.xml,page,/meetings,final-route,"meeting/location URLs use the structured finder with filters, map pins, and directions"
https://na.org.za/my-account/,My account,narcoticsanonymoussouthafricaregion.WordPress.2026-08-16.xml,page,/about,final-route,general public information consolidates in About NA pending page-level editorial expansion
https://na.org.za/na-literature/,NA Literature,narcoticsanonymoussouthafricaregion.WordPress.2026-08-16.xml,page,/literature,final-route,resource and literature content consolidates in the rebuilt library
https://na.org.za/online-meetings/,Online Meetings,narcoticsanonymoussouthafricaregion.WordPress.2026-08-16.xml,page,/recovery,final-route,recovery and newcomer guidance consolidates in the recovery section
https://na.org.za/pta/,Home,narcoticsanonymouspretoria.WordPress.2026-08-16.xml,page,/areas,final-route,regional information consolidates in the area directory
https://na.org.za/pta/2025/11/21/hello-world/,Hello world!,narcoticsanonymouspretoria.WordPress.2026-08-16.xml,post,/areas,final-route,regional information consolidates in the area directory
https://na.org.za/pta/?post_type=tribe_events&p=5028,,narcoticsanonymouspretoria.WordPress.2026-08-16.xml,tribe_events,/areas,final-route,regional information consolidates in the area directory
https://na.org.za/pta/contact-us/,Contact Us,narcoticsanonymouspretoria.WordPress.2026-08-16.xml,page,/contact,final-route,contact and support content consolidates in the national contact page
https://na.org.za/pta/downloads/,Downloads,narcoticsanonymouspretoria.WordPress.2026-08-16.xml,page,/literature,final-route,resource and literature content consolidates in the rebuilt library
https://na.org.za/pta/event/padel-tournament/,Padel tournament,narcoticsanonymouspretoria.WordPress.2026-08-16.xml,tribe_events,/areas,final-route,regional information consolidates in the area directory
https://na.org.za/pta/for-the-newcomer/,For The Newcomer,narcoticsanonymouspretoria.WordPress.2026-08-16.xml,page,/recovery,final-route,recovery and newcomer guidance consolidates in the recovery section
https://na.org.za/pta/group-readings/,Group Readings,narcoticsanonymouspretoria.WordPress.2026-08-16.xml,page,/areas,final-route,regional information consolidates in the area directory
https://na.org.za/pta/literature/,Literature,narcoticsanonymouspretoria.WordPress.2026-08-16.xml,page,/literature,final-route,resource and literature content consolidates in the rebuilt library
https://na.org.za/pta/locations/19027-somo-st-pretoria-0122-south-africa/,"19027 Somo St, Pretoria, 0122, South Africa",narcoticsanonymouspretoria.WordPress.2026-08-16.xml,tsml_location,/meetings,final-route,"meeting/location URLs use the structured finder with filters, map pins, and directions"
https://na.org.za/pta/locations/constantia-park-2/,Constantia Park,narcoticsanonymouspretoria.WordPress.2026-08-16.xml,tsml_location,/meetings,final-route,"meeting/location URLs use the structured finder with filters, map pins, and directions"
https://na.org.za/pta/locations/constantia-park/,Constantia Park,narcoticsanonymouspretoria.WordPress.2026-08-16.xml,tsml_location,/meetings,final-route,"meeting/location URLs use the structured finder with filters, map pins, and directions"
https://na.org.za/pta/locations/eastwood/,Eastwood,narcoticsanonymouspretoria.WordPress.2026-08-16.xml,tsml_location,/meetings,final-route,"meeting/location URLs use the structured finder with filters, map pins, and directions"
https://na.org.za/pta/locations/eersterus/,Eersterus,narcoticsanonymouspretoria.WordPress.2026-08-16.xml,tsml_location,/meetings,final-route,"meeting/location URLs use the structured finder with filters, map pins, and directions"
https://na.org.za/pta/locations/garsfontein-2/,Garsfontein,narcoticsanonymouspretoria.WordPress.2026-08-16.xml,tsml_location,/meetings,final-route,"meeting/location URLs use the structured finder with filters, map pins, and directions"
https://na.org.za/pta/locations/garsfontein/,Garsfontein,narcoticsanonymouspretoria.WordPress.2026-08-16.xml,tsml_location,/meetings,final-route,"meeting/location URLs use the structured finder with filters, map pins, and directions"
https://na.org.za/pta/locations/hammanskraal-2/,Hammanskraal,narcoticsanonymouspretoria.WordPress.2026-08-16.xml,tsml_location,/meetings,final-route,"meeting/location URLs use the structured finder with filters, map pins, and directions"
https://na.org.za/pta/locations/hammanskraal/,Hammanskraal,narcoticsanonymouspretoria.WordPress.2026-08-16.xml,tsml_location,/meetings,final-route,"meeting/location URLs use the structured finder with filters, map pins, and directions"
https://na.org.za/pta/locations/hillcrest/,Hillcrest,narcoticsanonymouspretoria.WordPress.2026-08-16.xml,tsml_location,/meetings,final-route,"meeting/location URLs use the structured finder with filters, map pins, and directions"
https://na.org.za/pta/locations/laudium/,Laudium,narcoticsanonymouspretoria.WordPress.2026-08-16.xml,tsml_location,/meetings,final-route,"meeting/location URLs use the structured finder with filters, map pins, and directions"
https://na.org.za/pta/locations/lynnwoodrif-gemeente/,Lynnwoodrif Gemeente,narcoticsanonymouspretoria.WordPress.2026-08-16.xml,tsml_location,/meetings,final-route,"meeting/location URLs use the structured finder with filters, map pins, and directions"
https://na.org.za/pta/locations/lyttleton-2/,Lyttleton,narcoticsanonymouspretoria.WordPress.2026-08-16.xml,tsml_location,/meetings,final-route,"meeting/location URLs use the structured finder with filters, map pins, and directions"
https://na.org.za/pta/locations/lyttleton/,Lyttleton,narcoticsanonymouspretoria.WordPress.2026-08-16.xml,tsml_location,/meetings,final-route,"meeting/location URLs use the structured finder with filters, map pins, and directions"
https://na.org.za/pta/locations/mabopane-service-point/,Mabopane Service Point,narcoticsanonymouspretoria.WordPress.2026-08-16.xml,tsml_location,/meetings,final-route,"meeting/location URLs use the structured finder with filters, map pins, and directions"
https://na.org.za/pta/locations/mamelodi-2/,Mamelodi,narcoticsanonymouspretoria.WordPress.2026-08-16.xml,tsml_location,/meetings,final-route,"meeting/location URLs use the structured finder with filters, map pins, and directions"
https://na.org.za/pta/locations/mamelodi/,Mamelodi,narcoticsanonymouspretoria.WordPress.2026-08-16.xml,tsml_location,/meetings,final-route,"meeting/location URLs use the structured finder with filters, map pins, and directions"
https://na.org.za/pta/locations/memezelo-high-school/,Memezelo High School,narcoticsanonymouspretoria.WordPress.2026-08-16.xml,tsml_location,/meetings,final-route,"meeting/location URLs use the structured finder with filters, map pins, and directions"
https://na.org.za/pta/locations/montana/,Montana,narcoticsanonymouspretoria.WordPress.2026-08-16.xml,tsml_location,/meetings,final-route,"meeting/location URLs use the structured finder with filters, map pins, and directions"
https://na.org.za/pta/locations/new-apostolic-church-booysens/,New Apostolic Church Booysens,narcoticsanonymouspretoria.WordPress.2026-08-16.xml,tsml_location,/meetings,final-route,"meeting/location URLs use the structured finder with filters, map pins, and directions"
https://na.org.za/pta/locations/olympus/,Olympus,narcoticsanonymouspretoria.WordPress.2026-08-16.xml,tsml_location,/meetings,final-route,"meeting/location URLs use the structured finder with filters, map pins, and directions"
https://na.org.za/pta/locations/pretoria-south-africa/,"Pretoria, South Africa",narcoticsanonymouspretoria.WordPress.2026-08-16.xml,tsml_location,/meetings,final-route,"meeting/location URLs use the structured finder with filters, map pins, and directions"
https://na.org.za/pta/locations/queenswood/,Queenswood,narcoticsanonymouspretoria.WordPress.2026-08-16.xml,tsml_location,/meetings,final-route,"meeting/location URLs use the structured finder with filters, map pins, and directions"
https://na.org.za/pta/locations/rooihuiskraal/,Rooihuiskraal,narcoticsanonymouspretoria.WordPress.2026-08-16.xml,tsml_location,/meetings,final-route,"meeting/location URLs use the structured finder with filters, map pins, and directions"
https://na.org.za/pta/locations/rustenburg-2/,Rustenburg,narcoticsanonymouspretoria.WordPress.2026-08-16.xml,tsml_location,/meetings,final-route,"meeting/location URLs use the structured finder with filters, map pins, and directions"
https://na.org.za/pta/locations/rustenburg-3/,Rustenburg,narcoticsanonymouspretoria.WordPress.2026-08-16.xml,tsml_location,/meetings,final-route,"meeting/location URLs use the structured finder with filters, map pins, and directions"
https://na.org.za/pta/locations/rustenburg-4/,Rustenburg,narcoticsanonymouspretoria.WordPress.2026-08-16.xml,tsml_location,/meetings,final-route,"meeting/location URLs use the structured finder with filters, map pins, and directions"
https://na.org.za/pta/locations/rustenburg-5/,Rustenburg,narcoticsanonymouspretoria.WordPress.2026-08-16.xml,tsml_location,/meetings,final-route,"meeting/location URLs use the structured finder with filters, map pins, and directions"
https://na.org.za/pta/locations/rustenburg/,Rustenburg,narcoticsanonymouspretoria.WordPress.2026-08-16.xml,tsml_location,/meetings,final-route,"meeting/location URLs use the structured finder with filters, map pins, and directions"
https://na.org.za/pta/locations/thabazimbi/,Thabazimbi,narcoticsanonymouspretoria.WordPress.2026-08-16.xml,tsml_location,/meetings,final-route,"meeting/location URLs use the structured finder with filters, map pins, and directions"
https://na.org.za/pta/locations/waterkloof-ridge/,Waterkloof Ridge,narcoticsanonymouspretoria.WordPress.2026-08-16.xml,tsml_location,/meetings,final-route,"meeting/location URLs use the structured finder with filters, map pins, and directions"
https://na.org.za/pta/locations/waterkloof/,Waterkloof,narcoticsanonymouspretoria.WordPress.2026-08-16.xml,tsml_location,/meetings,final-route,"meeting/location URLs use the structured finder with filters, map pins, and directions"
https://na.org.za/pta/meetings/afrikaans/,Sunday Afrikaans Meeting,narcoticsanonymouspretoria.WordPress.2026-08-16.xml,tsml_meeting,/meetings,final-route,"meeting/location URLs use the structured finder with filters, map pins, and directions"
https://na.org.za/pta/meetings/back-to-basics/,Monday Montana Meeting,narcoticsanonymouspretoria.WordPress.2026-08-16.xml,tsml_meeting,/meetings,final-route,"meeting/location URLs use the structured finder with filters, map pins, and directions"
https://na.org.za/pta/meetings/besileia-tuesday-meeting-open/,Besileia Tuesday Meeting,narcoticsanonymouspretoria.WordPress.2026-08-16.xml,tsml_meeting,/meetings,final-route,"meeting/location URLs use the structured finder with filters, map pins, and directions"
https://na.org.za/pta/meetings/booysens-meeting-thursday-open/,Booysens Meeting - Thursday,narcoticsanonymouspretoria.WordPress.2026-08-16.xml,tsml_meeting,/meetings,final-route,"meeting/location URLs use the structured finder with filters, map pins, and directions"
https://na.org.za/pta/meetings/eersterus-2/,Friday Eersterus,narcoticsanonymouspretoria.WordPress.2026-08-16.xml,tsml_meeting,/meetings,final-route,"meeting/location URLs use the structured finder with filters, map pins, and directions"
https://na.org.za/pta/meetings/friday-second-chance-meeting/,Friday Second Chance Meeting,narcoticsanonymouspretoria.WordPress.2026-08-16.xml,tsml_meeting,/meetings,final-route,"meeting/location URLs use the structured finder with filters, map pins, and directions"
https://na.org.za/pta/meetings/group-living-clean-format-literature-study/,Friday Constantia Meeting,narcoticsanonymouspretoria.WordPress.2026-08-16.xml,tsml_meeting,/meetings,final-route,"meeting/location URLs use the structured finder with filters, map pins, and directions"
https://na.org.za/pta/meetings/hammanskraal-meeting-monday-open/,Hammanskraal Meeting - Monday,narcoticsanonymouspretoria.WordPress.2026-08-16.xml,tsml_meeting,/meetings,final-route,"meeting/location URLs use the structured finder with filters, map pins, and directions"
https://na.org.za/pta/meetings/hammanskraal-tuesday-meeting-open/,Hammanskraal Meeting - Tuesday,narcoticsanonymouspretoria.WordPress.2026-08-16.xml,tsml_meeting,/meetings,final-route,"meeting/location URLs use the structured finder with filters, map pins, and directions"
https://na.org.za/pta/meetings/i-cant-we-can-wednesday/,"I can't, we can - Wednesday",narcoticsanonymouspretoria.WordPress.2026-08-16.xml,tsml_meeting,/meetings,final-route,"meeting/location URLs use the structured finder with filters, map pins, and directions"
https://na.org.za/pta/meetings/lgbt/,Wednesday Pride Meeting,narcoticsanonymouspretoria.WordPress.2026-08-16.xml,tsml_meeting,/meetings,final-route,"meeting/location URLs use the structured finder with filters, map pins, and directions"
https://na.org.za/pta/meetings/mamelodi-west-open2/,Friday Mamelodi West,narcoticsanonymouspretoria.WordPress.2026-08-16.xml,tsml_meeting,/meetings,final-route,"meeting/location URLs use the structured finder with filters, map pins, and directions"
https://na.org.za/pta/meetings/mamelodi/,Mamelodi Meeting,narcoticsanonymouspretoria.WordPress.2026-08-16.xml,tsml_meeting,/meetings,final-route,"meeting/location URLs use the structured finder with filters, map pins, and directions"
https://na.org.za/pta/meetings/mens-meeting/,Men's Meeting,narcoticsanonymouspretoria.WordPress.2026-08-16.xml,tsml_meeting,/meetings,final-route,"meeting/location URLs use the structured finder with filters, map pins, and directions"
https://na.org.za/pta/meetings/monday-rietvlei-meeting-open/,Monday Rietvlei Meeting,narcoticsanonymouspretoria.WordPress.2026-08-16.xml,tsml_meeting,/meetings,final-route,"meeting/location URLs use the structured finder with filters, map pins, and directions"
https://na.org.za/pta/meetings/monday-rustenburg-meeting-open/,Monday Rustenburg Meeting,narcoticsanonymouspretoria.WordPress.2026-08-16.xml,tsml_meeting,/meetings,final-route,"meeting/location URLs use the structured finder with filters, map pins, and directions"
https://na.org.za/pta/meetings/monday-second-chance-meeting/,Monday Second Chance Meeting,narcoticsanonymouspretoria.WordPress.2026-08-16.xml,tsml_meeting,/meetings,final-route,"meeting/location URLs use the structured finder with filters, map pins, and directions"
https://na.org.za/pta/meetings/new-meeting-thursday-700-pm/,Thursday Bonfire,narcoticsanonymouspretoria.WordPress.2026-08-16.xml,tsml_meeting,/meetings,final-route,"meeting/location URLs use the structured finder with filters, map pins, and directions"
https://na.org.za/pta/meetings/open-meeting/,Laudium Serenity Group Meeting,narcoticsanonymouspretoria.WordPress.2026-08-16.xml,tsml_meeting,/meetings,final-route,"meeting/location URLs use the structured finder with filters, map pins, and directions"
https://na.org.za/pta/meetings/proteapark-wednesday-meeting-open/,Proteapark Wednesday Meeting,narcoticsanonymouspretoria.WordPress.2026-08-16.xml,tsml_meeting,/meetings,final-route,"meeting/location URLs use the structured finder with filters, map pins, and directions"
https://na.org.za/pta/meetings/soshanguve-meeting-sunday-open/,Soshanguve Meeting - Sunday,narcoticsanonymouspretoria.WordPress.2026-08-16.xml,tsml_meeting,/meetings,final-route,"meeting/location URLs use the structured finder with filters, map pins, and directions"
https://na.org.za/pta/meetings/soshanguve-meeting-wednesday-open/,Soshanguve Meeting - Wednesday,narcoticsanonymouspretoria.WordPress.2026-08-16.xml,tsml_meeting,/meetings,final-route,"meeting/location URLs use the structured finder with filters, map pins, and directions"
https://na.org.za/pta/meetings/speaker-meeting/,Saturday Hillcrest Meeting (Afternoon),narcoticsanonymouspretoria.WordPress.2026-08-16.xml,tsml_meeting,/meetings,final-route,"meeting/location URLs use the structured finder with filters, map pins, and directions"
https://na.org.za/pta/meetings/speaker/,Friday Lyttleton,narcoticsanonymouspretoria.WordPress.2026-08-16.xml,tsml_meeting,/meetings,final-route,"meeting/location URLs use the structured finder with filters, map pins, and directions"
https://na.org.za/pta/meetings/spiritual-principles/,Monday Garsfontein Meeting,narcoticsanonymouspretoria.WordPress.2026-08-16.xml,tsml_meeting,/meetings,final-route,"meeting/location URLs use the structured finder with filters, map pins, and directions"
https://na.org.za/pta/meetings/step-up-newcomer-group/,Tuesday Hillcrest Meeting,narcoticsanonymouspretoria.WordPress.2026-08-16.xml,tsml_meeting,/meetings,final-route,"meeting/location URLs use the structured finder with filters, map pins, and directions"
https://na.org.za/pta/meetings/thandanani-walk-in-centre-tuesday-600-pm/,Tuesday Mamelodi,narcoticsanonymouspretoria.WordPress.2026-08-16.xml,tsml_meeting,/meetings,final-route,"meeting/location URLs use the structured finder with filters, map pins, and directions"
https://na.org.za/pta/meetings/the-untold-stories-of-na-members-online/,THE UNTOLD STORIES OF OUR NA MEMBERS,narcoticsanonymouspretoria.WordPress.2026-08-16.xml,tsml_meeting,/meetings,final-route,"meeting/location URLs use the structured finder with filters, map pins, and directions"
https://na.org.za/pta/meetings/thursday-rustenburg-meeting-open/,Thursday Rustenburg Meeting,narcoticsanonymouspretoria.WordPress.2026-08-16.xml,tsml_meeting,/meetings,final-route,"meeting/location URLs use the structured finder with filters, map pins, and directions"
https://na.org.za/pta/meetings/thursday-second-chance-meeting/,Thursday Second Chance Meeting,narcoticsanonymouspretoria.WordPress.2026-08-16.xml,tsml_meeting,/meetings,final-route,"meeting/location URLs use the structured finder with filters, map pins, and directions"
https://na.org.za/pta/meetings/thursday-thabazimbi-meeting-open/,Thursday Thabazimbi Meeting,narcoticsanonymouspretoria.WordPress.2026-08-16.xml,tsml_meeting,/meetings,final-route,"meeting/location URLs use the structured finder with filters, map pins, and directions"
https://na.org.za/pta/meetings/topic-2/,Wednesday Hillcrest Meeting,narcoticsanonymouspretoria.WordPress.2026-08-16.xml,tsml_meeting,/meetings,final-route,"meeting/location URLs use the structured finder with filters, map pins, and directions"
https://na.org.za/pta/meetings/topic-3/,Monday Lyttleton,narcoticsanonymouspretoria.WordPress.2026-08-16.xml,tsml_meeting,/meetings,final-route,"meeting/location URLs use the structured finder with filters, map pins, and directions"
https://na.org.za/pta/meetings/topic-4/,Thursday Rooihuiskraal,narcoticsanonymouspretoria.WordPress.2026-08-16.xml,tsml_meeting,/meetings,final-route,"meeting/location URLs use the structured finder with filters, map pins, and directions"
https://na.org.za/pta/meetings/topic-tag-meeting/,Tuesday Lyttleton,narcoticsanonymouspretoria.WordPress.2026-08-16.xml,tsml_meeting,/meetings,final-route,"meeting/location URLs use the structured finder with filters, map pins, and directions"
https://na.org.za/pta/meetings/topic/,Thursday Queenswood Meeting,narcoticsanonymouspretoria.WordPress.2026-08-16.xml,tsml_meeting,/meetings,final-route,"meeting/location URLs use the structured finder with filters, map pins, and directions"
https://na.org.za/pta/meetings/tuesday-mabupane-recovery-meeting/,Tuesday Mabupane Recovery Meeting,narcoticsanonymouspretoria.WordPress.2026-08-16.xml,tsml_meeting,/meetings,final-route,"meeting/location URLs use the structured finder with filters, map pins, and directions"
https://na.org.za/pta/meetings/tuesday-second-chance-meeting/,Tuesday Second Chance Meeting,narcoticsanonymouspretoria.WordPress.2026-08-16.xml,tsml_meeting,/meetings,final-route,"meeting/location URLs use the structured finder with filters, map pins, and directions"
https://na.org.za/pta/meetings/wednesday-new-life-meeting-open/,Wednesday New Life Meeting,narcoticsanonymouspretoria.WordPress.2026-08-16.xml,tsml_meeting,/meetings,final-route,"meeting/location URLs use the structured finder with filters, map pins, and directions"
https://na.org.za/pta/meetings/wednesday-second-chance-meeting/,Wednesday Second Chance Meeting,narcoticsanonymouspretoria.WordPress.2026-08-16.xml,tsml_meeting,/meetings,final-route,"meeting/location URLs use the structured finder with filters, map pins, and directions"
https://na.org.za/pta/meetings/welcome-to-the-newcomer/,Saturday Hillcrest,narcoticsanonymouspretoria.WordPress.2026-08-16.xml,tsml_meeting,/meetings,final-route,"meeting/location URLs use the structured finder with filters, map pins, and directions"
https://na.org.za/pta/meetings/womens-meeting/,Thursday Women's Meeting,narcoticsanonymouspretoria.WordPress.2026-08-16.xml,tsml_meeting,/meetings,final-route,"meeting/location URLs use the structured finder with filters, map pins, and directions"
https://na.org.za/pta/na-meetings/,Meetings,narcoticsanonymouspretoria.WordPress.2026-08-16.xml,page,/recovery,final-route,recovery and newcomer guidance consolidates in the recovery section
https://na.org.za/pta/organizer/chante/,Chanté,narcoticsanonymouspretoria.WordPress.2026-08-16.xml,tribe_organizer,/areas,final-route,regional information consolidates in the area directory
https://na.org.za/pta/organizer/rowan/,Rowan,narcoticsanonymouspretoria.WordPress.2026-08-16.xml,tribe_organizer,/areas,final-route,regional information consolidates in the area directory
https://na.org.za/shop/,Shop,narcoticsanonymoussouthafricaregion.WordPress.2026-08-16.xml,page,/about,final-route,general public information consolidates in About NA pending page-level editorial expansion
https://na.org.za/wc/,Home,narcoticsanonymouswesterncape.WordPress.2026-08-16.xml,page,/areas,final-route,regional information consolidates in the area directory
https://na.org.za/wc/12-step-shares/,12 Step Shares,narcoticsanonymouswesterncape.WordPress.2026-08-16.xml,page,/areas,final-route,regional information consolidates in the area directory
https://na.org.za/wc/?p=1,Hello world!,narcoticsanonymouswesterncape.WordPress.2026-08-16.xml,post,/areas,final-route,regional information consolidates in the area directory
https://na.org.za/wc/?p=4659,Downloads,narcoticsanonymouswesterncape.WordPress.2026-08-16.xml,post,/literature,final-route,resource and literature content consolidates in the rebuilt library
https://na.org.za/wc/?page_id=4762,Toets,narcoticsanonymouswesterncape.WordPress.2026-08-16.xml,page,/areas,final-route,regional information consolidates in the area directory
https://na.org.za/wc/?page_id=4827,,narcoticsanonymouswesterncape.WordPress.2026-08-16.xml,page,/areas,final-route,regional information consolidates in the area directory
https://na.org.za/wc/?page_id=5619,Subcom,narcoticsanonymouswesterncape.WordPress.2026-08-16.xml,page,/areas,final-route,regional information consolidates in the area directory
https://na.org.za/wc/?page_id=5634,,narcoticsanonymouswesterncape.WordPress.2026-08-16.xml,page,/areas,final-route,regional information consolidates in the area directory
https://na.org.za/wc/?page_id=5636,,narcoticsanonymouswesterncape.WordPress.2026-08-16.xml,page,/areas,final-route,regional information consolidates in the area directory
https://na.org.za/wc/?post_type=tribe_events&p=5517,Durbanville Together We Can Monday @HOME,narcoticsanonymouswesterncape.WordPress.2026-08-16.xml,tribe_events,/areas,final-route,regional information consolidates in the area directory
https://na.org.za/wc/?post_type=tribe_organizer&p=5490,WC Website Subcom,narcoticsanonymouswesterncape.WordPress.2026-08-16.xml,tribe_organizer,/areas,final-route,regional information consolidates in the area directory
https://na.org.za/wc/?post_type=tsml_location&p=5111,"St Bernard's Catholic Church, Newlands/Claremont",narcoticsanonymouswesterncape.WordPress.2026-08-16.xml,tsml_location,/areas,final-route,regional information consolidates in the area directory
https://na.org.za/wc/?post_type=tsml_location&p=5134,"New Apostolic Church, Avondale",narcoticsanonymouswesterncape.WordPress.2026-08-16.xml,tsml_location,/areas,final-route,regional information consolidates in the area directory
https://na.org.za/wc/?post_type=tsml_location&p=5136,"Dartmouth Rd, Muizenberg",narcoticsanonymouswesterncape.WordPress.2026-08-16.xml,tsml_location,/areas,final-route,regional information consolidates in the area directory
https://na.org.za/wc/?post_type=tsml_location&p=5148,"Meadowridge Primary School, off A Z Berman Drive",narcoticsanonymouswesterncape.WordPress.2026-08-16.xml,tsml_location,/areas,final-route,regional information consolidates in the area directory
https://na.org.za/wc/?post_type=tsml_location&p=5152,St Peter's Church,narcoticsanonymouswesterncape.WordPress.2026-08-16.xml,tsml_location,/areas,final-route,regional information consolidates in the area directory
https://na.org.za/wc/?post_type=tsml_location&p=5159,Atlantis United Church,narcoticsanonymouswesterncape.WordPress.2026-08-16.xml,tsml_location,/areas,final-route,regional information consolidates in the area directory
https://na.org.za/wc/?post_type=tsml_location&p=5165,"Onse Hoop, 23 5th Ave,Struis Bay",narcoticsanonymouswesterncape.WordPress.2026-08-16.xml,tsml_location,/areas,final-route,regional information consolidates in the area directory
https://na.org.za/wc/?post_type=tsml_location&p=5167,Presbyterian Church,narcoticsanonymouswesterncape.WordPress.2026-08-16.xml,tsml_location,/areas,final-route,regional information consolidates in the area directory
https://na.org.za/wc/?post_type=tsml_location&p=5169,Malmesbury Library,narcoticsanonymouswesterncape.WordPress.2026-08-16.xml,tsml_location,/areas,final-route,regional information consolidates in the area directory
https://na.org.za/wc/?post_type=tsml_location&p=5184,St George's Cathedral,narcoticsanonymouswesterncape.WordPress.2026-08-16.xml,tsml_location,/areas,final-route,regional information consolidates in the area directory
https://na.org.za/wc/?post_type=tsml_location&p=5189,"123 Memoriam Street, George",narcoticsanonymouswesterncape.WordPress.2026-08-16.xml,tsml_location,/areas,final-route,regional information consolidates in the area directory
https://na.org.za/wc/?post_type=tsml_location&p=5201,Tafelsig Thusong Centre,narcoticsanonymouswesterncape.WordPress.2026-08-16.xml,tsml_location,/areas,final-route,regional information consolidates in the area directory
https://na.org.za/wc/?post_type=tsml_location&p=5228,Pride Shelter,narcoticsanonymouswesterncape.WordPress.2026-08-16.xml,tsml_location,/areas,final-route,regional information consolidates in the area directory
https://na.org.za/wc/?post_type=tsml_location&p=5235,Site B Khayelitsha Community Health Centre,narcoticsanonymouswesterncape.WordPress.2026-08-16.xml,tsml_location,/areas,final-route,regional information consolidates in the area directory
https://na.org.za/wc/?post_type=tsml_location&p=5237,Atlantis United Congregational Church,narcoticsanonymouswesterncape.WordPress.2026-08-16.xml,tsml_location,/areas,final-route,regional information consolidates in the area directory
https://na.org.za/wc/?post_type=tsml_location&p=5248,"Western Cape, South Africa",narcoticsanonymouswesterncape.WordPress.2026-08-16.xml,tsml_location,/areas,final-route,regional information consolidates in the area directory
https://na.org.za/wc/?post_type=tsml_location&p=5255,Druiwevlei Community Centre,narcoticsanonymouswesterncape.WordPress.2026-08-16.xml,tsml_location,/areas,final-route,regional information consolidates in the area directory
https://na.org.za/wc/?post_type=tsml_location&p=5257,1st Strand Scout Group,narcoticsanonymouswesterncape.WordPress.2026-08-16.xml,tsml_location,/areas,final-route,regional information consolidates in the area directory
https://na.org.za/wc/?post_type=tsml_location&p=5270,Tyger Flights Dart Club,narcoticsanonymouswesterncape.WordPress.2026-08-16.xml,tsml_location,/areas,final-route,regional information consolidates in the area directory
https://na.org.za/wc/?post_type=tsml_meeting&p=5112,Alive and Stepping,narcoticsanonymouswesterncape.WordPress.2026-08-16.xml,tsml_meeting,/recovery,final-route,recovery and newcomer guidance consolidates in the recovery section
https://na.org.za/wc/?post_type=tsml_meeting&p=5135,Atlantis We Do Recover,narcoticsanonymouswesterncape.WordPress.2026-08-16.xml,tsml_meeting,/recovery,final-route,recovery and newcomer guidance consolidates in the recovery section
https://na.org.za/wc/?post_type=tsml_meeting&p=5137,New Hope,narcoticsanonymouswesterncape.WordPress.2026-08-16.xml,tsml_meeting,/recovery,final-route,recovery and newcomer guidance consolidates in the recovery section
https://na.org.za/wc/?post_type=tsml_meeting&p=5149,Lentegeur (Mitchell's Plein Basic),narcoticsanonymouswesterncape.WordPress.2026-08-16.xml,tsml_meeting,/recovery,final-route,recovery and newcomer guidance consolidates in the recovery section
https://na.org.za/wc/?post_type=tsml_meeting&p=5153,Mowbray (Back 2 Basics),narcoticsanonymouswesterncape.WordPress.2026-08-16.xml,tsml_meeting,/recovery,final-route,recovery and newcomer guidance consolidates in the recovery section
https://na.org.za/wc/?post_type=tsml_meeting&p=5160,Atlantis,narcoticsanonymouswesterncape.WordPress.2026-08-16.xml,tsml_meeting,/recovery,final-route,recovery and newcomer guidance consolidates in the recovery section
https://na.org.za/wc/?post_type=tsml_meeting&p=5166,Struisbaai Serenity Tides,narcoticsanonymouswesterncape.WordPress.2026-08-16.xml,tsml_meeting,/recovery,final-route,recovery and newcomer guidance consolidates in the recovery section
https://na.org.za/wc/?post_type=tsml_meeting&p=5168,Outshoorn,narcoticsanonymouswesterncape.WordPress.2026-08-16.xml,tsml_meeting,/recovery,final-route,recovery and newcomer guidance consolidates in the recovery section
https://na.org.za/wc/?post_type=tsml_meeting&p=5170,Malmesbury (Just for Today),narcoticsanonymouswesterncape.WordPress.2026-08-16.xml,tsml_meeting,/recovery,final-route,recovery and newcomer guidance consolidates in the recovery section
https://na.org.za/wc/?post_type=tsml_meeting&p=5185,City Centre (Just for Today),narcoticsanonymouswesterncape.WordPress.2026-08-16.xml,tsml_meeting,/recovery,final-route,recovery and newcomer guidance consolidates in the recovery section
https://na.org.za/wc/?post_type=tsml_meeting&p=5190,George Shelter Meeting,narcoticsanonymouswesterncape.WordPress.2026-08-16.xml,tsml_meeting,/recovery,final-route,recovery and newcomer guidance consolidates in the recovery section
https://na.org.za/wc/?post_type=tsml_meeting&p=5191,Delft (Express Meeting),narcoticsanonymouswesterncape.WordPress.2026-08-16.xml,tsml_meeting,/recovery,final-route,recovery and newcomer guidance consolidates in the recovery section
https://na.org.za/wc/?post_type=tsml_meeting&p=5202,Tafelsig,narcoticsanonymouswesterncape.WordPress.2026-08-16.xml,tsml_meeting,/recovery,final-route,recovery and newcomer guidance consolidates in the recovery section
https://na.org.za/wc/?post_type=tsml_meeting&p=5213,Kenilworth,narcoticsanonymouswesterncape.WordPress.2026-08-16.xml,tsml_meeting,/recovery,final-route,recovery and newcomer guidance consolidates in the recovery section
https://na.org.za/wc/?post_type=tsml_meeting&p=5229,Oranjezicht - (Pink Cloud),narcoticsanonymouswesterncape.WordPress.2026-08-16.xml,tsml_meeting,/recovery,final-route,recovery and newcomer guidance consolidates in the recovery section
https://na.org.za/wc/?post_type=tsml_meeting&p=5230,Kenilworth (Eyes Wide Open),narcoticsanonymouswesterncape.WordPress.2026-08-16.xml,tsml_meeting,/recovery,final-route,recovery and newcomer guidance consolidates in the recovery section
https://na.org.za/wc/?post_type=tsml_meeting&p=5236,Khayelitsha,narcoticsanonymouswesterncape.WordPress.2026-08-16.xml,tsml_meeting,/recovery,final-route,recovery and newcomer guidance consolidates in the recovery section
https://na.org.za/wc/?post_type=tsml_meeting&p=5238,Atlantis,narcoticsanonymouswesterncape.WordPress.2026-08-16.xml,tsml_meeting,/recovery,final-route,recovery and newcomer guidance consolidates in the recovery section
https://na.org.za/wc/?post_type=tsml_meeting&p=5249,Sea Point (Just for today),narcoticsanonymouswesterncape.WordPress.2026-08-16.xml,tsml_meeting,/recovery,final-route,recovery and newcomer guidance consolidates in the recovery section
https://na.org.za/wc/?post_type=tsml_meeting&p=5252,Kenilworth Welcome Home,narcoticsanonymouswesterncape.WordPress.2026-08-16.xml,tsml_meeting,/recovery,final-route,recovery and newcomer guidance consolidates in the recovery section
https://na.org.za/wc/?post_type=tsml_meeting&p=5256,Manenberg,narcoticsanonymouswesterncape.WordPress.2026-08-16.xml,tsml_meeting,/recovery,final-route,recovery and newcomer guidance consolidates in the recovery section
https://na.org.za/wc/?post_type=tsml_meeting&p=5258,Strand,narcoticsanonymouswesterncape.WordPress.2026-08-16.xml,tsml_meeting,/recovery,final-route,recovery and newcomer guidance consolidates in the recovery section
https://na.org.za/wc/?post_type=tsml_meeting&p=5262,Observatory (Steps and Traditions),narcoticsanonymouswesterncape.WordPress.2026-08-16.xml,tsml_meeting,/recovery,final-route,recovery and newcomer guidance consolidates in the recovery section
https://na.org.za/wc/about-na/,About NA,narcoticsanonymouswesterncape.WordPress.2026-08-16.xml,page,/areas,final-route,regional information consolidates in the area directory
https://na.org.za/wc/add-activity-to-the-calendar/,Add Activity To The Calendar,narcoticsanonymouswesterncape.WordPress.2026-08-16.xml,page,/areas,final-route,regional information consolidates in the area directory
https://na.org.za/wc/add-an-event/,Add an event,narcoticsanonymouswesterncape.WordPress.2026-08-16.xml,page,/areas,final-route,regional information consolidates in the area directory
https://na.org.za/wc/calendar/,Calendar,narcoticsanonymouswesterncape.WordPress.2026-08-16.xml,page,/areas,final-route,regional information consolidates in the area directory
https://na.org.za/wc/cart/,Cart,narcoticsanonymouswesterncape.WordPress.2026-08-16.xml,page,/areas,final-route,regional information consolidates in the area directory
https://na.org.za/wc/checkout/,Checkout,narcoticsanonymouswesterncape.WordPress.2026-08-16.xml,page,/areas,final-route,regional information consolidates in the area directory
https://na.org.za/wc/common-na-terminology/,Common NA Terminology,narcoticsanonymouswesterncape.WordPress.2026-08-16.xml,page,/areas,final-route,regional information consolidates in the area directory
https://na.org.za/wc/contact/,Contact,narcoticsanonymouswesterncape.WordPress.2026-08-16.xml,page,/contact,final-route,contact and support content consolidates in the national contact page
https://na.org.za/wc/contacts/,Contacts,narcoticsanonymouswesterncape.WordPress.2026-08-16.xml,page,/contact,final-route,contact and support content consolidates in the national contact page
https://na.org.za/wc/contribute/,Contribute,narcoticsanonymouswesterncape.WordPress.2026-08-16.xml,page,/areas,final-route,regional information consolidates in the area directory
https://na.org.za/wc/downloads-2/,Downloads 2,narcoticsanonymouswesterncape.WordPress.2026-08-16.xml,page,/literature,final-route,resource and literature content consolidates in the rebuilt library
https://na.org.za/wc/downloads/,Downloads,narcoticsanonymouswesterncape.WordPress.2026-08-16.xml,page,/literature,final-route,resource and literature content consolidates in the rebuilt library
https://na.org.za/wc/event/bellville-boston-thursday-home/,Bellville Boston Thursday @HOME,narcoticsanonymouswesterncape.WordPress.2026-08-16.xml,tribe_events,/areas,final-route,regional information consolidates in the area directory
https://na.org.za/wc/event/blaauwberg-sunday-home/,Blaauwberg Sunday @Home,narcoticsanonymouswesterncape.WordPress.2026-08-16.xml,tribe_events,/areas,final-route,regional information consolidates in the area directory
https://na.org.za/wc/event/boerie-ball-autumn-edition/,Boerie Ball - Autumn Edition,narcoticsanonymouswesterncape.WordPress.2026-08-16.xml,tribe_events,/areas,final-route,regional information consolidates in the area directory
https://na.org.za/wc/event/durbanville-together-we-can-monday-home/,Durbanville Together We Can Monday @HOME,narcoticsanonymouswesterncape.WordPress.2026-08-16.xml,tribe_events,/areas,final-route,regional information consolidates in the area directory
https://na.org.za/wc/event/grassy-park-wednesday-courage-to-change-home/,Grassy Park Wednesday Courage to Change @Home,narcoticsanonymouswesterncape.WordPress.2026-08-16.xml,tribe_events,/areas,final-route,regional information consolidates in the area directory
https://na.org.za/wc/event/lakeside-serenity-sunday-home/,Lakeside Serenity Sunday @Home,narcoticsanonymouswesterncape.WordPress.2026-08-16.xml,tribe_events,/areas,final-route,regional information consolidates in the area directory
https://na.org.za/wc/event/milnerton-wednesday-together-we-can-home/,Milnerton Wednesday Together We Can @HOME,narcoticsanonymouswesterncape.WordPress.2026-08-16.xml,tribe_events,/areas,final-route,regional information consolidates in the area directory
https://na.org.za/wc/event/mini-con-2026-guiding-principles-the-spirit-of-our-traditions/,Mini Con 2026: Guiding Principles: The Spirit of Our Traditions,narcoticsanonymouswesterncape.WordPress.2026-08-16.xml,tribe_events,/areas,final-route,regional information consolidates in the area directory
https://na.org.za/wc/event/new-years-eve-party/,New Years Eve Party,narcoticsanonymouswesterncape.WordPress.2026-08-16.xml,tribe_events,/areas,final-route,regional information consolidates in the area directory
https://na.org.za/wc/event/pr-outreach-presentation-packing/,PR Outreach Presentation Packing,narcoticsanonymouswesterncape.WordPress.2026-08-16.xml,tribe_events,/areas,final-route,regional information consolidates in the area directory
https://na.org.za/wc/event/pr-subcom-fellowship-wide-poster-run/,PR Subcom Fellowship Wide Poster Run,narcoticsanonymouswesterncape.WordPress.2026-08-16.xml,tribe_events,/areas,final-route,regional information consolidates in the area directory
https://na.org.za/wc/event/service-speaker-jam/,Service Speaker Jam,narcoticsanonymouswesterncape.WordPress.2026-08-16.xml,tribe_events,/areas,final-route,regional information consolidates in the area directory
https://na.org.za/wc/event/wc-events-subcomitee-presents/,WC Events Plan for 2026,narcoticsanonymouswesterncape.WordPress.2026-08-16.xml,tribe_events,/areas,final-route,regional information consolidates in the area directory
https://na.org.za/wc/event/website-inventory/,Website Subcom Inventory,narcoticsanonymouswesterncape.WordPress.2026-08-16.xml,tribe_events,/areas,final-route,regional information consolidates in the area directory
https://na.org.za/wc/how-to-start-an-na-meeting/,How to start an NA meeting,narcoticsanonymouswesterncape.WordPress.2026-08-16.xml,page,/recovery,final-route,recovery and newcomer guidance consolidates in the recovery section
https://na.org.za/wc/in-person-meeting-update/,In-Person Meeting Update,narcoticsanonymouswesterncape.WordPress.2026-08-16.xml,page,/recovery,final-route,recovery and newcomer guidance consolidates in the recovery section
https://na.org.za/wc/in-person-meetings/,In-Person Meetings,narcoticsanonymouswesterncape.WordPress.2026-08-16.xml,page,/recovery,final-route,recovery and newcomer guidance consolidates in the recovery section
https://na.org.za/wc/information-about-na/,Information About NA,narcoticsanonymouswesterncape.WordPress.2026-08-16.xml,page,/recovery,final-route,recovery and newcomer guidance consolidates in the recovery section
https://na.org.za/wc/locations/1st-rosebank-air-scouts-hall/,1st Rosebank Air Scouts Hall,narcoticsanonymouswesterncape.WordPress.2026-08-16.xml,tsml_location,/meetings,final-route,"meeting/location URLs use the structured finder with filters, map pins, and directions"
https://na.org.za/wc/locations/3-batavia-rd-bloubergstrand-cape-town-7436-south-africa/,"3 Batavia Rd, Bloubergstrand, Cape Town, 7436, South Africa",narcoticsanonymouswesterncape.WordPress.2026-08-16.xml,tsml_location,/meetings,final-route,"meeting/location URLs use the structured finder with filters, map pins, and directions"
https://na.org.za/wc/locations/316-manenberg-avenue-manenberg/,"316 Manenberg Avenue, Manenberg",narcoticsanonymouswesterncape.WordPress.2026-08-16.xml,tsml_location,/meetings,final-route,"meeting/location URLs use the structured finder with filters, map pins, and directions"
https://na.org.za/wc/locations/bellville-presbyterian-church-office/,Bellville Presbyterian Church Office,narcoticsanonymouswesterncape.WordPress.2026-08-16.xml,tsml_location,/meetings,final-route,"meeting/location URLs use the structured finder with filters, map pins, and directions"
https://na.org.za/wc/locations/bonteheuwel-multi-purpose-centre/,Bonteheuwel Multi-Purpose Centre,narcoticsanonymouswesterncape.WordPress.2026-08-16.xml,tsml_location,/meetings,final-route,"meeting/location URLs use the structured finder with filters, map pins, and directions"
https://na.org.za/wc/locations/cape-town-drug-counselling-centre/,Cape Town Drug Counselling Centre,narcoticsanonymouswesterncape.WordPress.2026-08-16.xml,tsml_location,/meetings,final-route,"meeting/location URLs use the structured finder with filters, map pins, and directions"
https://na.org.za/wc/locations/cedar-high-school-entrance-off-weltevreden-rd/,"Cedar High School, entrance off Weltevreden Rd",narcoticsanonymouswesterncape.WordPress.2026-08-16.xml,tsml_location,/meetings,final-route,"meeting/location URLs use the structured finder with filters, map pins, and directions"
https://na.org.za/wc/locations/church-st-goodwood-estate-cape-town-7460-2/,"Church St, Goodwood Estate, Cape Town, 7460",narcoticsanonymouswesterncape.WordPress.2026-08-16.xml,tsml_location,/meetings,final-route,"meeting/location URLs use the structured finder with filters, map pins, and directions"
https://na.org.za/wc/locations/cnr-of-dolfyn-street-and-5th-onse-hoop-sentrum-struisbaai-noord/,"Cnr of Dolfyn Street and 5th ,Onse Hoop Sentrum ,Struisbaai Noord",narcoticsanonymouswesterncape.WordPress.2026-08-16.xml,tsml_location,/meetings,final-route,"meeting/location URLs use the structured finder with filters, map pins, and directions"
https://na.org.za/wc/locations/corner-of-gordon-rd-and-2nd-road/,Corner of Gordon Rd and 2nd Road,narcoticsanonymouswesterncape.WordPress.2026-08-16.xml,tsml_location,/meetings,final-route,"meeting/location URLs use the structured finder with filters, map pins, and directions"
https://na.org.za/wc/locations/delft-civic-c-o-delft-and-voorbrug-main-road/,Delft Civic c/o Delft and Voorbrug Main Road,narcoticsanonymouswesterncape.WordPress.2026-08-16.xml,tsml_location,/meetings,final-route,"meeting/location URLs use the structured finder with filters, map pins, and directions"
https://na.org.za/wc/locations/durbanville-presbyterian-church-cnr-louw-st-and-hafele-st-durbanville-2/,"Durbanville Presbyterian Church, Cnr Louw St and Hafele St. Durbanville.",narcoticsanonymouswesterncape.WordPress.2026-08-16.xml,tsml_location,/meetings,final-route,"meeting/location URLs use the structured finder with filters, map pins, and directions"
https://na.org.za/wc/locations/durbanville-presbyterian-church-cnr-louw-st-and-hafele-st-durbanville/,"Durbanville Presbyterian Church, Cnr Louw St and Hafele St. Durbanville.",narcoticsanonymouswesterncape.WordPress.2026-08-16.xml,tsml_location,/meetings,final-route,"meeting/location URLs use the structured finder with filters, map pins, and directions"
https://na.org.za/wc/locations/east-claremont-congregational-church-craven-hall/,"East Claremont Congregational Church, Craven Hall",narcoticsanonymouswesterncape.WordPress.2026-08-16.xml,tsml_location,/meetings,final-route,"meeting/location URLs use the structured finder with filters, map pins, and directions"
https://na.org.za/wc/locations/gilpine-scout-hall/,Gilpine Scout Hall,narcoticsanonymouswesterncape.WordPress.2026-08-16.xml,tsml_location,/meetings,final-route,"meeting/location URLs use the structured finder with filters, map pins, and directions"
https://na.org.za/wc/locations/groote-kerk-sentrum/,GROOTE KERK Sentrum,narcoticsanonymouswesterncape.WordPress.2026-08-16.xml,tsml_location,/meetings,final-route,"meeting/location URLs use the structured finder with filters, map pins, and directions"
https://na.org.za/wc/locations/hanover-park-community-center/,Hanover Park Community Center,narcoticsanonymouswesterncape.WordPress.2026-08-16.xml,tsml_location,/meetings,final-route,"meeting/location URLs use the structured finder with filters, map pins, and directions"
https://na.org.za/wc/locations/harry-giddy-park-mosselbay-south-africa/,"Harry Giddy Park, Mosselbay, South Africa",narcoticsanonymouswesterncape.WordPress.2026-08-16.xml,tsml_location,/meetings,final-route,"meeting/location URLs use the structured finder with filters, map pins, and directions"
https://na.org.za/wc/locations/house-of-steps-plettenberg-bay/,"House Of Steps, Plettenberg Bay",narcoticsanonymouswesterncape.WordPress.2026-08-16.xml,tsml_location,/meetings,final-route,"meeting/location URLs use the structured finder with filters, map pins, and directions"
https://na.org.za/wc/locations/kalk-bay-community-centre/,Kalk Bay Community Centre,narcoticsanonymouswesterncape.WordPress.2026-08-16.xml,tsml_location,/meetings,final-route,"meeting/location URLs use the structured finder with filters, map pins, and directions"
https://na.org.za/wc/locations/kenilworth-presybterian-church/,Kenilworth Community Presbyterian Church,narcoticsanonymouswesterncape.WordPress.2026-08-16.xml,tsml_location,/meetings,final-route,"meeting/location URLs use the structured finder with filters, map pins, and directions"
https://na.org.za/wc/locations/knysna/,Knysna,narcoticsanonymouswesterncape.WordPress.2026-08-16.xml,tsml_location,/meetings,final-route,"meeting/location URLs use the structured finder with filters, map pins, and directions"
https://na.org.za/wc/locations/kommetjie-christian-church/,Kommetjie Christian Church,narcoticsanonymouswesterncape.WordPress.2026-08-16.xml,tsml_location,/meetings,final-route,"meeting/location URLs use the structured finder with filters, map pins, and directions"
https://na.org.za/wc/locations/kuilsriver-public-library/,Kuilsriver Public Library,narcoticsanonymouswesterncape.WordPress.2026-08-16.xml,tsml_location,/meetings,final-route,"meeting/location URLs use the structured finder with filters, map pins, and directions"
https://na.org.za/wc/locations/meadowridge-primary-school-off-a-z-berman-drive-2/,"Meadowridge Primary School, off A Z Berman Drive",narcoticsanonymouswesterncape.WordPress.2026-08-16.xml,tsml_location,/meetings,final-route,"meeting/location URLs use the structured finder with filters, map pins, and directions"
https://na.org.za/wc/locations/medway-community-church/,Medway Community Church,narcoticsanonymouswesterncape.WordPress.2026-08-16.xml,tsml_location,/meetings,final-route,"meeting/location URLs use the structured finder with filters, map pins, and directions"
https://na.org.za/wc/locations/methodist-church-burg-street/,"Methodist Church, Burg Street",narcoticsanonymouswesterncape.WordPress.2026-08-16.xml,tsml_location,/meetings,final-route,"meeting/location URLs use the structured finder with filters, map pins, and directions"
https://na.org.za/wc/locations/methodist-church-off-marsh-street/,"Methodist Church, off Marsh Street",narcoticsanonymouswesterncape.WordPress.2026-08-16.xml,tsml_location,/meetings,final-route,"meeting/location URLs use the structured finder with filters, map pins, and directions"
https://na.org.za/wc/locations/milnerton/,Milnerton,narcoticsanonymouswesterncape.WordPress.2026-08-16.xml,tsml_location,/meetings,final-route,"meeting/location URLs use the structured finder with filters, map pins, and directions"
https://na.org.za/wc/locations/mitchells-plain-family-and-youth-centre-corner-of-kilimanjaro-and-pyrenees-street/,"Mitchell's Plain Family and Youth Centre, Corner of Kilimanjaro and Pyrenees Street",narcoticsanonymouswesterncape.WordPress.2026-08-16.xml,tsml_location,/meetings,final-route,"meeting/location URLs use the structured finder with filters, map pins, and directions"
https://na.org.za/wc/locations/moravian-church-school/,Moravian Church School,narcoticsanonymouswesterncape.WordPress.2026-08-16.xml,tsml_location,/meetings,final-route,"meeting/location URLs use the structured finder with filters, map pins, and directions"
https://na.org.za/wc/locations/mountain-view-baptist-church/,Mountain View Baptist Church,narcoticsanonymouswesterncape.WordPress.2026-08-16.xml,tsml_location,/meetings,final-route,"meeting/location URLs use the structured finder with filters, map pins, and directions"
https://na.org.za/wc/locations/muizenberg-methodist-church/,Muizenberg Methodist Church,narcoticsanonymouswesterncape.WordPress.2026-08-16.xml,tsml_location,/meetings,final-route,"meeting/location URLs use the structured finder with filters, map pins, and directions"
https://na.org.za/wc/locations/ng-gemeente-gordons-bay/,"NG Gemeente, Gordon's bay",narcoticsanonymouswesterncape.WordPress.2026-08-16.xml,tsml_location,/meetings,final-route,"meeting/location URLs use the structured finder with filters, map pins, and directions"
https://na.org.za/wc/locations/ng-helderberg-gemeente-church/,NG Helderberg Gemeente Church,narcoticsanonymouswesterncape.WordPress.2026-08-16.xml,tsml_location,/meetings,final-route,"meeting/location URLs use the structured finder with filters, map pins, and directions"
https://na.org.za/wc/locations/noordhoek-community-centre-2/,Noordhoek Community Centre,narcoticsanonymouswesterncape.WordPress.2026-08-16.xml,tsml_location,/meetings,final-route,"meeting/location URLs use the structured finder with filters, map pins, and directions"
https://na.org.za/wc/locations/observatory-community-centre-hall/,Observatory Community Centre Hall,narcoticsanonymouswesterncape.WordPress.2026-08-16.xml,tsml_location,/meetings,final-route,"meeting/location URLs use the structured finder with filters, map pins, and directions"
https://na.org.za/wc/locations/observatory-community-recreation-centre-room-4/,Observatory Community Recreation Centre Room 7,narcoticsanonymouswesterncape.WordPress.2026-08-16.xml,tsml_location,/meetings,final-route,"meeting/location URLs use the structured finder with filters, map pins, and directions"
https://na.org.za/wc/locations/salesians-institute/,Salesians Institute,narcoticsanonymouswesterncape.WordPress.2026-08-16.xml,tsml_location,/meetings,final-route,"meeting/location URLs use the structured finder with filters, map pins, and directions"
https://na.org.za/wc/locations/sea-point-high-school-2/,Sea Point High School,narcoticsanonymouswesterncape.WordPress.2026-08-16.xml,tsml_location,/meetings,final-route,"meeting/location URLs use the structured finder with filters, map pins, and directions"
https://na.org.za/wc/locations/somerset-west-united-church/,Somerset West United Church,narcoticsanonymouswesterncape.WordPress.2026-08-16.xml,tsml_location,/meetings,final-route,"meeting/location URLs use the structured finder with filters, map pins, and directions"
https://na.org.za/wc/locations/st-agnes-catholic-church/,St Agnes Catholic Church,narcoticsanonymouswesterncape.WordPress.2026-08-16.xml,tsml_location,/meetings,final-route,"meeting/location URLs use the structured finder with filters, map pins, and directions"
https://na.org.za/wc/locations/st-clements-primary-school-st-clements-way-2/,"St Clements Primary School, St Clements Way",narcoticsanonymouswesterncape.WordPress.2026-08-16.xml,tsml_location,/meetings,final-route,"meeting/location URLs use the structured finder with filters, map pins, and directions"
https://na.org.za/wc/locations/st-clements-primary-school-st-clements-way/,"St Clements Primary School, St Clements Way",narcoticsanonymouswesterncape.WordPress.2026-08-16.xml,tsml_location,/meetings,final-route,"meeting/location URLs use the structured finder with filters, map pins, and directions"
https://na.org.za/wc/locations/st-marks-catholic-church/,St. Mark's Catholic Church,narcoticsanonymouswesterncape.WordPress.2026-08-16.xml,tsml_location,/meetings,final-route,"meeting/location URLs use the structured finder with filters, map pins, and directions"
https://na.org.za/wc/locations/st-marks-church-southfield/,"St. Marks Church, Southfield",narcoticsanonymouswesterncape.WordPress.2026-08-16.xml,tsml_location,/meetings,final-route,"meeting/location URLs use the structured finder with filters, map pins, and directions"
https://na.org.za/wc/locations/st-martins-anglican-church/,ST Martin's Anglican Church,narcoticsanonymouswesterncape.WordPress.2026-08-16.xml,tsml_location,/meetings,final-route,"meeting/location URLs use the structured finder with filters, map pins, and directions"
https://na.org.za/wc/locations/st-marys-of-angels-catholic-church-86-lawrence-road-athlone/,"St Mary's of Angels Catholic Church, 86 Lawrence Road, Athlone",narcoticsanonymouswesterncape.WordPress.2026-08-16.xml,tsml_location,/meetings,final-route,"meeting/location URLs use the structured finder with filters, map pins, and directions"
https://na.org.za/wc/locations/st-michael-and-all-angels-anglican-church/,St Michael and All Angels Anglican Church,narcoticsanonymouswesterncape.WordPress.2026-08-16.xml,tsml_location,/meetings,final-route,"meeting/location URLs use the structured finder with filters, map pins, and directions"
https://na.org.za/wc/locations/table-view-methodist-church/,Table View Methodist Church,narcoticsanonymouswesterncape.WordPress.2026-08-16.xml,tsml_location,/meetings,final-route,"meeting/location URLs use the structured finder with filters, map pins, and directions"
https://na.org.za/wc/locations/table-view-neighborhood-watch-headquarters/,Table View Neighborhood Watch Headquarters,narcoticsanonymouswesterncape.WordPress.2026-08-16.xml,tsml_location,/meetings,final-route,"meeting/location URLs use the structured finder with filters, map pins, and directions"
https://na.org.za/wc/locations/the-haven-night-shelter/,The Haven Night Shelter,narcoticsanonymouswesterncape.WordPress.2026-08-16.xml,tsml_location,/meetings,final-route,"meeting/location URLs use the structured finder with filters, map pins, and directions"
https://na.org.za/wc/locations/toringkerk-paarl-church-hall-lower-hall/,Toringkerk Paarl Church hall (lower hall),narcoticsanonymouswesterncape.WordPress.2026-08-16.xml,tsml_location,/meetings,final-route,"meeting/location URLs use the structured finder with filters, map pins, and directions"
https://na.org.za/wc/locations/united-church-hermanus/,"United Church, Hermanus",narcoticsanonymouswesterncape.WordPress.2026-08-16.xml,tsml_location,/meetings,final-route,"meeting/location URLs use the structured finder with filters, map pins, and directions"
https://na.org.za/wc/locations/western-cape-south-africa/,"Western Cape, South Africa",narcoticsanonymouswesterncape.WordPress.2026-08-16.xml,tsml_location,/meetings,final-route,"meeting/location URLs use the structured finder with filters, map pins, and directions"
https://na.org.za/wc/mediapacks-announcements/,Media Packs &amp; Announcements,narcoticsanonymouswesterncape.WordPress.2026-08-16.xml,page,/areas,final-route,regional information consolidates in the area directory
https://na.org.za/wc/meetings/,Meetings,narcoticsanonymouswesterncape.WordPress.2026-08-16.xml,page,/meetings,final-route,"meeting/location URLs use the structured finder with filters, map pins, and directions"
https://na.org.za/wc/meetings/beacon-of-hope-na/,Beacon Of Hope NA,narcoticsanonymouswesterncape.WordPress.2026-08-16.xml,tsml_meeting,/meetings,final-route,"meeting/location URLs use the structured finder with filters, map pins, and directions"
https://na.org.za/wc/meetings/beginners-group/,Observatory (Beginners Group),narcoticsanonymouswesterncape.WordPress.2026-08-16.xml,tsml_meeting,/meetings,final-route,"meeting/location URLs use the structured finder with filters, map pins, and directions"
https://na.org.za/wc/meetings/bellville/,Bellville Boston,narcoticsanonymouswesterncape.WordPress.2026-08-16.xml,tsml_meeting,/meetings,final-route,"meeting/location URLs use the structured finder with filters, map pins, and directions"
https://na.org.za/wc/meetings/bellville_south/,Bellville South,narcoticsanonymouswesterncape.WordPress.2026-08-16.xml,tsml_meeting,/meetings,final-route,"meeting/location URLs use the structured finder with filters, map pins, and directions"
https://na.org.za/wc/meetings/blouberg-2/,Blouberg Friday,narcoticsanonymouswesterncape.WordPress.2026-08-16.xml,tsml_meeting,/meetings,final-route,"meeting/location URLs use the structured finder with filters, map pins, and directions"
https://na.org.za/wc/meetings/blouberg/,Blouberg Sunday night,narcoticsanonymouswesterncape.WordPress.2026-08-16.xml,tsml_meeting,/meetings,final-route,"meeting/location URLs use the structured finder with filters, map pins, and directions"
https://na.org.za/wc/meetings/blue-monday-steenberg/,Blue Monday Steenberg,narcoticsanonymouswesterncape.WordPress.2026-08-16.xml,tsml_meeting,/meetings,final-route,"meeting/location URLs use the structured finder with filters, map pins, and directions"
https://na.org.za/wc/meetings/bonteheuwel/,Bonteheuwel Meeting,narcoticsanonymouswesterncape.WordPress.2026-08-16.xml,tsml_meeting,/meetings,final-route,"meeting/location URLs use the structured finder with filters, map pins, and directions"
https://na.org.za/wc/meetings/city-bowl/,City Bowl,narcoticsanonymouswesterncape.WordPress.2026-08-16.xml,tsml_meeting,/meetings,final-route,"meeting/location URLs use the structured finder with filters, map pins, and directions"
https://na.org.za/wc/meetings/claremont-express-meeting/,Claremont Tuesday Express,narcoticsanonymouswesterncape.WordPress.2026-08-16.xml,tsml_meeting,/meetings,final-route,"meeting/location URLs use the structured finder with filters, map pins, and directions"
https://na.org.za/wc/meetings/constantia/,Constantia Monday,narcoticsanonymouswesterncape.WordPress.2026-08-16.xml,tsml_meeting,/meetings,final-route,"meeting/location URLs use the structured finder with filters, map pins, and directions"
https://na.org.za/wc/meetings/crawford/,Crawford Living Clean,narcoticsanonymouswesterncape.WordPress.2026-08-16.xml,tsml_meeting,/meetings,final-route,"meeting/location URLs use the structured finder with filters, map pins, and directions"
https://na.org.za/wc/meetings/ct-womens-meeting/,CT Women’s Meeting 2026,narcoticsanonymouswesterncape.WordPress.2026-08-16.xml,tsml_meeting,/meetings,final-route,"meeting/location URLs use the structured finder with filters, map pins, and directions"
https://na.org.za/wc/meetings/delft/,Delft Against All Odds,narcoticsanonymouswesterncape.WordPress.2026-08-16.xml,tsml_meeting,/meetings,final-route,"meeting/location URLs use the structured finder with filters, map pins, and directions"
https://na.org.za/wc/meetings/durbanville-2/,Durbanville Friday Keep Coming Back,narcoticsanonymouswesterncape.WordPress.2026-08-16.xml,tsml_meeting,/meetings,final-route,"meeting/location URLs use the structured finder with filters, map pins, and directions"
https://na.org.za/wc/meetings/durbanville-wednesday-lunch/,Durbanville Wednesday Lunch,narcoticsanonymouswesterncape.WordPress.2026-08-16.xml,tsml_meeting,/meetings,final-route,"meeting/location URLs use the structured finder with filters, map pins, and directions"
https://na.org.za/wc/meetings/durbanville/,Durbanville Together We Can,narcoticsanonymouswesterncape.WordPress.2026-08-16.xml,tsml_meeting,/meetings,final-route,"meeting/location URLs use the structured finder with filters, map pins, and directions"
https://na.org.za/wc/meetings/freaky-fridays/,Freaky Fridays,narcoticsanonymouswesterncape.WordPress.2026-08-16.xml,tsml_meeting,/meetings,final-route,"meeting/location URLs use the structured finder with filters, map pins, and directions"
https://na.org.za/wc/meetings/goodwood/,Goodwood Saturday Night,narcoticsanonymouswesterncape.WordPress.2026-08-16.xml,tsml_meeting,/meetings,final-route,"meeting/location URLs use the structured finder with filters, map pins, and directions"
https://na.org.za/wc/meetings/gordons-bay/,Gordon's Bay Monday Night,narcoticsanonymouswesterncape.WordPress.2026-08-16.xml,tsml_meeting,/meetings,final-route,"meeting/location URLs use the structured finder with filters, map pins, and directions"
https://na.org.za/wc/meetings/grassy_park/,Grassy Park Courage to Change,narcoticsanonymouswesterncape.WordPress.2026-08-16.xml,tsml_meeting,/meetings,final-route,"meeting/location URLs use the structured finder with filters, map pins, and directions"
https://na.org.za/wc/meetings/green-point-just-for-today/,Just For Today CPT - Online,narcoticsanonymouswesterncape.WordPress.2026-08-16.xml,tsml_meeting,/meetings,final-route,"meeting/location URLs use the structured finder with filters, map pins, and directions"
https://na.org.za/wc/meetings/green-point-topic-meeting-share-2/,Just For Today CPT - Online,narcoticsanonymouswesterncape.WordPress.2026-08-16.xml,tsml_meeting,/meetings,final-route,"meeting/location URLs use the structured finder with filters, map pins, and directions"
https://na.org.za/wc/meetings/green-point-topic-meeting-share/,Just For Today CPT - Online,narcoticsanonymouswesterncape.WordPress.2026-08-16.xml,tsml_meeting,/meetings,final-route,"meeting/location URLs use the structured finder with filters, map pins, and directions"
https://na.org.za/wc/meetings/green-point/,Green Point JFT (F2F),narcoticsanonymouswesterncape.WordPress.2026-08-16.xml,tsml_meeting,/meetings,final-route,"meeting/location URLs use the structured finder with filters, map pins, and directions"
https://na.org.za/wc/meetings/greenpoint/,Just For Today CPT - Online,narcoticsanonymouswesterncape.WordPress.2026-08-16.xml,tsml_meeting,/meetings,final-route,"meeting/location URLs use the structured finder with filters, map pins, and directions"
https://na.org.za/wc/meetings/hanover-park-get-back-up/,Hanover Park (Get Back Up),narcoticsanonymouswesterncape.WordPress.2026-08-16.xml,tsml_meeting,/meetings,final-route,"meeting/location URLs use the structured finder with filters, map pins, and directions"
https://na.org.za/wc/meetings/helderberg/,Helderberg Friday,narcoticsanonymouswesterncape.WordPress.2026-08-16.xml,tsml_meeting,/meetings,final-route,"meeting/location URLs use the structured finder with filters, map pins, and directions"
https://na.org.za/wc/meetings/hour-of-power-online/,Hour of Power - Online,narcoticsanonymouswesterncape.WordPress.2026-08-16.xml,tsml_meeting,/meetings,final-route,"meeting/location URLs use the structured finder with filters, map pins, and directions"
https://na.org.za/wc/meetings/just-for-today-2-2/,Just For Today CPT - Online,narcoticsanonymouswesterncape.WordPress.2026-08-16.xml,tsml_meeting,/meetings,final-route,"meeting/location URLs use the structured finder with filters, map pins, and directions"
https://na.org.za/wc/meetings/just-for-today-2/,Just For Today CPT - Online,narcoticsanonymouswesterncape.WordPress.2026-08-16.xml,tsml_meeting,/meetings,final-route,"meeting/location URLs use the structured finder with filters, map pins, and directions"
https://na.org.za/wc/meetings/just-for-today-2a/,Green Point JFT (F2F),narcoticsanonymouswesterncape.WordPress.2026-08-16.xml,tsml_meeting,/meetings,final-route,"meeting/location URLs use the structured finder with filters, map pins, and directions"
https://na.org.za/wc/meetings/just-for-today-3/,Just For Today CPT - Online,narcoticsanonymouswesterncape.WordPress.2026-08-16.xml,tsml_meeting,/meetings,final-route,"meeting/location URLs use the structured finder with filters, map pins, and directions"
https://na.org.za/wc/meetings/just-for-today-3a/,Green Point JFT (F2F),narcoticsanonymouswesterncape.WordPress.2026-08-16.xml,tsml_meeting,/meetings,final-route,"meeting/location URLs use the structured finder with filters, map pins, and directions"
https://na.org.za/wc/meetings/just-for-today-5/,Green market square Express,narcoticsanonymouswesterncape.WordPress.2026-08-16.xml,tsml_meeting,/meetings,final-route,"meeting/location URLs use the structured finder with filters, map pins, and directions"
https://na.org.za/wc/meetings/just-for-today-7/,Green market square Express,narcoticsanonymouswesterncape.WordPress.2026-08-16.xml,tsml_meeting,/meetings,final-route,"meeting/location URLs use the structured finder with filters, map pins, and directions"
https://na.org.za/wc/meetings/just-for-today/,Green market square Express,narcoticsanonymouswesterncape.WordPress.2026-08-16.xml,tsml_meeting,/meetings,final-route,"meeting/location URLs use the structured finder with filters, map pins, and directions"
https://na.org.za/wc/meetings/kalk-bay/,Kalk Bay Changing Tides,narcoticsanonymouswesterncape.WordPress.2026-08-16.xml,tsml_meeting,/meetings,final-route,"meeting/location URLs use the structured finder with filters, map pins, and directions"
https://na.org.za/wc/meetings/kenilworth-3/,Saturday Night Live,narcoticsanonymouswesterncape.WordPress.2026-08-16.xml,tsml_meeting,/meetings,final-route,"meeting/location URLs use the structured finder with filters, map pins, and directions"
https://na.org.za/wc/meetings/knysna-wednesday-700-pm-2/,Knysna JFT (F2F),narcoticsanonymouswesterncape.WordPress.2026-08-16.xml,tsml_meeting,/meetings,final-route,"meeting/location URLs use the structured finder with filters, map pins, and directions"
https://na.org.za/wc/meetings/knysna-wednesday-700-pm/,Knysna JFT (F2F),narcoticsanonymouswesterncape.WordPress.2026-08-16.xml,tsml_meeting,/meetings,final-route,"meeting/location URLs use the structured finder with filters, map pins, and directions"
https://na.org.za/wc/meetings/kuilsriver/,Kuilsriver Saturday,narcoticsanonymouswesterncape.WordPress.2026-08-16.xml,tsml_meeting,/meetings,final-route,"meeting/location URLs use the structured finder with filters, map pins, and directions"
https://na.org.za/wc/meetings/lansdowne/,Lansdowne Searching and Fearless,narcoticsanonymouswesterncape.WordPress.2026-08-16.xml,tsml_meeting,/meetings,final-route,"meeting/location URLs use the structured finder with filters, map pins, and directions"
https://na.org.za/wc/meetings/living-miracles/,"Living Miracles, Mosselbay",narcoticsanonymouswesterncape.WordPress.2026-08-16.xml,tsml_meeting,/meetings,final-route,"meeting/location URLs use the structured finder with filters, map pins, and directions"
https://na.org.za/wc/meetings/living-queer-lit/,Living Queer Literature,narcoticsanonymouswesterncape.WordPress.2026-08-16.xml,tsml_meeting,/meetings,final-route,"meeting/location URLs use the structured finder with filters, map pins, and directions"
https://na.org.za/wc/meetings/living-queer/,Living Queer,narcoticsanonymouswesterncape.WordPress.2026-08-16.xml,tsml_meeting,/meetings,final-route,"meeting/location URLs use the structured finder with filters, map pins, and directions"
https://na.org.za/wc/meetings/lotus-river-every-step-counts/,Lotus River Every Step Counts,narcoticsanonymouswesterncape.WordPress.2026-08-16.xml,tsml_meeting,/meetings,final-route,"meeting/location URLs use the structured finder with filters, map pins, and directions"
https://na.org.za/wc/meetings/manenberg-new-hope-meeting/,Manenberg New Hope Meeting,narcoticsanonymouswesterncape.WordPress.2026-08-16.xml,tsml_meeting,/meetings,final-route,"meeting/location URLs use the structured finder with filters, map pins, and directions"
https://na.org.za/wc/meetings/miracles-milestones/,Miracles and Milestones,narcoticsanonymouswesterncape.WordPress.2026-08-16.xml,tsml_meeting,/meetings,final-route,"meeting/location URLs use the structured finder with filters, map pins, and directions"
https://na.org.za/wc/meetings/mitchells-plain-from-the-streets-to-the-seats/,Mitchell's Plain From The Streets to The Seats,narcoticsanonymouswesterncape.WordPress.2026-08-16.xml,tsml_meeting,/meetings,final-route,"meeting/location URLs use the structured finder with filters, map pins, and directions"
https://na.org.za/wc/meetings/mitchells-plain-grow-and-change-group/,Wednesday Grow and Change,narcoticsanonymouswesterncape.WordPress.2026-08-16.xml,tsml_meeting,/meetings,final-route,"meeting/location URLs use the structured finder with filters, map pins, and directions"
https://na.org.za/wc/meetings/mitchells-plain/,One Addict Helping Another,narcoticsanonymouswesterncape.WordPress.2026-08-16.xml,tsml_meeting,/meetings,final-route,"meeting/location URLs use the structured finder with filters, map pins, and directions"
https://na.org.za/wc/meetings/mitchells_plein/,I Can't We Can - Mitchells Plain,narcoticsanonymouswesterncape.WordPress.2026-08-16.xml,tsml_meeting,/meetings,final-route,"meeting/location URLs use the structured finder with filters, map pins, and directions"
https://na.org.za/wc/meetings/mossel-bay/,Mosselbay,narcoticsanonymouswesterncape.WordPress.2026-08-16.xml,tsml_meeting,/meetings,final-route,"meeting/location URLs use the structured finder with filters, map pins, and directions"
https://na.org.za/wc/meetings/muizenberg/,Friday Muizenberg,narcoticsanonymouswesterncape.WordPress.2026-08-16.xml,tsml_meeting,/meetings,final-route,"meeting/location URLs use the structured finder with filters, map pins, and directions"
https://na.org.za/wc/meetings/na-edgemead-narcotics-anonymous-cape-town-keep-it-simple-na-thursday-na-meeting-na-support-group-western-cape-na-speaker-meeting-edgemead/,Edgemead Thursday Night Meeting,narcoticsanonymouswesterncape.WordPress.2026-08-16.xml,tsml_meeting,/meetings,final-route,"meeting/location URLs use the structured finder with filters, map pins, and directions"
https://na.org.za/wc/meetings/na-hermanus/,NA Hermanus,narcoticsanonymouswesterncape.WordPress.2026-08-16.xml,tsml_meeting,/meetings,final-route,"meeting/location URLs use the structured finder with filters, map pins, and directions"
https://na.org.za/wc/meetings/noordhoek-new-way-of-life-2/,Noordhoek - New Way of Life,narcoticsanonymouswesterncape.WordPress.2026-08-16.xml,tsml_meeting,/meetings,final-route,"meeting/location URLs use the structured finder with filters, map pins, and directions"
https://na.org.za/wc/meetings/observatory-2/,Saturday Observatory,narcoticsanonymouswesterncape.WordPress.2026-08-16.xml,tsml_meeting,/meetings,final-route,"meeting/location URLs use the structured finder with filters, map pins, and directions"
https://na.org.za/wc/meetings/observatory-express/,Observatory (Observatory Express),narcoticsanonymouswesterncape.WordPress.2026-08-16.xml,tsml_meeting,/meetings,final-route,"meeting/location URLs use the structured finder with filters, map pins, and directions"
https://na.org.za/wc/meetings/observatory/,No Matter What,narcoticsanonymouswesterncape.WordPress.2026-08-16.xml,tsml_meeting,/meetings,final-route,"meeting/location URLs use the structured finder with filters, map pins, and directions"
https://na.org.za/wc/meetings/paarl/,Paarl Thursday,narcoticsanonymouswesterncape.WordPress.2026-08-16.xml,tsml_meeting,/meetings,final-route,"meeting/location URLs use the structured finder with filters, map pins, and directions"
https://na.org.za/wc/meetings/page-by-page/,Page by Page Online,narcoticsanonymouswesterncape.WordPress.2026-08-16.xml,tsml_meeting,/meetings,final-route,"meeting/location URLs use the structured finder with filters, map pins, and directions"
https://na.org.za/wc/meetings/pink-cloud-2/,Pink Cloud,narcoticsanonymouswesterncape.WordPress.2026-08-16.xml,tsml_meeting,/meetings,final-route,"meeting/location URLs use the structured finder with filters, map pins, and directions"
https://na.org.za/wc/meetings/plettenberg-bay-2/,Plettenberg Bay (Share / Topic Meeting),narcoticsanonymouswesterncape.WordPress.2026-08-16.xml,tsml_meeting,/meetings,final-route,"meeting/location URLs use the structured finder with filters, map pins, and directions"
https://na.org.za/wc/meetings/plettenberg-bay/,Plettenberg Bay (Share / Topic Meeting) Sunday,narcoticsanonymouswesterncape.WordPress.2026-08-16.xml,tsml_meeting,/meetings,final-route,"meeting/location URLs use the structured finder with filters, map pins, and directions"
https://na.org.za/wc/meetings/plumstead-strength-and-unity/,Plumstead Strength and Unity,narcoticsanonymouswesterncape.WordPress.2026-08-16.xml,tsml_meeting,/meetings,final-route,"meeting/location URLs use the structured finder with filters, map pins, and directions"
https://na.org.za/wc/meetings/retreat/,Retreat Coming Home,narcoticsanonymouswesterncape.WordPress.2026-08-16.xml,tsml_meeting,/meetings,final-route,"meeting/location URLs use the structured finder with filters, map pins, and directions"
https://na.org.za/wc/meetings/seapointlivingclean/,Sea Point Living Clean,narcoticsanonymouswesterncape.WordPress.2026-08-16.xml,tsml_meeting,/meetings,final-route,"meeting/location URLs use the structured finder with filters, map pins, and directions"
https://na.org.za/wc/meetings/somerset-west/,Somerset West,narcoticsanonymouswesterncape.WordPress.2026-08-16.xml,tsml_meeting,/meetings,final-route,"meeting/location URLs use the structured finder with filters, map pins, and directions"
https://na.org.za/wc/meetings/southfield/,Carrying the Message,narcoticsanonymouswesterncape.WordPress.2026-08-16.xml,tsml_meeting,/meetings,final-route,"meeting/location URLs use the structured finder with filters, map pins, and directions"
https://na.org.za/wc/meetings/st-josephs-church-friday-500-pm/,Friday Kommetjie - Kom Recover,narcoticsanonymouswesterncape.WordPress.2026-08-16.xml,tsml_meeting,/meetings,final-route,"meeting/location URLs use the structured finder with filters, map pins, and directions"
https://na.org.za/wc/meetings/stellenbosch/,Stellenbosch,narcoticsanonymouswesterncape.WordPress.2026-08-16.xml,tsml_meeting,/meetings,final-route,"meeting/location URLs use the structured finder with filters, map pins, and directions"
https://na.org.za/wc/meetings/sunday-serenity/,Sunday Serenity,narcoticsanonymouswesterncape.WordPress.2026-08-16.xml,tsml_meeting,/meetings,final-route,"meeting/location URLs use the structured finder with filters, map pins, and directions"
https://na.org.za/wc/meetings/surrender-to-monday/,Blouberg - Surrender to Monday,narcoticsanonymouswesterncape.WordPress.2026-08-16.xml,tsml_meeting,/meetings,final-route,"meeting/location URLs use the structured finder with filters, map pins, and directions"
https://na.org.za/wc/meetings/table-view/,Tableview -Keep it Simple,narcoticsanonymouswesterncape.WordPress.2026-08-16.xml,tsml_meeting,/meetings,final-route,"meeting/location URLs use the structured finder with filters, map pins, and directions"
https://na.org.za/wc/meetings/wc-afrikaans-meeting-online/,NA WK Afrikaans Vergadering - Aanlyn,narcoticsanonymouswesterncape.WordPress.2026-08-16.xml,tsml_meeting,/meetings,final-route,"meeting/location URLs use the structured finder with filters, map pins, and directions"
https://na.org.za/wc/meetings/wednesdays-we-can/,Milnerton Wednesdays We Can,narcoticsanonymouswesterncape.WordPress.2026-08-16.xml,tsml_meeting,/meetings,final-route,"meeting/location URLs use the structured finder with filters, map pins, and directions"
https://na.org.za/wc/meetings/welcome-home/,Heathfield Welcome Home,narcoticsanonymouswesterncape.WordPress.2026-08-16.xml,tsml_meeting,/meetings,final-route,"meeting/location URLs use the structured finder with filters, map pins, and directions"
https://na.org.za/wc/meetings/woodstock-meeting/,Wednesday Woodstock,narcoticsanonymouswesterncape.WordPress.2026-08-16.xml,tsml_meeting,/meetings,final-route,"meeting/location URLs use the structured finder with filters, map pins, and directions"
https://na.org.za/wc/meetings/young-peoples-meeting/,Young People's Meeting,narcoticsanonymouswesterncape.WordPress.2026-08-16.xml,tsml_meeting,/meetings,final-route,"meeting/location URLs use the structured finder with filters, map pins, and directions"
https://na.org.za/wc/na-literature/,NA Literature,narcoticsanonymouswesterncape.WordPress.2026-08-16.xml,page,/literature,final-route,resource and literature content consolidates in the rebuilt library
https://na.org.za/wc/online-meeting-update/,Online Meeting Update,narcoticsanonymouswesterncape.WordPress.2026-08-16.xml,page,/recovery,final-route,recovery and newcomer guidance consolidates in the recovery section
https://na.org.za/wc/online-meetings/,Online Meetings,narcoticsanonymouswesterncape.WordPress.2026-08-16.xml,page,/recovery,final-route,recovery and newcomer guidance consolidates in the recovery section
https://na.org.za/wc/organizer/narcotics-anonymous-western-cape/,Narcotics Anonymous Western Cape,narcoticsanonymouswesterncape.WordPress.2026-08-16.xml,tribe_organizer,/areas,final-route,regional information consolidates in the area directory
https://na.org.za/wc/organizer/wc-events-subcom/,WC Events Subcom,narcoticsanonymouswesterncape.WordPress.2026-08-16.xml,tribe_organizer,/areas,final-route,regional information consolidates in the area directory
https://na.org.za/wc/organizer/wc-pr-subcom-2/,WC PR Subcom,narcoticsanonymouswesterncape.WordPress.2026-08-16.xml,tribe_organizer,/areas,final-route,regional information consolidates in the area directory
https://na.org.za/wc/organizer/wc-pr-subcom/,WC PR Subcom,narcoticsanonymouswesterncape.WordPress.2026-08-16.xml,tribe_organizer,/areas,final-route,regional information consolidates in the area directory
https://na.org.za/wc/organizer/wc-website-subcom/,WC Website Subcom,narcoticsanonymouswesterncape.WordPress.2026-08-16.xml,tribe_organizer,/areas,final-route,regional information consolidates in the area directory
https://na.org.za/wc/policies-and-resources/,Policies and Resources,narcoticsanonymouswesterncape.WordPress.2026-08-16.xml,page,/literature,final-route,resource and literature content consolidates in the rebuilt library
https://na.org.za/wc/preambles-for-service/,Preambles For Service,narcoticsanonymouswesterncape.WordPress.2026-08-16.xml,page,/areas,final-route,regional information consolidates in the area directory
https://na.org.za/wc/preambles/,Preambles,narcoticsanonymouswesterncape.WordPress.2026-08-16.xml,page,/areas,final-route,regional information consolidates in the area directory
https://na.org.za/wc/professionals/,For The Professionals,narcoticsanonymouswesterncape.WordPress.2026-08-16.xml,page,/areas,final-route,regional information consolidates in the area directory
https://na.org.za/wc/service/,Service,narcoticsanonymouswesterncape.WordPress.2026-08-16.xml,page,/areas,final-route,regional information consolidates in the area directory
https://na.org.za/wc/shop/,Shop,narcoticsanonymouswesterncape.WordPress.2026-08-16.xml,page,/areas,final-route,regional information consolidates in the area directory
https://na.org.za/wc/subcommittees/,Subcommittees,narcoticsanonymouswesterncape.WordPress.2026-08-16.xml,page,/areas,final-route,regional information consolidates in the area directory
https://na.org.za/wc/useful-links/,Useful Links,narcoticsanonymouswesterncape.WordPress.2026-08-16.xml,page,/areas,final-route,regional information consolidates in the area directory
https://na.org.za/wc/venue/artscape-theatre/,Artscape Theatre,narcoticsanonymouswesterncape.WordPress.2026-08-16.xml,tribe_venue,/areas,final-route,regional information consolidates in the area directory
https://na.org.za/wc/venue/bellville-presbyterian-church-office/,Bellville Presbyterian Church Office,narcoticsanonymouswesterncape.WordPress.2026-08-16.xml,tribe_venue,/areas,final-route,regional information consolidates in the area directory
https://na.org.za/wc/venue/dance-for-all/,Dance For All,narcoticsanonymouswesterncape.WordPress.2026-08-16.xml,tribe_venue,/areas,final-route,regional information consolidates in the area directory
https://na.org.za/wc/venue/durbanville-presbyterian-church-cnr-louw-st-and-hafele-st-durbanville-5-louw-st-durbanville-cape-town-7550-south-africa/,"Durbanville Presbyterian Church, 5 Louw St, Durbanville, Cape Town, 7550, South Africa",narcoticsanonymouswesterncape.WordPress.2026-08-16.xml,tribe_venue,/areas,final-route,regional information consolidates in the area directory
https://na.org.za/wc/venue/milnerton-methodist-church/,Milnerton Methodist Church,narcoticsanonymouswesterncape.WordPress.2026-08-16.xml,tribe_venue,/areas,final-route,regional information consolidates in the area directory
https://na.org.za/wc/venue/mountain-view-baptist-church/,Mountain View Baptist Church,narcoticsanonymouswesterncape.WordPress.2026-08-16.xml,tribe_venue,/areas,final-route,regional information consolidates in the area directory
https://na.org.za/wc/venue/sea-point-high-school/,Sea Point High School,narcoticsanonymouswesterncape.WordPress.2026-08-16.xml,tribe_venue,/areas,final-route,regional information consolidates in the area directory
https://na.org.za/wc/venue/st-agnes-church/,St Agnes Church,narcoticsanonymouswesterncape.WordPress.2026-08-16.xml,tribe_venue,/areas,final-route,regional information consolidates in the area directory
https://na.org.za/wc/venue/st-clements-primary-school/,St Clements Primary School,narcoticsanonymouswesterncape.WordPress.2026-08-16.xml,tribe_venue,/areas,final-route,regional information consolidates in the area directory
https://na.org.za/wc/venue/table-view-neighborhood-watch-headquarters/,Table View Neighborhood Watch Headquarters,narcoticsanonymouswesterncape.WordPress.2026-08-16.xml,tribe_venue,/areas,final-route,regional information consolidates in the area directory
https://na.org.za/wc/wc-events/,Events,narcoticsanonymouswesterncape.WordPress.2026-08-16.xml,page,/areas,final-route,regional information consolidates in the area directory
https://na.org.za/wc/welcome/,Welcome,narcoticsanonymouswesterncape.WordPress.2026-08-16.xml,page,/areas,final-route,regional information consolidates in the area directory
https://na.org.za/wc/what-happens-at-an-na-meeting/,What Happens at an NA Meeting?,narcoticsanonymouswesterncape.WordPress.2026-08-16.xml,page,/recovery,final-route,recovery and newcomer guidance consolidates in the recovery section
https://na.org.za/wc/who-are-our-members/,Who Are Our Members,narcoticsanonymouswesterncape.WordPress.2026-08-16.xml,page,/areas,final-route,regional information consolidates in the area directory
https://na.org.za/what-happens-at-an-na-meeting/,What Happens at an NA Meeting?,narcoticsanonymoussouthafricaregion.WordPress.2026-08-16.xml,page,/recovery,final-route,recovery and newcomer guidance consolidates in the recovery section
