attachment_id,title,source_export,source_url,archive_path,unique_relative_path,local_path,source_page_count,source_pages_json,managed_storage_url,upload_status,source_linkage_status,sha256,basename_collision_count,identical_binary_count,archive_variant_count,derivative_variant_count,archive_variant_paths_json,canonical_archive_path_linked,canonical_selection_status,duplicate_or_variant_rationale,binary_duplicate_rationale,derivative_variant_rationale,unresolved_status
4,favicon,narcoticsanonymousjohannesburg.WordPress.2026-08-16.xml,https://www.na.ldpdevelopment.co.za/jhb/wp-content/uploads/sites/5/2025/11/favicon.png,uploads/2025/11/favicon.png,narcoticsanonymousjohannesburg/2025/11/favicon.png,/home/ubuntu/webdev-static-assets/na-south-africa-unique/narcoticsanonymousjohannesburg/2025/11/favicon.png,2,"[{""xml_export"": ""narcoticsanonymouspretoria.WordPress.2026-08-16.xml"", ""source_id"": ""4"", ""title"": ""favicon"", ""url"": ""https://na.org.za/pta/favicon/"", ""post_type"": ""attachment"", ""relation"": ""text-reference""}, {""xml_export"": ""narcoticsanonymouspretoria.WordPress.2026-08-16.xml"", ""source_id"": ""5"", ""title"": ""cropped-favicon.png"", ""url"": ""https://na.org.za/pta/favicon/cropped-favicon-png/"", ""post_type"": ""attachment"", ""relation"": ""post-parent""}]",/manus-storage/favicon_76f87aa6.png,uploaded,linked,f5d430889ce2151b288dcbb7d01eef450ccfe87172684a86f09037000e015741,5,5,5,4,"[""uploads/2025/11/favicon.png"", ""uploads/sites/2/2025/11/favicon.png"", ""uploads/sites/3/2025/11/favicon.png"", ""uploads/sites/4/2025/11/favicon.png"", ""uploads/sites/5/2025/11/favicon.png""]",yes,retained-canonical-source-attachment,Retained as a distinct canonical attachment because the same basename occurs in 5 source-relative records; the unique relative path prevents overwrite.,Identical binary occurs in multiple source-relative attachments; each source attachment remains separately traceable and is not overwritten.,4 additional linked archive-file variant(s) were recorded for this attachment; only the exact canonical attachment is in the controlled upload set.,none
5,cropped-favicon.png,narcoticsanonymousjohannesburg.WordPress.2026-08-16.xml,https://www.na.ldpdevelopment.co.za/jhb/wp-content/uploads/sites/5/2025/11/cropped-favicon.png,uploads/2025/11/cropped-favicon.png,narcoticsanonymousjohannesburg/2025/11/cropped-favicon.png,/home/ubuntu/webdev-static-assets/na-south-africa-unique/narcoticsanonymousjohannesburg/2025/11/cropped-favicon.png,1,"[{""xml_export"": ""narcoticsanonymouspretoria.WordPress.2026-08-16.xml"", ""source_id"": ""5"", ""title"": ""cropped-favicon.png"", ""url"": ""https://na.org.za/pta/favicon/cropped-favicon-png/"", ""post_type"": ""attachment"", ""relation"": ""text-reference""}]",/manus-storage/cropped-favicon_f54a796f.png,uploaded,linked,df210711106a3cdffb6cb3fd6530bda5429bc43139e96acf6f3e73b178d438dd,5,5,5,4,"[""uploads/2025/11/cropped-favicon.png"", ""uploads/sites/2/2025/11/cropped-favicon.png"", ""uploads/sites/3/2025/11/cropped-favicon.png"", ""uploads/sites/4/2025/11/cropped-favicon.png"", ""uploads/sites/5/2025/11/cropped-favicon.png""]",yes,retained-canonical-source-attachment,Retained as a distinct canonical attachment because the same basename occurs in 5 source-relative records; the unique relative path prevents overwrite.,Identical binary occurs in multiple source-relative attachments; each source attachment remains separately traceable and is not overwritten.,4 additional linked archive-file variant(s) were recorded for this attachment; only the exact canonical attachment is in the controlled upload set.,none
70,logo,narcoticsanonymousjohannesburg.WordPress.2026-08-16.xml,https://www.na.ldpdevelopment.co.za/jhb/wp-content/uploads/sites/5/2025/11/logo.png,uploads/2025/11/logo.png,narcoticsanonymousjohannesburg/2025/11/logo.png,/home/ubuntu/webdev-static-assets/na-south-africa-unique/narcoticsanonymousjohannesburg/2025/11/logo.png,2,"[{""xml_export"": ""narcoticsanonymousjohannesburg.WordPress.2026-08-16.xml"", ""source_id"": ""70"", ""title"": ""logo"", ""url"": ""https://na.org.za/jhb/logo/"", ""post_type"": ""attachment"", ""relation"": ""text-reference""}, {""xml_export"": ""narcoticsanonymousjohannesburg.WordPress.2026-08-16.xml"", ""source_id"": ""69"", ""title"": ""Theme Builder Layout"", ""url"": ""https://na.org.za/jhb/et_footer_layout/theme-builder-layout/"", ""post_type"": ""et_footer_layout"", ""relation"": ""text-reference""}]",/manus-storage/logo_b2c81b15.png,uploaded,linked,e060ea3b52588002a2fdde02bb5b1206d2c36febbfebddd484237f8faaf63ad0,5,5,5,4,"[""uploads/2025/11/logo.png"", ""uploads/sites/2/2025/11/logo.png"", ""uploads/sites/3/2025/11/logo.png"", ""uploads/sites/4/2025/11/logo.png"", ""uploads/sites/5/2025/11/logo.png""]",yes,retained-canonical-source-attachment,Retained as a distinct canonical attachment because the same basename occurs in 5 source-relative records; the unique relative path prevents overwrite.,Identical binary occurs in multiple source-relative attachments; each source attachment remains separately traceable and is not overwritten.,4 additional linked archive-file variant(s) were recorded for this attachment; only the exact canonical attachment is in the controlled upload set.,none
78,29680,narcoticsanonymousjohannesburg.WordPress.2026-08-16.xml,https://www.na.ldpdevelopment.co.za/jhb/wp-content/uploads/sites/5/2025/11/29680.jpg,uploads/sites/2/2025/11/29680.jpg,narcoticsanonymousjohannesburg/sites/2/2025/11/29680.jpg,/home/ubuntu/webdev-static-assets/na-south-africa-unique/narcoticsanonymousjohannesburg/sites/2/2025/11/29680.jpg,3,"[{""xml_export"": ""narcoticsanonymousjohannesburg.WordPress.2026-08-16.xml"", ""source_id"": ""78"", ""title"": ""29680"", ""url"": ""https://na.org.za/jhb/29680/"", ""post_type"": ""attachment"", ""relation"": ""text-reference""}, {""xml_export"": ""narcoticsanonymousjohannesburg.WordPress.2026-08-16.xml"", ""source_id"": ""4781"", ""title"": ""Policies and Resources"", ""url"": ""https://na.org.za/jhb/et_pb_layout/policies-and-resources/"", ""post_type"": ""et_pb_layout"", ""relation"": ""text-reference""}, {""xml_export"": ""narcoticsanonymousjohannesburg.WordPress.2026-08-16.xml"", ""source_id"": ""37"", ""title"": ""Policies"", ""url"": ""https://na.org.za/jhb/policies/"", ""post_type"": ""page"", ""relation"": ""text-reference""}]",/manus-storage/29680_a23b1f9c.jpg,uploaded,linked,568becb9033e554dcd2cf4bf5605622b1145adbd9f364e57d03da3a61fade568,4,4,4,3,"[""uploads/sites/2/2025/11/29680.jpg"", ""uploads/sites/3/2025/11/29680.jpg"", ""uploads/sites/4/2025/11/29680.jpg"", ""uploads/sites/5/2025/11/29680.jpg""]",yes,retained-canonical-source-attachment,Retained as a distinct canonical attachment because the same basename occurs in 4 source-relative records; the unique relative path prevents overwrite.,Identical binary occurs in multiple source-relative attachments; each source attachment remains separately traceable and is not overwritten.,3 additional linked archive-file variant(s) were recorded for this attachment; only the exact canonical attachment is in the controlled upload set.,none
79,129014,narcoticsanonymousjohannesburg.WordPress.2026-08-16.xml,https://www.na.ldpdevelopment.co.za/jhb/wp-content/uploads/sites/5/2025/11/129014.jpg,uploads/sites/2/2025/11/129014.jpg,narcoticsanonymousjohannesburg/sites/2/2025/11/129014.jpg,/home/ubuntu/webdev-static-assets/na-south-africa-unique/narcoticsanonymousjohannesburg/sites/2/2025/11/129014.jpg,3,"[{""xml_export"": ""narcoticsanonymousjohannesburg.WordPress.2026-08-16.xml"", ""source_id"": ""79"", ""title"": ""129014"", ""url"": ""https://na.org.za/jhb/129014/"", ""post_type"": ""attachment"", ""relation"": ""text-reference""}, {""xml_export"": ""narcoticsanonymousjohannesburg.WordPress.2026-08-16.xml"", ""source_id"": ""4780"", ""title"": ""Contribute"", ""url"": ""https://na.org.za/jhb/et_pb_layout/contribute/"", ""post_type"": ""et_pb_layout"", ""relation"": ""text-reference""}, {""xml_export"": ""narcoticsanonymousjohannesburg.WordPress.2026-08-16.xml"", ""source_id"": ""35"", ""title"": ""7th Tradition"", ""url"": ""https://na.org.za/jhb/7th-tradition/"", ""post_type"": ""page"", ""relation"": ""text-reference""}]",/manus-storage/129014_8bb0ef36.jpg,uploaded,linked,9ee2338cbce4746670206a0504a6f0d87b3ef7dbd29a772d979abdd05e019a28,4,4,4,3,"[""uploads/sites/2/2025/11/129014.jpg"", ""uploads/sites/3/2025/11/129014.jpg"", ""uploads/sites/4/2025/11/129014.jpg"", ""uploads/sites/5/2025/11/129014.jpg""]",yes,retained-canonical-source-attachment,Retained as a distinct canonical attachment because the same basename occurs in 4 source-relative records; the unique relative path prevents overwrite.,Identical binary occurs in multiple source-relative attachments; each source attachment remains separately traceable and is not overwritten.,3 additional linked archive-file variant(s) were recorded for this attachment; only the exact canonical attachment is in the controlled upload set.,none
80,zapper,narcoticsanonymousjohannesburg.WordPress.2026-08-16.xml,https://www.na.ldpdevelopment.co.za/jhb/wp-content/uploads/sites/5/2025/11/zapper.png,uploads/sites/2/2025/11/zapper.png,narcoticsanonymousjohannesburg/sites/2/2025/11/zapper.png,/home/ubuntu/webdev-static-assets/na-south-africa-unique/narcoticsanonymousjohannesburg/sites/2/2025/11/zapper.png,2,"[{""xml_export"": ""narcoticsanonymousjohannesburg.WordPress.2026-08-16.xml"", ""source_id"": ""80"", ""title"": ""zapper"", ""url"": ""https://na.org.za/jhb/zapper/"", ""post_type"": ""attachment"", ""relation"": ""text-reference""}, {""xml_export"": ""narcoticsanonymousjohannesburg.WordPress.2026-08-16.xml"", ""source_id"": ""4780"", ""title"": ""Contribute"", ""url"": ""https://na.org.za/jhb/et_pb_layout/contribute/"", ""post_type"": ""et_pb_layout"", ""relation"": ""text-reference""}]",/manus-storage/zapper_0fa13181.png,uploaded,linked,8874197e3371b0db1e36140d727897d673ca7af9077a32f0839bdfad922592b2,4,4,4,3,"[""uploads/sites/2/2025/11/zapper.png"", ""uploads/sites/3/2025/11/zapper.png"", ""uploads/sites/4/2025/11/zapper.png"", ""uploads/sites/5/2025/11/zapper.png""]",yes,retained-canonical-source-attachment,Retained as a distinct canonical attachment because the same basename occurs in 4 source-relative records; the unique relative path prevents overwrite.,Identical binary occurs in multiple source-relative attachments; each source attachment remains separately traceable and is not overwritten.,3 additional linked archive-file variant(s) were recorded for this attachment; only the exact canonical attachment is in the controlled upload set.,none
81,2150951473,narcoticsanonymousjohannesburg.WordPress.2026-08-16.xml,https://www.na.ldpdevelopment.co.za/jhb/wp-content/uploads/sites/5/2025/11/2150951473.jpg,uploads/sites/2/2025/11/2150951473.jpg,narcoticsanonymousjohannesburg/sites/2/2025/11/2150951473.jpg,/home/ubuntu/webdev-static-assets/na-south-africa-unique/narcoticsanonymousjohannesburg/sites/2/2025/11/2150951473.jpg,3,"[{""xml_export"": ""narcoticsanonymousjohannesburg.WordPress.2026-08-16.xml"", ""source_id"": ""81"", ""title"": ""2150951473"", ""url"": ""https://na.org.za/jhb/2150951473/"", ""post_type"": ""attachment"", ""relation"": ""text-reference""}, {""xml_export"": ""narcoticsanonymousjohannesburg.WordPress.2026-08-16.xml"", ""source_id"": ""4779"", ""title"": ""Subcommittees"", ""url"": ""https://na.org.za/jhb/et_pb_layout/subcommittees/"", ""post_type"": ""et_pb_layout"", ""relation"": ""text-reference""}, {""xml_export"": ""narcoticsanonymousjohannesburg.WordPress.2026-08-16.xml"", ""source_id"": ""31"", ""title"": ""Subcommittees"", ""url"": ""https://na.org.za/jhb/subcommittees/"", ""post_type"": ""page"", ""relation"": ""text-reference""}]",/manus-storage/2150951473_6cb18613.jpg,uploaded,linked,0bd62de9f2a0aff6f9b4614d3b29dccbaaaf7b6ff4c2bb7edda6e429fe33dddd,4,4,4,3,"[""uploads/sites/2/2025/11/2150951473.jpg"", ""uploads/sites/3/2025/11/2150951473.jpg"", ""uploads/sites/4/2025/11/2150951473.jpg"", ""uploads/sites/5/2025/11/2150951473.jpg""]",yes,retained-canonical-source-attachment,Retained as a distinct canonical attachment because the same basename occurs in 4 source-relative records; the unique relative path prevents overwrite.,Identical binary occurs in multiple source-relative attachments; each source attachment remains separately traceable and is not overwritten.,3 additional linked archive-file variant(s) were recorded for this attachment; only the exact canonical attachment is in the controlled upload set.,none
82,559,narcoticsanonymousjohannesburg.WordPress.2026-08-16.xml,https://www.na.ldpdevelopment.co.za/jhb/wp-content/uploads/sites/5/2025/11/559.jpg,uploads/sites/2/2025/11/559.jpg,narcoticsanonymousjohannesburg/sites/2/2025/11/559.jpg,/home/ubuntu/webdev-static-assets/na-south-africa-unique/narcoticsanonymousjohannesburg/sites/2/2025/11/559.jpg,3,"[{""xml_export"": ""narcoticsanonymousjohannesburg.WordPress.2026-08-16.xml"", ""source_id"": ""82"", ""title"": ""559"", ""url"": ""https://na.org.za/jhb/559/"", ""post_type"": ""attachment"", ""relation"": ""text-reference""}, {""xml_export"": ""narcoticsanonymousjohannesburg.WordPress.2026-08-16.xml"", ""source_id"": ""4778"", ""title"": ""Add Event"", ""url"": ""https://na.org.za/jhb/et_pb_layout/add-event/"", ""post_type"": ""et_pb_layout"", ""relation"": ""text-reference""}, {""xml_export"": ""narcoticsanonymousjohannesburg.WordPress.2026-08-16.xml"", ""source_id"": ""29"", ""title"": ""Add Event"", ""url"": ""https://na.org.za/jhb/add-event/"", ""post_type"": ""page"", ""relation"": ""text-reference""}]",/manus-storage/559_38cf3d3c.jpg,uploaded,linked,95f07596585d9e24cb09572a1ab8e7ae1f2102450b729a5e70411dde7c9ca94c,4,4,4,3,"[""uploads/sites/2/2025/11/559.jpg"", ""uploads/sites/3/2025/11/559.jpg"", ""uploads/sites/4/2025/11/559.jpg"", ""uploads/sites/5/2025/11/559.jpg""]",yes,retained-canonical-source-attachment,Retained as a distinct canonical attachment because the same basename occurs in 4 source-relative records; the unique relative path prevents overwrite.,Identical binary occurs in multiple source-relative attachments; each source attachment remains separately traceable and is not overwritten.,3 additional linked archive-file variant(s) were recorded for this attachment; only the exact canonical attachment is in the controlled upload set.,none
83,584,narcoticsanonymousjohannesburg.WordPress.2026-08-16.xml,https://www.na.ldpdevelopment.co.za/jhb/wp-content/uploads/sites/5/2025/11/584.jpg,uploads/sites/2/2025/11/584.jpg,narcoticsanonymousjohannesburg/sites/2/2025/11/584.jpg,/home/ubuntu/webdev-static-assets/na-south-africa-unique/narcoticsanonymousjohannesburg/sites/2/2025/11/584.jpg,3,"[{""xml_export"": ""narcoticsanonymousjohannesburg.WordPress.2026-08-16.xml"", ""source_id"": ""83"", ""title"": ""584"", ""url"": ""https://na.org.za/jhb/584/"", ""post_type"": ""attachment"", ""relation"": ""text-reference""}, {""xml_export"": ""narcoticsanonymousjohannesburg.WordPress.2026-08-16.xml"", ""source_id"": ""4777"", ""title"": ""Events"", ""url"": ""https://na.org.za/jhb/et_pb_layout/events/"", ""post_type"": ""et_pb_layout"", ""relation"": ""text-reference""}, {""xml_export"": ""narcoticsanonymousjohannesburg.WordPress.2026-08-16.xml"", ""source_id"": ""26"", ""title"": ""Calendar"", ""url"": ""https://na.org.za/jhb/calendar/"", ""post_type"": ""page"", ""relation"": ""text-reference""}]",/manus-storage/584_6c0e2e37.jpg,uploaded,linked,811e4790e81520fc1b5394026d8d3a814090af9a72b1d3d75bca2d995c250bb0,4,4,4,3,"[""uploads/sites/2/2025/11/584.jpg"", ""uploads/sites/3/2025/11/584.jpg"", ""uploads/sites/4/2025/11/584.jpg"", ""uploads/sites/5/2025/11/584.jpg""]",yes,retained-canonical-source-attachment,Retained as a distinct canonical attachment because the same basename occurs in 4 source-relative records; the unique relative path prevents overwrite.,Identical binary occurs in multiple source-relative attachments; each source attachment remains separately traceable and is not overwritten.,3 additional linked archive-file variant(s) were recorded for this attachment; only the exact canonical attachment is in the controlled upload set.,none
84,2733704_12016-scaled-1,narcoticsanonymousjohannesburg.WordPress.2026-08-16.xml,https://www.na.ldpdevelopment.co.za/jhb/wp-content/uploads/sites/5/2025/11/2733704_12016-scaled-1.jpg,uploads/sites/3/2025/11/2733704_12016-scaled-1.jpg,narcoticsanonymousjohannesburg/sites/3/2025/11/2733704_12016-scaled-1.jpg,/home/ubuntu/webdev-static-assets/na-south-africa-unique/narcoticsanonymousjohannesburg/sites/3/2025/11/2733704_12016-scaled-1.jpg,3,"[{""xml_export"": ""narcoticsanonymousjohannesburg.WordPress.2026-08-16.xml"", ""source_id"": ""84"", ""title"": ""2733704_12016-scaled-1"", ""url"": ""https://na.org.za/jhb/2733704_12016-scaled-1/"", ""post_type"": ""attachment"", ""relation"": ""text-reference""}, {""xml_export"": ""narcoticsanonymousjohannesburg.WordPress.2026-08-16.xml"", ""source_id"": ""4776"", ""title"": ""Common NA Terminology"", ""url"": ""https://na.org.za/jhb/et_pb_layout/common-na-terminology/"", ""post_type"": ""et_pb_layout"", ""relation"": ""text-reference""}, {""xml_export"": ""narcoticsanonymousjohannesburg.WordPress.2026-08-16.xml"", ""source_id"": ""22"", ""title"": ""NA Terminology"", ""url"": ""https://na.org.za/jhb/na-terminology/"", ""post_type"": ""page"", ""relation"": ""text-reference""}]",/manus-storage/2733704_12016-scaled-1_893ab0ba.jpg,uploaded,linked,a673ed98e8bba3c5ea9b26a71a7a709603dca8f5aef3a80568cee4b08b3cc84e,3,3,3,2,"[""uploads/sites/3/2025/11/2733704_12016-scaled-1.jpg"", ""uploads/sites/4/2025/11/2733704_12016-scaled-1.jpg"", ""uploads/sites/5/2025/11/2733704_12016-scaled-1.jpg""]",yes,retained-canonical-source-attachment,Retained as a distinct canonical attachment because the same basename occurs in 3 source-relative records; the unique relative path prevents overwrite.,Identical binary occurs in multiple source-relative attachments; each source attachment remains separately traceable and is not overwritten.,2 additional linked archive-file variant(s) were recorded for this attachment; only the exact canonical attachment is in the controlled upload set.,none
85,143021-e1763291423474,narcoticsanonymousjohannesburg.WordPress.2026-08-16.xml,https://www.na.ldpdevelopment.co.za/jhb/wp-content/uploads/sites/5/2025/11/143021-e1763291423474.jpg,uploads/2025/11/143021-e1763291423474.jpg,narcoticsanonymousjohannesburg/2025/11/143021-e1763291423474.jpg,/home/ubuntu/webdev-static-assets/na-south-africa-unique/narcoticsanonymousjohannesburg/2025/11/143021-e1763291423474.jpg,3,"[{""xml_export"": ""narcoticsanonymousjohannesburg.WordPress.2026-08-16.xml"", ""source_id"": ""85"", ""title"": ""143021-e1763291423474"", ""url"": ""https://na.org.za/jhb/143021-e1763291423474/"", ""post_type"": ""attachment"", ""relation"": ""text-reference""}, {""xml_export"": ""narcoticsanonymousjohannesburg.WordPress.2026-08-16.xml"", ""source_id"": ""4775"", ""title"": ""Add/Change Meeting"", ""url"": ""https://na.org.za/jhb/et_pb_layout/add-change-meeting/"", ""post_type"": ""et_pb_layout"", ""relation"": ""text-reference""}, {""xml_export"": ""narcoticsanonymousjohannesburg.WordPress.2026-08-16.xml"", ""source_id"": ""16"", ""title"": ""Add a Meeting"", ""url"": ""https://na.org.za/jhb/add-a-meeting/"", ""post_type"": ""page"", ""relation"": ""text-reference""}]",/manus-storage/143021-e1763291423474_0c8adbd6.jpg,uploaded,linked,4fd6ed2027a1377dbd710f4920dd886ba35b4ba8747c86a2f95682bb7a227253,4,4,5,4,"[""uploads/2025/11/143021-e1763291423474.jpg"", ""uploads/sites/2/2025/11/143021-e1763291423474.jpg"", ""uploads/sites/3/2025/11/143021-e1763291423474.jpg"", ""uploads/sites/4/2025/11/143021-e1763291423474.jpg"", ""uploads/sites/5/2025/11/143021-e1763291423474.jpg""]",yes,retained-canonical-source-attachment,Retained as a distinct canonical attachment because the same basename occurs in 4 source-relative records; the unique relative path prevents overwrite.,Identical binary occurs in multiple source-relative attachments; each source attachment remains separately traceable and is not overwritten.,4 additional linked archive-file variant(s) were recorded for this attachment; only the exact canonical attachment is in the controlled upload set.,none
86,2151118274,narcoticsanonymousjohannesburg.WordPress.2026-08-16.xml,https://www.na.ldpdevelopment.co.za/jhb/wp-content/uploads/sites/5/2025/11/2151118274.jpg,uploads/sites/2/2025/11/2151118274.jpg,narcoticsanonymousjohannesburg/sites/2/2025/11/2151118274.jpg,/home/ubuntu/webdev-static-assets/na-south-africa-unique/narcoticsanonymousjohannesburg/sites/2/2025/11/2151118274.jpg,3,"[{""xml_export"": ""narcoticsanonymousjohannesburg.WordPress.2026-08-16.xml"", ""source_id"": ""86"", ""title"": ""2151118274"", ""url"": ""https://na.org.za/jhb/2151118274/"", ""post_type"": ""attachment"", ""relation"": ""text-reference""}, {""xml_export"": ""narcoticsanonymousjohannesburg.WordPress.2026-08-16.xml"", ""source_id"": ""4774"", ""title"": ""Preambles"", ""url"": ""https://na.org.za/jhb/et_pb_layout/preambles/"", ""post_type"": ""et_pb_layout"", ""relation"": ""text-reference""}, {""xml_export"": ""narcoticsanonymousjohannesburg.WordPress.2026-08-16.xml"", ""source_id"": ""20"", ""title"": ""Group Readings"", ""url"": ""https://na.org.za/jhb/group-readings/"", ""post_type"": ""page"", ""relation"": ""text-reference""}]",/manus-storage/2151118274_ebfda644.jpg,uploaded,linked,cbaf1e9dcb179de7abd7f5bdb0afea4e71271a0148eb1cad5b5b9b3783e52b9d,4,4,4,3,"[""uploads/sites/2/2025/11/2151118274.jpg"", ""uploads/sites/3/2025/11/2151118274.jpg"", ""uploads/sites/4/2025/11/2151118274.jpg"", ""uploads/sites/5/2025/11/2151118274.jpg""]",yes,retained-canonical-source-attachment,Retained as a distinct canonical attachment because the same basename occurs in 4 source-relative records; the unique relative path prevents overwrite.,Identical binary occurs in multiple source-relative attachments; each source attachment remains separately traceable and is not overwritten.,3 additional linked archive-file variant(s) were recorded for this attachment; only the exact canonical attachment is in the controlled upload set.,none
87,helping-each-other-scaled-1,narcoticsanonymousjohannesburg.WordPress.2026-08-16.xml,https://www.na.ldpdevelopment.co.za/jhb/wp-content/uploads/sites/5/2025/11/helping-each-other-scaled-1.jpg,uploads/sites/2/2025/11/helping-each-other-scaled-1.jpg,narcoticsanonymousjohannesburg/sites/2/2025/11/helping-each-other-scaled-1.jpg,/home/ubuntu/webdev-static-assets/na-south-africa-unique/narcoticsanonymousjohannesburg/sites/2/2025/11/helping-each-other-scaled-1.jpg,3,"[{""xml_export"": ""narcoticsanonymousjohannesburg.WordPress.2026-08-16.xml"", ""source_id"": ""87"", ""title"": ""helping-each-other-scaled-1"", ""url"": ""https://na.org.za/jhb/helping-each-other-scaled-1/"", ""post_type"": ""attachment"", ""relation"": ""text-reference""}, {""xml_export"": ""narcoticsanonymousjohannesburg.WordPress.2026-08-16.xml"", ""source_id"": ""4773"", ""title"": ""Contact Us"", ""url"": ""https://na.org.za/jhb/et_pb_layout/contact-us/"", ""post_type"": ""et_pb_layout"", ""relation"": ""text-reference""}, {""xml_export"": ""narcoticsanonymousjohannesburg.WordPress.2026-08-16.xml"", ""source_id"": ""41"", ""title"": ""Contact Us"", ""url"": ""https://na.org.za/jhb/contact-us/"", ""post_type"": ""page"", ""relation"": ""text-reference""}]",/manus-storage/helping-each-other-scaled-1_f58f7eb7.jpg,uploaded,linked,5698bda9900349a9e058bcd0c5ad0631f0e9d463020dda9c143ce400c5f970f7,4,4,4,3,"[""uploads/sites/2/2025/11/helping-each-other-scaled-1.jpg"", ""uploads/sites/3/2025/11/helping-each-other-scaled-1.jpg"", ""uploads/sites/4/2025/11/helping-each-other-scaled-1.jpg"", ""uploads/sites/5/2025/11/helping-each-other-scaled-1.jpg""]",yes,retained-canonical-source-attachment,Retained as a distinct canonical attachment because the same basename occurs in 4 source-relative records; the unique relative path prevents overwrite.,Identical binary occurs in multiple source-relative attachments; each source attachment remains separately traceable and is not overwritten.,3 additional linked archive-file variant(s) were recorded for this attachment; only the exact canonical attachment is in the controlled upload set.,none
88,123795,narcoticsanonymousjohannesburg.WordPress.2026-08-16.xml,https://www.na.ldpdevelopment.co.za/jhb/wp-content/uploads/sites/5/2025/11/123795.jpg,uploads/sites/2/2025/11/123795.jpg,narcoticsanonymousjohannesburg/sites/2/2025/11/123795.jpg,/home/ubuntu/webdev-static-assets/na-south-africa-unique/narcoticsanonymousjohannesburg/sites/2/2025/11/123795.jpg,3,"[{""xml_export"": ""narcoticsanonymousjohannesburg.WordPress.2026-08-16.xml"", ""source_id"": ""88"", ""title"": ""123795"", ""url"": ""https://na.org.za/jhb/123795/"", ""post_type"": ""attachment"", ""relation"": ""text-reference""}, {""xml_export"": ""narcoticsanonymousjohannesburg.WordPress.2026-08-16.xml"", ""source_id"": ""4772"", ""title"": ""ASC Contacts"", ""url"": ""https://na.org.za/jhb/et_pb_layout/asc-contacts/"", ""post_type"": ""et_pb_layout"", ""relation"": ""text-reference""}, {""xml_export"": ""narcoticsanonymousjohannesburg.WordPress.2026-08-16.xml"", ""source_id"": ""39"", ""title"": ""ASC Contact Details"", ""url"": ""https://na.org.za/jhb/asc-contact-details/"", ""post_type"": ""page"", ""relation"": ""text-reference""}]",/manus-storage/123795_e6cb4739.jpg,uploaded,linked,372d28dc7a82aed9e7330555e2957572d868127d20b858808169ea9cbc1348d0,4,4,4,3,"[""uploads/sites/2/2025/11/123795.jpg"", ""uploads/sites/3/2025/11/123795.jpg"", ""uploads/sites/4/2025/11/123795.jpg"", ""uploads/sites/5/2025/11/123795.jpg""]",yes,retained-canonical-source-attachment,Retained as a distinct canonical attachment because the same basename occurs in 4 source-relative records; the unique relative path prevents overwrite.,Identical binary occurs in multiple source-relative attachments; each source attachment remains separately traceable and is not overwritten.,3 additional linked archive-file variant(s) were recorded for this attachment; only the exact canonical attachment is in the controlled upload set.,none
89,2147770870-e1763292893626,narcoticsanonymousjohannesburg.WordPress.2026-08-16.xml,https://www.na.ldpdevelopment.co.za/jhb/wp-content/uploads/sites/5/2025/11/2147770870-e1763292893626.jpg,uploads/2025/11/2147770870-e1763292893626.jpg,narcoticsanonymousjohannesburg/2025/11/2147770870-e1763292893626.jpg,/home/ubuntu/webdev-static-assets/na-south-africa-unique/narcoticsanonymousjohannesburg/2025/11/2147770870-e1763292893626.jpg,3,"[{""xml_export"": ""narcoticsanonymousjohannesburg.WordPress.2026-08-16.xml"", ""source_id"": ""89"", ""title"": ""2147770870-e1763292893626"", ""url"": ""https://na.org.za/jhb/2147770870-e1763292893626/"", ""post_type"": ""attachment"", ""relation"": ""text-reference""}, {""xml_export"": ""narcoticsanonymousjohannesburg.WordPress.2026-08-16.xml"", ""source_id"": ""4771"", ""title"": ""Literature"", ""url"": ""https://na.org.za/jhb/et_pb_layout/literature/"", ""post_type"": ""et_pb_layout"", ""relation"": ""text-reference""}, {""xml_export"": ""narcoticsanonymousjohannesburg.WordPress.2026-08-16.xml"", ""source_id"": ""18"", ""title"": ""Literature"", ""url"": ""https://na.org.za/jhb/literature/"", ""post_type"": ""page"", ""relation"": ""text-reference""}]",/manus-storage/2147770870-e1763292893626_cba697a2.jpg,uploaded,linked,c71a509defbafd7a832e856784fa9e21aef61eea6b6ce8b540428269f7c12fb9,4,4,5,4,"[""uploads/2025/11/2147770870-e1763292893626.jpg"", ""uploads/sites/2/2025/11/2147770870-e1763292893626.jpg"", ""uploads/sites/3/2025/11/2147770870-e1763292893626.jpg"", ""uploads/sites/4/2025/11/2147770870-e1763292893626.jpg"", ""uploads/sites/5/2025/11/2147770870-e1763292893626.jpg""]",yes,retained-canonical-source-attachment,Retained as a distinct canonical attachment because the same basename occurs in 4 source-relative records; the unique relative path prevents overwrite.,Identical binary occurs in multiple source-relative attachments; each source attachment remains separately traceable and is not overwritten.,4 additional linked archive-file variant(s) were recorded for this attachment; only the exact canonical attachment is in the controlled upload set.,none
90,120044,narcoticsanonymousjohannesburg.WordPress.2026-08-16.xml,https://www.na.ldpdevelopment.co.za/jhb/wp-content/uploads/sites/5/2025/11/120044.jpg,uploads/sites/2/2025/11/120044.jpg,narcoticsanonymousjohannesburg/sites/2/2025/11/120044.jpg,/home/ubuntu/webdev-static-assets/na-south-africa-unique/narcoticsanonymousjohannesburg/sites/2/2025/11/120044.jpg,3,"[{""xml_export"": ""narcoticsanonymousjohannesburg.WordPress.2026-08-16.xml"", ""source_id"": ""90"", ""title"": ""120044"", ""url"": ""https://na.org.za/jhb/120044/"", ""post_type"": ""attachment"", ""relation"": ""text-reference""}, {""xml_export"": ""narcoticsanonymousjohannesburg.WordPress.2026-08-16.xml"", ""source_id"": ""4770"", ""title"": ""Downloads"", ""url"": ""https://na.org.za/jhb/et_pb_layout/downloads/"", ""post_type"": ""et_pb_layout"", ""relation"": ""text-reference""}, {""xml_export"": ""narcoticsanonymousjohannesburg.WordPress.2026-08-16.xml"", ""source_id"": ""24"", ""title"": ""Downloads"", ""url"": ""https://na.org.za/jhb/downloads/"", ""post_type"": ""page"", ""relation"": ""text-reference""}]",/manus-storage/120044_027fa9a5.jpg,uploaded,linked,b5cd0535e771cc3c5391f80bfbfbacf776874c039cdbf2adee87127b62133185,4,4,4,3,"[""uploads/sites/2/2025/11/120044.jpg"", ""uploads/sites/3/2025/11/120044.jpg"", ""uploads/sites/4/2025/11/120044.jpg"", ""uploads/sites/5/2025/11/120044.jpg""]",yes,retained-canonical-source-attachment,Retained as a distinct canonical attachment because the same basename occurs in 4 source-relative records; the unique relative path prevents overwrite.,Identical binary occurs in multiple source-relative attachments; each source attachment remains separately traceable and is not overwritten.,3 additional linked archive-file variant(s) were recorded for this attachment; only the exact canonical attachment is in the controlled upload set.,none
91,2151930388,narcoticsanonymousjohannesburg.WordPress.2026-08-16.xml,https://www.na.ldpdevelopment.co.za/jhb/wp-content/uploads/sites/5/2025/11/2151930388.jpg,uploads/2025/11/2151930388.jpg,narcoticsanonymousjohannesburg/2025/11/2151930388.jpg,/home/ubuntu/webdev-static-assets/na-south-africa-unique/narcoticsanonymousjohannesburg/2025/11/2151930388.jpg,3,"[{""xml_export"": ""narcoticsanonymousjohannesburg.WordPress.2026-08-16.xml"", ""source_id"": ""91"", ""title"": ""2151930388"", ""url"": ""https://na.org.za/jhb/2151930388/"", ""post_type"": ""attachment"", ""relation"": ""text-reference""}, {""xml_export"": ""narcoticsanonymousjohannesburg.WordPress.2026-08-16.xml"", ""source_id"": ""4769"", ""title"": ""Meetings"", ""url"": ""https://na.org.za/jhb/et_pb_layout/meetings/"", ""post_type"": ""et_pb_layout"", ""relation"": ""text-reference""}, {""xml_export"": ""narcoticsanonymousjohannesburg.WordPress.2026-08-16.xml"", ""source_id"": ""14"", ""title"": ""Meetings"", ""url"": ""https://na.org.za/jhb/na-meetings/"", ""post_type"": ""page"", ""relation"": ""text-reference""}]",/manus-storage/2151930388_5a3f9f5e.jpg,uploaded,linked,03c0c8e5eadcaecb8ced3e62dc4a49c00e09257e139aee7e680071fe21ecd076,5,5,5,4,"[""uploads/2025/11/2151930388.jpg"", ""uploads/sites/2/2025/11/2151930388.jpg"", ""uploads/sites/3/2025/11/2151930388.jpg"", ""uploads/sites/4/2025/11/2151930388.jpg"", ""uploads/sites/5/2025/11/2151930388.jpg""]",yes,retained-canonical-source-attachment,Retained as a distinct canonical attachment because the same basename occurs in 5 source-relative records; the unique relative path prevents overwrite.,Identical binary occurs in multiple source-relative attachments; each source attachment remains separately traceable and is not overwritten.,4 additional linked archive-file variant(s) were recorded for this attachment; only the exact canonical attachment is in the controlled upload set.,none
92,banner-wc-001-e1763484626801,narcoticsanonymousjohannesburg.WordPress.2026-08-16.xml,https://www.na.ldpdevelopment.co.za/jhb/wp-content/uploads/sites/5/2025/11/banner-wc-001-e1763484626801.webp,uploads/sites/2/2025/11/banner-wc-001-e1763484626801.webp,narcoticsanonymousjohannesburg/sites/2/2025/11/banner-wc-001-e1763484626801.webp,/home/ubuntu/webdev-static-assets/na-south-africa-unique/narcoticsanonymousjohannesburg/sites/2/2025/11/banner-wc-001-e1763484626801.webp,2,"[{""xml_export"": ""narcoticsanonymousjohannesburg.WordPress.2026-08-16.xml"", ""source_id"": ""92"", ""title"": ""banner-wc-001-e1763484626801"", ""url"": ""https://na.org.za/jhb/banner-wc-001-e1763484626801/"", ""post_type"": ""attachment"", ""relation"": ""text-reference""}, {""xml_export"": ""narcoticsanonymousjohannesburg.WordPress.2026-08-16.xml"", ""source_id"": ""4768"", ""title"": ""Home"", ""url"": ""https://na.org.za/jhb/et_pb_layout/home/"", ""post_type"": ""et_pb_layout"", ""relation"": ""text-reference""}]",/manus-storage/banner-wc-001-e1763484626801_037f9cde.webp,uploaded,linked,f37beacb12dcc6e550c5e123cf980301c8b64f6c1415a50428518511259a74a0,3,3,4,3,"[""uploads/sites/2/2025/11/banner-wc-001-e1763484626801.webp"", ""uploads/sites/3/2025/11/banner-wc-001-e1763484626801.webp"", ""uploads/sites/4/2025/11/banner-wc-001-e1763484626801.webp"", ""uploads/sites/5/2025/11/banner-wc-001-e1763484626801.webp""]",yes,retained-canonical-source-attachment,Retained as a distinct canonical attachment because the same basename occurs in 3 source-relative records; the unique relative path prevents overwrite.,Identical binary occurs in multiple source-relative attachments; each source attachment remains separately traceable and is not overwritten.,3 additional linked archive-file variant(s) were recorded for this attachment; only the exact canonical attachment is in the controlled upload set.,none
93,29376,narcoticsanonymousjohannesburg.WordPress.2026-08-16.xml,https://www.na.ldpdevelopment.co.za/jhb/wp-content/uploads/sites/5/2025/11/29376.jpg,uploads/2025/11/29376.jpg,narcoticsanonymousjohannesburg/2025/11/29376.jpg,/home/ubuntu/webdev-static-assets/na-south-africa-unique/narcoticsanonymousjohannesburg/2025/11/29376.jpg,3,"[{""xml_export"": ""narcoticsanonymousjohannesburg.WordPress.2026-08-16.xml"", ""source_id"": ""93"", ""title"": ""29376"", ""url"": ""https://na.org.za/jhb/29376/"", ""post_type"": ""attachment"", ""relation"": ""text-reference""}, {""xml_export"": ""narcoticsanonymousjohannesburg.WordPress.2026-08-16.xml"", ""source_id"": ""4768"", ""title"": ""Home"", ""url"": ""https://na.org.za/jhb/et_pb_layout/home/"", ""post_type"": ""et_pb_layout"", ""relation"": ""text-reference""}, {""xml_export"": ""narcoticsanonymousjohannesburg.WordPress.2026-08-16.xml"", ""source_id"": ""9"", ""title"": ""Home"", ""url"": ""https://na.org.za/jhb/"", ""post_type"": ""page"", ""relation"": ""text-reference""}]",/manus-storage/29376_b509e76f.jpg,uploaded,linked,94d05aaab42c337ec696935fee116e713102d28392b8007192d33344a31945c8,5,5,5,4,"[""uploads/2025/11/29376.jpg"", ""uploads/sites/2/2025/11/29376.jpg"", ""uploads/sites/3/2025/11/29376.jpg"", ""uploads/sites/4/2025/11/29376.jpg"", ""uploads/sites/5/2025/11/29376.jpg""]",yes,retained-canonical-source-attachment,Retained as a distinct canonical attachment because the same basename occurs in 5 source-relative records; the unique relative path prevents overwrite.,Identical binary occurs in multiple source-relative attachments; each source attachment remains separately traceable and is not overwritten.,4 additional linked archive-file variant(s) were recorded for this attachment; only the exact canonical attachment is in the controlled upload set.,none
4782,home-banner,narcoticsanonymousjohannesburg.WordPress.2026-08-16.xml,https://www.na.ldpdevelopment.co.za/jhb/wp-content/uploads/sites/5/2025/11/home-banner.jpg,uploads/sites/3/2025/11/home-banner.jpg,narcoticsanonymousjohannesburg/sites/3/2025/11/home-banner.jpg,/home/ubuntu/webdev-static-assets/na-south-africa-unique/narcoticsanonymousjohannesburg/sites/3/2025/11/home-banner.jpg,2,"[{""xml_export"": ""narcoticsanonymousjohannesburg.WordPress.2026-08-16.xml"", ""source_id"": ""4782"", ""title"": ""home-banner"", ""url"": ""https://na.org.za/jhb/home-banner/"", ""post_type"": ""attachment"", ""relation"": ""text-reference""}, {""xml_export"": ""narcoticsanonymousjohannesburg.WordPress.2026-08-16.xml"", ""source_id"": ""9"", ""title"": ""Home"", ""url"": ""https://na.org.za/jhb/"", ""post_type"": ""page"", ""relation"": ""text-reference""}]",/manus-storage/home-banner_1ed48f5d.jpg,uploaded,linked,4ac8ba6e8c3ae057d2fb20a5d95b088aaadc67a55889176c4a3988265d5c48fb,3,3,3,2,"[""uploads/sites/3/2025/11/home-banner.jpg"", ""uploads/sites/4/2025/11/home-banner.jpg"", ""uploads/sites/5/2025/11/home-banner.jpg""]",yes,retained-canonical-source-attachment,Retained as a distinct canonical attachment because the same basename occurs in 3 source-relative records; the unique relative path prevents overwrite.,Identical binary occurs in multiple source-relative attachments; each source attachment remains separately traceable and is not overwritten.,2 additional linked archive-file variant(s) were recorded for this attachment; only the exact canonical attachment is in the controlled upload set.,none
5008,7173,narcoticsanonymousjohannesburg.WordPress.2026-08-16.xml,https://www.na.ldpdevelopment.co.za/jhb/wp-content/uploads/sites/5/2025/11/7173.jpg,uploads/sites/5/2025/11/7173.jpg,narcoticsanonymousjohannesburg/sites/5/2025/11/7173.jpg,/home/ubuntu/webdev-static-assets/na-south-africa-unique/narcoticsanonymousjohannesburg/sites/5/2025/11/7173.jpg,2,"[{""xml_export"": ""narcoticsanonymousjohannesburg.WordPress.2026-08-16.xml"", ""source_id"": ""5008"", ""title"": ""7173"", ""url"": ""https://na.org.za/jhb/7173/"", ""post_type"": ""attachment"", ""relation"": ""text-reference""}, {""xml_export"": ""narcoticsanonymousjohannesburg.WordPress.2026-08-16.xml"", ""source_id"": ""33"", ""title"": ""Predatory Behaviour"", ""url"": ""https://na.org.za/jhb/predatory-behaviour/"", ""post_type"": ""page"", ""relation"": ""text-reference""}]",/manus-storage/7173_4a27d791.jpg,uploaded,linked,e9f00a3f922fa53327ec9eacd071d89f7ea8f2d40b3fb5d0d8f5caa3cec0dacb,1,1,1,0,"[""uploads/sites/5/2025/11/7173.jpg""]",yes,retained-canonical-source-attachment,No basename collision; retained as the canonical approved source attachment at its unique relative path.,No identical-binary duplicate detected within the canonical attachment set.,No additional linked archive-file variants were recorded for this attachment.,none
5009,na-safety,narcoticsanonymousjohannesburg.WordPress.2026-08-16.xml,https://www.na.ldpdevelopment.co.za/jhb/wp-content/uploads/sites/5/2025/11/na-safety.jpg,uploads/sites/5/2025/11/na-safety.jpg,narcoticsanonymousjohannesburg/sites/5/2025/11/na-safety.jpg,/home/ubuntu/webdev-static-assets/na-south-africa-unique/narcoticsanonymousjohannesburg/sites/5/2025/11/na-safety.jpg,2,"[{""xml_export"": ""narcoticsanonymousjohannesburg.WordPress.2026-08-16.xml"", ""source_id"": ""5009"", ""title"": ""na-safety"", ""url"": ""https://na.org.za/jhb/na-safety/"", ""post_type"": ""attachment"", ""relation"": ""text-reference""}, {""xml_export"": ""narcoticsanonymousjohannesburg.WordPress.2026-08-16.xml"", ""source_id"": ""33"", ""title"": ""Predatory Behaviour"", ""url"": ""https://na.org.za/jhb/predatory-behaviour/"", ""post_type"": ""page"", ""relation"": ""text-reference""}]",/manus-storage/na-safety_793980fb.jpg,uploaded,linked,dc734faa1d7544f5c4e2dd596be1f05ae6441e4ba4277f3c79968870a608c8a8,1,1,1,0,"[""uploads/sites/5/2025/11/na-safety.jpg""]",yes,retained-canonical-source-attachment,No basename collision; retained as the canonical approved source attachment at its unique relative path.,No identical-binary duplicate detected within the canonical attachment set.,No additional linked archive-file variants were recorded for this attachment.,none
5012,96081,narcoticsanonymousjohannesburg.WordPress.2026-08-16.xml,https://www.na.ldpdevelopment.co.za/jhb/wp-content/uploads/sites/5/2025/11/96081.jpg,uploads/2025/11/96081.jpg,narcoticsanonymousjohannesburg/2025/11/96081.jpg,/home/ubuntu/webdev-static-assets/na-south-africa-unique/narcoticsanonymousjohannesburg/2025/11/96081.jpg,2,"[{""xml_export"": ""narcoticsanonymousjohannesburg.WordPress.2026-08-16.xml"", ""source_id"": ""5012"", ""title"": ""96081"", ""url"": ""https://na.org.za/jhb/96081/"", ""post_type"": ""attachment"", ""relation"": ""text-reference""}, {""xml_export"": ""narcoticsanonymousjohannesburg.WordPress.2026-08-16.xml"", ""source_id"": ""12"", ""title"": ""New To NA"", ""url"": ""https://na.org.za/jhb/new-to-na/"", ""post_type"": ""page"", ""relation"": ""text-reference""}]",/manus-storage/96081_8ce78163.jpg,uploaded,linked,88b785f4ee2c0faafed0bf35de18a2b146e032550f9c373209ed26200a9ca50a,3,3,3,2,"[""uploads/2025/11/96081.jpg"", ""uploads/sites/2/2025/11/96081.jpg"", ""uploads/sites/5/2025/11/96081.jpg""]",yes,retained-canonical-source-attachment,Retained as a distinct canonical attachment because the same basename occurs in 3 source-relative records; the unique relative path prevents overwrite.,Identical binary occurs in multiple source-relative attachments; each source attachment remains separately traceable and is not overwritten.,2 additional linked archive-file variant(s) were recorded for this attachment; only the exact canonical attachment is in the controlled upload set.,none
8729,favicon,narcoticsanonymouskwazulu-natal.WordPress.2026-08-16.xml,https://www.gekkodev2.co.za/kzn/wp-content/uploads/sites/3/2025/11/favicon.png,uploads/2025/11/favicon.png,narcoticsanonymouskwazulu-natal/2025/11/favicon.png,/home/ubuntu/webdev-static-assets/na-south-africa-unique/narcoticsanonymouskwazulu-natal/2025/11/favicon.png,2,"[{""xml_export"": ""narcoticsanonymouskwazulu-natal.WordPress.2026-08-16.xml"", ""source_id"": ""8729"", ""title"": ""favicon"", ""url"": ""https://na.org.za/kzn/favicon/"", ""post_type"": ""attachment"", ""relation"": ""text-reference""}, {""xml_export"": ""narcoticsanonymouskwazulu-natal.WordPress.2026-08-16.xml"", ""source_id"": ""8730"", ""title"": ""cropped-favicon.png"", ""url"": ""https://na.org.za/kzn/favicon/cropped-favicon-png/"", ""post_type"": ""attachment"", ""relation"": ""post-parent""}]",/manus-storage/favicon_a76b7d1e.png,uploaded,linked,f5d430889ce2151b288dcbb7d01eef450ccfe87172684a86f09037000e015741,5,5,5,4,"[""uploads/2025/11/favicon.png"", ""uploads/sites/2/2025/11/favicon.png"", ""uploads/sites/3/2025/11/favicon.png"", ""uploads/sites/4/2025/11/favicon.png"", ""uploads/sites/5/2025/11/favicon.png""]",yes,retained-canonical-source-attachment,Retained as a distinct canonical attachment because the same basename occurs in 5 source-relative records; the unique relative path prevents overwrite.,Identical binary occurs in multiple source-relative attachments; each source attachment remains separately traceable and is not overwritten.,4 additional linked archive-file variant(s) were recorded for this attachment; only the exact canonical attachment is in the controlled upload set.,none
8730,cropped-favicon.png,narcoticsanonymouskwazulu-natal.WordPress.2026-08-16.xml,https://www.gekkodev2.co.za/kzn/wp-content/uploads/sites/3/2025/11/cropped-favicon.png,uploads/2025/11/cropped-favicon.png,narcoticsanonymouskwazulu-natal/2025/11/cropped-favicon.png,/home/ubuntu/webdev-static-assets/na-south-africa-unique/narcoticsanonymouskwazulu-natal/2025/11/cropped-favicon.png,1,"[{""xml_export"": ""narcoticsanonymouskwazulu-natal.WordPress.2026-08-16.xml"", ""source_id"": ""8730"", ""title"": ""cropped-favicon.png"", ""url"": ""https://na.org.za/kzn/favicon/cropped-favicon-png/"", ""post_type"": ""attachment"", ""relation"": ""text-reference""}]",/manus-storage/cropped-favicon_cf77b0fd.png,uploaded,linked,df210711106a3cdffb6cb3fd6530bda5429bc43139e96acf6f3e73b178d438dd,5,5,5,4,"[""uploads/2025/11/cropped-favicon.png"", ""uploads/sites/2/2025/11/cropped-favicon.png"", ""uploads/sites/3/2025/11/cropped-favicon.png"", ""uploads/sites/4/2025/11/cropped-favicon.png"", ""uploads/sites/5/2025/11/cropped-favicon.png""]",yes,retained-canonical-source-attachment,Retained as a distinct canonical attachment because the same basename occurs in 5 source-relative records; the unique relative path prevents overwrite.,Identical binary occurs in multiple source-relative attachments; each source attachment remains separately traceable and is not overwritten.,4 additional linked archive-file variant(s) were recorded for this attachment; only the exact canonical attachment is in the controlled upload set.,none
8737,29680,narcoticsanonymouskwazulu-natal.WordPress.2026-08-16.xml,https://www.gekkodev2.co.za/kzn/wp-content/uploads/sites/3/2025/11/29680.jpg,uploads/sites/2/2025/11/29680.jpg,narcoticsanonymouskwazulu-natal/sites/2/2025/11/29680.jpg,/home/ubuntu/webdev-static-assets/na-south-africa-unique/narcoticsanonymouskwazulu-natal/sites/2/2025/11/29680.jpg,2,"[{""xml_export"": ""narcoticsanonymouskwazulu-natal.WordPress.2026-08-16.xml"", ""source_id"": ""8737"", ""title"": ""29680"", ""url"": ""https://na.org.za/kzn/29680/"", ""post_type"": ""attachment"", ""relation"": ""text-reference""}, {""xml_export"": ""narcoticsanonymouskwazulu-natal.WordPress.2026-08-16.xml"", ""source_id"": ""4781"", ""title"": ""Policies and Resources"", ""url"": ""https://na.org.za/kzn/et_pb_layout/policies-and-resources/"", ""post_type"": ""et_pb_layout"", ""relation"": ""text-reference""}]",/manus-storage/29680_633a77fe.jpg,uploaded,linked,568becb9033e554dcd2cf4bf5605622b1145adbd9f364e57d03da3a61fade568,4,4,4,3,"[""uploads/sites/2/2025/11/29680.jpg"", ""uploads/sites/3/2025/11/29680.jpg"", ""uploads/sites/4/2025/11/29680.jpg"", ""uploads/sites/5/2025/11/29680.jpg""]",yes,retained-canonical-source-attachment,Retained as a distinct canonical attachment because the same basename occurs in 4 source-relative records; the unique relative path prevents overwrite.,Identical binary occurs in multiple source-relative attachments; each source attachment remains separately traceable and is not overwritten.,3 additional linked archive-file variant(s) were recorded for this attachment; only the exact canonical attachment is in the controlled upload set.,none
8738,129014,narcoticsanonymouskwazulu-natal.WordPress.2026-08-16.xml,https://www.gekkodev2.co.za/kzn/wp-content/uploads/sites/3/2025/11/129014.jpg,uploads/sites/2/2025/11/129014.jpg,narcoticsanonymouskwazulu-natal/sites/2/2025/11/129014.jpg,/home/ubuntu/webdev-static-assets/na-south-africa-unique/narcoticsanonymouskwazulu-natal/sites/2/2025/11/129014.jpg,2,"[{""xml_export"": ""narcoticsanonymouskwazulu-natal.WordPress.2026-08-16.xml"", ""source_id"": ""8738"", ""title"": ""129014"", ""url"": ""https://na.org.za/kzn/129014/"", ""post_type"": ""attachment"", ""relation"": ""text-reference""}, {""xml_export"": ""narcoticsanonymouskwazulu-natal.WordPress.2026-08-16.xml"", ""source_id"": ""4780"", ""title"": ""Contribute"", ""url"": ""https://na.org.za/kzn/et_pb_layout/contribute/"", ""post_type"": ""et_pb_layout"", ""relation"": ""text-reference""}]",/manus-storage/129014_7ae9af23.jpg,uploaded,linked,9ee2338cbce4746670206a0504a6f0d87b3ef7dbd29a772d979abdd05e019a28,4,4,4,3,"[""uploads/sites/2/2025/11/129014.jpg"", ""uploads/sites/3/2025/11/129014.jpg"", ""uploads/sites/4/2025/11/129014.jpg"", ""uploads/sites/5/2025/11/129014.jpg""]",yes,retained-canonical-source-attachment,Retained as a distinct canonical attachment because the same basename occurs in 4 source-relative records; the unique relative path prevents overwrite.,Identical binary occurs in multiple source-relative attachments; each source attachment remains separately traceable and is not overwritten.,3 additional linked archive-file variant(s) were recorded for this attachment; only the exact canonical attachment is in the controlled upload set.,none
8739,zapper,narcoticsanonymouskwazulu-natal.WordPress.2026-08-16.xml,https://www.gekkodev2.co.za/kzn/wp-content/uploads/sites/3/2025/11/zapper.png,uploads/sites/2/2025/11/zapper.png,narcoticsanonymouskwazulu-natal/sites/2/2025/11/zapper.png,/home/ubuntu/webdev-static-assets/na-south-africa-unique/narcoticsanonymouskwazulu-natal/sites/2/2025/11/zapper.png,2,"[{""xml_export"": ""narcoticsanonymouskwazulu-natal.WordPress.2026-08-16.xml"", ""source_id"": ""8739"", ""title"": ""zapper"", ""url"": ""https://na.org.za/kzn/zapper/"", ""post_type"": ""attachment"", ""relation"": ""text-reference""}, {""xml_export"": ""narcoticsanonymouskwazulu-natal.WordPress.2026-08-16.xml"", ""source_id"": ""4780"", ""title"": ""Contribute"", ""url"": ""https://na.org.za/kzn/et_pb_layout/contribute/"", ""post_type"": ""et_pb_layout"", ""relation"": ""text-reference""}]",/manus-storage/zapper_efc0a542.png,uploaded,linked,8874197e3371b0db1e36140d727897d673ca7af9077a32f0839bdfad922592b2,4,4,4,3,"[""uploads/sites/2/2025/11/zapper.png"", ""uploads/sites/3/2025/11/zapper.png"", ""uploads/sites/4/2025/11/zapper.png"", ""uploads/sites/5/2025/11/zapper.png""]",yes,retained-canonical-source-attachment,Retained as a distinct canonical attachment because the same basename occurs in 4 source-relative records; the unique relative path prevents overwrite.,Identical binary occurs in multiple source-relative attachments; each source attachment remains separately traceable and is not overwritten.,3 additional linked archive-file variant(s) were recorded for this attachment; only the exact canonical attachment is in the controlled upload set.,none
8740,2150951473,narcoticsanonymouskwazulu-natal.WordPress.2026-08-16.xml,https://www.gekkodev2.co.za/kzn/wp-content/uploads/sites/3/2025/11/2150951473.jpg,uploads/sites/2/2025/11/2150951473.jpg,narcoticsanonymouskwazulu-natal/sites/2/2025/11/2150951473.jpg,/home/ubuntu/webdev-static-assets/na-south-africa-unique/narcoticsanonymouskwazulu-natal/sites/2/2025/11/2150951473.jpg,2,"[{""xml_export"": ""narcoticsanonymouskwazulu-natal.WordPress.2026-08-16.xml"", ""source_id"": ""8740"", ""title"": ""2150951473"", ""url"": ""https://na.org.za/kzn/2150951473/"", ""post_type"": ""attachment"", ""relation"": ""text-reference""}, {""xml_export"": ""narcoticsanonymouskwazulu-natal.WordPress.2026-08-16.xml"", ""source_id"": ""4779"", ""title"": ""Subcommittees"", ""url"": ""https://na.org.za/kzn/et_pb_layout/subcommittees/"", ""post_type"": ""et_pb_layout"", ""relation"": ""text-reference""}]",/manus-storage/2150951473_68a392d7.jpg,uploaded,linked,0bd62de9f2a0aff6f9b4614d3b29dccbaaaf7b6ff4c2bb7edda6e429fe33dddd,4,4,4,3,"[""uploads/sites/2/2025/11/2150951473.jpg"", ""uploads/sites/3/2025/11/2150951473.jpg"", ""uploads/sites/4/2025/11/2150951473.jpg"", ""uploads/sites/5/2025/11/2150951473.jpg""]",yes,retained-canonical-source-attachment,Retained as a distinct canonical attachment because the same basename occurs in 4 source-relative records; the unique relative path prevents overwrite.,Identical binary occurs in multiple source-relative attachments; each source attachment remains separately traceable and is not overwritten.,3 additional linked archive-file variant(s) were recorded for this attachment; only the exact canonical attachment is in the controlled upload set.,none
8741,559,narcoticsanonymouskwazulu-natal.WordPress.2026-08-16.xml,https://www.gekkodev2.co.za/kzn/wp-content/uploads/sites/3/2025/11/559.jpg,uploads/sites/2/2025/11/559.jpg,narcoticsanonymouskwazulu-natal/sites/2/2025/11/559.jpg,/home/ubuntu/webdev-static-assets/na-south-africa-unique/narcoticsanonymouskwazulu-natal/sites/2/2025/11/559.jpg,2,"[{""xml_export"": ""narcoticsanonymouskwazulu-natal.WordPress.2026-08-16.xml"", ""source_id"": ""8741"", ""title"": ""559"", ""url"": ""https://na.org.za/kzn/559/"", ""post_type"": ""attachment"", ""relation"": ""text-reference""}, {""xml_export"": ""narcoticsanonymouskwazulu-natal.WordPress.2026-08-16.xml"", ""source_id"": ""4778"", ""title"": ""Add Event"", ""url"": ""https://na.org.za/kzn/et_pb_layout/add-event/"", ""post_type"": ""et_pb_layout"", ""relation"": ""text-reference""}]",/manus-storage/559_6f3121c0.jpg,uploaded,linked,95f07596585d9e24cb09572a1ab8e7ae1f2102450b729a5e70411dde7c9ca94c,4,4,4,3,"[""uploads/sites/2/2025/11/559.jpg"", ""uploads/sites/3/2025/11/559.jpg"", ""uploads/sites/4/2025/11/559.jpg"", ""uploads/sites/5/2025/11/559.jpg""]",yes,retained-canonical-source-attachment,Retained as a distinct canonical attachment because the same basename occurs in 4 source-relative records; the unique relative path prevents overwrite.,Identical binary occurs in multiple source-relative attachments; each source attachment remains separately traceable and is not overwritten.,3 additional linked archive-file variant(s) were recorded for this attachment; only the exact canonical attachment is in the controlled upload set.,none
8742,584,narcoticsanonymouskwazulu-natal.WordPress.2026-08-16.xml,https://www.gekkodev2.co.za/kzn/wp-content/uploads/sites/3/2025/11/584.jpg,uploads/sites/2/2025/11/584.jpg,narcoticsanonymouskwazulu-natal/sites/2/2025/11/584.jpg,/home/ubuntu/webdev-static-assets/na-south-africa-unique/narcoticsanonymouskwazulu-natal/sites/2/2025/11/584.jpg,2,"[{""xml_export"": ""narcoticsanonymouskwazulu-natal.WordPress.2026-08-16.xml"", ""source_id"": ""8742"", ""title"": ""584"", ""url"": ""https://na.org.za/kzn/584/"", ""post_type"": ""attachment"", ""relation"": ""text-reference""}, {""xml_export"": ""narcoticsanonymouskwazulu-natal.WordPress.2026-08-16.xml"", ""source_id"": ""4777"", ""title"": ""Events"", ""url"": ""https://na.org.za/kzn/et_pb_layout/events/"", ""post_type"": ""et_pb_layout"", ""relation"": ""text-reference""}]",/manus-storage/584_81cd7c59.jpg,uploaded,linked,811e4790e81520fc1b5394026d8d3a814090af9a72b1d3d75bca2d995c250bb0,4,4,4,3,"[""uploads/sites/2/2025/11/584.jpg"", ""uploads/sites/3/2025/11/584.jpg"", ""uploads/sites/4/2025/11/584.jpg"", ""uploads/sites/5/2025/11/584.jpg""]",yes,retained-canonical-source-attachment,Retained as a distinct canonical attachment because the same basename occurs in 4 source-relative records; the unique relative path prevents overwrite.,Identical binary occurs in multiple source-relative attachments; each source attachment remains separately traceable and is not overwritten.,3 additional linked archive-file variant(s) were recorded for this attachment; only the exact canonical attachment is in the controlled upload set.,none
8743,2733704_12016-scaled-1,narcoticsanonymouskwazulu-natal.WordPress.2026-08-16.xml,https://www.gekkodev2.co.za/kzn/wp-content/uploads/sites/3/2025/11/2733704_12016-scaled-1.jpg,uploads/sites/3/2025/11/2733704_12016-scaled-1.jpg,narcoticsanonymouskwazulu-natal/sites/3/2025/11/2733704_12016-scaled-1.jpg,/home/ubuntu/webdev-static-assets/na-south-africa-unique/narcoticsanonymouskwazulu-natal/sites/3/2025/11/2733704_12016-scaled-1.jpg,2,"[{""xml_export"": ""narcoticsanonymouskwazulu-natal.WordPress.2026-08-16.xml"", ""source_id"": ""8743"", ""title"": ""2733704_12016-scaled-1"", ""url"": ""https://na.org.za/kzn/2733704_12016-scaled-1/"", ""post_type"": ""attachment"", ""relation"": ""text-reference""}, {""xml_export"": ""narcoticsanonymouskwazulu-natal.WordPress.2026-08-16.xml"", ""source_id"": ""4776"", ""title"": ""Common NA Terminology"", ""url"": ""https://na.org.za/kzn/et_pb_layout/common-na-terminology/"", ""post_type"": ""et_pb_layout"", ""relation"": ""text-reference""}]",/manus-storage/2733704_12016-scaled-1_ed223066.jpg,uploaded,linked,a673ed98e8bba3c5ea9b26a71a7a709603dca8f5aef3a80568cee4b08b3cc84e,3,3,3,2,"[""uploads/sites/3/2025/11/2733704_12016-scaled-1.jpg"", ""uploads/sites/4/2025/11/2733704_12016-scaled-1.jpg"", ""uploads/sites/5/2025/11/2733704_12016-scaled-1.jpg""]",yes,retained-canonical-source-attachment,Retained as a distinct canonical attachment because the same basename occurs in 3 source-relative records; the unique relative path prevents overwrite.,Identical binary occurs in multiple source-relative attachments; each source attachment remains separately traceable and is not overwritten.,2 additional linked archive-file variant(s) were recorded for this attachment; only the exact canonical attachment is in the controlled upload set.,none
8744,143021-e1763291423474,narcoticsanonymouskwazulu-natal.WordPress.2026-08-16.xml,https://www.gekkodev2.co.za/kzn/wp-content/uploads/sites/3/2025/11/143021-e1763291423474.jpg,uploads/2025/11/143021-e1763291423474.jpg,narcoticsanonymouskwazulu-natal/2025/11/143021-e1763291423474.jpg,/home/ubuntu/webdev-static-assets/na-south-africa-unique/narcoticsanonymouskwazulu-natal/2025/11/143021-e1763291423474.jpg,2,"[{""xml_export"": ""narcoticsanonymouskwazulu-natal.WordPress.2026-08-16.xml"", ""source_id"": ""8744"", ""title"": ""143021-e1763291423474"", ""url"": ""https://na.org.za/kzn/143021-e1763291423474/"", ""post_type"": ""attachment"", ""relation"": ""text-reference""}, {""xml_export"": ""narcoticsanonymouskwazulu-natal.WordPress.2026-08-16.xml"", ""source_id"": ""4775"", ""title"": ""Add/Change Meeting"", ""url"": ""https://na.org.za/kzn/et_pb_layout/add-change-meeting/"", ""post_type"": ""et_pb_layout"", ""relation"": ""text-reference""}]",/manus-storage/143021-e1763291423474_6b137e88.jpg,uploaded,linked,4fd6ed2027a1377dbd710f4920dd886ba35b4ba8747c86a2f95682bb7a227253,4,4,5,4,"[""uploads/2025/11/143021-e1763291423474.jpg"", ""uploads/sites/2/2025/11/143021-e1763291423474.jpg"", ""uploads/sites/3/2025/11/143021-e1763291423474.jpg"", ""uploads/sites/4/2025/11/143021-e1763291423474.jpg"", ""uploads/sites/5/2025/11/143021-e1763291423474.jpg""]",yes,retained-canonical-source-attachment,Retained as a distinct canonical attachment because the same basename occurs in 4 source-relative records; the unique relative path prevents overwrite.,Identical binary occurs in multiple source-relative attachments; each source attachment remains separately traceable and is not overwritten.,4 additional linked archive-file variant(s) were recorded for this attachment; only the exact canonical attachment is in the controlled upload set.,none
8745,2151118274,narcoticsanonymouskwazulu-natal.WordPress.2026-08-16.xml,https://www.gekkodev2.co.za/kzn/wp-content/uploads/sites/3/2025/11/2151118274.jpg,uploads/sites/2/2025/11/2151118274.jpg,narcoticsanonymouskwazulu-natal/sites/2/2025/11/2151118274.jpg,/home/ubuntu/webdev-static-assets/na-south-africa-unique/narcoticsanonymouskwazulu-natal/sites/2/2025/11/2151118274.jpg,3,"[{""xml_export"": ""narcoticsanonymouskwazulu-natal.WordPress.2026-08-16.xml"", ""source_id"": ""8745"", ""title"": ""2151118274"", ""url"": ""https://na.org.za/kzn/2151118274/"", ""post_type"": ""attachment"", ""relation"": ""text-reference""}, {""xml_export"": ""narcoticsanonymouskwazulu-natal.WordPress.2026-08-16.xml"", ""source_id"": ""4774"", ""title"": ""Preambles"", ""url"": ""https://na.org.za/kzn/et_pb_layout/preambles/"", ""post_type"": ""et_pb_layout"", ""relation"": ""text-reference""}, {""xml_export"": ""narcoticsanonymouskwazulu-natal.WordPress.2026-08-16.xml"", ""source_id"": ""8757"", ""title"": ""Preambles"", ""url"": ""https://na.org.za/kzn/preambles/"", ""post_type"": ""page"", ""relation"": ""text-reference""}]",/manus-storage/2151118274_a48ef380.jpg,uploaded,linked,cbaf1e9dcb179de7abd7f5bdb0afea4e71271a0148eb1cad5b5b9b3783e52b9d,4,4,4,3,"[""uploads/sites/2/2025/11/2151118274.jpg"", ""uploads/sites/3/2025/11/2151118274.jpg"", ""uploads/sites/4/2025/11/2151118274.jpg"", ""uploads/sites/5/2025/11/2151118274.jpg""]",yes,retained-canonical-source-attachment,Retained as a distinct canonical attachment because the same basename occurs in 4 source-relative records; the unique relative path prevents overwrite.,Identical binary occurs in multiple source-relative attachments; each source attachment remains separately traceable and is not overwritten.,3 additional linked archive-file variant(s) were recorded for this attachment; only the exact canonical attachment is in the controlled upload set.,none
8746,helping-each-other-scaled-1,narcoticsanonymouskwazulu-natal.WordPress.2026-08-16.xml,https://www.gekkodev2.co.za/kzn/wp-content/uploads/sites/3/2025/11/helping-each-other-scaled-1.jpg,uploads/sites/2/2025/11/helping-each-other-scaled-1.jpg,narcoticsanonymouskwazulu-natal/sites/2/2025/11/helping-each-other-scaled-1.jpg,/home/ubuntu/webdev-static-assets/na-south-africa-unique/narcoticsanonymouskwazulu-natal/sites/2/2025/11/helping-each-other-scaled-1.jpg,2,"[{""xml_export"": ""narcoticsanonymouskwazulu-natal.WordPress.2026-08-16.xml"", ""source_id"": ""8746"", ""title"": ""helping-each-other-scaled-1"", ""url"": ""https://na.org.za/kzn/helping-each-other-scaled-1/"", ""post_type"": ""attachment"", ""relation"": ""text-reference""}, {""xml_export"": ""narcoticsanonymouskwazulu-natal.WordPress.2026-08-16.xml"", ""source_id"": ""4773"", ""title"": ""Contact Us"", ""url"": ""https://na.org.za/kzn/et_pb_layout/contact-us/"", ""post_type"": ""et_pb_layout"", ""relation"": ""text-reference""}]",/manus-storage/helping-each-other-scaled-1_e0c666a6.jpg,uploaded,linked,5698bda9900349a9e058bcd0c5ad0631f0e9d463020dda9c143ce400c5f970f7,4,4,4,3,"[""uploads/sites/2/2025/11/helping-each-other-scaled-1.jpg"", ""uploads/sites/3/2025/11/helping-each-other-scaled-1.jpg"", ""uploads/sites/4/2025/11/helping-each-other-scaled-1.jpg"", ""uploads/sites/5/2025/11/helping-each-other-scaled-1.jpg""]",yes,retained-canonical-source-attachment,Retained as a distinct canonical attachment because the same basename occurs in 4 source-relative records; the unique relative path prevents overwrite.,Identical binary occurs in multiple source-relative attachments; each source attachment remains separately traceable and is not overwritten.,3 additional linked archive-file variant(s) were recorded for this attachment; only the exact canonical attachment is in the controlled upload set.,none
8747,123795,narcoticsanonymouskwazulu-natal.WordPress.2026-08-16.xml,https://www.gekkodev2.co.za/kzn/wp-content/uploads/sites/3/2025/11/123795.jpg,uploads/sites/2/2025/11/123795.jpg,narcoticsanonymouskwazulu-natal/sites/2/2025/11/123795.jpg,/home/ubuntu/webdev-static-assets/na-south-africa-unique/narcoticsanonymouskwazulu-natal/sites/2/2025/11/123795.jpg,3,"[{""xml_export"": ""narcoticsanonymouskwazulu-natal.WordPress.2026-08-16.xml"", ""source_id"": ""8747"", ""title"": ""123795"", ""url"": ""https://na.org.za/kzn/123795/"", ""post_type"": ""attachment"", ""relation"": ""text-reference""}, {""xml_export"": ""narcoticsanonymouskwazulu-natal.WordPress.2026-08-16.xml"", ""source_id"": ""4772"", ""title"": ""ASC Contacts"", ""url"": ""https://na.org.za/kzn/et_pb_layout/asc-contacts/"", ""post_type"": ""et_pb_layout"", ""relation"": ""text-reference""}, {""xml_export"": ""narcoticsanonymouskwazulu-natal.WordPress.2026-08-16.xml"", ""source_id"": ""8763"", ""title"": ""Area Service Committee"", ""url"": ""https://na.org.za/kzn/area-service-committee/"", ""post_type"": ""page"", ""relation"": ""text-reference""}]",/manus-storage/123795_3bbfcdf5.jpg,uploaded,linked,372d28dc7a82aed9e7330555e2957572d868127d20b858808169ea9cbc1348d0,4,4,4,3,"[""uploads/sites/2/2025/11/123795.jpg"", ""uploads/sites/3/2025/11/123795.jpg"", ""uploads/sites/4/2025/11/123795.jpg"", ""uploads/sites/5/2025/11/123795.jpg""]",yes,retained-canonical-source-attachment,Retained as a distinct canonical attachment because the same basename occurs in 4 source-relative records; the unique relative path prevents overwrite.,Identical binary occurs in multiple source-relative attachments; each source attachment remains separately traceable and is not overwritten.,3 additional linked archive-file variant(s) were recorded for this attachment; only the exact canonical attachment is in the controlled upload set.,none
8748,2147770870-e1763292893626,narcoticsanonymouskwazulu-natal.WordPress.2026-08-16.xml,https://www.gekkodev2.co.za/kzn/wp-content/uploads/sites/3/2025/11/2147770870-e1763292893626.jpg,uploads/2025/11/2147770870-e1763292893626.jpg,narcoticsanonymouskwazulu-natal/2025/11/2147770870-e1763292893626.jpg,/home/ubuntu/webdev-static-assets/na-south-africa-unique/narcoticsanonymouskwazulu-natal/2025/11/2147770870-e1763292893626.jpg,3,"[{""xml_export"": ""narcoticsanonymouskwazulu-natal.WordPress.2026-08-16.xml"", ""source_id"": ""8748"", ""title"": ""2147770870-e1763292893626"", ""url"": ""https://na.org.za/kzn/2147770870-e1763292893626/"", ""post_type"": ""attachment"", ""relation"": ""text-reference""}, {""xml_export"": ""narcoticsanonymouskwazulu-natal.WordPress.2026-08-16.xml"", ""source_id"": ""4771"", ""title"": ""Literature"", ""url"": ""https://na.org.za/kzn/et_pb_layout/literature/"", ""post_type"": ""et_pb_layout"", ""relation"": ""text-reference""}, {""xml_export"": ""narcoticsanonymouskwazulu-natal.WordPress.2026-08-16.xml"", ""source_id"": ""8759"", ""title"": ""Literature"", ""url"": ""https://na.org.za/kzn/literature/"", ""post_type"": ""page"", ""relation"": ""text-reference""}]",/manus-storage/2147770870-e1763292893626_8f951734.jpg,uploaded,linked,c71a509defbafd7a832e856784fa9e21aef61eea6b6ce8b540428269f7c12fb9,4,4,5,4,"[""uploads/2025/11/2147770870-e1763292893626.jpg"", ""uploads/sites/2/2025/11/2147770870-e1763292893626.jpg"", ""uploads/sites/3/2025/11/2147770870-e1763292893626.jpg"", ""uploads/sites/4/2025/11/2147770870-e1763292893626.jpg"", ""uploads/sites/5/2025/11/2147770870-e1763292893626.jpg""]",yes,retained-canonical-source-attachment,Retained as a distinct canonical attachment because the same basename occurs in 4 source-relative records; the unique relative path prevents overwrite.,Identical binary occurs in multiple source-relative attachments; each source attachment remains separately traceable and is not overwritten.,4 additional linked archive-file variant(s) were recorded for this attachment; only the exact canonical attachment is in the controlled upload set.,none
8749,120044,narcoticsanonymouskwazulu-natal.WordPress.2026-08-16.xml,https://www.gekkodev2.co.za/kzn/wp-content/uploads/sites/3/2025/11/120044.jpg,uploads/sites/2/2025/11/120044.jpg,narcoticsanonymouskwazulu-natal/sites/2/2025/11/120044.jpg,/home/ubuntu/webdev-static-assets/na-south-africa-unique/narcoticsanonymouskwazulu-natal/sites/2/2025/11/120044.jpg,3,"[{""xml_export"": ""narcoticsanonymouskwazulu-natal.WordPress.2026-08-16.xml"", ""source_id"": ""8749"", ""title"": ""120044"", ""url"": ""https://na.org.za/kzn/120044/"", ""post_type"": ""attachment"", ""relation"": ""text-reference""}, {""xml_export"": ""narcoticsanonymouskwazulu-natal.WordPress.2026-08-16.xml"", ""source_id"": ""4770"", ""title"": ""Downloads"", ""url"": ""https://na.org.za/kzn/et_pb_layout/downloads/"", ""post_type"": ""et_pb_layout"", ""relation"": ""text-reference""}, {""xml_export"": ""narcoticsanonymouskwazulu-natal.WordPress.2026-08-16.xml"", ""source_id"": ""8761"", ""title"": ""Downloads"", ""url"": ""https://na.org.za/kzn/downloads/"", ""post_type"": ""page"", ""relation"": ""text-reference""}]",/manus-storage/120044_5c7a5009.jpg,uploaded,linked,b5cd0535e771cc3c5391f80bfbfbacf776874c039cdbf2adee87127b62133185,4,4,4,3,"[""uploads/sites/2/2025/11/120044.jpg"", ""uploads/sites/3/2025/11/120044.jpg"", ""uploads/sites/4/2025/11/120044.jpg"", ""uploads/sites/5/2025/11/120044.jpg""]",yes,retained-canonical-source-attachment,Retained as a distinct canonical attachment because the same basename occurs in 4 source-relative records; the unique relative path prevents overwrite.,Identical binary occurs in multiple source-relative attachments; each source attachment remains separately traceable and is not overwritten.,3 additional linked archive-file variant(s) were recorded for this attachment; only the exact canonical attachment is in the controlled upload set.,none
8750,2151930388,narcoticsanonymouskwazulu-natal.WordPress.2026-08-16.xml,https://www.gekkodev2.co.za/kzn/wp-content/uploads/sites/3/2025/11/2151930388.jpg,uploads/2025/11/2151930388.jpg,narcoticsanonymouskwazulu-natal/2025/11/2151930388.jpg,/home/ubuntu/webdev-static-assets/na-south-africa-unique/narcoticsanonymouskwazulu-natal/2025/11/2151930388.jpg,3,"[{""xml_export"": ""narcoticsanonymouskwazulu-natal.WordPress.2026-08-16.xml"", ""source_id"": ""8750"", ""title"": ""2151930388"", ""url"": ""https://na.org.za/kzn/2151930388/"", ""post_type"": ""attachment"", ""relation"": ""text-reference""}, {""xml_export"": ""narcoticsanonymouskwazulu-natal.WordPress.2026-08-16.xml"", ""source_id"": ""4769"", ""title"": ""Meetings"", ""url"": ""https://na.org.za/kzn/et_pb_layout/meetings/"", ""post_type"": ""et_pb_layout"", ""relation"": ""text-reference""}, {""xml_export"": ""narcoticsanonymouskwazulu-natal.WordPress.2026-08-16.xml"", ""source_id"": ""8755"", ""title"": ""Meetings"", ""url"": ""https://na.org.za/kzn/na-meetings/"", ""post_type"": ""page"", ""relation"": ""text-reference""}]",/manus-storage/2151930388_41252184.jpg,uploaded,linked,03c0c8e5eadcaecb8ced3e62dc4a49c00e09257e139aee7e680071fe21ecd076,5,5,5,4,"[""uploads/2025/11/2151930388.jpg"", ""uploads/sites/2/2025/11/2151930388.jpg"", ""uploads/sites/3/2025/11/2151930388.jpg"", ""uploads/sites/4/2025/11/2151930388.jpg"", ""uploads/sites/5/2025/11/2151930388.jpg""]",yes,retained-canonical-source-attachment,Retained as a distinct canonical attachment because the same basename occurs in 5 source-relative records; the unique relative path prevents overwrite.,Identical binary occurs in multiple source-relative attachments; each source attachment remains separately traceable and is not overwritten.,4 additional linked archive-file variant(s) were recorded for this attachment; only the exact canonical attachment is in the controlled upload set.,none
8751,banner-wc-001-e1763484626801,narcoticsanonymouskwazulu-natal.WordPress.2026-08-16.xml,https://www.gekkodev2.co.za/kzn/wp-content/uploads/sites/3/2025/11/banner-wc-001-e1763484626801.webp,uploads/sites/2/2025/11/banner-wc-001-e1763484626801.webp,narcoticsanonymouskwazulu-natal/sites/2/2025/11/banner-wc-001-e1763484626801.webp,/home/ubuntu/webdev-static-assets/na-south-africa-unique/narcoticsanonymouskwazulu-natal/sites/2/2025/11/banner-wc-001-e1763484626801.webp,2,"[{""xml_export"": ""narcoticsanonymouskwazulu-natal.WordPress.2026-08-16.xml"", ""source_id"": ""8751"", ""title"": ""banner-wc-001-e1763484626801"", ""url"": ""https://na.org.za/kzn/banner-wc-001-e1763484626801/"", ""post_type"": ""attachment"", ""relation"": ""text-reference""}, {""xml_export"": ""narcoticsanonymouskwazulu-natal.WordPress.2026-08-16.xml"", ""source_id"": ""4768"", ""title"": ""Home"", ""url"": ""https://na.org.za/kzn/et_pb_layout/home/"", ""post_type"": ""et_pb_layout"", ""relation"": ""text-reference""}]",/manus-storage/banner-wc-001-e1763484626801_2f3f49a8.webp,uploaded,linked,f37beacb12dcc6e550c5e123cf980301c8b64f6c1415a50428518511259a74a0,3,3,4,3,"[""uploads/sites/2/2025/11/banner-wc-001-e1763484626801.webp"", ""uploads/sites/3/2025/11/banner-wc-001-e1763484626801.webp"", ""uploads/sites/4/2025/11/banner-wc-001-e1763484626801.webp"", ""uploads/sites/5/2025/11/banner-wc-001-e1763484626801.webp""]",yes,retained-canonical-source-attachment,Retained as a distinct canonical attachment because the same basename occurs in 3 source-relative records; the unique relative path prevents overwrite.,Identical binary occurs in multiple source-relative attachments; each source attachment remains separately traceable and is not overwritten.,3 additional linked archive-file variant(s) were recorded for this attachment; only the exact canonical attachment is in the controlled upload set.,none
8752,29376,narcoticsanonymouskwazulu-natal.WordPress.2026-08-16.xml,https://www.gekkodev2.co.za/kzn/wp-content/uploads/sites/3/2025/11/29376.jpg,uploads/2025/11/29376.jpg,narcoticsanonymouskwazulu-natal/2025/11/29376.jpg,/home/ubuntu/webdev-static-assets/na-south-africa-unique/narcoticsanonymouskwazulu-natal/2025/11/29376.jpg,3,"[{""xml_export"": ""narcoticsanonymouskwazulu-natal.WordPress.2026-08-16.xml"", ""source_id"": ""8752"", ""title"": ""29376"", ""url"": ""https://na.org.za/kzn/29376/"", ""post_type"": ""attachment"", ""relation"": ""text-reference""}, {""xml_export"": ""narcoticsanonymouskwazulu-natal.WordPress.2026-08-16.xml"", ""source_id"": ""4768"", ""title"": ""Home"", ""url"": ""https://na.org.za/kzn/et_pb_layout/home/"", ""post_type"": ""et_pb_layout"", ""relation"": ""text-reference""}, {""xml_export"": ""narcoticsanonymouskwazulu-natal.WordPress.2026-08-16.xml"", ""source_id"": ""8734"", ""title"": ""Home"", ""url"": ""https://na.org.za/kzn/"", ""post_type"": ""page"", ""relation"": ""text-reference""}]",/manus-storage/29376_b73a0dfa.jpg,uploaded,linked,94d05aaab42c337ec696935fee116e713102d28392b8007192d33344a31945c8,5,5,5,4,"[""uploads/2025/11/29376.jpg"", ""uploads/sites/2/2025/11/29376.jpg"", ""uploads/sites/3/2025/11/29376.jpg"", ""uploads/sites/4/2025/11/29376.jpg"", ""uploads/sites/5/2025/11/29376.jpg""]",yes,retained-canonical-source-attachment,Retained as a distinct canonical attachment because the same basename occurs in 5 source-relative records; the unique relative path prevents overwrite.,Identical binary occurs in multiple source-relative attachments; each source attachment remains separately traceable and is not overwritten.,4 additional linked archive-file variant(s) were recorded for this attachment; only the exact canonical attachment is in the controlled upload set.,none
8753,home-banner,narcoticsanonymouskwazulu-natal.WordPress.2026-08-16.xml,https://www.gekkodev2.co.za/kzn/wp-content/uploads/sites/3/2025/11/home-banner.jpg,uploads/sites/3/2025/11/home-banner.jpg,narcoticsanonymouskwazulu-natal/sites/3/2025/11/home-banner.jpg,/home/ubuntu/webdev-static-assets/na-south-africa-unique/narcoticsanonymouskwazulu-natal/sites/3/2025/11/home-banner.jpg,2,"[{""xml_export"": ""narcoticsanonymouskwazulu-natal.WordPress.2026-08-16.xml"", ""source_id"": ""8753"", ""title"": ""home-banner"", ""url"": ""https://na.org.za/kzn/home-banner/"", ""post_type"": ""attachment"", ""relation"": ""text-reference""}, {""xml_export"": ""narcoticsanonymouskwazulu-natal.WordPress.2026-08-16.xml"", ""source_id"": ""8734"", ""title"": ""Home"", ""url"": ""https://na.org.za/kzn/"", ""post_type"": ""page"", ""relation"": ""text-reference""}]",/manus-storage/home-banner_f0aaa7cd.jpg,uploaded,linked,4ac8ba6e8c3ae057d2fb20a5d95b088aaadc67a55889176c4a3988265d5c48fb,3,3,3,2,"[""uploads/sites/3/2025/11/home-banner.jpg"", ""uploads/sites/4/2025/11/home-banner.jpg"", ""uploads/sites/5/2025/11/home-banner.jpg""]",yes,retained-canonical-source-attachment,Retained as a distinct canonical attachment because the same basename occurs in 3 source-relative records; the unique relative path prevents overwrite.,Identical binary occurs in multiple source-relative attachments; each source attachment remains separately traceable and is not overwritten.,2 additional linked archive-file variant(s) were recorded for this attachment; only the exact canonical attachment is in the controlled upload set.,none
8777,logo,narcoticsanonymouskwazulu-natal.WordPress.2026-08-16.xml,https://www.gekkodev2.co.za/kzn/wp-content/uploads/sites/3/2025/11/logo.png,uploads/2025/11/logo.png,narcoticsanonymouskwazulu-natal/2025/11/logo.png,/home/ubuntu/webdev-static-assets/na-south-africa-unique/narcoticsanonymouskwazulu-natal/2025/11/logo.png,2,"[{""xml_export"": ""narcoticsanonymouskwazulu-natal.WordPress.2026-08-16.xml"", ""source_id"": ""8777"", ""title"": ""logo"", ""url"": ""https://na.org.za/kzn/logo/"", ""post_type"": ""attachment"", ""relation"": ""text-reference""}, {""xml_export"": ""narcoticsanonymouskwazulu-natal.WordPress.2026-08-16.xml"", ""source_id"": ""8776"", ""title"": ""Theme Builder Layout"", ""url"": ""https://na.org.za/kzn/et_footer_layout/theme-builder-layout/"", ""post_type"": ""et_footer_layout"", ""relation"": ""text-reference""}]",/manus-storage/logo_72db097f.png,uploaded,linked,e060ea3b52588002a2fdde02bb5b1206d2c36febbfebddd484237f8faaf63ad0,5,5,5,4,"[""uploads/2025/11/logo.png"", ""uploads/sites/2/2025/11/logo.png"", ""uploads/sites/3/2025/11/logo.png"", ""uploads/sites/4/2025/11/logo.png"", ""uploads/sites/5/2025/11/logo.png""]",yes,retained-canonical-source-attachment,Retained as a distinct canonical attachment because the same basename occurs in 5 source-relative records; the unique relative path prevents overwrite.,Identical binary occurs in multiple source-relative attachments; each source attachment remains separately traceable and is not overwritten.,4 additional linked archive-file variant(s) were recorded for this attachment; only the exact canonical attachment is in the controlled upload set.,none
4,favicon,narcoticsanonymouspretoria.WordPress.2026-08-16.xml,https://www.gekkodev2.co.za/pta/wp-content/uploads/sites/4/2025/11/favicon.png,uploads/2025/11/favicon.png,narcoticsanonymouspretoria/2025/11/favicon.png,/home/ubuntu/webdev-static-assets/na-south-africa-unique/narcoticsanonymouspretoria/2025/11/favicon.png,2,"[{""xml_export"": ""narcoticsanonymouspretoria.WordPress.2026-08-16.xml"", ""source_id"": ""4"", ""title"": ""favicon"", ""url"": ""https://na.org.za/pta/favicon/"", ""post_type"": ""attachment"", ""relation"": ""text-reference""}, {""xml_export"": ""narcoticsanonymouspretoria.WordPress.2026-08-16.xml"", ""source_id"": ""5"", ""title"": ""cropped-favicon.png"", ""url"": ""https://na.org.za/pta/favicon/cropped-favicon-png/"", ""post_type"": ""attachment"", ""relation"": ""post-parent""}]",/manus-storage/favicon_2a9dc8f9.png,uploaded,linked,f5d430889ce2151b288dcbb7d01eef450ccfe87172684a86f09037000e015741,5,5,5,4,"[""uploads/2025/11/favicon.png"", ""uploads/sites/2/2025/11/favicon.png"", ""uploads/sites/3/2025/11/favicon.png"", ""uploads/sites/4/2025/11/favicon.png"", ""uploads/sites/5/2025/11/favicon.png""]",yes,retained-canonical-source-attachment,Retained as a distinct canonical attachment because the same basename occurs in 5 source-relative records; the unique relative path prevents overwrite.,Identical binary occurs in multiple source-relative attachments; each source attachment remains separately traceable and is not overwritten.,4 additional linked archive-file variant(s) were recorded for this attachment; only the exact canonical attachment is in the controlled upload set.,none
5,cropped-favicon.png,narcoticsanonymouspretoria.WordPress.2026-08-16.xml,https://www.gekkodev2.co.za/pta/wp-content/uploads/sites/4/2025/11/cropped-favicon.png,uploads/2025/11/cropped-favicon.png,narcoticsanonymouspretoria/2025/11/cropped-favicon.png,/home/ubuntu/webdev-static-assets/na-south-africa-unique/narcoticsanonymouspretoria/2025/11/cropped-favicon.png,1,"[{""xml_export"": ""narcoticsanonymouspretoria.WordPress.2026-08-16.xml"", ""source_id"": ""5"", ""title"": ""cropped-favicon.png"", ""url"": ""https://na.org.za/pta/favicon/cropped-favicon-png/"", ""post_type"": ""attachment"", ""relation"": ""text-reference""}]",/manus-storage/cropped-favicon_45824bd4.png,uploaded,linked,df210711106a3cdffb6cb3fd6530bda5429bc43139e96acf6f3e73b178d438dd,5,5,5,4,"[""uploads/2025/11/cropped-favicon.png"", ""uploads/sites/2/2025/11/cropped-favicon.png"", ""uploads/sites/3/2025/11/cropped-favicon.png"", ""uploads/sites/4/2025/11/cropped-favicon.png"", ""uploads/sites/5/2025/11/cropped-favicon.png""]",yes,retained-canonical-source-attachment,Retained as a distinct canonical attachment because the same basename occurs in 5 source-relative records; the unique relative path prevents overwrite.,Identical binary occurs in multiple source-relative attachments; each source attachment remains separately traceable and is not overwritten.,4 additional linked archive-file variant(s) were recorded for this attachment; only the exact canonical attachment is in the controlled upload set.,none
6,29680,narcoticsanonymouspretoria.WordPress.2026-08-16.xml,https://www.gekkodev2.co.za/pta/wp-content/uploads/sites/4/2025/11/29680.jpg,uploads/sites/2/2025/11/29680.jpg,narcoticsanonymouspretoria/sites/2/2025/11/29680.jpg,/home/ubuntu/webdev-static-assets/na-south-africa-unique/narcoticsanonymouspretoria/sites/2/2025/11/29680.jpg,2,"[{""xml_export"": ""narcoticsanonymouspretoria.WordPress.2026-08-16.xml"", ""source_id"": ""6"", ""title"": ""29680"", ""url"": ""https://na.org.za/pta/29680/"", ""post_type"": ""attachment"", ""relation"": ""text-reference""}, {""xml_export"": ""narcoticsanonymouspretoria.WordPress.2026-08-16.xml"", ""source_id"": ""4781"", ""title"": ""Policies and Resources"", ""url"": ""https://na.org.za/pta/et_pb_layout/policies-and-resources/"", ""post_type"": ""et_pb_layout"", ""relation"": ""text-reference""}]",/manus-storage/29680_3154afeb.jpg,uploaded,linked,568becb9033e554dcd2cf4bf5605622b1145adbd9f364e57d03da3a61fade568,4,4,4,3,"[""uploads/sites/2/2025/11/29680.jpg"", ""uploads/sites/3/2025/11/29680.jpg"", ""uploads/sites/4/2025/11/29680.jpg"", ""uploads/sites/5/2025/11/29680.jpg""]",yes,retained-canonical-source-attachment,Retained as a distinct canonical attachment because the same basename occurs in 4 source-relative records; the unique relative path prevents overwrite.,Identical binary occurs in multiple source-relative attachments; each source attachment remains separately traceable and is not overwritten.,3 additional linked archive-file variant(s) were recorded for this attachment; only the exact canonical attachment is in the controlled upload set.,none
7,129014,narcoticsanonymouspretoria.WordPress.2026-08-16.xml,https://www.gekkodev2.co.za/pta/wp-content/uploads/sites/4/2025/11/129014.jpg,uploads/sites/2/2025/11/129014.jpg,narcoticsanonymouspretoria/sites/2/2025/11/129014.jpg,/home/ubuntu/webdev-static-assets/na-south-africa-unique/narcoticsanonymouspretoria/sites/2/2025/11/129014.jpg,2,"[{""xml_export"": ""narcoticsanonymouspretoria.WordPress.2026-08-16.xml"", ""source_id"": ""7"", ""title"": ""129014"", ""url"": ""https://na.org.za/pta/129014/"", ""post_type"": ""attachment"", ""relation"": ""text-reference""}, {""xml_export"": ""narcoticsanonymouspretoria.WordPress.2026-08-16.xml"", ""source_id"": ""4780"", ""title"": ""Contribute"", ""url"": ""https://na.org.za/pta/et_pb_layout/contribute/"", ""post_type"": ""et_pb_layout"", ""relation"": ""text-reference""}]",/manus-storage/129014_800953db.jpg,uploaded,linked,9ee2338cbce4746670206a0504a6f0d87b3ef7dbd29a772d979abdd05e019a28,4,4,4,3,"[""uploads/sites/2/2025/11/129014.jpg"", ""uploads/sites/3/2025/11/129014.jpg"", ""uploads/sites/4/2025/11/129014.jpg"", ""uploads/sites/5/2025/11/129014.jpg""]",yes,retained-canonical-source-attachment,Retained as a distinct canonical attachment because the same basename occurs in 4 source-relative records; the unique relative path prevents overwrite.,Identical binary occurs in multiple source-relative attachments; each source attachment remains separately traceable and is not overwritten.,3 additional linked archive-file variant(s) were recorded for this attachment; only the exact canonical attachment is in the controlled upload set.,none
8,zapper,narcoticsanonymouspretoria.WordPress.2026-08-16.xml,https://www.gekkodev2.co.za/pta/wp-content/uploads/sites/4/2025/11/zapper.png,uploads/sites/2/2025/11/zapper.png,narcoticsanonymouspretoria/sites/2/2025/11/zapper.png,/home/ubuntu/webdev-static-assets/na-south-africa-unique/narcoticsanonymouspretoria/sites/2/2025/11/zapper.png,2,"[{""xml_export"": ""narcoticsanonymouspretoria.WordPress.2026-08-16.xml"", ""source_id"": ""8"", ""title"": ""zapper"", ""url"": ""https://na.org.za/pta/zapper/"", ""post_type"": ""attachment"", ""relation"": ""text-reference""}, {""xml_export"": ""narcoticsanonymouspretoria.WordPress.2026-08-16.xml"", ""source_id"": ""4780"", ""title"": ""Contribute"", ""url"": ""https://na.org.za/pta/et_pb_layout/contribute/"", ""post_type"": ""et_pb_layout"", ""relation"": ""text-reference""}]",/manus-storage/zapper_75368afb.png,uploaded,linked,8874197e3371b0db1e36140d727897d673ca7af9077a32f0839bdfad922592b2,4,4,4,3,"[""uploads/sites/2/2025/11/zapper.png"", ""uploads/sites/3/2025/11/zapper.png"", ""uploads/sites/4/2025/11/zapper.png"", ""uploads/sites/5/2025/11/zapper.png""]",yes,retained-canonical-source-attachment,Retained as a distinct canonical attachment because the same basename occurs in 4 source-relative records; the unique relative path prevents overwrite.,Identical binary occurs in multiple source-relative attachments; each source attachment remains separately traceable and is not overwritten.,3 additional linked archive-file variant(s) were recorded for this attachment; only the exact canonical attachment is in the controlled upload set.,none
9,2150951473,narcoticsanonymouspretoria.WordPress.2026-08-16.xml,https://www.gekkodev2.co.za/pta/wp-content/uploads/sites/4/2025/11/2150951473.jpg,uploads/sites/2/2025/11/2150951473.jpg,narcoticsanonymouspretoria/sites/2/2025/11/2150951473.jpg,/home/ubuntu/webdev-static-assets/na-south-africa-unique/narcoticsanonymouspretoria/sites/2/2025/11/2150951473.jpg,2,"[{""xml_export"": ""narcoticsanonymouspretoria.WordPress.2026-08-16.xml"", ""source_id"": ""9"", ""title"": ""2150951473"", ""url"": ""https://na.org.za/pta/2150951473/"", ""post_type"": ""attachment"", ""relation"": ""text-reference""}, {""xml_export"": ""narcoticsanonymouspretoria.WordPress.2026-08-16.xml"", ""source_id"": ""4779"", ""title"": ""Subcommittees"", ""url"": ""https://na.org.za/pta/et_pb_layout/subcommittees/"", ""post_type"": ""et_pb_layout"", ""relation"": ""text-reference""}]",/manus-storage/2150951473_b0f654de.jpg,uploaded,linked,0bd62de9f2a0aff6f9b4614d3b29dccbaaaf7b6ff4c2bb7edda6e429fe33dddd,4,4,4,3,"[""uploads/sites/2/2025/11/2150951473.jpg"", ""uploads/sites/3/2025/11/2150951473.jpg"", ""uploads/sites/4/2025/11/2150951473.jpg"", ""uploads/sites/5/2025/11/2150951473.jpg""]",yes,retained-canonical-source-attachment,Retained as a distinct canonical attachment because the same basename occurs in 4 source-relative records; the unique relative path prevents overwrite.,Identical binary occurs in multiple source-relative attachments; each source attachment remains separately traceable and is not overwritten.,3 additional linked archive-file variant(s) were recorded for this attachment; only the exact canonical attachment is in the controlled upload set.,none
10,559,narcoticsanonymouspretoria.WordPress.2026-08-16.xml,https://www.gekkodev2.co.za/pta/wp-content/uploads/sites/4/2025/11/559.jpg,uploads/sites/2/2025/11/559.jpg,narcoticsanonymouspretoria/sites/2/2025/11/559.jpg,/home/ubuntu/webdev-static-assets/na-south-africa-unique/narcoticsanonymouspretoria/sites/2/2025/11/559.jpg,2,"[{""xml_export"": ""narcoticsanonymouspretoria.WordPress.2026-08-16.xml"", ""source_id"": ""10"", ""title"": ""559"", ""url"": ""https://na.org.za/pta/559/"", ""post_type"": ""attachment"", ""relation"": ""text-reference""}, {""xml_export"": ""narcoticsanonymouspretoria.WordPress.2026-08-16.xml"", ""source_id"": ""4778"", ""title"": ""Add Event"", ""url"": ""https://na.org.za/pta/et_pb_layout/add-event/"", ""post_type"": ""et_pb_layout"", ""relation"": ""text-reference""}]",/manus-storage/559_62ce9729.jpg,uploaded,linked,95f07596585d9e24cb09572a1ab8e7ae1f2102450b729a5e70411dde7c9ca94c,4,4,4,3,"[""uploads/sites/2/2025/11/559.jpg"", ""uploads/sites/3/2025/11/559.jpg"", ""uploads/sites/4/2025/11/559.jpg"", ""uploads/sites/5/2025/11/559.jpg""]",yes,retained-canonical-source-attachment,Retained as a distinct canonical attachment because the same basename occurs in 4 source-relative records; the unique relative path prevents overwrite.,Identical binary occurs in multiple source-relative attachments; each source attachment remains separately traceable and is not overwritten.,3 additional linked archive-file variant(s) were recorded for this attachment; only the exact canonical attachment is in the controlled upload set.,none
11,584,narcoticsanonymouspretoria.WordPress.2026-08-16.xml,https://www.gekkodev2.co.za/pta/wp-content/uploads/sites/4/2025/11/584.jpg,uploads/sites/2/2025/11/584.jpg,narcoticsanonymouspretoria/sites/2/2025/11/584.jpg,/home/ubuntu/webdev-static-assets/na-south-africa-unique/narcoticsanonymouspretoria/sites/2/2025/11/584.jpg,2,"[{""xml_export"": ""narcoticsanonymouspretoria.WordPress.2026-08-16.xml"", ""source_id"": ""11"", ""title"": ""584"", ""url"": ""https://na.org.za/pta/584/"", ""post_type"": ""attachment"", ""relation"": ""text-reference""}, {""xml_export"": ""narcoticsanonymouspretoria.WordPress.2026-08-16.xml"", ""source_id"": ""4777"", ""title"": ""Events"", ""url"": ""https://na.org.za/pta/et_pb_layout/events/"", ""post_type"": ""et_pb_layout"", ""relation"": ""text-reference""}]",/manus-storage/584_469d87b0.jpg,uploaded,linked,811e4790e81520fc1b5394026d8d3a814090af9a72b1d3d75bca2d995c250bb0,4,4,4,3,"[""uploads/sites/2/2025/11/584.jpg"", ""uploads/sites/3/2025/11/584.jpg"", ""uploads/sites/4/2025/11/584.jpg"", ""uploads/sites/5/2025/11/584.jpg""]",yes,retained-canonical-source-attachment,Retained as a distinct canonical attachment because the same basename occurs in 4 source-relative records; the unique relative path prevents overwrite.,Identical binary occurs in multiple source-relative attachments; each source attachment remains separately traceable and is not overwritten.,3 additional linked archive-file variant(s) were recorded for this attachment; only the exact canonical attachment is in the controlled upload set.,none
12,2733704_12016-scaled-1,narcoticsanonymouspretoria.WordPress.2026-08-16.xml,https://www.gekkodev2.co.za/pta/wp-content/uploads/sites/4/2025/11/2733704_12016-scaled-1.jpg,uploads/sites/3/2025/11/2733704_12016-scaled-1.jpg,narcoticsanonymouspretoria/sites/3/2025/11/2733704_12016-scaled-1.jpg,/home/ubuntu/webdev-static-assets/na-south-africa-unique/narcoticsanonymouspretoria/sites/3/2025/11/2733704_12016-scaled-1.jpg,2,"[{""xml_export"": ""narcoticsanonymouspretoria.WordPress.2026-08-16.xml"", ""source_id"": ""12"", ""title"": ""2733704_12016-scaled-1"", ""url"": ""https://na.org.za/pta/2733704_12016-scaled-1/"", ""post_type"": ""attachment"", ""relation"": ""text-reference""}, {""xml_export"": ""narcoticsanonymouspretoria.WordPress.2026-08-16.xml"", ""source_id"": ""4776"", ""title"": ""Common NA Terminology"", ""url"": ""https://na.org.za/pta/et_pb_layout/common-na-terminology/"", ""post_type"": ""et_pb_layout"", ""relation"": ""text-reference""}]",/manus-storage/2733704_12016-scaled-1_ba1b6c83.jpg,uploaded,linked,a673ed98e8bba3c5ea9b26a71a7a709603dca8f5aef3a80568cee4b08b3cc84e,3,3,3,2,"[""uploads/sites/3/2025/11/2733704_12016-scaled-1.jpg"", ""uploads/sites/4/2025/11/2733704_12016-scaled-1.jpg"", ""uploads/sites/5/2025/11/2733704_12016-scaled-1.jpg""]",yes,retained-canonical-source-attachment,Retained as a distinct canonical attachment because the same basename occurs in 3 source-relative records; the unique relative path prevents overwrite.,Identical binary occurs in multiple source-relative attachments; each source attachment remains separately traceable and is not overwritten.,2 additional linked archive-file variant(s) were recorded for this attachment; only the exact canonical attachment is in the controlled upload set.,none
13,143021-e1763291423474,narcoticsanonymouspretoria.WordPress.2026-08-16.xml,https://www.gekkodev2.co.za/pta/wp-content/uploads/sites/4/2025/11/143021-e1763291423474.jpg,uploads/2025/11/143021-e1763291423474.jpg,narcoticsanonymouspretoria/2025/11/143021-e1763291423474.jpg,/home/ubuntu/webdev-static-assets/na-south-africa-unique/narcoticsanonymouspretoria/2025/11/143021-e1763291423474.jpg,2,"[{""xml_export"": ""narcoticsanonymouspretoria.WordPress.2026-08-16.xml"", ""source_id"": ""13"", ""title"": ""143021-e1763291423474"", ""url"": ""https://na.org.za/pta/143021-e1763291423474/"", ""post_type"": ""attachment"", ""relation"": ""text-reference""}, {""xml_export"": ""narcoticsanonymouspretoria.WordPress.2026-08-16.xml"", ""source_id"": ""4775"", ""title"": ""Add/Change Meeting"", ""url"": ""https://na.org.za/pta/et_pb_layout/add-change-meeting/"", ""post_type"": ""et_pb_layout"", ""relation"": ""text-reference""}]",/manus-storage/143021-e1763291423474_8ac500ba.jpg,uploaded,linked,4fd6ed2027a1377dbd710f4920dd886ba35b4ba8747c86a2f95682bb7a227253,4,4,5,4,"[""uploads/2025/11/143021-e1763291423474.jpg"", ""uploads/sites/2/2025/11/143021-e1763291423474.jpg"", ""uploads/sites/3/2025/11/143021-e1763291423474.jpg"", ""uploads/sites/4/2025/11/143021-e1763291423474.jpg"", ""uploads/sites/5/2025/11/143021-e1763291423474.jpg""]",yes,retained-canonical-source-attachment,Retained as a distinct canonical attachment because the same basename occurs in 4 source-relative records; the unique relative path prevents overwrite.,Identical binary occurs in multiple source-relative attachments; each source attachment remains separately traceable and is not overwritten.,4 additional linked archive-file variant(s) were recorded for this attachment; only the exact canonical attachment is in the controlled upload set.,none
14,2151118274,narcoticsanonymouspretoria.WordPress.2026-08-16.xml,https://www.gekkodev2.co.za/pta/wp-content/uploads/sites/4/2025/11/2151118274.jpg,uploads/sites/2/2025/11/2151118274.jpg,narcoticsanonymouspretoria/sites/2/2025/11/2151118274.jpg,/home/ubuntu/webdev-static-assets/na-south-africa-unique/narcoticsanonymouspretoria/sites/2/2025/11/2151118274.jpg,3,"[{""xml_export"": ""narcoticsanonymouspretoria.WordPress.2026-08-16.xml"", ""source_id"": ""14"", ""title"": ""2151118274"", ""url"": ""https://na.org.za/pta/2151118274/"", ""post_type"": ""attachment"", ""relation"": ""text-reference""}, {""xml_export"": ""narcoticsanonymouspretoria.WordPress.2026-08-16.xml"", ""source_id"": ""4774"", ""title"": ""Preambles"", ""url"": ""https://na.org.za/pta/et_pb_layout/preambles/"", ""post_type"": ""et_pb_layout"", ""relation"": ""text-reference""}, {""xml_export"": ""narcoticsanonymouspretoria.WordPress.2026-08-16.xml"", ""source_id"": ""4792"", ""title"": ""Group Readings"", ""url"": ""https://na.org.za/pta/group-readings/"", ""post_type"": ""page"", ""relation"": ""text-reference""}]",/manus-storage/2151118274_ee9db341.jpg,uploaded,linked,cbaf1e9dcb179de7abd7f5bdb0afea4e71271a0148eb1cad5b5b9b3783e52b9d,4,4,4,3,"[""uploads/sites/2/2025/11/2151118274.jpg"", ""uploads/sites/3/2025/11/2151118274.jpg"", ""uploads/sites/4/2025/11/2151118274.jpg"", ""uploads/sites/5/2025/11/2151118274.jpg""]",yes,retained-canonical-source-attachment,Retained as a distinct canonical attachment because the same basename occurs in 4 source-relative records; the unique relative path prevents overwrite.,Identical binary occurs in multiple source-relative attachments; each source attachment remains separately traceable and is not overwritten.,3 additional linked archive-file variant(s) were recorded for this attachment; only the exact canonical attachment is in the controlled upload set.,none
15,helping-each-other-scaled-1,narcoticsanonymouspretoria.WordPress.2026-08-16.xml,https://www.gekkodev2.co.za/pta/wp-content/uploads/sites/4/2025/11/helping-each-other-scaled-1.jpg,uploads/sites/2/2025/11/helping-each-other-scaled-1.jpg,narcoticsanonymouspretoria/sites/2/2025/11/helping-each-other-scaled-1.jpg,/home/ubuntu/webdev-static-assets/na-south-africa-unique/narcoticsanonymouspretoria/sites/2/2025/11/helping-each-other-scaled-1.jpg,3,"[{""xml_export"": ""narcoticsanonymouspretoria.WordPress.2026-08-16.xml"", ""source_id"": ""15"", ""title"": ""helping-each-other-scaled-1"", ""url"": ""https://na.org.za/pta/helping-each-other-scaled-1/"", ""post_type"": ""attachment"", ""relation"": ""text-reference""}, {""xml_export"": ""narcoticsanonymouspretoria.WordPress.2026-08-16.xml"", ""source_id"": ""4773"", ""title"": ""Contact Us"", ""url"": ""https://na.org.za/pta/et_pb_layout/contact-us/"", ""post_type"": ""et_pb_layout"", ""relation"": ""text-reference""}, {""xml_export"": ""narcoticsanonymouspretoria.WordPress.2026-08-16.xml"", ""source_id"": ""4786"", ""title"": ""Contact Us"", ""url"": ""https://na.org.za/pta/contact-us/"", ""post_type"": ""page"", ""relation"": ""text-reference""}]",/manus-storage/helping-each-other-scaled-1_c551d198.jpg,uploaded,linked,5698bda9900349a9e058bcd0c5ad0631f0e9d463020dda9c143ce400c5f970f7,4,4,4,3,"[""uploads/sites/2/2025/11/helping-each-other-scaled-1.jpg"", ""uploads/sites/3/2025/11/helping-each-other-scaled-1.jpg"", ""uploads/sites/4/2025/11/helping-each-other-scaled-1.jpg"", ""uploads/sites/5/2025/11/helping-each-other-scaled-1.jpg""]",yes,retained-canonical-source-attachment,Retained as a distinct canonical attachment because the same basename occurs in 4 source-relative records; the unique relative path prevents overwrite.,Identical binary occurs in multiple source-relative attachments; each source attachment remains separately traceable and is not overwritten.,3 additional linked archive-file variant(s) were recorded for this attachment; only the exact canonical attachment is in the controlled upload set.,none
16,123795,narcoticsanonymouspretoria.WordPress.2026-08-16.xml,https://www.gekkodev2.co.za/pta/wp-content/uploads/sites/4/2025/11/123795.jpg,uploads/sites/2/2025/11/123795.jpg,narcoticsanonymouspretoria/sites/2/2025/11/123795.jpg,/home/ubuntu/webdev-static-assets/na-south-africa-unique/narcoticsanonymouspretoria/sites/2/2025/11/123795.jpg,2,"[{""xml_export"": ""narcoticsanonymouspretoria.WordPress.2026-08-16.xml"", ""source_id"": ""16"", ""title"": ""123795"", ""url"": ""https://na.org.za/pta/123795/"", ""post_type"": ""attachment"", ""relation"": ""text-reference""}, {""xml_export"": ""narcoticsanonymouspretoria.WordPress.2026-08-16.xml"", ""source_id"": ""4772"", ""title"": ""ASC Contacts"", ""url"": ""https://na.org.za/pta/et_pb_layout/asc-contacts/"", ""post_type"": ""et_pb_layout"", ""relation"": ""text-reference""}]",/manus-storage/123795_aaee993c.jpg,uploaded,linked,372d28dc7a82aed9e7330555e2957572d868127d20b858808169ea9cbc1348d0,4,4,4,3,"[""uploads/sites/2/2025/11/123795.jpg"", ""uploads/sites/3/2025/11/123795.jpg"", ""uploads/sites/4/2025/11/123795.jpg"", ""uploads/sites/5/2025/11/123795.jpg""]",yes,retained-canonical-source-attachment,Retained as a distinct canonical attachment because the same basename occurs in 4 source-relative records; the unique relative path prevents overwrite.,Identical binary occurs in multiple source-relative attachments; each source attachment remains separately traceable and is not overwritten.,3 additional linked archive-file variant(s) were recorded for this attachment; only the exact canonical attachment is in the controlled upload set.,none
17,2147770870-e1763292893626,narcoticsanonymouspretoria.WordPress.2026-08-16.xml,https://www.gekkodev2.co.za/pta/wp-content/uploads/sites/4/2025/11/2147770870-e1763292893626.jpg,uploads/2025/11/2147770870-e1763292893626.jpg,narcoticsanonymouspretoria/2025/11/2147770870-e1763292893626.jpg,/home/ubuntu/webdev-static-assets/na-south-africa-unique/narcoticsanonymouspretoria/2025/11/2147770870-e1763292893626.jpg,3,"[{""xml_export"": ""narcoticsanonymouspretoria.WordPress.2026-08-16.xml"", ""source_id"": ""17"", ""title"": ""2147770870-e1763292893626"", ""url"": ""https://na.org.za/pta/2147770870-e1763292893626/"", ""post_type"": ""attachment"", ""relation"": ""text-reference""}, {""xml_export"": ""narcoticsanonymouspretoria.WordPress.2026-08-16.xml"", ""source_id"": ""4771"", ""title"": ""Literature"", ""url"": ""https://na.org.za/pta/et_pb_layout/literature/"", ""post_type"": ""et_pb_layout"", ""relation"": ""text-reference""}, {""xml_export"": ""narcoticsanonymouspretoria.WordPress.2026-08-16.xml"", ""source_id"": ""4788"", ""title"": ""Literature"", ""url"": ""https://na.org.za/pta/literature/"", ""post_type"": ""page"", ""relation"": ""text-reference""}]",/manus-storage/2147770870-e1763292893626_635f3e16.jpg,uploaded,linked,c71a509defbafd7a832e856784fa9e21aef61eea6b6ce8b540428269f7c12fb9,4,4,5,4,"[""uploads/2025/11/2147770870-e1763292893626.jpg"", ""uploads/sites/2/2025/11/2147770870-e1763292893626.jpg"", ""uploads/sites/3/2025/11/2147770870-e1763292893626.jpg"", ""uploads/sites/4/2025/11/2147770870-e1763292893626.jpg"", ""uploads/sites/5/2025/11/2147770870-e1763292893626.jpg""]",yes,retained-canonical-source-attachment,Retained as a distinct canonical attachment because the same basename occurs in 4 source-relative records; the unique relative path prevents overwrite.,Identical binary occurs in multiple source-relative attachments; each source attachment remains separately traceable and is not overwritten.,4 additional linked archive-file variant(s) were recorded for this attachment; only the exact canonical attachment is in the controlled upload set.,none
18,120044,narcoticsanonymouspretoria.WordPress.2026-08-16.xml,https://www.gekkodev2.co.za/pta/wp-content/uploads/sites/4/2025/11/120044.jpg,uploads/sites/2/2025/11/120044.jpg,narcoticsanonymouspretoria/sites/2/2025/11/120044.jpg,/home/ubuntu/webdev-static-assets/na-south-africa-unique/narcoticsanonymouspretoria/sites/2/2025/11/120044.jpg,3,"[{""xml_export"": ""narcoticsanonymouspretoria.WordPress.2026-08-16.xml"", ""source_id"": ""18"", ""title"": ""120044"", ""url"": ""https://na.org.za/pta/120044/"", ""post_type"": ""attachment"", ""relation"": ""text-reference""}, {""xml_export"": ""narcoticsanonymouspretoria.WordPress.2026-08-16.xml"", ""source_id"": ""4770"", ""title"": ""Downloads"", ""url"": ""https://na.org.za/pta/et_pb_layout/downloads/"", ""post_type"": ""et_pb_layout"", ""relation"": ""text-reference""}, {""xml_export"": ""narcoticsanonymouspretoria.WordPress.2026-08-16.xml"", ""source_id"": ""4790"", ""title"": ""Downloads"", ""url"": ""https://na.org.za/pta/downloads/"", ""post_type"": ""page"", ""relation"": ""text-reference""}]",/manus-storage/120044_3806b2b5.jpg,uploaded,linked,b5cd0535e771cc3c5391f80bfbfbacf776874c039cdbf2adee87127b62133185,4,4,4,3,"[""uploads/sites/2/2025/11/120044.jpg"", ""uploads/sites/3/2025/11/120044.jpg"", ""uploads/sites/4/2025/11/120044.jpg"", ""uploads/sites/5/2025/11/120044.jpg""]",yes,retained-canonical-source-attachment,Retained as a distinct canonical attachment because the same basename occurs in 4 source-relative records; the unique relative path prevents overwrite.,Identical binary occurs in multiple source-relative attachments; each source attachment remains separately traceable and is not overwritten.,3 additional linked archive-file variant(s) were recorded for this attachment; only the exact canonical attachment is in the controlled upload set.,none
19,2151930388,narcoticsanonymouspretoria.WordPress.2026-08-16.xml,https://www.gekkodev2.co.za/pta/wp-content/uploads/sites/4/2025/11/2151930388.jpg,uploads/2025/11/2151930388.jpg,narcoticsanonymouspretoria/2025/11/2151930388.jpg,/home/ubuntu/webdev-static-assets/na-south-africa-unique/narcoticsanonymouspretoria/2025/11/2151930388.jpg,3,"[{""xml_export"": ""narcoticsanonymoussouthafricaregion.WordPress.2026-08-16.xml"", ""source_id"": ""19"", ""title"": ""96081"", ""url"": ""https://na.org.za/96081/"", ""post_type"": ""attachment"", ""relation"": ""text-reference""}, {""xml_export"": ""narcoticsanonymoussouthafricaregion.WordPress.2026-08-16.xml"", ""source_id"": ""854"", ""title"": ""Home"", ""url"": ""https://na.org.za/blog/et_pb_layout/home/"", ""post_type"": ""et_pb_layout"", ""relation"": ""text-reference""}, {""xml_export"": ""narcoticsanonymoussouthafricaregion.WordPress.2026-08-16.xml"", ""source_id"": ""14"", ""title"": ""Home"", ""url"": ""https://na.org.za/"", ""post_type"": ""page"", ""relation"": ""text-reference""}]",/manus-storage/2151930388_e9e5e655.jpg,uploaded,linked,03c0c8e5eadcaecb8ced3e62dc4a49c00e09257e139aee7e680071fe21ecd076,5,5,5,4,"[""uploads/2025/11/2151930388.jpg"", ""uploads/sites/2/2025/11/2151930388.jpg"", ""uploads/sites/3/2025/11/2151930388.jpg"", ""uploads/sites/4/2025/11/2151930388.jpg"", ""uploads/sites/5/2025/11/2151930388.jpg""]",yes,retained-canonical-source-attachment,Retained as a distinct canonical attachment because the same basename occurs in 5 source-relative records; the unique relative path prevents overwrite.,Identical binary occurs in multiple source-relative attachments; each source attachment remains separately traceable and is not overwritten.,4 additional linked archive-file variant(s) were recorded for this attachment; only the exact canonical attachment is in the controlled upload set.,none
20,banner-wc-001-e1763484626801,narcoticsanonymouspretoria.WordPress.2026-08-16.xml,https://www.gekkodev2.co.za/pta/wp-content/uploads/sites/4/2025/11/banner-wc-001-e1763484626801.webp,uploads/sites/2/2025/11/banner-wc-001-e1763484626801.webp,narcoticsanonymouspretoria/sites/2/2025/11/banner-wc-001-e1763484626801.webp,/home/ubuntu/webdev-static-assets/na-south-africa-unique/narcoticsanonymouspretoria/sites/2/2025/11/banner-wc-001-e1763484626801.webp,3,"[{""xml_export"": ""narcoticsanonymoussouthafricaregion.WordPress.2026-08-16.xml"", ""source_id"": ""20"", ""title"": ""29376"", ""url"": ""https://na.org.za/29376/"", ""post_type"": ""attachment"", ""relation"": ""text-reference""}, {""xml_export"": ""narcoticsanonymoussouthafricaregion.WordPress.2026-08-16.xml"", ""source_id"": ""854"", ""title"": ""Home"", ""url"": ""https://na.org.za/blog/et_pb_layout/home/"", ""post_type"": ""et_pb_layout"", ""relation"": ""text-reference""}, {""xml_export"": ""narcoticsanonymoussouthafricaregion.WordPress.2026-08-16.xml"", ""source_id"": ""14"", ""title"": ""Home"", ""url"": ""https://na.org.za/"", ""post_type"": ""page"", ""relation"": ""text-reference""}]",/manus-storage/banner-wc-001-e1763484626801_ae23c08a.webp,uploaded,linked,f37beacb12dcc6e550c5e123cf980301c8b64f6c1415a50428518511259a74a0,3,3,4,3,"[""uploads/sites/2/2025/11/banner-wc-001-e1763484626801.webp"", ""uploads/sites/3/2025/11/banner-wc-001-e1763484626801.webp"", ""uploads/sites/4/2025/11/banner-wc-001-e1763484626801.webp"", ""uploads/sites/5/2025/11/banner-wc-001-e1763484626801.webp""]",yes,retained-canonical-source-attachment,Retained as a distinct canonical attachment because the same basename occurs in 3 source-relative records; the unique relative path prevents overwrite.,Identical binary occurs in multiple source-relative attachments; each source attachment remains separately traceable and is not overwritten.,3 additional linked archive-file variant(s) were recorded for this attachment; only the exact canonical attachment is in the controlled upload set.,none
21,29376,narcoticsanonymouspretoria.WordPress.2026-08-16.xml,https://www.gekkodev2.co.za/pta/wp-content/uploads/sites/4/2025/11/29376.jpg,uploads/2025/11/29376.jpg,narcoticsanonymouspretoria/2025/11/29376.jpg,/home/ubuntu/webdev-static-assets/na-south-africa-unique/narcoticsanonymouspretoria/2025/11/29376.jpg,3,"[{""xml_export"": ""narcoticsanonymouspretoria.WordPress.2026-08-16.xml"", ""source_id"": ""21"", ""title"": ""29376"", ""url"": ""https://na.org.za/pta/29376/"", ""post_type"": ""attachment"", ""relation"": ""text-reference""}, {""xml_export"": ""narcoticsanonymouspretoria.WordPress.2026-08-16.xml"", ""source_id"": ""4768"", ""title"": ""Home"", ""url"": ""https://na.org.za/pta/et_pb_layout/home/"", ""post_type"": ""et_pb_layout"", ""relation"": ""text-reference""}, {""xml_export"": ""narcoticsanonymouspretoria.WordPress.2026-08-16.xml"", ""source_id"": ""4783"", ""title"": ""Home"", ""url"": ""https://na.org.za/pta/"", ""post_type"": ""page"", ""relation"": ""text-reference""}]",/manus-storage/29376_7656e3ca.jpg,uploaded,linked,94d05aaab42c337ec696935fee116e713102d28392b8007192d33344a31945c8,5,5,5,4,"[""uploads/2025/11/29376.jpg"", ""uploads/sites/2/2025/11/29376.jpg"", ""uploads/sites/3/2025/11/29376.jpg"", ""uploads/sites/4/2025/11/29376.jpg"", ""uploads/sites/5/2025/11/29376.jpg""]",yes,retained-canonical-source-attachment,Retained as a distinct canonical attachment because the same basename occurs in 5 source-relative records; the unique relative path prevents overwrite.,Identical binary occurs in multiple source-relative attachments; each source attachment remains separately traceable and is not overwritten.,4 additional linked archive-file variant(s) were recorded for this attachment; only the exact canonical attachment is in the controlled upload set.,none
4797,home-banner,narcoticsanonymouspretoria.WordPress.2026-08-16.xml,https://www.gekkodev2.co.za/pta/wp-content/uploads/sites/4/2025/11/home-banner.jpg,uploads/sites/3/2025/11/home-banner.jpg,narcoticsanonymouspretoria/sites/3/2025/11/home-banner.jpg,/home/ubuntu/webdev-static-assets/na-south-africa-unique/narcoticsanonymouspretoria/sites/3/2025/11/home-banner.jpg,2,"[{""xml_export"": ""narcoticsanonymouspretoria.WordPress.2026-08-16.xml"", ""source_id"": ""4797"", ""title"": ""home-banner"", ""url"": ""https://na.org.za/pta/home-banner/"", ""post_type"": ""attachment"", ""relation"": ""text-reference""}, {""xml_export"": ""narcoticsanonymouspretoria.WordPress.2026-08-16.xml"", ""source_id"": ""4783"", ""title"": ""Home"", ""url"": ""https://na.org.za/pta/"", ""post_type"": ""page"", ""relation"": ""text-reference""}]",/manus-storage/home-banner_96cf1363.jpg,uploaded,linked,4ac8ba6e8c3ae057d2fb20a5d95b088aaadc67a55889176c4a3988265d5c48fb,3,3,3,2,"[""uploads/sites/3/2025/11/home-banner.jpg"", ""uploads/sites/4/2025/11/home-banner.jpg"", ""uploads/sites/5/2025/11/home-banner.jpg""]",yes,retained-canonical-source-attachment,Retained as a distinct canonical attachment because the same basename occurs in 3 source-relative records; the unique relative path prevents overwrite.,Identical binary occurs in multiple source-relative attachments; each source attachment remains separately traceable and is not overwritten.,2 additional linked archive-file variant(s) were recorded for this attachment; only the exact canonical attachment is in the controlled upload set.,none
4803,logo,narcoticsanonymouspretoria.WordPress.2026-08-16.xml,https://www.gekkodev2.co.za/pta/wp-content/uploads/sites/4/2025/11/logo.png,uploads/2025/11/logo.png,narcoticsanonymouspretoria/2025/11/logo.png,/home/ubuntu/webdev-static-assets/na-south-africa-unique/narcoticsanonymouspretoria/2025/11/logo.png,2,"[{""xml_export"": ""narcoticsanonymouspretoria.WordPress.2026-08-16.xml"", ""source_id"": ""4803"", ""title"": ""logo"", ""url"": ""https://na.org.za/pta/logo/"", ""post_type"": ""attachment"", ""relation"": ""text-reference""}, {""xml_export"": ""narcoticsanonymouspretoria.WordPress.2026-08-16.xml"", ""source_id"": ""4802"", ""title"": ""Theme Builder Layout"", ""url"": ""https://na.org.za/pta/et_footer_layout/theme-builder-layout/"", ""post_type"": ""et_footer_layout"", ""relation"": ""text-reference""}]",/manus-storage/logo_d1ab9a94.png,uploaded,linked,e060ea3b52588002a2fdde02bb5b1206d2c36febbfebddd484237f8faaf63ad0,5,5,5,4,"[""uploads/2025/11/logo.png"", ""uploads/sites/2/2025/11/logo.png"", ""uploads/sites/3/2025/11/logo.png"", ""uploads/sites/4/2025/11/logo.png"", ""uploads/sites/5/2025/11/logo.png""]",yes,retained-canonical-source-attachment,Retained as a distinct canonical attachment because the same basename occurs in 5 source-relative records; the unique relative path prevents overwrite.,Identical binary occurs in multiple source-relative attachments; each source attachment remains separately traceable and is not overwritten.,4 additional linked archive-file variant(s) were recorded for this attachment; only the exact canonical attachment is in the controlled upload set.,none
4915,19692,narcoticsanonymouspretoria.WordPress.2026-08-16.xml,https://www.gekkodev2.co.za/pta/wp-content/uploads/sites/4/2025/11/19692.jpg,uploads/2025/11/19692.jpg,narcoticsanonymouspretoria/2025/11/19692.jpg,/home/ubuntu/webdev-static-assets/na-south-africa-unique/narcoticsanonymouspretoria/2025/11/19692.jpg,2,"[{""xml_export"": ""narcoticsanonymouspretoria.WordPress.2026-08-16.xml"", ""source_id"": ""4915"", ""title"": ""19692"", ""url"": ""https://na.org.za/pta/19692/"", ""post_type"": ""attachment"", ""relation"": ""text-reference""}, {""xml_export"": ""narcoticsanonymouspretoria.WordPress.2026-08-16.xml"", ""source_id"": ""4794"", ""title"": ""For The Newcomer"", ""url"": ""https://na.org.za/pta/for-the-newcomer/"", ""post_type"": ""page"", ""relation"": ""text-reference""}]",/manus-storage/19692_7aad2af4.jpg,uploaded,linked,15cab201ba8a2f32ed17805f8e3d5a3a1261dd5b5a82231bc8537aa4603e52da,2,2,2,1,"[""uploads/2025/11/19692.jpg"", ""uploads/sites/4/2025/11/19692.jpg""]",yes,retained-canonical-source-attachment,Retained as a distinct canonical attachment because the same basename occurs in 2 source-relative records; the unique relative path prevents overwrite.,Identical binary occurs in multiple source-relative attachments; each source attachment remains separately traceable and is not overwritten.,1 additional linked archive-file variant(s) were recorded for this attachment; only the exact canonical attachment is in the controlled upload set.,none
4917,NA-Keytag-Welcome,narcoticsanonymouspretoria.WordPress.2026-08-16.xml,https://www.gekkodev2.co.za/pta/wp-content/uploads/sites/4/2025/11/NA-Keytag-Welcome.jpeg,uploads/sites/4/2025/11/NA-Keytag-Welcome.jpeg,narcoticsanonymouspretoria/sites/4/2025/11/NA-Keytag-Welcome.jpeg,/home/ubuntu/webdev-static-assets/na-south-africa-unique/narcoticsanonymouspretoria/sites/4/2025/11/NA-Keytag-Welcome.jpeg,2,"[{""xml_export"": ""narcoticsanonymouspretoria.WordPress.2026-08-16.xml"", ""source_id"": ""4917"", ""title"": ""NA-Keytag-Welcome"", ""url"": ""https://na.org.za/pta/na-keytag-welcome/"", ""post_type"": ""attachment"", ""relation"": ""text-reference""}, {""xml_export"": ""narcoticsanonymouspretoria.WordPress.2026-08-16.xml"", ""source_id"": ""4794"", ""title"": ""For The Newcomer"", ""url"": ""https://na.org.za/pta/for-the-newcomer/"", ""post_type"": ""page"", ""relation"": ""text-reference""}]",/manus-storage/NA-Keytag-Welcome_06b3e71b.jpeg,uploaded,linked,052d96950287cf1157509c6212a2f947265978f6a2bdb06d4f66790a16a9a93b,1,1,1,0,"[""uploads/sites/4/2025/11/NA-Keytag-Welcome.jpeg""]",yes,retained-canonical-source-attachment,No basename collision; retained as the canonical approved source attachment at its unique relative path.,No identical-binary duplicate detected within the canonical attachment set.,No additional linked archive-file variants were recorded for this attachment.,none
5033,WhatsApp Image 2026-02-23 at 14.43.50,narcoticsanonymouspretoria.WordPress.2026-08-16.xml,https://na.org.za/pta/wp-content/uploads/sites/4/2026/02/WhatsApp-Image-2026-02-23-at-14.43.50.jpeg,uploads/sites/4/2026/02/WhatsApp-Image-2026-02-23-at-14.43.50.jpeg,narcoticsanonymouspretoria/sites/4/2026/02/WhatsApp-Image-2026-02-23-at-14.43.50.jpeg,/home/ubuntu/webdev-static-assets/na-south-africa-unique/narcoticsanonymouspretoria/sites/4/2026/02/WhatsApp-Image-2026-02-23-at-14.43.50.jpeg,2,"[{""xml_export"": ""narcoticsanonymouspretoria.WordPress.2026-08-16.xml"", ""source_id"": ""5033"", ""title"": ""WhatsApp Image 2026-02-23 at 14.43.50"", ""url"": ""https://na.org.za/pta/event/padel-tournament/whatsapp-image-2026-02-23-at-14-43-50/"", ""post_type"": ""attachment"", ""relation"": ""text-reference""}, {""xml_export"": ""narcoticsanonymouspretoria.WordPress.2026-08-16.xml"", ""source_id"": ""5027"", ""title"": ""Padel tournament"", ""url"": ""https://na.org.za/pta/event/padel-tournament/"", ""post_type"": ""tribe_events"", ""relation"": ""text-reference""}]",/manus-storage/WhatsApp-Image-2026-02-23-at-14.43.50_1eb26ba3.jpeg,uploaded,linked,5131b1fce6347ed8ed51a2c3fcb3657b7b4279d7b88e7fa3688a7ed8e29c8801,1,1,1,0,"[""uploads/sites/4/2026/02/WhatsApp-Image-2026-02-23-at-14.43.50.jpeg""]",yes,retained-canonical-source-attachment,No basename collision; retained as the canonical approved source attachment at its unique relative path.,No identical-binary duplicate detected within the canonical attachment set.,No additional linked archive-file variants were recorded for this attachment.,none
19,96081,narcoticsanonymoussouthafricaregion.WordPress.2026-08-16.xml,https://www.gekkodev2.co.za/wp-content/uploads/2025/11/96081.jpg,uploads/2025/11/96081.jpg,narcoticsanonymoussouthafricaregion/2025/11/96081.jpg,/home/ubuntu/webdev-static-assets/na-south-africa-unique/narcoticsanonymoussouthafricaregion/2025/11/96081.jpg,3,"[{""xml_export"": ""narcoticsanonymoussouthafricaregion.WordPress.2026-08-16.xml"", ""source_id"": ""19"", ""title"": ""96081"", ""url"": ""https://na.org.za/96081/"", ""post_type"": ""attachment"", ""relation"": ""text-reference""}, {""xml_export"": ""narcoticsanonymoussouthafricaregion.WordPress.2026-08-16.xml"", ""source_id"": ""854"", ""title"": ""Home"", ""url"": ""https://na.org.za/blog/et_pb_layout/home/"", ""post_type"": ""et_pb_layout"", ""relation"": ""text-reference""}, {""xml_export"": ""narcoticsanonymoussouthafricaregion.WordPress.2026-08-16.xml"", ""source_id"": ""14"", ""title"": ""Home"", ""url"": ""https://na.org.za/"", ""post_type"": ""page"", ""relation"": ""text-reference""}]",/manus-storage/96081_a8492e37.jpg,uploaded,linked,88b785f4ee2c0faafed0bf35de18a2b146e032550f9c373209ed26200a9ca50a,3,3,3,2,"[""uploads/2025/11/96081.jpg"", ""uploads/sites/2/2025/11/96081.jpg"", ""uploads/sites/5/2025/11/96081.jpg""]",yes,retained-canonical-source-attachment,Retained as a distinct canonical attachment because the same basename occurs in 3 source-relative records; the unique relative path prevents overwrite.,Identical binary occurs in multiple source-relative attachments; each source attachment remains separately traceable and is not overwritten.,2 additional linked archive-file variant(s) were recorded for this attachment; only the exact canonical attachment is in the controlled upload set.,none
20,29376,narcoticsanonymoussouthafricaregion.WordPress.2026-08-16.xml,https://www.gekkodev2.co.za/wp-content/uploads/2025/11/29376.jpg,uploads/2025/11/29376.jpg,narcoticsanonymoussouthafricaregion/2025/11/29376.jpg,/home/ubuntu/webdev-static-assets/na-south-africa-unique/narcoticsanonymoussouthafricaregion/2025/11/29376.jpg,3,"[{""xml_export"": ""narcoticsanonymoussouthafricaregion.WordPress.2026-08-16.xml"", ""source_id"": ""20"", ""title"": ""29376"", ""url"": ""https://na.org.za/29376/"", ""post_type"": ""attachment"", ""relation"": ""text-reference""}, {""xml_export"": ""narcoticsanonymoussouthafricaregion.WordPress.2026-08-16.xml"", ""source_id"": ""854"", ""title"": ""Home"", ""url"": ""https://na.org.za/blog/et_pb_layout/home/"", ""post_type"": ""et_pb_layout"", ""relation"": ""text-reference""}, {""xml_export"": ""narcoticsanonymoussouthafricaregion.WordPress.2026-08-16.xml"", ""source_id"": ""14"", ""title"": ""Home"", ""url"": ""https://na.org.za/"", ""post_type"": ""page"", ""relation"": ""text-reference""}]",/manus-storage/29376_d85fb462.jpg,uploaded,linked,94d05aaab42c337ec696935fee116e713102d28392b8007192d33344a31945c8,5,5,5,4,"[""uploads/2025/11/29376.jpg"", ""uploads/sites/2/2025/11/29376.jpg"", ""uploads/sites/3/2025/11/29376.jpg"", ""uploads/sites/4/2025/11/29376.jpg"", ""uploads/sites/5/2025/11/29376.jpg""]",yes,retained-canonical-source-attachment,Retained as a distinct canonical attachment because the same basename occurs in 5 source-relative records; the unique relative path prevents overwrite.,Identical binary occurs in multiple source-relative attachments; each source attachment remains separately traceable and is not overwritten.,4 additional linked archive-file variant(s) were recorded for this attachment; only the exact canonical attachment is in the controlled upload set.,none
24,logo,narcoticsanonymoussouthafricaregion.WordPress.2026-08-16.xml,https://www.gekkodev2.co.za/wp-content/uploads/2025/11/logo.png,uploads/2025/11/logo.png,narcoticsanonymoussouthafricaregion/2025/11/logo.png,/home/ubuntu/webdev-static-assets/na-south-africa-unique/narcoticsanonymoussouthafricaregion/2025/11/logo.png,2,"[{""xml_export"": ""narcoticsanonymoussouthafricaregion.WordPress.2026-08-16.xml"", ""source_id"": ""24"", ""title"": ""logo"", ""url"": ""https://na.org.za/logo/"", ""post_type"": ""attachment"", ""relation"": ""text-reference""}, {""xml_export"": ""narcoticsanonymoussouthafricaregion.WordPress.2026-08-16.xml"", ""source_id"": ""23"", ""title"": ""Theme Builder Layout"", ""url"": ""https://na.org.za/blog/et_footer_layout/theme-builder-layout/"", ""post_type"": ""et_footer_layout"", ""relation"": ""text-reference""}]",/manus-storage/logo_81ca2a04.png,uploaded,linked,e060ea3b52588002a2fdde02bb5b1206d2c36febbfebddd484237f8faaf63ad0,5,5,5,4,"[""uploads/2025/11/logo.png"", ""uploads/sites/2/2025/11/logo.png"", ""uploads/sites/3/2025/11/logo.png"", ""uploads/sites/4/2025/11/logo.png"", ""uploads/sites/5/2025/11/logo.png""]",yes,retained-canonical-source-attachment,Retained as a distinct canonical attachment because the same basename occurs in 5 source-relative records; the unique relative path prevents overwrite.,Identical binary occurs in multiple source-relative attachments; each source attachment remains separately traceable and is not overwritten.,4 additional linked archive-file variant(s) were recorded for this attachment; only the exact canonical attachment is in the controlled upload set.,none
28,na-site-logo,narcoticsanonymoussouthafricaregion.WordPress.2026-08-16.xml,https://www.gekkodev2.co.za/wp-content/uploads/2025/11/na-site-logo.webp,uploads/2025/11/na-site-logo.webp,narcoticsanonymoussouthafricaregion/2025/11/na-site-logo.webp,/home/ubuntu/webdev-static-assets/na-south-africa-unique/narcoticsanonymoussouthafricaregion/2025/11/na-site-logo.webp,1,"[{""xml_export"": ""narcoticsanonymoussouthafricaregion.WordPress.2026-08-16.xml"", ""source_id"": ""28"", ""title"": ""na-site-logo"", ""url"": ""https://na.org.za/na-site-logo/"", ""post_type"": ""attachment"", ""relation"": ""text-reference""}]",/manus-storage/na-site-logo_e4fb5f32.webp,uploaded,linked,00e142b72d27bffb65d555b83a7c1e5b5d6bb512c62cf7cb58c82125d8caf080,1,1,1,0,"[""uploads/2025/11/na-site-logo.webp""]",yes,retained-canonical-source-attachment,No basename collision; retained as the canonical approved source attachment at its unique relative path.,No identical-binary duplicate detected within the canonical attachment set.,No additional linked archive-file variants were recorded for this attachment.,none
743,women-s-day-celebration-with-flower,narcoticsanonymoussouthafricaregion.WordPress.2026-08-16.xml,https://www.gekkodev2.co.za/wp-content/uploads/2025/11/women-s-day-celebration-with-flower.jpg,uploads/2025/11/women-s-day-celebration-with-flower.jpg,narcoticsanonymoussouthafricaregion/2025/11/women-s-day-celebration-with-flower.jpg,/home/ubuntu/webdev-static-assets/na-south-africa-unique/narcoticsanonymoussouthafricaregion/2025/11/women-s-day-celebration-with-flower.jpg,1,"[{""xml_export"": ""narcoticsanonymoussouthafricaregion.WordPress.2026-08-16.xml"", ""source_id"": ""743"", ""title"": ""women-s-day-celebration-with-flower"", ""url"": ""https://na.org.za/women-s-day-celebration-with-flower/"", ""post_type"": ""attachment"", ""relation"": ""text-reference""}]",/manus-storage/women-s-day-celebration-with-flower_56330093.jpg,uploaded,linked,90bebfdfd25d985352e349e86c2bec9fa7fa9e9d336699c99d41f46ca4d15cd6,1,1,1,0,"[""uploads/2025/11/women-s-day-celebration-with-flower.jpg""]",yes,retained-canonical-source-attachment,No basename collision; retained as the canonical approved source attachment at its unique relative path.,No identical-binary duplicate detected within the canonical attachment set.,No additional linked archive-file variants were recorded for this attachment.,none
763,2151930384,narcoticsanonymoussouthafricaregion.WordPress.2026-08-16.xml,https://www.gekkodev2.co.za/wp-content/uploads/2025/11/2151930384.jpg,uploads/2025/11/2151930384.jpg,narcoticsanonymoussouthafricaregion/2025/11/2151930384.jpg,/home/ubuntu/webdev-static-assets/na-south-africa-unique/narcoticsanonymoussouthafricaregion/2025/11/2151930384.jpg,3,"[{""xml_export"": ""narcoticsanonymoussouthafricaregion.WordPress.2026-08-16.xml"", ""source_id"": ""763"", ""title"": ""2151930384"", ""url"": ""https://na.org.za/2151930384/"", ""post_type"": ""attachment"", ""relation"": ""text-reference""}, {""xml_export"": ""narcoticsanonymoussouthafricaregion.WordPress.2026-08-16.xml"", ""source_id"": ""856"", ""title"": ""Online Meetings"", ""url"": ""https://na.org.za/blog/et_pb_layout/online-meetings/"", ""post_type"": ""et_pb_layout"", ""relation"": ""text-reference""}, {""xml_export"": ""narcoticsanonymoussouthafricaregion.WordPress.2026-08-16.xml"", ""source_id"": ""760"", ""title"": ""Online Meetings"", ""url"": ""https://na.org.za/online-meetings/"", ""post_type"": ""page"", ""relation"": ""text-reference""}]",/manus-storage/2151930384_fce7bc73.jpg,uploaded,linked,0ea188deadec4850d2b3e5662e89c6c1e976ae47b58e98bf44f24215d11c6d49,2,2,2,1,"[""uploads/2025/11/2151930384.jpg"", ""uploads/sites/2/2025/11/2151930384.jpg""]",yes,retained-canonical-source-attachment,Retained as a distinct canonical attachment because the same basename occurs in 2 source-relative records; the unique relative path prevents overwrite.,Identical binary occurs in multiple source-relative attachments; each source attachment remains separately traceable and is not overwritten.,1 additional linked archive-file variant(s) were recorded for this attachment; only the exact canonical attachment is in the controlled upload set.,none
769,2151930388,narcoticsanonymoussouthafricaregion.WordPress.2026-08-16.xml,https://www.gekkodev2.co.za/wp-content/uploads/2025/11/2151930388.jpg,uploads/2025/11/2151930388.jpg,narcoticsanonymoussouthafricaregion/2025/11/2151930388.jpg,/home/ubuntu/webdev-static-assets/na-south-africa-unique/narcoticsanonymoussouthafricaregion/2025/11/2151930388.jpg,3,"[{""xml_export"": ""narcoticsanonymoussouthafricaregion.WordPress.2026-08-16.xml"", ""source_id"": ""769"", ""title"": ""2151930388"", ""url"": ""https://na.org.za/2151930388/"", ""post_type"": ""attachment"", ""relation"": ""text-reference""}, {""xml_export"": ""narcoticsanonymoussouthafricaregion.WordPress.2026-08-16.xml"", ""source_id"": ""855"", ""title"": ""In Person Meetings"", ""url"": ""https://na.org.za/blog/et_pb_layout/in-person-meetings/"", ""post_type"": ""et_pb_layout"", ""relation"": ""text-reference""}, {""xml_export"": ""narcoticsanonymoussouthafricaregion.WordPress.2026-08-16.xml"", ""source_id"": ""767"", ""title"": ""In-Person Meetings"", ""url"": ""https://na.org.za/in-person-meetings/"", ""post_type"": ""page"", ""relation"": ""text-reference""}]",/manus-storage/2151930388_3639c3db.jpg,uploaded,linked,03c0c8e5eadcaecb8ced3e62dc4a49c00e09257e139aee7e680071fe21ecd076,5,5,5,4,"[""uploads/2025/11/2151930388.jpg"", ""uploads/sites/2/2025/11/2151930388.jpg"", ""uploads/sites/3/2025/11/2151930388.jpg"", ""uploads/sites/4/2025/11/2151930388.jpg"", ""uploads/sites/5/2025/11/2151930388.jpg""]",yes,retained-canonical-source-attachment,Retained as a distinct canonical attachment because the same basename occurs in 5 source-relative records; the unique relative path prevents overwrite.,Identical binary occurs in multiple source-relative attachments; each source attachment remains separately traceable and is not overwritten.,4 additional linked archive-file variant(s) were recorded for this attachment; only the exact canonical attachment is in the controlled upload set.,none
774,helping-each-other,narcoticsanonymoussouthafricaregion.WordPress.2026-08-16.xml,https://www.gekkodev2.co.za/wp-content/uploads/2025/11/helping-each-other.jpg,uploads/2025/11/helping-each-other.jpg,narcoticsanonymoussouthafricaregion/2025/11/helping-each-other.jpg,/home/ubuntu/webdev-static-assets/na-south-africa-unique/narcoticsanonymoussouthafricaregion/2025/11/helping-each-other.jpg,1,"[{""xml_export"": ""narcoticsanonymoussouthafricaregion.WordPress.2026-08-16.xml"", ""source_id"": ""774"", ""title"": ""helping-each-other"", ""url"": ""https://na.org.za/helping-each-other/"", ""post_type"": ""attachment"", ""relation"": ""text-reference""}]",/manus-storage/helping-each-other_f394a792.jpg,uploaded,linked,aafab0be03d894dc888e0706cb08644941365c984f576212bf5d455424cf28c6,1,1,1,0,"[""uploads/2025/11/helping-each-other.jpg""]",yes,retained-canonical-source-attachment,No basename collision; retained as the canonical approved source attachment at its unique relative path.,No identical-binary duplicate detected within the canonical attachment set.,No additional linked archive-file variants were recorded for this attachment.,none
787,2148398371,narcoticsanonymoussouthafricaregion.WordPress.2026-08-16.xml,https://www.gekkodev2.co.za/wp-content/uploads/2025/11/2148398371.jpg,uploads/2025/11/2148398371.jpg,narcoticsanonymoussouthafricaregion/2025/11/2148398371.jpg,/home/ubuntu/webdev-static-assets/na-south-africa-unique/narcoticsanonymoussouthafricaregion/2025/11/2148398371.jpg,1,"[{""xml_export"": ""narcoticsanonymoussouthafricaregion.WordPress.2026-08-16.xml"", ""source_id"": ""787"", ""title"": ""2148398371"", ""url"": ""https://na.org.za/2148398371/"", ""post_type"": ""attachment"", ""relation"": ""text-reference""}]",/manus-storage/2148398371_39f09299.jpg,uploaded,linked,4bd7d13b8f24e54b08d762160b52963421b0259534013902538c74b26b2a17d9,1,1,1,0,"[""uploads/2025/11/2148398371.jpg""]",yes,retained-canonical-source-attachment,No basename collision; retained as the canonical approved source attachment at its unique relative path.,No identical-binary duplicate detected within the canonical attachment set.,No additional linked archive-file variants were recorded for this attachment.,none
791,143021,narcoticsanonymoussouthafricaregion.WordPress.2026-08-16.xml,https://www.gekkodev2.co.za/wp-content/uploads/2025/11/143021.jpg,uploads/2025/11/143021.jpg,narcoticsanonymoussouthafricaregion/2025/11/143021.jpg,/home/ubuntu/webdev-static-assets/na-south-africa-unique/narcoticsanonymoussouthafricaregion/2025/11/143021.jpg,1,"[{""xml_export"": ""narcoticsanonymoussouthafricaregion.WordPress.2026-08-16.xml"", ""source_id"": ""791"", ""title"": ""143021"", ""url"": ""https://na.org.za/143021/"", ""post_type"": ""attachment"", ""relation"": ""text-reference""}]",/manus-storage/143021_2a669bb2.jpg,uploaded,linked,edddf085d1c9354ba75d3a8e2fb7d7d3f4eedb93d982794b6220dbc4f8415fed,1,1,1,0,"[""uploads/2025/11/143021.jpg""]",yes,retained-canonical-source-attachment,No basename collision; retained as the canonical approved source attachment at its unique relative path.,No identical-binary duplicate detected within the canonical attachment set.,No additional linked archive-file variants were recorded for this attachment.,none
810,2147770870,narcoticsanonymoussouthafricaregion.WordPress.2026-08-16.xml,https://www.gekkodev2.co.za/wp-content/uploads/2025/11/2147770870.jpg,uploads/2025/11/2147770870.jpg,narcoticsanonymoussouthafricaregion/2025/11/2147770870.jpg,/home/ubuntu/webdev-static-assets/na-south-africa-unique/narcoticsanonymoussouthafricaregion/2025/11/2147770870.jpg,1,"[{""xml_export"": ""narcoticsanonymoussouthafricaregion.WordPress.2026-08-16.xml"", ""source_id"": ""810"", ""title"": ""2147770870"", ""url"": ""https://na.org.za/2147770870/"", ""post_type"": ""attachment"", ""relation"": ""text-reference""}]",/manus-storage/2147770870_e014be3b.jpg,uploaded,linked,90bab073110150da5e93a121736b10c8bc47ffed34563e99e5c715afeb471805,1,1,1,0,"[""uploads/2025/11/2147770870.jpg""]",yes,retained-canonical-source-attachment,No basename collision; retained as the canonical approved source attachment at its unique relative path.,No identical-binary duplicate detected within the canonical attachment set.,No additional linked archive-file variants were recorded for this attachment.,none
820,2148938724,narcoticsanonymoussouthafricaregion.WordPress.2026-08-16.xml,https://www.gekkodev2.co.za/wp-content/uploads/2025/11/2148938724.jpg,uploads/2025/11/2148938724.jpg,narcoticsanonymoussouthafricaregion/2025/11/2148938724.jpg,/home/ubuntu/webdev-static-assets/na-south-africa-unique/narcoticsanonymoussouthafricaregion/2025/11/2148938724.jpg,1,"[{""xml_export"": ""narcoticsanonymoussouthafricaregion.WordPress.2026-08-16.xml"", ""source_id"": ""820"", ""title"": ""2148938724"", ""url"": ""https://na.org.za/2148938724/"", ""post_type"": ""attachment"", ""relation"": ""text-reference""}]",/manus-storage/2148938724_eddeef2f.jpg,uploaded,linked,d60cb58596bb7813784e603954ff3eb52cd4fadf4933da7e7a663e1f42c51098,1,1,1,0,"[""uploads/2025/11/2148938724.jpg""]",yes,retained-canonical-source-attachment,No basename collision; retained as the canonical approved source attachment at its unique relative path.,No identical-binary duplicate detected within the canonical attachment set.,No additional linked archive-file variants were recorded for this attachment.,none
826,2148101442,narcoticsanonymoussouthafricaregion.WordPress.2026-08-16.xml,https://www.gekkodev2.co.za/wp-content/uploads/2025/11/2148101442.jpg,uploads/2025/11/2148101442.jpg,narcoticsanonymoussouthafricaregion/2025/11/2148101442.jpg,/home/ubuntu/webdev-static-assets/na-south-africa-unique/narcoticsanonymoussouthafricaregion/2025/11/2148101442.jpg,1,"[{""xml_export"": ""narcoticsanonymoussouthafricaregion.WordPress.2026-08-16.xml"", ""source_id"": ""826"", ""title"": ""2148101442"", ""url"": ""https://na.org.za/2148101442/"", ""post_type"": ""attachment"", ""relation"": ""text-reference""}]",/manus-storage/2148101442_0a08705c.jpg,uploaded,linked,d5d85425f9e859a2e5790d9aefd7accec9896b66a9730a92f759543f8d8eeb58,1,3,1,0,"[""uploads/2025/11/2148101442.jpg""]",yes,retained-canonical-source-attachment,No basename collision; retained as the canonical approved source attachment at its unique relative path.,Identical binary occurs in multiple source-relative attachments; each source attachment remains separately traceable and is not overwritten.,No additional linked archive-file variants were recorded for this attachment.,none
829,2148101442,narcoticsanonymoussouthafricaregion.WordPress.2026-08-16.xml,https://www.gekkodev2.co.za/wp-content/uploads/2025/11/2148101442-1.jpg,uploads/2025/11/2148101442-1.jpg,narcoticsanonymoussouthafricaregion/2025/11/2148101442-1.jpg,/home/ubuntu/webdev-static-assets/na-south-africa-unique/narcoticsanonymoussouthafricaregion/2025/11/2148101442-1.jpg,2,"[{""xml_export"": ""narcoticsanonymoussouthafricaregion.WordPress.2026-08-16.xml"", ""source_id"": ""826"", ""title"": ""2148101442"", ""url"": ""https://na.org.za/2148101442/"", ""post_type"": ""attachment"", ""relation"": ""text-reference""}, {""xml_export"": ""narcoticsanonymoussouthafricaregion.WordPress.2026-08-16.xml"", ""source_id"": ""829"", ""title"": ""2148101442"", ""url"": ""https://na.org.za/2148101442-2/"", ""post_type"": ""attachment"", ""relation"": ""text-reference""}]",/manus-storage/2148101442-1_31d37de4.jpg,uploaded,linked,d5d85425f9e859a2e5790d9aefd7accec9896b66a9730a92f759543f8d8eeb58,1,3,1,0,"[""uploads/2025/11/2148101442-1.jpg""]",yes,retained-canonical-source-attachment,No basename collision; retained as the canonical approved source attachment at its unique relative path.,Identical binary occurs in multiple source-relative attachments; each source attachment remains separately traceable and is not overwritten.,No additional linked archive-file variants were recorded for this attachment.,none
831,2148101442,narcoticsanonymoussouthafricaregion.WordPress.2026-08-16.xml,https://www.gekkodev2.co.za/wp-content/uploads/2025/11/2148101442-2.jpg,uploads/2025/11/2148101442-2.jpg,narcoticsanonymoussouthafricaregion/2025/11/2148101442-2.jpg,/home/ubuntu/webdev-static-assets/na-south-africa-unique/narcoticsanonymoussouthafricaregion/2025/11/2148101442-2.jpg,2,"[{""xml_export"": ""narcoticsanonymoussouthafricaregion.WordPress.2026-08-16.xml"", ""source_id"": ""826"", ""title"": ""2148101442"", ""url"": ""https://na.org.za/2148101442/"", ""post_type"": ""attachment"", ""relation"": ""text-reference""}, {""xml_export"": ""narcoticsanonymoussouthafricaregion.WordPress.2026-08-16.xml"", ""source_id"": ""831"", ""title"": ""2148101442"", ""url"": ""https://na.org.za/2148101442-3/"", ""post_type"": ""attachment"", ""relation"": ""text-reference""}]",/manus-storage/2148101442-2_48241d3d.jpg,uploaded,linked,d5d85425f9e859a2e5790d9aefd7accec9896b66a9730a92f759543f8d8eeb58,1,3,1,0,"[""uploads/2025/11/2148101442-2.jpg""]",yes,retained-canonical-source-attachment,No basename collision; retained as the canonical approved source attachment at its unique relative path.,Identical binary occurs in multiple source-relative attachments; each source attachment remains separately traceable and is not overwritten.,No additional linked archive-file variants were recorded for this attachment.,none
833,19692,narcoticsanonymoussouthafricaregion.WordPress.2026-08-16.xml,https://www.gekkodev2.co.za/wp-content/uploads/2025/11/19692.jpg,uploads/2025/11/19692.jpg,narcoticsanonymoussouthafricaregion/2025/11/19692.jpg,/home/ubuntu/webdev-static-assets/na-south-africa-unique/narcoticsanonymoussouthafricaregion/2025/11/19692.jpg,1,"[{""xml_export"": ""narcoticsanonymoussouthafricaregion.WordPress.2026-08-16.xml"", ""source_id"": ""833"", ""title"": ""19692"", ""url"": ""https://na.org.za/19692/"", ""post_type"": ""attachment"", ""relation"": ""text-reference""}]",/manus-storage/19692_917f25a6.jpg,uploaded,linked,15cab201ba8a2f32ed17805f8e3d5a3a1261dd5b5a82231bc8537aa4603e52da,2,2,2,1,"[""uploads/2025/11/19692.jpg"", ""uploads/sites/4/2025/11/19692.jpg""]",yes,retained-canonical-source-attachment,Retained as a distinct canonical attachment because the same basename occurs in 2 source-relative records; the unique relative path prevents overwrite.,Identical binary occurs in multiple source-relative attachments; each source attachment remains separately traceable and is not overwritten.,1 additional linked archive-file variant(s) were recorded for this attachment; only the exact canonical attachment is in the controlled upload set.,none
851,favicon,narcoticsanonymoussouthafricaregion.WordPress.2026-08-16.xml,https://www.gekkodev2.co.za/wp-content/uploads/2025/11/favicon.png,uploads/2025/11/favicon.png,narcoticsanonymoussouthafricaregion/2025/11/favicon.png,/home/ubuntu/webdev-static-assets/na-south-africa-unique/narcoticsanonymoussouthafricaregion/2025/11/favicon.png,2,"[{""xml_export"": ""narcoticsanonymoussouthafricaregion.WordPress.2026-08-16.xml"", ""source_id"": ""851"", ""title"": ""favicon"", ""url"": ""https://na.org.za/favicon/"", ""post_type"": ""attachment"", ""relation"": ""text-reference""}, {""xml_export"": ""narcoticsanonymoussouthafricaregion.WordPress.2026-08-16.xml"", ""source_id"": ""852"", ""title"": ""cropped-favicon.png"", ""url"": ""https://na.org.za/favicon/cropped-favicon-png/"", ""post_type"": ""attachment"", ""relation"": ""post-parent""}]",/manus-storage/favicon_215510fd.png,uploaded,linked,f5d430889ce2151b288dcbb7d01eef450ccfe87172684a86f09037000e015741,5,5,5,4,"[""uploads/2025/11/favicon.png"", ""uploads/sites/2/2025/11/favicon.png"", ""uploads/sites/3/2025/11/favicon.png"", ""uploads/sites/4/2025/11/favicon.png"", ""uploads/sites/5/2025/11/favicon.png""]",yes,retained-canonical-source-attachment,Retained as a distinct canonical attachment because the same basename occurs in 5 source-relative records; the unique relative path prevents overwrite.,Identical binary occurs in multiple source-relative attachments; each source attachment remains separately traceable and is not overwritten.,4 additional linked archive-file variant(s) were recorded for this attachment; only the exact canonical attachment is in the controlled upload set.,none
852,cropped-favicon.png,narcoticsanonymoussouthafricaregion.WordPress.2026-08-16.xml,https://www.gekkodev2.co.za/wp-content/uploads/2025/11/cropped-favicon.png,uploads/2025/11/cropped-favicon.png,narcoticsanonymoussouthafricaregion/2025/11/cropped-favicon.png,/home/ubuntu/webdev-static-assets/na-south-africa-unique/narcoticsanonymoussouthafricaregion/2025/11/cropped-favicon.png,1,"[{""xml_export"": ""narcoticsanonymoussouthafricaregion.WordPress.2026-08-16.xml"", ""source_id"": ""852"", ""title"": ""cropped-favicon.png"", ""url"": ""https://na.org.za/favicon/cropped-favicon-png/"", ""post_type"": ""attachment"", ""relation"": ""text-reference""}]",/manus-storage/cropped-favicon_de399e06.png,uploaded,linked,df210711106a3cdffb6cb3fd6530bda5429bc43139e96acf6f3e73b178d438dd,5,5,5,4,"[""uploads/2025/11/cropped-favicon.png"", ""uploads/sites/2/2025/11/cropped-favicon.png"", ""uploads/sites/3/2025/11/cropped-favicon.png"", ""uploads/sites/4/2025/11/cropped-favicon.png"", ""uploads/sites/5/2025/11/cropped-favicon.png""]",yes,retained-canonical-source-attachment,Retained as a distinct canonical attachment because the same basename occurs in 5 source-relative records; the unique relative path prevents overwrite.,Identical binary occurs in multiple source-relative attachments; each source attachment remains separately traceable and is not overwritten.,4 additional linked archive-file variant(s) were recorded for this attachment; only the exact canonical attachment is in the controlled upload set.,none
1454,woocommerce-placeholder,narcoticsanonymoussouthafricaregion.WordPress.2026-08-16.xml,https://www.gekkodev2.co.za/wp-content/uploads/2025/11/woocommerce-placeholder.webp,uploads/woocommerce-placeholder.webp,narcoticsanonymoussouthafricaregion/woocommerce-placeholder.webp,/home/ubuntu/webdev-static-assets/na-south-africa-unique/narcoticsanonymoussouthafricaregion/woocommerce-placeholder.webp,1,"[{""xml_export"": ""narcoticsanonymoussouthafricaregion.WordPress.2026-08-16.xml"", ""source_id"": ""1454"", ""title"": ""woocommerce-placeholder"", ""url"": ""https://na.org.za/woocommerce-placeholder/"", ""post_type"": ""attachment"", ""relation"": ""text-reference""}]",/manus-storage/woocommerce-placeholder_452ec6eb.webp,uploaded,linked,019e9beec61c9ee5b6009335c7846816452e1e3b420d2bb9e50327681dfade19,2,2,2,1,"[""uploads/sites/2/woocommerce-placeholder.webp"", ""uploads/woocommerce-placeholder.webp""]",yes,retained-canonical-source-attachment,Retained as a distinct canonical attachment because the same basename occurs in 2 source-relative records; the unique relative path prevents overwrite.,Identical binary occurs in multiple source-relative attachments; each source attachment remains separately traceable and is not overwritten.,1 additional linked archive-file variant(s) were recorded for this attachment; only the exact canonical attachment is in the controlled upload set.,none
127,2148938724-e1763294084270,narcoticsanonymouswesterncape.WordPress.2026-08-16.xml,https://www.gekkodev2.co.za/wc/wp-content/uploads/sites/2/2025/11/2148938724-e1763294084270.jpg,uploads/2025/11/2148938724-e1763294084270.jpg,narcoticsanonymouswesterncape/2025/11/2148938724-e1763294084270.jpg,/home/ubuntu/webdev-static-assets/na-south-africa-unique/narcoticsanonymouswesterncape/2025/11/2148938724-e1763294084270.jpg,2,"[{""xml_export"": ""narcoticsanonymouswesterncape.WordPress.2026-08-16.xml"", ""source_id"": ""127"", ""title"": ""2148938724-e1763294084270"", ""url"": ""https://na.org.za/wc/2148938724-e1763294084270/"", ""post_type"": ""attachment"", ""relation"": ""text-reference""}, {""xml_export"": ""narcoticsanonymouswesterncape.WordPress.2026-08-16.xml"", ""source_id"": ""874"", ""title"": ""How to start an NA meeting"", ""url"": ""https://na.org.za/wc/how-to-start-an-na-meeting/"", ""post_type"": ""page"", ""relation"": ""text-reference""}]",/manus-storage/2148938724-e1763294084270_232b93c2.jpg,uploaded,linked,485b7998d5aa2f9f66f5dd313ab85d7b7d9a3d2cbae583143943150c54a0a239,1,1,2,1,"[""uploads/2025/11/2148938724-e1763294084270.jpg"", ""uploads/sites/2/2025/11/2148938724-e1763294084270.jpg""]",yes,retained-canonical-source-attachment,No basename collision; retained as the canonical approved source attachment at its unique relative path.,No identical-binary duplicate detected within the canonical attachment set.,1 additional linked archive-file variant(s) were recorded for this attachment; only the exact canonical attachment is in the controlled upload set.,none
128,2147770870-e1763292893626,narcoticsanonymouswesterncape.WordPress.2026-08-16.xml,https://www.gekkodev2.co.za/wc/wp-content/uploads/sites/2/2025/11/2147770870-e1763292893626.jpg,uploads/2025/11/2147770870-e1763292893626.jpg,narcoticsanonymouswesterncape/2025/11/2147770870-e1763292893626.jpg,/home/ubuntu/webdev-static-assets/na-south-africa-unique/narcoticsanonymouswesterncape/2025/11/2147770870-e1763292893626.jpg,3,"[{""xml_export"": ""narcoticsanonymouswesterncape.WordPress.2026-08-16.xml"", ""source_id"": ""128"", ""title"": ""2147770870-e1763292893626"", ""url"": ""https://na.org.za/wc/2147770870-e1763292893626/"", ""post_type"": ""attachment"", ""relation"": ""text-reference""}, {""xml_export"": ""narcoticsanonymouswesterncape.WordPress.2026-08-16.xml"", ""source_id"": ""4771"", ""title"": ""Literature"", ""url"": ""https://na.org.za/wc/et_pb_layout/literature/"", ""post_type"": ""et_pb_layout"", ""relation"": ""text-reference""}, {""xml_export"": ""narcoticsanonymouswesterncape.WordPress.2026-08-16.xml"", ""source_id"": ""886"", ""title"": ""NA Literature"", ""url"": ""https://na.org.za/wc/na-literature/"", ""post_type"": ""page"", ""relation"": ""text-reference""}]",/manus-storage/2147770870-e1763292893626_f23efbc6.jpg,uploaded,linked,c71a509defbafd7a832e856784fa9e21aef61eea6b6ce8b540428269f7c12fb9,4,4,5,4,"[""uploads/2025/11/2147770870-e1763292893626.jpg"", ""uploads/sites/2/2025/11/2147770870-e1763292893626.jpg"", ""uploads/sites/3/2025/11/2147770870-e1763292893626.jpg"", ""uploads/sites/4/2025/11/2147770870-e1763292893626.jpg"", ""uploads/sites/5/2025/11/2147770870-e1763292893626.jpg""]",yes,retained-canonical-source-attachment,Retained as a distinct canonical attachment because the same basename occurs in 4 source-relative records; the unique relative path prevents overwrite.,Identical binary occurs in multiple source-relative attachments; each source attachment remains separately traceable and is not overwritten.,4 additional linked archive-file variant(s) were recorded for this attachment; only the exact canonical attachment is in the controlled upload set.,none
129,2148101442-1-e1763294562253,narcoticsanonymouswesterncape.WordPress.2026-08-16.xml,https://www.gekkodev2.co.za/wc/wp-content/uploads/sites/2/2025/11/2148101442-1-e1763294562253.jpg,uploads/2025/11/2148101442-1-e1763294562253.jpg,narcoticsanonymouswesterncape/2025/11/2148101442-1-e1763294562253.jpg,/home/ubuntu/webdev-static-assets/na-south-africa-unique/narcoticsanonymouswesterncape/2025/11/2148101442-1-e1763294562253.jpg,2,"[{""xml_export"": ""narcoticsanonymouswesterncape.WordPress.2026-08-16.xml"", ""source_id"": ""129"", ""title"": ""2148101442-1-e1763294562253"", ""url"": ""https://na.org.za/wc/2148101442-1-e1763294562253/"", ""post_type"": ""attachment"", ""relation"": ""text-reference""}, {""xml_export"": ""narcoticsanonymouswesterncape.WordPress.2026-08-16.xml"", ""source_id"": ""880"", ""title"": ""Information About NA"", ""url"": ""https://na.org.za/wc/information-about-na/"", ""post_type"": ""page"", ""relation"": ""text-reference""}]",/manus-storage/2148101442-1-e1763294562253_1e45ec86.jpg,uploaded,linked,a8b1bcc07bb9b81e1e2a3253a73c8f9cabb7bbc0b93ad3ecf68b4f3cae388d26,1,1,2,1,"[""uploads/2025/11/2148101442-1-e1763294562253.jpg"", ""uploads/sites/2/2025/11/2148101442-1-e1763294562253.jpg""]",yes,retained-canonical-source-attachment,No basename collision; retained as the canonical approved source attachment at its unique relative path.,No identical-binary duplicate detected within the canonical attachment set.,1 additional linked archive-file variant(s) were recorded for this attachment; only the exact canonical attachment is in the controlled upload set.,none
130,143021-e1763291423474,narcoticsanonymouswesterncape.WordPress.2026-08-16.xml,https://www.gekkodev2.co.za/wc/wp-content/uploads/sites/2/2025/11/143021-e1763291423474.jpg,uploads/2025/11/143021-e1763291423474.jpg,narcoticsanonymouswesterncape/2025/11/143021-e1763291423474.jpg,/home/ubuntu/webdev-static-assets/na-south-africa-unique/narcoticsanonymouswesterncape/2025/11/143021-e1763291423474.jpg,4,"[{""xml_export"": ""narcoticsanonymouswesterncape.WordPress.2026-08-16.xml"", ""source_id"": ""130"", ""title"": ""143021-e1763291423474"", ""url"": ""https://na.org.za/wc/143021-e1763291423474/"", ""post_type"": ""attachment"", ""relation"": ""text-reference""}, {""xml_export"": ""narcoticsanonymouswesterncape.WordPress.2026-08-16.xml"", ""source_id"": ""4775"", ""title"": ""Add/Change Meeting"", ""url"": ""https://na.org.za/wc/et_pb_layout/add-change-meeting/"", ""post_type"": ""et_pb_layout"", ""relation"": ""text-reference""}, {""xml_export"": ""narcoticsanonymouswesterncape.WordPress.2026-08-16.xml"", ""source_id"": ""892"", ""title"": ""What Happens at an NA Meeting?"", ""url"": ""https://na.org.za/wc/what-happens-at-an-na-meeting/"", ""post_type"": ""page"", ""relation"": ""text-reference""}, {""xml_export"": ""narcoticsanonymouswesterncape.WordPress.2026-08-16.xml"", ""source_id"": ""4652"", ""title"": ""In-Person Meeting Update"", ""url"": ""https://na.org.za/wc/in-person-meeting-update/"", ""post_type"": ""page"", ""relation"": ""text-reference""}]",/manus-storage/143021-e1763291423474_e3cf9412.jpg,uploaded,linked,4fd6ed2027a1377dbd710f4920dd886ba35b4ba8747c86a2f95682bb7a227253,4,4,5,4,"[""uploads/2025/11/143021-e1763291423474.jpg"", ""uploads/sites/2/2025/11/143021-e1763291423474.jpg"", ""uploads/sites/3/2025/11/143021-e1763291423474.jpg"", ""uploads/sites/4/2025/11/143021-e1763291423474.jpg"", ""uploads/sites/5/2025/11/143021-e1763291423474.jpg""]",yes,retained-canonical-source-attachment,Retained as a distinct canonical attachment because the same basename occurs in 4 source-relative records; the unique relative path prevents overwrite.,Identical binary occurs in multiple source-relative attachments; each source attachment remains separately traceable and is not overwritten.,4 additional linked archive-file variant(s) were recorded for this attachment; only the exact canonical attachment is in the controlled upload set.,none
131,helping-each-other-scaled-1,narcoticsanonymouswesterncape.WordPress.2026-08-16.xml,https://www.gekkodev2.co.za/wc/wp-content/uploads/sites/2/2025/11/helping-each-other-scaled-1.jpg,uploads/sites/2/2025/11/helping-each-other-scaled-1.jpg,narcoticsanonymouswesterncape/sites/2/2025/11/helping-each-other-scaled-1.jpg,/home/ubuntu/webdev-static-assets/na-south-africa-unique/narcoticsanonymouswesterncape/sites/2/2025/11/helping-each-other-scaled-1.jpg,4,"[{""xml_export"": ""narcoticsanonymouswesterncape.WordPress.2026-08-16.xml"", ""source_id"": ""131"", ""title"": ""helping-each-other-scaled-1"", ""url"": ""https://na.org.za/wc/helping-each-other-scaled-1/"", ""post_type"": ""attachment"", ""relation"": ""text-reference""}, {""xml_export"": ""narcoticsanonymouswesterncape.WordPress.2026-08-16.xml"", ""source_id"": ""4773"", ""title"": ""Contact Us"", ""url"": ""https://na.org.za/wc/et_pb_layout/contact-us/"", ""post_type"": ""et_pb_layout"", ""relation"": ""text-reference""}, {""xml_export"": ""narcoticsanonymouswesterncape.WordPress.2026-08-16.xml"", ""source_id"": ""868"", ""title"": ""Contact"", ""url"": ""https://na.org.za/wc/contact/"", ""post_type"": ""page"", ""relation"": ""text-reference""}, {""xml_export"": ""narcoticsanonymouswesterncape.WordPress.2026-08-16.xml"", ""source_id"": ""4673"", ""title"": ""Service"", ""url"": ""https://na.org.za/wc/service/"", ""post_type"": ""page"", ""relation"": ""text-reference""}]",/manus-storage/helping-each-other-scaled-1_4a71d4da.jpg,uploaded,linked,5698bda9900349a9e058bcd0c5ad0631f0e9d463020dda9c143ce400c5f970f7,4,4,4,3,"[""uploads/sites/2/2025/11/helping-each-other-scaled-1.jpg"", ""uploads/sites/3/2025/11/helping-each-other-scaled-1.jpg"", ""uploads/sites/4/2025/11/helping-each-other-scaled-1.jpg"", ""uploads/sites/5/2025/11/helping-each-other-scaled-1.jpg""]",yes,retained-canonical-source-attachment,Retained as a distinct canonical attachment because the same basename occurs in 4 source-relative records; the unique relative path prevents overwrite.,Identical binary occurs in multiple source-relative attachments; each source attachment remains separately traceable and is not overwritten.,3 additional linked archive-file variant(s) were recorded for this attachment; only the exact canonical attachment is in the controlled upload set.,none
132,19692-e1763294820786,narcoticsanonymouswesterncape.WordPress.2026-08-16.xml,https://www.gekkodev2.co.za/wc/wp-content/uploads/sites/2/2025/11/19692-e1763294820786.jpg,uploads/2025/11/19692-e1763294820786.jpg,narcoticsanonymouswesterncape/2025/11/19692-e1763294820786.jpg,/home/ubuntu/webdev-static-assets/na-south-africa-unique/narcoticsanonymouswesterncape/2025/11/19692-e1763294820786.jpg,4,"[{""xml_export"": ""narcoticsanonymouswesterncape.WordPress.2026-08-16.xml"", ""source_id"": ""132"", ""title"": ""19692-e1763294820786"", ""url"": ""https://na.org.za/wc/19692-e1763294820786/"", ""post_type"": ""attachment"", ""relation"": ""text-reference""}, {""xml_export"": ""narcoticsanonymouswesterncape.WordPress.2026-08-16.xml"", ""source_id"": ""864"", ""title"": ""About NA"", ""url"": ""https://na.org.za/wc/about-na/"", ""post_type"": ""page"", ""relation"": ""text-reference""}, {""xml_export"": ""narcoticsanonymouswesterncape.WordPress.2026-08-16.xml"", ""source_id"": ""4836"", ""title"": ""For The Professionals"", ""url"": ""https://na.org.za/wc/professionals/"", ""post_type"": ""page"", ""relation"": ""text-reference""}, {""xml_export"": ""narcoticsanonymouswesterncape.WordPress.2026-08-16.xml"", ""source_id"": ""4856"", ""title"": ""Who Are Our Members"", ""url"": ""https://na.org.za/wc/who-are-our-members/"", ""post_type"": ""page"", ""relation"": ""text-reference""}]",/manus-storage/19692-e1763294820786_a748f019.jpg,uploaded,linked,ea2fb6d6bdf6b62155e105d147acf895ee158b013e105923d672c97645c2dff0,1,1,2,1,"[""uploads/2025/11/19692-e1763294820786.jpg"", ""uploads/sites/2/2025/11/19692-e1763294820786.jpg""]",yes,retained-canonical-source-attachment,No basename collision; retained as the canonical approved source attachment at its unique relative path.,No identical-binary duplicate detected within the canonical attachment set.,1 additional linked archive-file variant(s) were recorded for this attachment; only the exact canonical attachment is in the controlled upload set.,none
133,2151930384,narcoticsanonymouswesterncape.WordPress.2026-08-16.xml,https://www.gekkodev2.co.za/wc/wp-content/uploads/sites/2/2025/11/2151930384.jpg,uploads/2025/11/2151930384.jpg,narcoticsanonymouswesterncape/2025/11/2151930384.jpg,/home/ubuntu/webdev-static-assets/na-south-africa-unique/narcoticsanonymouswesterncape/2025/11/2151930384.jpg,3,"[{""xml_export"": ""narcoticsanonymouswesterncape.WordPress.2026-08-16.xml"", ""source_id"": ""133"", ""title"": ""2151930384"", ""url"": ""https://na.org.za/wc/2151930384/"", ""post_type"": ""attachment"", ""relation"": ""text-reference""}, {""xml_export"": ""narcoticsanonymouswesterncape.WordPress.2026-08-16.xml"", ""source_id"": ""889"", ""title"": ""Online Meetings"", ""url"": ""https://na.org.za/wc/online-meetings/"", ""post_type"": ""page"", ""relation"": ""text-reference""}, {""xml_export"": ""narcoticsanonymouswesterncape.WordPress.2026-08-16.xml"", ""source_id"": ""4803"", ""title"": ""Welcome"", ""url"": ""https://na.org.za/wc/welcome/"", ""post_type"": ""page"", ""relation"": ""text-reference""}]",/manus-storage/2151930384_ae408dd8.jpg,uploaded,linked,0ea188deadec4850d2b3e5662e89c6c1e976ae47b58e98bf44f24215d11c6d49,2,2,2,1,"[""uploads/2025/11/2151930384.jpg"", ""uploads/sites/2/2025/11/2151930384.jpg""]",yes,retained-canonical-source-attachment,Retained as a distinct canonical attachment because the same basename occurs in 2 source-relative records; the unique relative path prevents overwrite.,Identical binary occurs in multiple source-relative attachments; each source attachment remains separately traceable and is not overwritten.,1 additional linked archive-file variant(s) were recorded for this attachment; only the exact canonical attachment is in the controlled upload set.,none
134,2151930388,narcoticsanonymouswesterncape.WordPress.2026-08-16.xml,https://www.gekkodev2.co.za/wc/wp-content/uploads/sites/2/2025/11/2151930388.jpg,uploads/2025/11/2151930388.jpg,narcoticsanonymouswesterncape/2025/11/2151930388.jpg,/home/ubuntu/webdev-static-assets/na-south-africa-unique/narcoticsanonymouswesterncape/2025/11/2151930388.jpg,4,"[{""xml_export"": ""narcoticsanonymouswesterncape.WordPress.2026-08-16.xml"", ""source_id"": ""134"", ""title"": ""2151930388"", ""url"": ""https://na.org.za/wc/2151930388/"", ""post_type"": ""attachment"", ""relation"": ""text-reference""}, {""xml_export"": ""narcoticsanonymouswesterncape.WordPress.2026-08-16.xml"", ""source_id"": ""4769"", ""title"": ""Meetings"", ""url"": ""https://na.org.za/wc/et_pb_layout/meetings/"", ""post_type"": ""et_pb_layout"", ""relation"": ""text-reference""}, {""xml_export"": ""narcoticsanonymouswesterncape.WordPress.2026-08-16.xml"", ""source_id"": ""877"", ""title"": ""In-Person Meetings"", ""url"": ""https://na.org.za/wc/in-person-meetings/"", ""post_type"": ""page"", ""relation"": ""text-reference""}, {""xml_export"": ""narcoticsanonymouswesterncape.WordPress.2026-08-16.xml"", ""source_id"": ""883"", ""title"": ""Meetings"", ""url"": ""https://na.org.za/wc/meetings/"", ""post_type"": ""page"", ""relation"": ""text-reference""}]",/manus-storage/2151930388_8157f912.jpg,uploaded,linked,03c0c8e5eadcaecb8ced3e62dc4a49c00e09257e139aee7e680071fe21ecd076,5,5,5,4,"[""uploads/2025/11/2151930388.jpg"", ""uploads/sites/2/2025/11/2151930388.jpg"", ""uploads/sites/3/2025/11/2151930388.jpg"", ""uploads/sites/4/2025/11/2151930388.jpg"", ""uploads/sites/5/2025/11/2151930388.jpg""]",yes,retained-canonical-source-attachment,Retained as a distinct canonical attachment because the same basename occurs in 5 source-relative records; the unique relative path prevents overwrite.,Identical binary occurs in multiple source-relative attachments; each source attachment remains separately traceable and is not overwritten.,4 additional linked archive-file variant(s) were recorded for this attachment; only the exact canonical attachment is in the controlled upload set.,none
135,96081,narcoticsanonymouswesterncape.WordPress.2026-08-16.xml,https://www.gekkodev2.co.za/wc/wp-content/uploads/sites/2/2025/11/96081.jpg,uploads/2025/11/96081.jpg,narcoticsanonymouswesterncape/2025/11/96081.jpg,/home/ubuntu/webdev-static-assets/na-south-africa-unique/narcoticsanonymouswesterncape/2025/11/96081.jpg,1,"[{""xml_export"": ""narcoticsanonymouswesterncape.WordPress.2026-08-16.xml"", ""source_id"": ""135"", ""title"": ""96081"", ""url"": ""https://na.org.za/wc/96081/"", ""post_type"": ""attachment"", ""relation"": ""text-reference""}]",/manus-storage/96081_b92cd07c.jpg,uploaded,linked,88b785f4ee2c0faafed0bf35de18a2b146e032550f9c373209ed26200a9ca50a,3,3,3,2,"[""uploads/2025/11/96081.jpg"", ""uploads/sites/2/2025/11/96081.jpg"", ""uploads/sites/5/2025/11/96081.jpg""]",yes,retained-canonical-source-attachment,Retained as a distinct canonical attachment because the same basename occurs in 3 source-relative records; the unique relative path prevents overwrite.,Identical binary occurs in multiple source-relative attachments; each source attachment remains separately traceable and is not overwritten.,2 additional linked archive-file variant(s) were recorded for this attachment; only the exact canonical attachment is in the controlled upload set.,none
136,29376,narcoticsanonymouswesterncape.WordPress.2026-08-16.xml,https://www.gekkodev2.co.za/wc/wp-content/uploads/sites/2/2025/11/29376.jpg,uploads/2025/11/29376.jpg,narcoticsanonymouswesterncape/2025/11/29376.jpg,/home/ubuntu/webdev-static-assets/na-south-africa-unique/narcoticsanonymouswesterncape/2025/11/29376.jpg,3,"[{""xml_export"": ""narcoticsanonymouswesterncape.WordPress.2026-08-16.xml"", ""source_id"": ""136"", ""title"": ""29376"", ""url"": ""https://na.org.za/wc/29376/"", ""post_type"": ""attachment"", ""relation"": ""text-reference""}, {""xml_export"": ""narcoticsanonymouswesterncape.WordPress.2026-08-16.xml"", ""source_id"": ""4768"", ""title"": ""Home"", ""url"": ""https://na.org.za/wc/et_pb_layout/home/"", ""post_type"": ""et_pb_layout"", ""relation"": ""text-reference""}, {""xml_export"": ""narcoticsanonymouswesterncape.WordPress.2026-08-16.xml"", ""source_id"": ""871"", ""title"": ""Home"", ""url"": ""https://na.org.za/wc/"", ""post_type"": ""page"", ""relation"": ""text-reference""}]",/manus-storage/29376_0d001fff.jpg,uploaded,linked,94d05aaab42c337ec696935fee116e713102d28392b8007192d33344a31945c8,5,5,5,4,"[""uploads/2025/11/29376.jpg"", ""uploads/sites/2/2025/11/29376.jpg"", ""uploads/sites/3/2025/11/29376.jpg"", ""uploads/sites/4/2025/11/29376.jpg"", ""uploads/sites/5/2025/11/29376.jpg""]",yes,retained-canonical-source-attachment,Retained as a distinct canonical attachment because the same basename occurs in 5 source-relative records; the unique relative path prevents overwrite.,Identical binary occurs in multiple source-relative attachments; each source attachment remains separately traceable and is not overwritten.,4 additional linked archive-file variant(s) were recorded for this attachment; only the exact canonical attachment is in the controlled upload set.,none
895,Google-Forms-Logo,narcoticsanonymouswesterncape.WordPress.2026-08-16.xml,https://www.gekkodev2.co.za/wc/wp-content/uploads/sites/2/2025/11/Google-Forms-Logo.png,uploads/sites/2/2025/11/Google-Forms-Logo.png,narcoticsanonymouswesterncape/sites/2/2025/11/Google-Forms-Logo.png,/home/ubuntu/webdev-static-assets/na-south-africa-unique/narcoticsanonymouswesterncape/sites/2/2025/11/Google-Forms-Logo.png,5,"[{""xml_export"": ""narcoticsanonymouswesterncape.WordPress.2026-08-16.xml"", ""source_id"": ""895"", ""title"": ""Google-Forms-Logo"", ""url"": ""https://na.org.za/wc/google-forms-logo/"", ""post_type"": ""attachment"", ""relation"": ""text-reference""}, {""xml_export"": ""narcoticsanonymouswesterncape.WordPress.2026-08-16.xml"", ""source_id"": ""1627"", ""title"": ""Specific Events: New Years Eve Party"", ""url"": ""https://na.org.za/wc/et_footer_layout/theme-builder-layout/"", ""post_type"": ""et_footer_layout"", ""relation"": ""text-reference""}, {""xml_export"": ""narcoticsanonymouswesterncape.WordPress.2026-08-16.xml"", ""source_id"": ""5619"", ""title"": ""Subcom"", ""url"": ""https://na.org.za/wc/?page_id=5619"", ""post_type"": ""page"", ""relation"": ""text-reference""}, {""xml_export"": ""narcoticsanonymouswesterncape.WordPress.2026-08-16.xml"", ""source_id"": ""4715"", ""title"": ""Calendar"", ""url"": ""https://na.org.za/wc/calendar/"", ""post_type"": ""page"", ""relation"": ""text-reference""}, {""xml_export"": ""narcoticsanonymouswesterncape.WordPress.2026-08-16.xml"", ""source_id"": ""5457"", ""title"": ""Media Packs &amp; Announcements"", ""url"": ""https://na.org.za/wc/mediapacks-announcements/"", ""post_type"": ""page"", ""relation"": ""text-reference""}]",/manus-storage/Google-Forms-Logo_5572cc38.png,uploaded,linked,0e09ae2f4a8511399ba1cf2b2d8f3ab35bd0ce2584adf7487baf8aa9e5675561,1,1,1,0,"[""uploads/sites/2/2025/11/Google-Forms-Logo.png""]",yes,retained-canonical-source-attachment,No basename collision; retained as the canonical approved source attachment at its unique relative path.,No identical-binary duplicate detected within the canonical attachment set.,No additional linked archive-file variants were recorded for this attachment.,none
915,favicon,narcoticsanonymouswesterncape.WordPress.2026-08-16.xml,https://www.gekkodev2.co.za/wc/wp-content/uploads/sites/2/2025/11/favicon.png,uploads/2025/11/favicon.png,narcoticsanonymouswesterncape/2025/11/favicon.png,/home/ubuntu/webdev-static-assets/na-south-africa-unique/narcoticsanonymouswesterncape/2025/11/favicon.png,2,"[{""xml_export"": ""narcoticsanonymouswesterncape.WordPress.2026-08-16.xml"", ""source_id"": ""915"", ""title"": ""favicon"", ""url"": ""https://na.org.za/wc/favicon/"", ""post_type"": ""attachment"", ""relation"": ""text-reference""}, {""xml_export"": ""narcoticsanonymouswesterncape.WordPress.2026-08-16.xml"", ""source_id"": ""916"", ""title"": ""cropped-favicon.png"", ""url"": ""https://na.org.za/wc/favicon/cropped-favicon-png/"", ""post_type"": ""attachment"", ""relation"": ""post-parent""}]",/manus-storage/favicon_29d155b2.png,uploaded,linked,f5d430889ce2151b288dcbb7d01eef450ccfe87172684a86f09037000e015741,5,5,5,4,"[""uploads/2025/11/favicon.png"", ""uploads/sites/2/2025/11/favicon.png"", ""uploads/sites/3/2025/11/favicon.png"", ""uploads/sites/4/2025/11/favicon.png"", ""uploads/sites/5/2025/11/favicon.png""]",yes,retained-canonical-source-attachment,Retained as a distinct canonical attachment because the same basename occurs in 5 source-relative records; the unique relative path prevents overwrite.,Identical binary occurs in multiple source-relative attachments; each source attachment remains separately traceable and is not overwritten.,4 additional linked archive-file variant(s) were recorded for this attachment; only the exact canonical attachment is in the controlled upload set.,none
916,cropped-favicon.png,narcoticsanonymouswesterncape.WordPress.2026-08-16.xml,https://www.gekkodev2.co.za/wc/wp-content/uploads/sites/2/2025/11/cropped-favicon.png,uploads/2025/11/cropped-favicon.png,narcoticsanonymouswesterncape/2025/11/cropped-favicon.png,/home/ubuntu/webdev-static-assets/na-south-africa-unique/narcoticsanonymouswesterncape/2025/11/cropped-favicon.png,1,"[{""xml_export"": ""narcoticsanonymouswesterncape.WordPress.2026-08-16.xml"", ""source_id"": ""916"", ""title"": ""cropped-favicon.png"", ""url"": ""https://na.org.za/wc/favicon/cropped-favicon-png/"", ""post_type"": ""attachment"", ""relation"": ""text-reference""}]",/manus-storage/cropped-favicon_e46b298f.png,uploaded,linked,df210711106a3cdffb6cb3fd6530bda5429bc43139e96acf6f3e73b178d438dd,5,5,5,4,"[""uploads/2025/11/cropped-favicon.png"", ""uploads/sites/2/2025/11/cropped-favicon.png"", ""uploads/sites/3/2025/11/cropped-favicon.png"", ""uploads/sites/4/2025/11/cropped-favicon.png"", ""uploads/sites/5/2025/11/cropped-favicon.png""]",yes,retained-canonical-source-attachment,Retained as a distinct canonical attachment because the same basename occurs in 5 source-relative records; the unique relative path prevents overwrite.,Identical binary occurs in multiple source-relative attachments; each source attachment remains separately traceable and is not overwritten.,4 additional linked archive-file variant(s) were recorded for this attachment; only the exact canonical attachment is in the controlled upload set.,none
1628,logo,narcoticsanonymouswesterncape.WordPress.2026-08-16.xml,https://www.gekkodev2.co.za/wc/wp-content/uploads/sites/2/2025/11/logo.png,uploads/2025/11/logo.png,narcoticsanonymouswesterncape/2025/11/logo.png,/home/ubuntu/webdev-static-assets/na-south-africa-unique/narcoticsanonymouswesterncape/2025/11/logo.png,1,"[{""xml_export"": ""narcoticsanonymouswesterncape.WordPress.2026-08-16.xml"", ""source_id"": ""1628"", ""title"": ""logo"", ""url"": ""https://na.org.za/wc/logo/"", ""post_type"": ""attachment"", ""relation"": ""text-reference""}]",/manus-storage/logo_4d855b18.png,uploaded,linked,e060ea3b52588002a2fdde02bb5b1206d2c36febbfebddd484237f8faaf63ad0,5,5,5,4,"[""uploads/2025/11/logo.png"", ""uploads/sites/2/2025/11/logo.png"", ""uploads/sites/3/2025/11/logo.png"", ""uploads/sites/4/2025/11/logo.png"", ""uploads/sites/5/2025/11/logo.png""]",yes,retained-canonical-source-attachment,Retained as a distinct canonical attachment because the same basename occurs in 5 source-relative records; the unique relative path prevents overwrite.,Identical binary occurs in multiple source-relative attachments; each source attachment remains separately traceable and is not overwritten.,4 additional linked archive-file variant(s) were recorded for this attachment; only the exact canonical attachment is in the controlled upload set.,none
1638,banner-wc-001,narcoticsanonymouswesterncape.WordPress.2026-08-16.xml,https://www.gekkodev2.co.za/wc/wp-content/uploads/sites/2/2025/11/banner-wc-001.webp,uploads/sites/2/2025/11/banner-wc-001.webp,narcoticsanonymouswesterncape/sites/2/2025/11/banner-wc-001.webp,/home/ubuntu/webdev-static-assets/na-south-africa-unique/narcoticsanonymouswesterncape/sites/2/2025/11/banner-wc-001.webp,1,"[{""xml_export"": ""narcoticsanonymouswesterncape.WordPress.2026-08-16.xml"", ""source_id"": ""1638"", ""title"": ""banner-wc-001"", ""url"": ""https://na.org.za/wc/banner-wc-001/"", ""post_type"": ""attachment"", ""relation"": ""text-reference""}]",/manus-storage/banner-wc-001_37914c2b.webp,uploaded,linked,19262b45f1a6072f6435c7123daa5f7f5471b584a4a4bbbc2c1d8c14e4ad48b3,1,1,1,0,"[""uploads/sites/2/2025/11/banner-wc-001.webp""]",yes,retained-canonical-source-attachment,No basename collision; retained as the canonical approved source attachment at its unique relative path.,No identical-binary duplicate detected within the canonical attachment set.,No additional linked archive-file variants were recorded for this attachment.,none
4601,559,narcoticsanonymouswesterncape.WordPress.2026-08-16.xml,https://www.gekkodev2.co.za/wc/wp-content/uploads/sites/2/2025/11/559.jpg,uploads/sites/2/2025/11/559.jpg,narcoticsanonymouswesterncape/sites/2/2025/11/559.jpg,/home/ubuntu/webdev-static-assets/na-south-africa-unique/narcoticsanonymouswesterncape/sites/2/2025/11/559.jpg,3,"[{""xml_export"": ""narcoticsanonymouswesterncape.WordPress.2026-08-16.xml"", ""source_id"": ""4601"", ""title"": ""559"", ""url"": ""https://na.org.za/wc/559/"", ""post_type"": ""attachment"", ""relation"": ""text-reference""}, {""xml_export"": ""narcoticsanonymouswesterncape.WordPress.2026-08-16.xml"", ""source_id"": ""4778"", ""title"": ""Add Event"", ""url"": ""https://na.org.za/wc/et_pb_layout/add-event/"", ""post_type"": ""et_pb_layout"", ""relation"": ""text-reference""}, {""xml_export"": ""narcoticsanonymouswesterncape.WordPress.2026-08-16.xml"", ""source_id"": ""4598"", ""title"": ""Add an event"", ""url"": ""https://na.org.za/wc/add-an-event/"", ""post_type"": ""page"", ""relation"": ""text-reference""}]",/manus-storage/559_04ec2abd.jpg,uploaded,linked,95f07596585d9e24cb09572a1ab8e7ae1f2102450b729a5e70411dde7c9ca94c,4,4,4,3,"[""uploads/sites/2/2025/11/559.jpg"", ""uploads/sites/3/2025/11/559.jpg"", ""uploads/sites/4/2025/11/559.jpg"", ""uploads/sites/5/2025/11/559.jpg""]",yes,retained-canonical-source-attachment,Retained as a distinct canonical attachment because the same basename occurs in 4 source-relative records; the unique relative path prevents overwrite.,Identical binary occurs in multiple source-relative attachments; each source attachment remains separately traceable and is not overwritten.,3 additional linked archive-file variant(s) were recorded for this attachment; only the exact canonical attachment is in the controlled upload set.,none
4608,584,narcoticsanonymouswesterncape.WordPress.2026-08-16.xml,https://www.gekkodev2.co.za/wc/wp-content/uploads/sites/2/2025/11/584.jpg,uploads/sites/2/2025/11/584.jpg,narcoticsanonymouswesterncape/sites/2/2025/11/584.jpg,/home/ubuntu/webdev-static-assets/na-south-africa-unique/narcoticsanonymouswesterncape/sites/2/2025/11/584.jpg,3,"[{""xml_export"": ""narcoticsanonymouswesterncape.WordPress.2026-08-16.xml"", ""source_id"": ""4608"", ""title"": ""584"", ""url"": ""https://na.org.za/wc/584/"", ""post_type"": ""attachment"", ""relation"": ""text-reference""}, {""xml_export"": ""narcoticsanonymouswesterncape.WordPress.2026-08-16.xml"", ""source_id"": ""4777"", ""title"": ""Events"", ""url"": ""https://na.org.za/wc/et_pb_layout/events/"", ""post_type"": ""et_pb_layout"", ""relation"": ""text-reference""}, {""xml_export"": ""narcoticsanonymouswesterncape.WordPress.2026-08-16.xml"", ""source_id"": ""4606"", ""title"": ""Events"", ""url"": ""https://na.org.za/wc/wc-events/"", ""post_type"": ""page"", ""relation"": ""text-reference""}]",/manus-storage/584_06ea6f1d.jpg,uploaded,linked,811e4790e81520fc1b5394026d8d3a814090af9a72b1d3d75bca2d995c250bb0,4,4,4,3,"[""uploads/sites/2/2025/11/584.jpg"", ""uploads/sites/3/2025/11/584.jpg"", ""uploads/sites/4/2025/11/584.jpg"", ""uploads/sites/5/2025/11/584.jpg""]",yes,retained-canonical-source-attachment,Retained as a distinct canonical attachment because the same basename occurs in 4 source-relative records; the unique relative path prevents overwrite.,Identical binary occurs in multiple source-relative attachments; each source attachment remains separately traceable and is not overwritten.,3 additional linked archive-file variant(s) were recorded for this attachment; only the exact canonical attachment is in the controlled upload set.,none
4619,woocommerce-placeholder,narcoticsanonymouswesterncape.WordPress.2026-08-16.xml,https://www.gekkodev2.co.za/wc/wp-content/uploads/sites/2/2025/11/woocommerce-placeholder.webp,uploads/woocommerce-placeholder.webp,narcoticsanonymouswesterncape/woocommerce-placeholder.webp,/home/ubuntu/webdev-static-assets/na-south-africa-unique/narcoticsanonymouswesterncape/woocommerce-placeholder.webp,1,"[{""xml_export"": ""narcoticsanonymouswesterncape.WordPress.2026-08-16.xml"", ""source_id"": ""4619"", ""title"": ""woocommerce-placeholder"", ""url"": ""https://na.org.za/wc/woocommerce-placeholder/"", ""post_type"": ""attachment"", ""relation"": ""text-reference""}]",/manus-storage/woocommerce-placeholder_3fa9ab31.webp,uploaded,linked,019e9beec61c9ee5b6009335c7846816452e1e3b420d2bb9e50327681dfade19,2,2,2,1,"[""uploads/sites/2/woocommerce-placeholder.webp"", ""uploads/woocommerce-placeholder.webp""]",yes,retained-canonical-source-attachment,Retained as a distinct canonical attachment because the same basename occurs in 2 source-relative records; the unique relative path prevents overwrite.,Identical binary occurs in multiple source-relative attachments; each source attachment remains separately traceable and is not overwritten.,1 additional linked archive-file variant(s) were recorded for this attachment; only the exact canonical attachment is in the controlled upload set.,none
4647,119749,narcoticsanonymouswesterncape.WordPress.2026-08-16.xml,https://www.gekkodev2.co.za/wc/wp-content/uploads/sites/2/2025/11/119749.jpg,uploads/sites/2/2025/11/119749.jpg,narcoticsanonymouswesterncape/sites/2/2025/11/119749.jpg,/home/ubuntu/webdev-static-assets/na-south-africa-unique/narcoticsanonymouswesterncape/sites/2/2025/11/119749.jpg,2,"[{""xml_export"": ""narcoticsanonymouswesterncape.WordPress.2026-08-16.xml"", ""source_id"": ""4647"", ""title"": ""119749"", ""url"": ""https://na.org.za/wc/119749/"", ""post_type"": ""attachment"", ""relation"": ""text-reference""}, {""xml_export"": ""narcoticsanonymouswesterncape.WordPress.2026-08-16.xml"", ""source_id"": ""4644"", ""title"": ""Online Meeting Update"", ""url"": ""https://na.org.za/wc/online-meeting-update/"", ""post_type"": ""page"", ""relation"": ""text-reference""}]",/manus-storage/119749_5803c667.jpg,uploaded,linked,4583103e9a207858a5c8e416001b1fc1078c4f2c93133aaa96d82fc6707f46da,1,1,1,0,"[""uploads/sites/2/2025/11/119749.jpg""]",yes,retained-canonical-source-attachment,No basename collision; retained as the canonical approved source attachment at its unique relative path.,No identical-binary duplicate detected within the canonical attachment set.,No additional linked archive-file variants were recorded for this attachment.,none
4663,120044,narcoticsanonymouswesterncape.WordPress.2026-08-16.xml,https://www.gekkodev2.co.za/wc/wp-content/uploads/sites/2/2025/11/120044.jpg,uploads/sites/2/2025/11/120044.jpg,narcoticsanonymouswesterncape/sites/2/2025/11/120044.jpg,/home/ubuntu/webdev-static-assets/na-south-africa-unique/narcoticsanonymouswesterncape/sites/2/2025/11/120044.jpg,4,"[{""xml_export"": ""narcoticsanonymouswesterncape.WordPress.2026-08-16.xml"", ""source_id"": ""4663"", ""title"": ""120044"", ""url"": ""https://na.org.za/wc/event/website-inventory/attachment/120044/"", ""post_type"": ""attachment"", ""relation"": ""text-reference""}, {""xml_export"": ""narcoticsanonymouswesterncape.WordPress.2026-08-16.xml"", ""source_id"": ""4770"", ""title"": ""Downloads"", ""url"": ""https://na.org.za/wc/et_pb_layout/downloads/"", ""post_type"": ""et_pb_layout"", ""relation"": ""text-reference""}, {""xml_export"": ""narcoticsanonymouswesterncape.WordPress.2026-08-16.xml"", ""source_id"": ""4661"", ""title"": ""Downloads"", ""url"": ""https://na.org.za/wc/downloads/"", ""post_type"": ""page"", ""relation"": ""text-reference""}, {""xml_export"": ""narcoticsanonymouswesterncape.WordPress.2026-08-16.xml"", ""source_id"": ""4875"", ""title"": ""Downloads 2"", ""url"": ""https://na.org.za/wc/downloads-2/"", ""post_type"": ""page"", ""relation"": ""text-reference""}]",/manus-storage/120044_d182b800.jpg,uploaded,linked,b5cd0535e771cc3c5391f80bfbfbacf776874c039cdbf2adee87127b62133185,4,4,4,3,"[""uploads/sites/2/2025/11/120044.jpg"", ""uploads/sites/3/2025/11/120044.jpg"", ""uploads/sites/4/2025/11/120044.jpg"", ""uploads/sites/5/2025/11/120044.jpg""]",yes,retained-canonical-source-attachment,Retained as a distinct canonical attachment because the same basename occurs in 4 source-relative records; the unique relative path prevents overwrite.,Identical binary occurs in multiple source-relative attachments; each source attachment remains separately traceable and is not overwritten.,3 additional linked archive-file variant(s) were recorded for this attachment; only the exact canonical attachment is in the controlled upload set.,none
4670,2151118274,narcoticsanonymouswesterncape.WordPress.2026-08-16.xml,https://www.gekkodev2.co.za/wc/wp-content/uploads/sites/2/2025/11/2151118274.jpg,uploads/sites/2/2025/11/2151118274.jpg,narcoticsanonymouswesterncape/sites/2/2025/11/2151118274.jpg,/home/ubuntu/webdev-static-assets/na-south-africa-unique/narcoticsanonymouswesterncape/sites/2/2025/11/2151118274.jpg,4,"[{""xml_export"": ""narcoticsanonymouswesterncape.WordPress.2026-08-16.xml"", ""source_id"": ""4670"", ""title"": ""2151118274"", ""url"": ""https://na.org.za/wc/2151118274/"", ""post_type"": ""attachment"", ""relation"": ""text-reference""}, {""xml_export"": ""narcoticsanonymouswesterncape.WordPress.2026-08-16.xml"", ""source_id"": ""4774"", ""title"": ""Preambles"", ""url"": ""https://na.org.za/wc/et_pb_layout/preambles/"", ""post_type"": ""et_pb_layout"", ""relation"": ""text-reference""}, {""xml_export"": ""narcoticsanonymouswesterncape.WordPress.2026-08-16.xml"", ""source_id"": ""4666"", ""title"": ""Preambles"", ""url"": ""https://na.org.za/wc/preambles/"", ""post_type"": ""page"", ""relation"": ""text-reference""}, {""xml_export"": ""narcoticsanonymouswesterncape.WordPress.2026-08-16.xml"", ""source_id"": ""4867"", ""title"": ""Preambles For Service"", ""url"": ""https://na.org.za/wc/preambles-for-service/"", ""post_type"": ""page"", ""relation"": ""text-reference""}]",/manus-storage/2151118274_6c168a59.jpg,uploaded,linked,cbaf1e9dcb179de7abd7f5bdb0afea4e71271a0148eb1cad5b5b9b3783e52b9d,4,4,4,3,"[""uploads/sites/2/2025/11/2151118274.jpg"", ""uploads/sites/3/2025/11/2151118274.jpg"", ""uploads/sites/4/2025/11/2151118274.jpg"", ""uploads/sites/5/2025/11/2151118274.jpg""]",yes,retained-canonical-source-attachment,Retained as a distinct canonical attachment because the same basename occurs in 4 source-relative records; the unique relative path prevents overwrite.,Identical binary occurs in multiple source-relative attachments; each source attachment remains separately traceable and is not overwritten.,3 additional linked archive-file variant(s) were recorded for this attachment; only the exact canonical attachment is in the controlled upload set.,none
4681,people-taking-part-high-protocol-event,narcoticsanonymouswesterncape.WordPress.2026-08-16.xml,https://www.gekkodev2.co.za/wc/wp-content/uploads/sites/2/2025/11/people-taking-part-high-protocol-event.jpg,uploads/sites/2/2025/11/people-taking-part-high-protocol-event.jpg,narcoticsanonymouswesterncape/sites/2/2025/11/people-taking-part-high-protocol-event.jpg,/home/ubuntu/webdev-static-assets/na-south-africa-unique/narcoticsanonymouswesterncape/sites/2/2025/11/people-taking-part-high-protocol-event.jpg,2,"[{""xml_export"": ""narcoticsanonymouswesterncape.WordPress.2026-08-16.xml"", ""source_id"": ""4681"", ""title"": ""people-taking-part-high-protocol-event"", ""url"": ""https://na.org.za/wc/people-taking-part-high-protocol-event/"", ""post_type"": ""attachment"", ""relation"": ""text-reference""}, {""xml_export"": ""narcoticsanonymouswesterncape.WordPress.2026-08-16.xml"", ""source_id"": ""4678"", ""title"": ""12 Step Shares"", ""url"": ""https://na.org.za/wc/12-step-shares/"", ""post_type"": ""page"", ""relation"": ""text-reference""}]",/manus-storage/people-taking-part-high-protocol-event_68d2dc3f.jpg,uploaded,linked,8f2f6803a69c05187e1f282a43e14150b46224fbc896a41ba76589fd0a6677fd,1,1,1,0,"[""uploads/sites/2/2025/11/people-taking-part-high-protocol-event.jpg""]",yes,retained-canonical-source-attachment,No basename collision; retained as the canonical approved source attachment at its unique relative path.,No identical-binary duplicate detected within the canonical attachment set.,No additional linked archive-file variants were recorded for this attachment.,none
4698,People carryng speech bubble icons,narcoticsanonymouswesterncape.WordPress.2026-08-16.xml,https://www.gekkodev2.co.za/wc/wp-content/uploads/sites/2/2025/11/2733704_12016.jpg,uploads/sites/2/2025/11/2733704_12016.jpg,narcoticsanonymouswesterncape/sites/2/2025/11/2733704_12016.jpg,/home/ubuntu/webdev-static-assets/na-south-africa-unique/narcoticsanonymouswesterncape/sites/2/2025/11/2733704_12016.jpg,1,"[{""xml_export"": ""narcoticsanonymouswesterncape.WordPress.2026-08-16.xml"", ""source_id"": ""4698"", ""title"": ""People carryng speech bubble icons"", ""url"": ""https://na.org.za/wc/people-carryng-speech-bubble-icons/"", ""post_type"": ""attachment"", ""relation"": ""text-reference""}]",/manus-storage/2733704_12016_526ecf97.jpg,uploaded,linked,8f7f263804c590b894da95ff4477c34aa140dd2e5c821b80cef3706704592ddc,1,1,1,0,"[""uploads/sites/2/2025/11/2733704_12016.jpg""]",yes,retained-canonical-source-attachment,No basename collision; retained as the canonical approved source attachment at its unique relative path.,No identical-binary duplicate detected within the canonical attachment set.,No additional linked archive-file variants were recorded for this attachment.,none
4705,2149035698,narcoticsanonymouswesterncape.WordPress.2026-08-16.xml,https://www.gekkodev2.co.za/wc/wp-content/uploads/sites/2/2025/11/2149035698.jpg,uploads/sites/2/2025/11/2149035698.jpg,narcoticsanonymouswesterncape/sites/2/2025/11/2149035698.jpg,/home/ubuntu/webdev-static-assets/na-south-africa-unique/narcoticsanonymouswesterncape/sites/2/2025/11/2149035698.jpg,2,"[{""xml_export"": ""narcoticsanonymouswesterncape.WordPress.2026-08-16.xml"", ""source_id"": ""4705"", ""title"": ""2149035698"", ""url"": ""https://na.org.za/wc/2149035698/"", ""post_type"": ""attachment"", ""relation"": ""text-reference""}, {""xml_export"": ""narcoticsanonymouswesterncape.WordPress.2026-08-16.xml"", ""source_id"": ""4703"", ""title"": ""Useful Links"", ""url"": ""https://na.org.za/wc/useful-links/"", ""post_type"": ""page"", ""relation"": ""text-reference""}]",/manus-storage/2149035698_218c993b.jpg,uploaded,linked,ce20675a25724ed34454e36ee2b6873fef0557be5131f13b7d48aeb7d390f7ff,1,1,1,0,"[""uploads/sites/2/2025/11/2149035698.jpg""]",yes,retained-canonical-source-attachment,No basename collision; retained as the canonical approved source attachment at its unique relative path.,No identical-binary duplicate detected within the canonical attachment set.,No additional linked archive-file variants were recorded for this attachment.,none
4711,129014,narcoticsanonymouswesterncape.WordPress.2026-08-16.xml,https://www.gekkodev2.co.za/wc/wp-content/uploads/sites/2/2025/11/129014.jpg,uploads/sites/2/2025/11/129014.jpg,narcoticsanonymouswesterncape/sites/2/2025/11/129014.jpg,/home/ubuntu/webdev-static-assets/na-south-africa-unique/narcoticsanonymouswesterncape/sites/2/2025/11/129014.jpg,3,"[{""xml_export"": ""narcoticsanonymouswesterncape.WordPress.2026-08-16.xml"", ""source_id"": ""4711"", ""title"": ""129014"", ""url"": ""https://na.org.za/wc/129014/"", ""post_type"": ""attachment"", ""relation"": ""text-reference""}, {""xml_export"": ""narcoticsanonymouswesterncape.WordPress.2026-08-16.xml"", ""source_id"": ""4780"", ""title"": ""Contribute"", ""url"": ""https://na.org.za/wc/et_pb_layout/contribute/"", ""post_type"": ""et_pb_layout"", ""relation"": ""text-reference""}, {""xml_export"": ""narcoticsanonymouswesterncape.WordPress.2026-08-16.xml"", ""source_id"": ""4708"", ""title"": ""Contribute"", ""url"": ""https://na.org.za/wc/contribute/"", ""post_type"": ""page"", ""relation"": ""text-reference""}]",/manus-storage/129014_4ed58e31.jpg,uploaded,linked,9ee2338cbce4746670206a0504a6f0d87b3ef7dbd29a772d979abdd05e019a28,4,4,4,3,"[""uploads/sites/2/2025/11/129014.jpg"", ""uploads/sites/3/2025/11/129014.jpg"", ""uploads/sites/4/2025/11/129014.jpg"", ""uploads/sites/5/2025/11/129014.jpg""]",yes,retained-canonical-source-attachment,Retained as a distinct canonical attachment because the same basename occurs in 4 source-relative records; the unique relative path prevents overwrite.,Identical binary occurs in multiple source-relative attachments; each source attachment remains separately traceable and is not overwritten.,3 additional linked archive-file variant(s) were recorded for this attachment; only the exact canonical attachment is in the controlled upload set.,none
4712,zapper,narcoticsanonymouswesterncape.WordPress.2026-08-16.xml,https://www.gekkodev2.co.za/wc/wp-content/uploads/sites/2/2025/11/zapper.png,uploads/sites/2/2025/11/zapper.png,narcoticsanonymouswesterncape/sites/2/2025/11/zapper.png,/home/ubuntu/webdev-static-assets/na-south-africa-unique/narcoticsanonymouswesterncape/sites/2/2025/11/zapper.png,2,"[{""xml_export"": ""narcoticsanonymouswesterncape.WordPress.2026-08-16.xml"", ""source_id"": ""4712"", ""title"": ""zapper"", ""url"": ""https://na.org.za/wc/zapper/"", ""post_type"": ""attachment"", ""relation"": ""text-reference""}, {""xml_export"": ""narcoticsanonymouswesterncape.WordPress.2026-08-16.xml"", ""source_id"": ""4780"", ""title"": ""Contribute"", ""url"": ""https://na.org.za/wc/et_pb_layout/contribute/"", ""post_type"": ""et_pb_layout"", ""relation"": ""text-reference""}]",/manus-storage/zapper_f324fcdf.png,uploaded,linked,8874197e3371b0db1e36140d727897d673ca7af9077a32f0839bdfad922592b2,4,4,4,3,"[""uploads/sites/2/2025/11/zapper.png"", ""uploads/sites/3/2025/11/zapper.png"", ""uploads/sites/4/2025/11/zapper.png"", ""uploads/sites/5/2025/11/zapper.png""]",yes,retained-canonical-source-attachment,Retained as a distinct canonical attachment because the same basename occurs in 4 source-relative records; the unique relative path prevents overwrite.,Identical binary occurs in multiple source-relative attachments; each source attachment remains separately traceable and is not overwritten.,3 additional linked archive-file variant(s) were recorded for this attachment; only the exact canonical attachment is in the controlled upload set.,none
4718,6914,narcoticsanonymouswesterncape.WordPress.2026-08-16.xml,https://www.gekkodev2.co.za/wc/wp-content/uploads/sites/2/2025/11/6914.jpg,uploads/sites/2/2025/11/6914.jpg,narcoticsanonymouswesterncape/sites/2/2025/11/6914.jpg,/home/ubuntu/webdev-static-assets/na-south-africa-unique/narcoticsanonymouswesterncape/sites/2/2025/11/6914.jpg,2,"[{""xml_export"": ""narcoticsanonymouswesterncape.WordPress.2026-08-16.xml"", ""source_id"": ""4718"", ""title"": ""6914"", ""url"": ""https://na.org.za/wc/6914/"", ""post_type"": ""attachment"", ""relation"": ""text-reference""}, {""xml_export"": ""narcoticsanonymouswesterncape.WordPress.2026-08-16.xml"", ""source_id"": ""4715"", ""title"": ""Calendar"", ""url"": ""https://na.org.za/wc/calendar/"", ""post_type"": ""page"", ""relation"": ""text-reference""}]",/manus-storage/6914_d5cea40c.jpg,uploaded,linked,b752c7fe5390b18170a21333a8f762da73e283ab48abf4ba0982680d43f02c53,1,1,1,0,"[""uploads/sites/2/2025/11/6914.jpg""]",yes,retained-canonical-source-attachment,No basename collision; retained as the canonical approved source attachment at its unique relative path.,No identical-binary duplicate detected within the canonical attachment set.,No additional linked archive-file variants were recorded for this attachment.,none
4725,2149758877,narcoticsanonymouswesterncape.WordPress.2026-08-16.xml,https://www.gekkodev2.co.za/wc/wp-content/uploads/sites/2/2025/11/2149758877.jpg,uploads/sites/2/2025/11/2149758877.jpg,narcoticsanonymouswesterncape/sites/2/2025/11/2149758877.jpg,/home/ubuntu/webdev-static-assets/na-south-africa-unique/narcoticsanonymouswesterncape/sites/2/2025/11/2149758877.jpg,2,"[{""xml_export"": ""narcoticsanonymouswesterncape.WordPress.2026-08-16.xml"", ""source_id"": ""4725"", ""title"": ""2149758877"", ""url"": ""https://na.org.za/wc/2149758877/"", ""post_type"": ""attachment"", ""relation"": ""text-reference""}, {""xml_export"": ""narcoticsanonymouswesterncape.WordPress.2026-08-16.xml"", ""source_id"": ""4722"", ""title"": ""Add Activity To The Calendar"", ""url"": ""https://na.org.za/wc/add-activity-to-the-calendar/"", ""post_type"": ""page"", ""relation"": ""text-reference""}]",/manus-storage/2149758877_f7f7a3c0.jpg,uploaded,linked,5be94cc9f3c9190dfa50f325452f9593f25280c621b8bd17a94155ac30771554,1,1,1,0,"[""uploads/sites/2/2025/11/2149758877.jpg""]",yes,retained-canonical-source-attachment,No basename collision; retained as the canonical approved source attachment at its unique relative path.,No identical-binary duplicate detected within the canonical attachment set.,No additional linked archive-file variants were recorded for this attachment.,none
4731,123795,narcoticsanonymouswesterncape.WordPress.2026-08-16.xml,https://www.gekkodev2.co.za/wc/wp-content/uploads/sites/2/2025/11/123795.jpg,uploads/sites/2/2025/11/123795.jpg,narcoticsanonymouswesterncape/sites/2/2025/11/123795.jpg,/home/ubuntu/webdev-static-assets/na-south-africa-unique/narcoticsanonymouswesterncape/sites/2/2025/11/123795.jpg,3,"[{""xml_export"": ""narcoticsanonymouswesterncape.WordPress.2026-08-16.xml"", ""source_id"": ""4731"", ""title"": ""123795"", ""url"": ""https://na.org.za/wc/123795/"", ""post_type"": ""attachment"", ""relation"": ""text-reference""}, {""xml_export"": ""narcoticsanonymouswesterncape.WordPress.2026-08-16.xml"", ""source_id"": ""4772"", ""title"": ""ASC Contacts"", ""url"": ""https://na.org.za/wc/et_pb_layout/asc-contacts/"", ""post_type"": ""et_pb_layout"", ""relation"": ""text-reference""}, {""xml_export"": ""narcoticsanonymouswesterncape.WordPress.2026-08-16.xml"", ""source_id"": ""4728"", ""title"": ""Contacts"", ""url"": ""https://na.org.za/wc/contacts/"", ""post_type"": ""page"", ""relation"": ""text-reference""}]",/manus-storage/123795_298be277.jpg,uploaded,linked,372d28dc7a82aed9e7330555e2957572d868127d20b858808169ea9cbc1348d0,4,4,4,3,"[""uploads/sites/2/2025/11/123795.jpg"", ""uploads/sites/3/2025/11/123795.jpg"", ""uploads/sites/4/2025/11/123795.jpg"", ""uploads/sites/5/2025/11/123795.jpg""]",yes,retained-canonical-source-attachment,Retained as a distinct canonical attachment because the same basename occurs in 4 source-relative records; the unique relative path prevents overwrite.,Identical binary occurs in multiple source-relative attachments; each source attachment remains separately traceable and is not overwritten.,3 additional linked archive-file variant(s) were recorded for this attachment; only the exact canonical attachment is in the controlled upload set.,none
4738,29680,narcoticsanonymouswesterncape.WordPress.2026-08-16.xml,https://www.gekkodev2.co.za/wc/wp-content/uploads/sites/2/2025/11/29680.jpg,uploads/sites/2/2025/11/29680.jpg,narcoticsanonymouswesterncape/sites/2/2025/11/29680.jpg,/home/ubuntu/webdev-static-assets/na-south-africa-unique/narcoticsanonymouswesterncape/sites/2/2025/11/29680.jpg,6,"[{""xml_export"": ""narcoticsanonymouswesterncape.WordPress.2026-08-16.xml"", ""source_id"": ""4738"", ""title"": ""29680"", ""url"": ""https://na.org.za/wc/29680/"", ""post_type"": ""attachment"", ""relation"": ""text-reference""}, {""xml_export"": ""narcoticsanonymouswesterncape.WordPress.2026-08-16.xml"", ""source_id"": ""4781"", ""title"": ""Policies and Resources"", ""url"": ""https://na.org.za/wc/et_pb_layout/policies-and-resources/"", ""post_type"": ""et_pb_layout"", ""relation"": ""text-reference""}, {""xml_export"": ""narcoticsanonymouswesterncape.WordPress.2026-08-16.xml"", ""source_id"": ""5456"", ""title"": ""Basic Page"", ""url"": ""https://na.org.za/wc/et_pb_layout/basic-page/"", ""post_type"": ""et_pb_layout"", ""relation"": ""text-reference""}, {""xml_export"": ""narcoticsanonymouswesterncape.WordPress.2026-08-16.xml"", ""source_id"": ""5619"", ""title"": ""Subcom"", ""url"": ""https://na.org.za/wc/?page_id=5619"", ""post_type"": ""page"", ""relation"": ""text-reference""}, {""xml_export"": ""narcoticsanonymouswesterncape.WordPress.2026-08-16.xml"", ""source_id"": ""4735"", ""title"": ""Policies and Resources"", ""url"": ""https://na.org.za/wc/policies-and-resources/"", ""post_type"": ""page"", ""relation"": ""text-reference""}, {""xml_export"": ""narcoticsanonymouswesterncape.WordPress.2026-08-16.xml"", ""source_id"": ""5457"", ""title"": ""Media Packs &amp; Announcements"", ""url"": ""https://na.org.za/wc/mediapacks-announcements/"", ""post_type"": ""page"", ""relation"": ""text-reference""}]",/manus-storage/29680_f8f364a5.jpg,uploaded,linked,568becb9033e554dcd2cf4bf5605622b1145adbd9f364e57d03da3a61fade568,4,4,4,3,"[""uploads/sites/2/2025/11/29680.jpg"", ""uploads/sites/3/2025/11/29680.jpg"", ""uploads/sites/4/2025/11/29680.jpg"", ""uploads/sites/5/2025/11/29680.jpg""]",yes,retained-canonical-source-attachment,Retained as a distinct canonical attachment because the same basename occurs in 4 source-relative records; the unique relative path prevents overwrite.,Identical binary occurs in multiple source-relative attachments; each source attachment remains separately traceable and is not overwritten.,3 additional linked archive-file variant(s) were recorded for this attachment; only the exact canonical attachment is in the controlled upload set.,none
4744,2150951473,narcoticsanonymouswesterncape.WordPress.2026-08-16.xml,https://www.gekkodev2.co.za/wc/wp-content/uploads/sites/2/2025/11/2150951473.jpg,uploads/sites/2/2025/11/2150951473.jpg,narcoticsanonymouswesterncape/sites/2/2025/11/2150951473.jpg,/home/ubuntu/webdev-static-assets/na-south-africa-unique/narcoticsanonymouswesterncape/sites/2/2025/11/2150951473.jpg,3,"[{""xml_export"": ""narcoticsanonymouswesterncape.WordPress.2026-08-16.xml"", ""source_id"": ""4744"", ""title"": ""2150951473"", ""url"": ""https://na.org.za/wc/2150951473/"", ""post_type"": ""attachment"", ""relation"": ""text-reference""}, {""xml_export"": ""narcoticsanonymouswesterncape.WordPress.2026-08-16.xml"", ""source_id"": ""4779"", ""title"": ""Subcommittees"", ""url"": ""https://na.org.za/wc/et_pb_layout/subcommittees/"", ""post_type"": ""et_pb_layout"", ""relation"": ""text-reference""}, {""xml_export"": ""narcoticsanonymouswesterncape.WordPress.2026-08-16.xml"", ""source_id"": ""4741"", ""title"": ""Subcommittees"", ""url"": ""https://na.org.za/wc/subcommittees/"", ""post_type"": ""page"", ""relation"": ""text-reference""}]",/manus-storage/2150951473_35649741.jpg,uploaded,linked,0bd62de9f2a0aff6f9b4614d3b29dccbaaaf7b6ff4c2bb7edda6e429fe33dddd,4,4,4,3,"[""uploads/sites/2/2025/11/2150951473.jpg"", ""uploads/sites/3/2025/11/2150951473.jpg"", ""uploads/sites/4/2025/11/2150951473.jpg"", ""uploads/sites/5/2025/11/2150951473.jpg""]",yes,retained-canonical-source-attachment,Retained as a distinct canonical attachment because the same basename occurs in 4 source-relative records; the unique relative path prevents overwrite.,Identical binary occurs in multiple source-relative attachments; each source attachment remains separately traceable and is not overwritten.,3 additional linked archive-file variant(s) were recorded for this attachment; only the exact canonical attachment is in the controlled upload set.,none
4860,high-angle-arrangement-with-speech-bubbles,narcoticsanonymouswesterncape.WordPress.2026-08-16.xml,https://www.gekkodev2.co.za/wc/wp-content/uploads/sites/2/2026/01/high-angle-arrangement-with-speech-bubbles.jpg,uploads/sites/2/2026/01/high-angle-arrangement-with-speech-bubbles.jpg,narcoticsanonymouswesterncape/sites/2/2026/01/high-angle-arrangement-with-speech-bubbles.jpg,/home/ubuntu/webdev-static-assets/na-south-africa-unique/narcoticsanonymouswesterncape/sites/2/2026/01/high-angle-arrangement-with-speech-bubbles.jpg,1,"[{""xml_export"": ""narcoticsanonymouswesterncape.WordPress.2026-08-16.xml"", ""source_id"": ""4860"", ""title"": ""high-angle-arrangement-with-speech-bubbles"", ""url"": ""https://na.org.za/wc/high-angle-arrangement-with-speech-bubbles/"", ""post_type"": ""attachment"", ""relation"": ""text-reference""}]",/manus-storage/high-angle-arrangement-with-speech-bubbles_94953548.jpg,uploaded,linked,af8e02d1214b000bc8ad5e588257eb2b0a812f946d4821ef8fcee7f0bf2b10d9,1,1,1,0,"[""uploads/sites/2/2026/01/high-angle-arrangement-with-speech-bubbles.jpg""]",yes,retained-canonical-source-attachment,No basename collision; retained as the canonical approved source attachment at its unique relative path.,No identical-binary duplicate detected within the canonical attachment set.,No additional linked archive-file variants were recorded for this attachment.,none
5394,2306_PRMAT_2023,narcoticsanonymouswesterncape.WordPress.2026-08-16.xml,https://na.org.za/wc/wp-content/uploads/sites/2/2026/04/2306_PRMAT_2023.pdf,uploads/sites/2/2026/04/2306_PRMAT_2023.pdf,narcoticsanonymouswesterncape/sites/2/2026/04/2306_PRMAT_2023.pdf,/home/ubuntu/webdev-static-assets/na-south-africa-unique/narcoticsanonymouswesterncape/sites/2/2026/04/2306_PRMAT_2023.pdf,4,"[{""xml_export"": ""narcoticsanonymouswesterncape.WordPress.2026-08-16.xml"", ""source_id"": ""5394"", ""title"": ""2306_PRMAT_2023"", ""url"": ""https://na.org.za/wc/2306_prmat_2023/"", ""post_type"": ""attachment"", ""relation"": ""text-reference""}, {""xml_export"": ""narcoticsanonymouswesterncape.WordPress.2026-08-16.xml"", ""source_id"": ""4770"", ""title"": ""Downloads"", ""url"": ""https://na.org.za/wc/et_pb_layout/downloads/"", ""post_type"": ""et_pb_layout"", ""relation"": ""text-reference""}, {""xml_export"": ""narcoticsanonymouswesterncape.WordPress.2026-08-16.xml"", ""source_id"": ""4661"", ""title"": ""Downloads"", ""url"": ""https://na.org.za/wc/downloads/"", ""post_type"": ""page"", ""relation"": ""text-reference""}, {""xml_export"": ""narcoticsanonymouswesterncape.WordPress.2026-08-16.xml"", ""source_id"": ""4836"", ""title"": ""For The Professionals"", ""url"": ""https://na.org.za/wc/professionals/"", ""post_type"": ""page"", ""relation"": ""text-reference""}]",/manus-storage/2306_PRMAT_2023_134c5a92.pdf,uploaded,linked,0453165a1b23653453d24c053f3ca4e2f5aedf22bd42963dda28ec080f079ba9,1,1,1,0,"[""uploads/sites/2/2026/04/2306_PRMAT_2023.pdf""]",yes,retained-canonical-source-attachment,No basename collision; retained as the canonical approved source attachment at its unique relative path.,No identical-binary duplicate detected within the canonical attachment set.,No additional linked archive-file variants were recorded for this attachment.,none
5395,3130_MHR-IP-30-English,narcoticsanonymouswesterncape.WordPress.2026-08-16.xml,https://na.org.za/wc/wp-content/uploads/sites/2/2026/04/3130_MHR-IP-30-English.pdf,uploads/sites/2/2026/04/3130_MHR-IP-30-English.pdf,narcoticsanonymouswesterncape/sites/2/2026/04/3130_MHR-IP-30-English.pdf,/home/ubuntu/webdev-static-assets/na-south-africa-unique/narcoticsanonymouswesterncape/sites/2/2026/04/3130_MHR-IP-30-English.pdf,6,"[{""xml_export"": ""narcoticsanonymouswesterncape.WordPress.2026-08-16.xml"", ""source_id"": ""5395"", ""title"": ""3130_MHR-IP-30-English"", ""url"": ""https://na.org.za/wc/3130_mhr-ip-30-english/"", ""post_type"": ""attachment"", ""relation"": ""text-reference""}, {""xml_export"": ""narcoticsanonymouswesterncape.WordPress.2026-08-16.xml"", ""source_id"": ""4770"", ""title"": ""Downloads"", ""url"": ""https://na.org.za/wc/et_pb_layout/downloads/"", ""post_type"": ""et_pb_layout"", ""relation"": ""text-reference""}, {""xml_export"": ""narcoticsanonymouswesterncape.WordPress.2026-08-16.xml"", ""source_id"": ""4771"", ""title"": ""Literature"", ""url"": ""https://na.org.za/wc/et_pb_layout/literature/"", ""post_type"": ""et_pb_layout"", ""relation"": ""text-reference""}, {""xml_export"": ""narcoticsanonymouswesterncape.WordPress.2026-08-16.xml"", ""source_id"": ""886"", ""title"": ""NA Literature"", ""url"": ""https://na.org.za/wc/na-literature/"", ""post_type"": ""page"", ""relation"": ""text-reference""}, {""xml_export"": ""narcoticsanonymouswesterncape.WordPress.2026-08-16.xml"", ""source_id"": ""4661"", ""title"": ""Downloads"", ""url"": ""https://na.org.za/wc/downloads/"", ""post_type"": ""page"", ""relation"": ""text-reference""}, {""xml_export"": ""narcoticsanonymouswesterncape.WordPress.2026-08-16.xml"", ""source_id"": ""4875"", ""title"": ""Downloads 2"", ""url"": ""https://na.org.za/wc/downloads-2/"", ""post_type"": ""page"", ""relation"": ""text-reference""}]",/manus-storage/3130_MHR-IP-30-English_9d74114e.pdf,uploaded,linked,f5f1e5fd57fa6accc34590ea612fbf20f965f4351faa3d6986b3e96a6c7e724a,1,1,1,0,"[""uploads/sites/2/2026/04/3130_MHR-IP-30-English.pdf""]",yes,retained-canonical-source-attachment,No basename collision; retained as the canonical approved source attachment at its unique relative path.,No identical-binary duplicate detected within the canonical attachment set.,No additional linked archive-file variants were recorded for this attachment.,none
5396,Bulletin-29-Regarding-Methadone-and-other-Drug-Replacement-Programs,narcoticsanonymouswesterncape.WordPress.2026-08-16.xml,https://na.org.za/wc/wp-content/uploads/sites/2/2026/04/Bulletin-29-Regarding-Methadone-and-other-Drug-Replacement-Programs.pdf,uploads/sites/2/2026/04/Bulletin-29-Regarding-Methadone-and-other-Drug-Replacement-Programs.pdf,narcoticsanonymouswesterncape/sites/2/2026/04/Bulletin-29-Regarding-Methadone-and-other-Drug-Replacement-Programs.pdf,/home/ubuntu/webdev-static-assets/na-south-africa-unique/narcoticsanonymouswesterncape/sites/2/2026/04/Bulletin-29-Regarding-Methadone-and-other-Drug-Replacement-Programs.pdf,5,"[{""xml_export"": ""narcoticsanonymouswesterncape.WordPress.2026-08-16.xml"", ""source_id"": ""5396"", ""title"": ""Bulletin-29-Regarding-Methadone-and-other-Drug-Replacement-Programs"", ""url"": ""https://na.org.za/wc/bulletin-29-regarding-methadone-and-other-drug-replacement-programs/"", ""post_type"": ""attachment"", ""relation"": ""text-reference""}, {""xml_export"": ""narcoticsanonymouswesterncape.WordPress.2026-08-16.xml"", ""source_id"": ""4770"", ""title"": ""Downloads"", ""url"": ""https://na.org.za/wc/et_pb_layout/downloads/"", ""post_type"": ""et_pb_layout"", ""relation"": ""text-reference""}, {""xml_export"": ""narcoticsanonymouswesterncape.WordPress.2026-08-16.xml"", ""source_id"": ""4771"", ""title"": ""Literature"", ""url"": ""https://na.org.za/wc/et_pb_layout/literature/"", ""post_type"": ""et_pb_layout"", ""relation"": ""text-reference""}, {""xml_export"": ""narcoticsanonymouswesterncape.WordPress.2026-08-16.xml"", ""source_id"": ""886"", ""title"": ""NA Literature"", ""url"": ""https://na.org.za/wc/na-literature/"", ""post_type"": ""page"", ""relation"": ""text-reference""}, {""xml_export"": ""narcoticsanonymouswesterncape.WordPress.2026-08-16.xml"", ""source_id"": ""4661"", ""title"": ""Downloads"", ""url"": ""https://na.org.za/wc/downloads/"", ""post_type"": ""page"", ""relation"": ""text-reference""}]",/manus-storage/Bulletin-29-Regarding-Methadone-and-other-Drug-Replacement-Programs_d34f3f59.pdf,uploaded,linked,909d7c5060c40c6b300ceef7eedefc389a3c577b3fe0b9ef1ee032f53488df4d,1,1,1,0,"[""uploads/sites/2/2026/04/Bulletin-29-Regarding-Methadone-and-other-Drug-Replacement-Programs.pdf""]",yes,retained-canonical-source-attachment,No basename collision; retained as the canonical approved source attachment at its unique relative path.,No identical-binary duplicate detected within the canonical attachment set.,No additional linked archive-file variants were recorded for this attachment.,none
5397,EN2205-NA-Groups-and-MEdication-English,narcoticsanonymouswesterncape.WordPress.2026-08-16.xml,https://na.org.za/wc/wp-content/uploads/sites/2/2026/04/EN2205-NA-Groups-and-MEdication-English.pdf,uploads/sites/2/2026/04/EN2205-NA-Groups-and-MEdication-English.pdf,narcoticsanonymouswesterncape/sites/2/2026/04/EN2205-NA-Groups-and-MEdication-English.pdf,/home/ubuntu/webdev-static-assets/na-south-africa-unique/narcoticsanonymouswesterncape/sites/2/2026/04/EN2205-NA-Groups-and-MEdication-English.pdf,6,"[{""xml_export"": ""narcoticsanonymouswesterncape.WordPress.2026-08-16.xml"", ""source_id"": ""5397"", ""title"": ""EN2205-NA-Groups-and-MEdication-English"", ""url"": ""https://na.org.za/wc/en2205-na-groups-and-medication-english/"", ""post_type"": ""attachment"", ""relation"": ""text-reference""}, {""xml_export"": ""narcoticsanonymouswesterncape.WordPress.2026-08-16.xml"", ""source_id"": ""4770"", ""title"": ""Downloads"", ""url"": ""https://na.org.za/wc/et_pb_layout/downloads/"", ""post_type"": ""et_pb_layout"", ""relation"": ""text-reference""}, {""xml_export"": ""narcoticsanonymouswesterncape.WordPress.2026-08-16.xml"", ""source_id"": ""4771"", ""title"": ""Literature"", ""url"": ""https://na.org.za/wc/et_pb_layout/literature/"", ""post_type"": ""et_pb_layout"", ""relation"": ""text-reference""}, {""xml_export"": ""narcoticsanonymouswesterncape.WordPress.2026-08-16.xml"", ""source_id"": ""886"", ""title"": ""NA Literature"", ""url"": ""https://na.org.za/wc/na-literature/"", ""post_type"": ""page"", ""relation"": ""text-reference""}, {""xml_export"": ""narcoticsanonymouswesterncape.WordPress.2026-08-16.xml"", ""source_id"": ""4836"", ""title"": ""For The Professionals"", ""url"": ""https://na.org.za/wc/professionals/"", ""post_type"": ""page"", ""relation"": ""text-reference""}, {""xml_export"": ""narcoticsanonymouswesterncape.WordPress.2026-08-16.xml"", ""source_id"": ""4875"", ""title"": ""Downloads 2"", ""url"": ""https://na.org.za/wc/downloads-2/"", ""post_type"": ""page"", ""relation"": ""text-reference""}]",/manus-storage/EN2205-NA-Groups-and-MEdication-English_454e20e8.pdf,uploaded,linked,fd018d8c11f833381c678af488aab3bb4b2a0ceab98dafe5d9bf8adba6f05746,1,1,1,0,"[""uploads/sites/2/2026/04/EN2205-NA-Groups-and-MEdication-English.pdf""]",yes,retained-canonical-source-attachment,No basename collision; retained as the canonical approved source attachment at its unique relative path.,No identical-binary duplicate detected within the canonical attachment set.,No additional linked archive-file variants were recorded for this attachment.,none
5398,In-Times-of-Illness-English,narcoticsanonymouswesterncape.WordPress.2026-08-16.xml,https://na.org.za/wc/wp-content/uploads/sites/2/2026/04/In-Times-of-Illness-English.pdf,uploads/sites/2/2026/04/In-Times-of-Illness-English.pdf,narcoticsanonymouswesterncape/sites/2/2026/04/In-Times-of-Illness-English.pdf,/home/ubuntu/webdev-static-assets/na-south-africa-unique/narcoticsanonymouswesterncape/sites/2/2026/04/In-Times-of-Illness-English.pdf,6,"[{""xml_export"": ""narcoticsanonymouswesterncape.WordPress.2026-08-16.xml"", ""source_id"": ""5398"", ""title"": ""In-Times-of-Illness-English"", ""url"": ""https://na.org.za/wc/in-times-of-illness-english/"", ""post_type"": ""attachment"", ""relation"": ""text-reference""}, {""xml_export"": ""narcoticsanonymouswesterncape.WordPress.2026-08-16.xml"", ""source_id"": ""4770"", ""title"": ""Downloads"", ""url"": ""https://na.org.za/wc/et_pb_layout/downloads/"", ""post_type"": ""et_pb_layout"", ""relation"": ""text-reference""}, {""xml_export"": ""narcoticsanonymouswesterncape.WordPress.2026-08-16.xml"", ""source_id"": ""4771"", ""title"": ""Literature"", ""url"": ""https://na.org.za/wc/et_pb_layout/literature/"", ""post_type"": ""et_pb_layout"", ""relation"": ""text-reference""}, {""xml_export"": ""narcoticsanonymouswesterncape.WordPress.2026-08-16.xml"", ""source_id"": ""886"", ""title"": ""NA Literature"", ""url"": ""https://na.org.za/wc/na-literature/"", ""post_type"": ""page"", ""relation"": ""text-reference""}, {""xml_export"": ""narcoticsanonymouswesterncape.WordPress.2026-08-16.xml"", ""source_id"": ""4661"", ""title"": ""Downloads"", ""url"": ""https://na.org.za/wc/downloads/"", ""post_type"": ""page"", ""relation"": ""text-reference""}, {""xml_export"": ""narcoticsanonymouswesterncape.WordPress.2026-08-16.xml"", ""source_id"": ""4836"", ""title"": ""For The Professionals"", ""url"": ""https://na.org.za/wc/professionals/"", ""post_type"": ""page"", ""relation"": ""text-reference""}]",/manus-storage/In-Times-of-Illness-English_ad55d230.pdf,uploaded,linked,693672c8328b8d8eb706703014d43ebbe6562f2cff433be3bd35e55053950ecd,1,1,1,0,"[""uploads/sites/2/2026/04/In-Times-of-Illness-English.pdf""]",yes,retained-canonical-source-attachment,No basename collision; retained as the canonical approved source attachment at its unique relative path.,No identical-binary duplicate detected within the canonical attachment set.,No additional linked archive-file variants were recorded for this attachment.,none
5399,IP-1-Who-What-How-and-Why,narcoticsanonymouswesterncape.WordPress.2026-08-16.xml,https://na.org.za/wc/wp-content/uploads/sites/2/2026/04/IP-1-Who-What-How-and-Why.pdf,uploads/sites/2/2026/04/IP-1-Who-What-How-and-Why.pdf,narcoticsanonymouswesterncape/sites/2/2026/04/IP-1-Who-What-How-and-Why.pdf,/home/ubuntu/webdev-static-assets/na-south-africa-unique/narcoticsanonymouswesterncape/sites/2/2026/04/IP-1-Who-What-How-and-Why.pdf,2,"[{""xml_export"": ""narcoticsanonymouswesterncape.WordPress.2026-08-16.xml"", ""source_id"": ""5399"", ""title"": ""IP-1-Who-What-How-and-Why"", ""url"": ""https://na.org.za/wc/ip-1-who-what-how-and-why/"", ""post_type"": ""attachment"", ""relation"": ""text-reference""}, {""xml_export"": ""narcoticsanonymouswesterncape.WordPress.2026-08-16.xml"", ""source_id"": ""4762"", ""title"": ""Toets"", ""url"": ""https://na.org.za/wc/?page_id=4762"", ""post_type"": ""page"", ""relation"": ""text-reference""}]",/manus-storage/IP-1-Who-What-How-and-Why_dc5cffdc.pdf,uploaded,linked,3a59099665fcdd21e507f0d414fdab6daeda0e983a26993613a1057ae92209d8,1,1,1,0,"[""uploads/sites/2/2026/04/IP-1-Who-What-How-and-Why.pdf""]",yes,retained-canonical-source-attachment,No basename collision; retained as the canonical approved source attachment at its unique relative path.,No identical-binary duplicate detected within the canonical attachment set.,No additional linked archive-file variants were recorded for this attachment.,none
5400,IP-2-The-Group,narcoticsanonymouswesterncape.WordPress.2026-08-16.xml,https://na.org.za/wc/wp-content/uploads/sites/2/2026/04/IP-2-The-Group.pdf,uploads/sites/2/2026/04/IP-2-The-Group.pdf,narcoticsanonymouswesterncape/sites/2/2026/04/IP-2-The-Group.pdf,/home/ubuntu/webdev-static-assets/na-south-africa-unique/narcoticsanonymouswesterncape/sites/2/2026/04/IP-2-The-Group.pdf,5,"[{""xml_export"": ""narcoticsanonymouswesterncape.WordPress.2026-08-16.xml"", ""source_id"": ""5400"", ""title"": ""IP-2-The-Group"", ""url"": ""https://na.org.za/wc/ip-2-the-group/"", ""post_type"": ""attachment"", ""relation"": ""text-reference""}, {""xml_export"": ""narcoticsanonymouswesterncape.WordPress.2026-08-16.xml"", ""source_id"": ""4770"", ""title"": ""Downloads"", ""url"": ""https://na.org.za/wc/et_pb_layout/downloads/"", ""post_type"": ""et_pb_layout"", ""relation"": ""text-reference""}, {""xml_export"": ""narcoticsanonymouswesterncape.WordPress.2026-08-16.xml"", ""source_id"": ""4762"", ""title"": ""Toets"", ""url"": ""https://na.org.za/wc/?page_id=4762"", ""post_type"": ""page"", ""relation"": ""text-reference""}, {""xml_export"": ""narcoticsanonymouswesterncape.WordPress.2026-08-16.xml"", ""source_id"": ""4661"", ""title"": ""Downloads"", ""url"": ""https://na.org.za/wc/downloads/"", ""post_type"": ""page"", ""relation"": ""text-reference""}, {""xml_export"": ""narcoticsanonymouswesterncape.WordPress.2026-08-16.xml"", ""source_id"": ""4875"", ""title"": ""Downloads 2"", ""url"": ""https://na.org.za/wc/downloads-2/"", ""post_type"": ""page"", ""relation"": ""text-reference""}]",/manus-storage/IP-2-The-Group_2735958d.pdf,uploaded,linked,1f409e8124206f95f43bc14ffd6d0865ac67c02f1f14be668f236a34d486298f,1,1,1,0,"[""uploads/sites/2/2026/04/IP-2-The-Group.pdf""]",yes,retained-canonical-source-attachment,No basename collision; retained as the canonical approved source attachment at its unique relative path.,No identical-binary duplicate detected within the canonical attachment set.,No additional linked archive-file variants were recorded for this attachment.,none
5401,IP-5-Another-Look,narcoticsanonymouswesterncape.WordPress.2026-08-16.xml,https://na.org.za/wc/wp-content/uploads/sites/2/2026/04/IP-5-Another-Look.pdf,uploads/sites/2/2026/04/IP-5-Another-Look.pdf,narcoticsanonymouswesterncape/sites/2/2026/04/IP-5-Another-Look.pdf,/home/ubuntu/webdev-static-assets/na-south-africa-unique/narcoticsanonymouswesterncape/sites/2/2026/04/IP-5-Another-Look.pdf,5,"[{""xml_export"": ""narcoticsanonymouswesterncape.WordPress.2026-08-16.xml"", ""source_id"": ""5401"", ""title"": ""IP-5-Another-Look"", ""url"": ""https://na.org.za/wc/ip-5-another-look/"", ""post_type"": ""attachment"", ""relation"": ""text-reference""}, {""xml_export"": ""narcoticsanonymouswesterncape.WordPress.2026-08-16.xml"", ""source_id"": ""4770"", ""title"": ""Downloads"", ""url"": ""https://na.org.za/wc/et_pb_layout/downloads/"", ""post_type"": ""et_pb_layout"", ""relation"": ""text-reference""}, {""xml_export"": ""narcoticsanonymouswesterncape.WordPress.2026-08-16.xml"", ""source_id"": ""4762"", ""title"": ""Toets"", ""url"": ""https://na.org.za/wc/?page_id=4762"", ""post_type"": ""page"", ""relation"": ""text-reference""}, {""xml_export"": ""narcoticsanonymouswesterncape.WordPress.2026-08-16.xml"", ""source_id"": ""4661"", ""title"": ""Downloads"", ""url"": ""https://na.org.za/wc/downloads/"", ""post_type"": ""page"", ""relation"": ""text-reference""}, {""xml_export"": ""narcoticsanonymouswesterncape.WordPress.2026-08-16.xml"", ""source_id"": ""4875"", ""title"": ""Downloads 2"", ""url"": ""https://na.org.za/wc/downloads-2/"", ""post_type"": ""page"", ""relation"": ""text-reference""}]",/manus-storage/IP-5-Another-Look_50e3b5a0.pdf,uploaded,linked,9350e825af6b4e9a1a2342c33be607c255432549922e37b1777e4fc95c825d90,1,1,1,0,"[""uploads/sites/2/2026/04/IP-5-Another-Look.pdf""]",yes,retained-canonical-source-attachment,No basename collision; retained as the canonical approved source attachment at its unique relative path.,No identical-binary duplicate detected within the canonical attachment set.,No additional linked archive-file variants were recorded for this attachment.,none
4851,istockphoto-1220573371-612x612,narcoticsanonymouswesterncape.WordPress.2026-08-16.xml,https://www.gekkodev2.co.za/wc/wp-content/uploads/sites/2/2026/01/istockphoto-1220573371-612x612-1.jpg,uploads/sites/2/2026/01/istockphoto-1220573371-612x612-1.jpg,narcoticsanonymouswesterncape/sites/2/2026/01/istockphoto-1220573371-612x612-1.jpg,/home/ubuntu/webdev-static-assets/na-south-africa-unique/narcoticsanonymouswesterncape/sites/2/2026/01/istockphoto-1220573371-612x612-1.jpg,1,"[{""xml_export"": ""narcoticsanonymouswesterncape.WordPress.2026-08-16.xml"", ""source_id"": ""4851"", ""title"": ""istockphoto-1220573371-612x612"", ""url"": ""https://na.org.za/wc/istockphoto-1220573371-612x612/"", ""post_type"": ""attachment"", ""relation"": ""text-reference""}]",/manus-storage/istockphoto-1220573371-612x612-1_7bea7242.jpg,uploaded,linked,441686a8beab4b033dbc2b52617584326c81f89b14ef55d2ff95fd63568a3fdf,1,1,1,0,"[""uploads/sites/2/2026/01/istockphoto-1220573371-612x612-1.jpg""]",yes,retained-canonical-source-attachment,No basename collision; retained as the canonical approved source attachment at its unique relative path.,No identical-binary duplicate detected within the canonical attachment set.,No additional linked archive-file variants were recorded for this attachment.,none
5402,IP-6-Recovery-Relapse,narcoticsanonymouswesterncape.WordPress.2026-08-16.xml,https://na.org.za/wc/wp-content/uploads/sites/2/2026/04/IP-6-Recovery-Relapse.pdf,uploads/sites/2/2026/04/IP-6-Recovery-Relapse.pdf,narcoticsanonymouswesterncape/sites/2/2026/04/IP-6-Recovery-Relapse.pdf,/home/ubuntu/webdev-static-assets/na-south-africa-unique/narcoticsanonymouswesterncape/sites/2/2026/04/IP-6-Recovery-Relapse.pdf,2,"[{""xml_export"": ""narcoticsanonymouswesterncape.WordPress.2026-08-16.xml"", ""source_id"": ""5402"", ""title"": ""IP-6-Recovery-Relapse"", ""url"": ""https://na.org.za/wc/ip-6-recovery-relapse/"", ""post_type"": ""attachment"", ""relation"": ""text-reference""}, {""xml_export"": ""narcoticsanonymouswesterncape.WordPress.2026-08-16.xml"", ""source_id"": ""4762"", ""title"": ""Toets"", ""url"": ""https://na.org.za/wc/?page_id=4762"", ""post_type"": ""page"", ""relation"": ""text-reference""}]",/manus-storage/IP-6-Recovery-Relapse_c7ad4a8e.pdf,uploaded,linked,b5801c90cd43a5a4c4e60d1ca04f1d44ab2e1f9e1424bc7687e44be6211b8c30,1,1,1,0,"[""uploads/sites/2/2026/04/IP-6-Recovery-Relapse.pdf""]",yes,retained-canonical-source-attachment,No basename collision; retained as the canonical approved source attachment at its unique relative path.,No identical-binary duplicate detected within the canonical attachment set.,No additional linked archive-file variants were recorded for this attachment.,none
5403,IP-7-Am-I-an-Addict,narcoticsanonymouswesterncape.WordPress.2026-08-16.xml,https://na.org.za/wc/wp-content/uploads/sites/2/2026/04/IP-7-Am-I-an-Addict.pdf,uploads/sites/2/2026/04/IP-7-Am-I-an-Addict.pdf,narcoticsanonymouswesterncape/sites/2/2026/04/IP-7-Am-I-an-Addict.pdf,/home/ubuntu/webdev-static-assets/na-south-africa-unique/narcoticsanonymouswesterncape/sites/2/2026/04/IP-7-Am-I-an-Addict.pdf,2,"[{""xml_export"": ""narcoticsanonymouswesterncape.WordPress.2026-08-16.xml"", ""source_id"": ""5403"", ""title"": ""IP-7-Am-I-an-Addict"", ""url"": ""https://na.org.za/wc/ip-7-am-i-an-addict/"", ""post_type"": ""attachment"", ""relation"": ""text-reference""}, {""xml_export"": ""narcoticsanonymouswesterncape.WordPress.2026-08-16.xml"", ""source_id"": ""4762"", ""title"": ""Toets"", ""url"": ""https://na.org.za/wc/?page_id=4762"", ""post_type"": ""page"", ""relation"": ""text-reference""}]",/manus-storage/IP-7-Am-I-an-Addict_f7035f9f.pdf,uploaded,linked,17f13ed8c453cb59be3b2f523c78227b00ae7029b4a46596897751911f37db04,1,1,1,0,"[""uploads/sites/2/2026/04/IP-7-Am-I-an-Addict.pdf""]",yes,retained-canonical-source-attachment,No basename collision; retained as the canonical approved source attachment at its unique relative path.,No identical-binary duplicate detected within the canonical attachment set.,No additional linked archive-file variants were recorded for this attachment.,none
5404,IP-8-Just-for-Today,narcoticsanonymouswesterncape.WordPress.2026-08-16.xml,https://na.org.za/wc/wp-content/uploads/sites/2/2026/04/IP-8-Just-for-Today.pdf,uploads/sites/2/2026/04/IP-8-Just-for-Today.pdf,narcoticsanonymouswesterncape/sites/2/2026/04/IP-8-Just-for-Today.pdf,/home/ubuntu/webdev-static-assets/na-south-africa-unique/narcoticsanonymouswesterncape/sites/2/2026/04/IP-8-Just-for-Today.pdf,6,"[{""xml_export"": ""narcoticsanonymouswesterncape.WordPress.2026-08-16.xml"", ""source_id"": ""5404"", ""title"": ""IP-8-Just-for-Today"", ""url"": ""https://na.org.za/wc/ip-8-just-for-today/"", ""post_type"": ""attachment"", ""relation"": ""text-reference""}, {""xml_export"": ""narcoticsanonymouswesterncape.WordPress.2026-08-16.xml"", ""source_id"": ""4770"", ""title"": ""Downloads"", ""url"": ""https://na.org.za/wc/et_pb_layout/downloads/"", ""post_type"": ""et_pb_layout"", ""relation"": ""text-reference""}, {""xml_export"": ""narcoticsanonymouswesterncape.WordPress.2026-08-16.xml"", ""source_id"": ""4762"", ""title"": ""Toets"", ""url"": ""https://na.org.za/wc/?page_id=4762"", ""post_type"": ""page"", ""relation"": ""text-reference""}, {""xml_export"": ""narcoticsanonymouswesterncape.WordPress.2026-08-16.xml"", ""source_id"": ""4661"", ""title"": ""Downloads"", ""url"": ""https://na.org.za/wc/downloads/"", ""post_type"": ""page"", ""relation"": ""text-reference""}, {""xml_export"": ""narcoticsanonymouswesterncape.WordPress.2026-08-16.xml"", ""source_id"": ""4803"", ""title"": ""Welcome"", ""url"": ""https://na.org.za/wc/welcome/"", ""post_type"": ""page"", ""relation"": ""text-reference""}, {""xml_export"": ""narcoticsanonymouswesterncape.WordPress.2026-08-16.xml"", ""source_id"": ""4875"", ""title"": ""Downloads 2"", ""url"": ""https://na.org.za/wc/downloads-2/"", ""post_type"": ""page"", ""relation"": ""text-reference""}]",/manus-storage/IP-8-Just-for-Today_dd174ac1.pdf,uploaded,linked,e1edaa95aec84bc2116ead35b0c7cc5cb6410590841445a504e9d55553ab3b06,1,1,1,0,"[""uploads/sites/2/2026/04/IP-8-Just-for-Today.pdf""]",yes,retained-canonical-source-attachment,No basename collision; retained as the canonical approved source attachment at its unique relative path.,No identical-binary duplicate detected within the canonical attachment set.,No additional linked archive-file variants were recorded for this attachment.,none
5405,IP-9-Living-the-Program,narcoticsanonymouswesterncape.WordPress.2026-08-16.xml,https://na.org.za/wc/wp-content/uploads/sites/2/2026/04/IP-9-Living-the-Program.pdf,uploads/sites/2/2026/04/IP-9-Living-the-Program.pdf,narcoticsanonymouswesterncape/sites/2/2026/04/IP-9-Living-the-Program.pdf,/home/ubuntu/webdev-static-assets/na-south-africa-unique/narcoticsanonymouswesterncape/sites/2/2026/04/IP-9-Living-the-Program.pdf,5,"[{""xml_export"": ""narcoticsanonymouswesterncape.WordPress.2026-08-16.xml"", ""source_id"": ""5405"", ""title"": ""IP-9-Living-the-Program"", ""url"": ""https://na.org.za/wc/ip-9-living-the-program/"", ""post_type"": ""attachment"", ""relation"": ""text-reference""}, {""xml_export"": ""narcoticsanonymouswesterncape.WordPress.2026-08-16.xml"", ""source_id"": ""4770"", ""title"": ""Downloads"", ""url"": ""https://na.org.za/wc/et_pb_layout/downloads/"", ""post_type"": ""et_pb_layout"", ""relation"": ""text-reference""}, {""xml_export"": ""narcoticsanonymouswesterncape.WordPress.2026-08-16.xml"", ""source_id"": ""4762"", ""title"": ""Toets"", ""url"": ""https://na.org.za/wc/?page_id=4762"", ""post_type"": ""page"", ""relation"": ""text-reference""}, {""xml_export"": ""narcoticsanonymouswesterncape.WordPress.2026-08-16.xml"", ""source_id"": ""4661"", ""title"": ""Downloads"", ""url"": ""https://na.org.za/wc/downloads/"", ""post_type"": ""page"", ""relation"": ""text-reference""}, {""xml_export"": ""narcoticsanonymouswesterncape.WordPress.2026-08-16.xml"", ""source_id"": ""4875"", ""title"": ""Downloads 2"", ""url"": ""https://na.org.za/wc/downloads-2/"", ""post_type"": ""page"", ""relation"": ""text-reference""}]",/manus-storage/IP-9-Living-the-Program_606848f8.pdf,uploaded,linked,012794caee83c95939daa07e50cb0bb73efd0eb97e4c34b25f837228caf3f001,1,1,1,0,"[""uploads/sites/2/2026/04/IP-9-Living-the-Program.pdf""]",yes,retained-canonical-source-attachment,No basename collision; retained as the canonical approved source attachment at its unique relative path.,No identical-binary duplicate detected within the canonical attachment set.,No additional linked archive-file variants were recorded for this attachment.,none
5406,IP-11-Sponsorship,narcoticsanonymouswesterncape.WordPress.2026-08-16.xml,https://na.org.za/wc/wp-content/uploads/sites/2/2026/04/IP-11-Sponsorship.pdf,uploads/sites/2/2026/04/IP-11-Sponsorship.pdf,narcoticsanonymouswesterncape/sites/2/2026/04/IP-11-Sponsorship.pdf,/home/ubuntu/webdev-static-assets/na-south-africa-unique/narcoticsanonymouswesterncape/sites/2/2026/04/IP-11-Sponsorship.pdf,5,"[{""xml_export"": ""narcoticsanonymouswesterncape.WordPress.2026-08-16.xml"", ""source_id"": ""5406"", ""title"": ""IP-11-Sponsorship"", ""url"": ""https://na.org.za/wc/ip-11-sponsorship/"", ""post_type"": ""attachment"", ""relation"": ""text-reference""}, {""xml_export"": ""narcoticsanonymouswesterncape.WordPress.2026-08-16.xml"", ""source_id"": ""4770"", ""title"": ""Downloads"", ""url"": ""https://na.org.za/wc/et_pb_layout/downloads/"", ""post_type"": ""et_pb_layout"", ""relation"": ""text-reference""}, {""xml_export"": ""narcoticsanonymouswesterncape.WordPress.2026-08-16.xml"", ""source_id"": ""4762"", ""title"": ""Toets"", ""url"": ""https://na.org.za/wc/?page_id=4762"", ""post_type"": ""page"", ""relation"": ""text-reference""}, {""xml_export"": ""narcoticsanonymouswesterncape.WordPress.2026-08-16.xml"", ""source_id"": ""4661"", ""title"": ""Downloads"", ""url"": ""https://na.org.za/wc/downloads/"", ""post_type"": ""page"", ""relation"": ""text-reference""}, {""xml_export"": ""narcoticsanonymouswesterncape.WordPress.2026-08-16.xml"", ""source_id"": ""4875"", ""title"": ""Downloads 2"", ""url"": ""https://na.org.za/wc/downloads-2/"", ""post_type"": ""page"", ""relation"": ""text-reference""}]",/manus-storage/IP-11-Sponsorship_d9dfd309.pdf,uploaded,linked,7683b1172e0d86d6d19f4d8de921f131153d72bfc8336fee711f4de511e4c488,1,1,1,0,"[""uploads/sites/2/2026/04/IP-11-Sponsorship.pdf""]",yes,retained-canonical-source-attachment,No basename collision; retained as the canonical approved source attachment at its unique relative path.,No identical-binary duplicate detected within the canonical attachment set.,No additional linked archive-file variants were recorded for this attachment.,none
5407,IP-12-The-Triangle-of-Self-Obsession,narcoticsanonymouswesterncape.WordPress.2026-08-16.xml,https://na.org.za/wc/wp-content/uploads/sites/2/2026/04/IP-12-The-Triangle-of-Self-Obsession.pdf,uploads/sites/2/2026/04/IP-12-The-Triangle-of-Self-Obsession.pdf,narcoticsanonymouswesterncape/sites/2/2026/04/IP-12-The-Triangle-of-Self-Obsession.pdf,/home/ubuntu/webdev-static-assets/na-south-africa-unique/narcoticsanonymouswesterncape/sites/2/2026/04/IP-12-The-Triangle-of-Self-Obsession.pdf,5,"[{""xml_export"": ""narcoticsanonymouswesterncape.WordPress.2026-08-16.xml"", ""source_id"": ""5407"", ""title"": ""IP-12-The-Triangle-of-Self-Obsession"", ""url"": ""https://na.org.za/wc/ip-12-the-triangle-of-self-obsession/"", ""post_type"": ""attachment"", ""relation"": ""text-reference""}, {""xml_export"": ""narcoticsanonymouswesterncape.WordPress.2026-08-16.xml"", ""source_id"": ""4770"", ""title"": ""Downloads"", ""url"": ""https://na.org.za/wc/et_pb_layout/downloads/"", ""post_type"": ""et_pb_layout"", ""relation"": ""text-reference""}, {""xml_export"": ""narcoticsanonymouswesterncape.WordPress.2026-08-16.xml"", ""source_id"": ""4762"", ""title"": ""Toets"", ""url"": ""https://na.org.za/wc/?page_id=4762"", ""post_type"": ""page"", ""relation"": ""text-reference""}, {""xml_export"": ""narcoticsanonymouswesterncape.WordPress.2026-08-16.xml"", ""source_id"": ""4661"", ""title"": ""Downloads"", ""url"": ""https://na.org.za/wc/downloads/"", ""post_type"": ""page"", ""relation"": ""text-reference""}, {""xml_export"": ""narcoticsanonymouswesterncape.WordPress.2026-08-16.xml"", ""source_id"": ""4875"", ""title"": ""Downloads 2"", ""url"": ""https://na.org.za/wc/downloads-2/"", ""post_type"": ""page"", ""relation"": ""text-reference""}]",/manus-storage/IP-12-The-Triangle-of-Self-Obsession_e1df5793.pdf,uploaded,linked,b386a10a184dec9f277cce7fc866bfe345977fd52da9517c3ff13dd6a9c30933,1,1,1,0,"[""uploads/sites/2/2026/04/IP-12-The-Triangle-of-Self-Obsession.pdf""]",yes,retained-canonical-source-attachment,No basename collision; retained as the canonical approved source attachment at its unique relative path.,No identical-binary duplicate detected within the canonical attachment set.,No additional linked archive-file variants were recorded for this attachment.,none
5408,IP-14-One-Addicts-Experience...,narcoticsanonymouswesterncape.WordPress.2026-08-16.xml,https://na.org.za/wc/wp-content/uploads/sites/2/2026/04/IP-14-One-Addicts-Experience.pdf,uploads/sites/2/2026/04/IP-14-One-Addicts-Experience.pdf,narcoticsanonymouswesterncape/sites/2/2026/04/IP-14-One-Addicts-Experience.pdf,/home/ubuntu/webdev-static-assets/na-south-africa-unique/narcoticsanonymouswesterncape/sites/2/2026/04/IP-14-One-Addicts-Experience.pdf,4,"[{""xml_export"": ""narcoticsanonymouswesterncape.WordPress.2026-08-16.xml"", ""source_id"": ""5408"", ""title"": ""IP-14-One-Addicts-Experience..."", ""url"": ""https://na.org.za/wc/ip-14-one-addicts-experience/"", ""post_type"": ""attachment"", ""relation"": ""text-reference""}, {""xml_export"": ""narcoticsanonymouswesterncape.WordPress.2026-08-16.xml"", ""source_id"": ""4770"", ""title"": ""Downloads"", ""url"": ""https://na.org.za/wc/et_pb_layout/downloads/"", ""post_type"": ""et_pb_layout"", ""relation"": ""text-reference""}, {""xml_export"": ""narcoticsanonymouswesterncape.WordPress.2026-08-16.xml"", ""source_id"": ""4661"", ""title"": ""Downloads"", ""url"": ""https://na.org.za/wc/downloads/"", ""post_type"": ""page"", ""relation"": ""text-reference""}, {""xml_export"": ""narcoticsanonymouswesterncape.WordPress.2026-08-16.xml"", ""source_id"": ""4875"", ""title"": ""Downloads 2"", ""url"": ""https://na.org.za/wc/downloads-2/"", ""post_type"": ""page"", ""relation"": ""text-reference""}]",/manus-storage/IP-14-One-Addicts-Experience_cf037922.pdf,uploaded,linked,386870257243c23785c55ac5e7bcb4774abf44a9a21ca65557544046962ddee8,1,1,1,0,"[""uploads/sites/2/2026/04/IP-14-One-Addicts-Experience.pdf""]",yes,retained-canonical-source-attachment,No basename collision; retained as the canonical approved source attachment at its unique relative path.,No identical-binary duplicate detected within the canonical attachment set.,No additional linked archive-file variants were recorded for this attachment.,none
5409,IP-15-PI-and-the-NA-Member,narcoticsanonymouswesterncape.WordPress.2026-08-16.xml,https://na.org.za/wc/wp-content/uploads/sites/2/2026/04/IP-15-PI-and-the-NA-Member.pdf,uploads/sites/2/2026/04/IP-15-PI-and-the-NA-Member.pdf,narcoticsanonymouswesterncape/sites/2/2026/04/IP-15-PI-and-the-NA-Member.pdf,/home/ubuntu/webdev-static-assets/na-south-africa-unique/narcoticsanonymouswesterncape/sites/2/2026/04/IP-15-PI-and-the-NA-Member.pdf,5,"[{""xml_export"": ""narcoticsanonymouswesterncape.WordPress.2026-08-16.xml"", ""source_id"": ""5409"", ""title"": ""IP-15-PI-and-the-NA-Member"", ""url"": ""https://na.org.za/wc/ip-15-pi-and-the-na-member/"", ""post_type"": ""attachment"", ""relation"": ""text-reference""}, {""xml_export"": ""narcoticsanonymouswesterncape.WordPress.2026-08-16.xml"", ""source_id"": ""4770"", ""title"": ""Downloads"", ""url"": ""https://na.org.za/wc/et_pb_layout/downloads/"", ""post_type"": ""et_pb_layout"", ""relation"": ""text-reference""}, {""xml_export"": ""narcoticsanonymouswesterncape.WordPress.2026-08-16.xml"", ""source_id"": ""4762"", ""title"": ""Toets"", ""url"": ""https://na.org.za/wc/?page_id=4762"", ""post_type"": ""page"", ""relation"": ""text-reference""}, {""xml_export"": ""narcoticsanonymouswesterncape.WordPress.2026-08-16.xml"", ""source_id"": ""4661"", ""title"": ""Downloads"", ""url"": ""https://na.org.za/wc/downloads/"", ""post_type"": ""page"", ""relation"": ""text-reference""}, {""xml_export"": ""narcoticsanonymouswesterncape.WordPress.2026-08-16.xml"", ""source_id"": ""4875"", ""title"": ""Downloads 2"", ""url"": ""https://na.org.za/wc/downloads-2/"", ""post_type"": ""page"", ""relation"": ""text-reference""}]",/manus-storage/IP-15-PI-and-the-NA-Member_c325d122.pdf,uploaded,linked,00d8de3a83c459c0692f7068b557734c3532037bf8c1604e8a5f401c5ea483bd,1,1,1,0,"[""uploads/sites/2/2026/04/IP-15-PI-and-the-NA-Member.pdf""]",yes,retained-canonical-source-attachment,No basename collision; retained as the canonical approved source attachment at its unique relative path.,No identical-binary duplicate detected within the canonical attachment set.,No additional linked archive-file variants were recorded for this attachment.,none
5410,IP-16-For-the-Newcomer,narcoticsanonymouswesterncape.WordPress.2026-08-16.xml,https://na.org.za/wc/wp-content/uploads/sites/2/2026/04/IP-16-For-the-Newcomer.pdf,uploads/sites/2/2026/04/IP-16-For-the-Newcomer.pdf,narcoticsanonymouswesterncape/sites/2/2026/04/IP-16-For-the-Newcomer.pdf,/home/ubuntu/webdev-static-assets/na-south-africa-unique/narcoticsanonymouswesterncape/sites/2/2026/04/IP-16-For-the-Newcomer.pdf,2,"[{""xml_export"": ""narcoticsanonymouswesterncape.WordPress.2026-08-16.xml"", ""source_id"": ""5410"", ""title"": ""IP-16-For-the-Newcomer"", ""url"": ""https://na.org.za/wc/ip-16-for-the-newcomer/"", ""post_type"": ""attachment"", ""relation"": ""text-reference""}, {""xml_export"": ""narcoticsanonymouswesterncape.WordPress.2026-08-16.xml"", ""source_id"": ""4762"", ""title"": ""Toets"", ""url"": ""https://na.org.za/wc/?page_id=4762"", ""post_type"": ""page"", ""relation"": ""text-reference""}]",/manus-storage/IP-16-For-the-Newcomer_392da13c.pdf,uploaded,linked,4f458b54ee8c2fd969ca27c67ce7ed59b754cbe05d71205aa9f5766896a2f3b3,1,1,1,0,"[""uploads/sites/2/2026/04/IP-16-For-the-Newcomer.pdf""]",yes,retained-canonical-source-attachment,No basename collision; retained as the canonical approved source attachment at its unique relative path.,No identical-binary duplicate detected within the canonical attachment set.,No additional linked archive-file variants were recorded for this attachment.,none
5411,IP-17-For-Those-in-Treatment,narcoticsanonymouswesterncape.WordPress.2026-08-16.xml,https://na.org.za/wc/wp-content/uploads/sites/2/2026/04/IP-17-For-Those-in-Treatment.pdf,uploads/sites/2/2026/04/IP-17-For-Those-in-Treatment.pdf,narcoticsanonymouswesterncape/sites/2/2026/04/IP-17-For-Those-in-Treatment.pdf,/home/ubuntu/webdev-static-assets/na-south-africa-unique/narcoticsanonymouswesterncape/sites/2/2026/04/IP-17-For-Those-in-Treatment.pdf,6,"[{""xml_export"": ""narcoticsanonymouswesterncape.WordPress.2026-08-16.xml"", ""source_id"": ""5411"", ""title"": ""IP-17-For-Those-in-Treatment"", ""url"": ""https://na.org.za/wc/ip-17-for-those-in-treatment/"", ""post_type"": ""attachment"", ""relation"": ""text-reference""}, {""xml_export"": ""narcoticsanonymouswesterncape.WordPress.2026-08-16.xml"", ""source_id"": ""4770"", ""title"": ""Downloads"", ""url"": ""https://na.org.za/wc/et_pb_layout/downloads/"", ""post_type"": ""et_pb_layout"", ""relation"": ""text-reference""}, {""xml_export"": ""narcoticsanonymouswesterncape.WordPress.2026-08-16.xml"", ""source_id"": ""4762"", ""title"": ""Toets"", ""url"": ""https://na.org.za/wc/?page_id=4762"", ""post_type"": ""page"", ""relation"": ""text-reference""}, {""xml_export"": ""narcoticsanonymouswesterncape.WordPress.2026-08-16.xml"", ""source_id"": ""4661"", ""title"": ""Downloads"", ""url"": ""https://na.org.za/wc/downloads/"", ""post_type"": ""page"", ""relation"": ""text-reference""}, {""xml_export"": ""narcoticsanonymouswesterncape.WordPress.2026-08-16.xml"", ""source_id"": ""4803"", ""title"": ""Welcome"", ""url"": ""https://na.org.za/wc/welcome/"", ""post_type"": ""page"", ""relation"": ""text-reference""}, {""xml_export"": ""narcoticsanonymouswesterncape.WordPress.2026-08-16.xml"", ""source_id"": ""4875"", ""title"": ""Downloads 2"", ""url"": ""https://na.org.za/wc/downloads-2/"", ""post_type"": ""page"", ""relation"": ""text-reference""}]",/manus-storage/IP-17-For-Those-in-Treatment_f6412d99.pdf,uploaded,linked,e169158c4c5c4f80e06c0c18b99cac4f0e5163dfcd6cab74b4c4fc34a32d4f0d,1,1,1,0,"[""uploads/sites/2/2026/04/IP-17-For-Those-in-Treatment.pdf""]",yes,retained-canonical-source-attachment,No basename collision; retained as the canonical approved source attachment at its unique relative path.,No identical-binary duplicate detected within the canonical attachment set.,No additional linked archive-file variants were recorded for this attachment.,none
5412,IP-19-Self-Acceptance,narcoticsanonymouswesterncape.WordPress.2026-08-16.xml,https://na.org.za/wc/wp-content/uploads/sites/2/2026/04/IP-19-Self-Acceptance.pdf,uploads/sites/2/2026/04/IP-19-Self-Acceptance.pdf,narcoticsanonymouswesterncape/sites/2/2026/04/IP-19-Self-Acceptance.pdf,/home/ubuntu/webdev-static-assets/na-south-africa-unique/narcoticsanonymouswesterncape/sites/2/2026/04/IP-19-Self-Acceptance.pdf,7,"[{""xml_export"": ""narcoticsanonymouswesterncape.WordPress.2026-08-16.xml"", ""source_id"": ""5412"", ""title"": ""IP-19-Self-Acceptance"", ""url"": ""https://na.org.za/wc/ip-19-self-acceptance/"", ""post_type"": ""attachment"", ""relation"": ""text-reference""}, {""xml_export"": ""narcoticsanonymouswesterncape.WordPress.2026-08-16.xml"", ""source_id"": ""4770"", ""title"": ""Downloads"", ""url"": ""https://na.org.za/wc/et_pb_layout/downloads/"", ""post_type"": ""et_pb_layout"", ""relation"": ""text-reference""}, {""xml_export"": ""narcoticsanonymouswesterncape.WordPress.2026-08-16.xml"", ""source_id"": ""4771"", ""title"": ""Literature"", ""url"": ""https://na.org.za/wc/et_pb_layout/literature/"", ""post_type"": ""et_pb_layout"", ""relation"": ""text-reference""}, {""xml_export"": ""narcoticsanonymouswesterncape.WordPress.2026-08-16.xml"", ""source_id"": ""886"", ""title"": ""NA Literature"", ""url"": ""https://na.org.za/wc/na-literature/"", ""post_type"": ""page"", ""relation"": ""text-reference""}, {""xml_export"": ""narcoticsanonymouswesterncape.WordPress.2026-08-16.xml"", ""source_id"": ""4762"", ""title"": ""Toets"", ""url"": ""https://na.org.za/wc/?page_id=4762"", ""post_type"": ""page"", ""relation"": ""text-reference""}, {""xml_export"": ""narcoticsanonymouswesterncape.WordPress.2026-08-16.xml"", ""source_id"": ""4661"", ""title"": ""Downloads"", ""url"": ""https://na.org.za/wc/downloads/"", ""post_type"": ""page"", ""relation"": ""text-reference""}, {""xml_export"": ""narcoticsanonymouswesterncape.WordPress.2026-08-16.xml"", ""source_id"": ""4875"", ""title"": ""Downloads 2"", ""url"": ""https://na.org.za/wc/downloads-2/"", ""post_type"": ""page"", ""relation"": ""text-reference""}]",/manus-storage/IP-19-Self-Acceptance_204e539e.pdf,uploaded,linked,12c2130f7c0d2b396381224881a1b7f99b125e6307f01c9aad733285a2ee6a90,1,1,1,0,"[""uploads/sites/2/2026/04/IP-19-Self-Acceptance.pdf""]",yes,retained-canonical-source-attachment,No basename collision; retained as the canonical approved source attachment at its unique relative path.,No identical-binary duplicate detected within the canonical attachment set.,No additional linked archive-file variants were recorded for this attachment.,none
5413,IP-20-HI-Service-the-NA-Member,narcoticsanonymouswesterncape.WordPress.2026-08-16.xml,https://na.org.za/wc/wp-content/uploads/sites/2/2026/04/IP-20-HI-Service-the-NA-Member.pdf,uploads/sites/2/2026/04/IP-20-HI-Service-the-NA-Member.pdf,narcoticsanonymouswesterncape/sites/2/2026/04/IP-20-HI-Service-the-NA-Member.pdf,/home/ubuntu/webdev-static-assets/na-south-africa-unique/narcoticsanonymouswesterncape/sites/2/2026/04/IP-20-HI-Service-the-NA-Member.pdf,5,"[{""xml_export"": ""narcoticsanonymouswesterncape.WordPress.2026-08-16.xml"", ""source_id"": ""5413"", ""title"": ""IP-20-HI-Service-the-NA-Member"", ""url"": ""https://na.org.za/wc/ip-20-hi-service-the-na-member/"", ""post_type"": ""attachment"", ""relation"": ""text-reference""}, {""xml_export"": ""narcoticsanonymouswesterncape.WordPress.2026-08-16.xml"", ""source_id"": ""4770"", ""title"": ""Downloads"", ""url"": ""https://na.org.za/wc/et_pb_layout/downloads/"", ""post_type"": ""et_pb_layout"", ""relation"": ""text-reference""}, {""xml_export"": ""narcoticsanonymouswesterncape.WordPress.2026-08-16.xml"", ""source_id"": ""4762"", ""title"": ""Toets"", ""url"": ""https://na.org.za/wc/?page_id=4762"", ""post_type"": ""page"", ""relation"": ""text-reference""}, {""xml_export"": ""narcoticsanonymouswesterncape.WordPress.2026-08-16.xml"", ""source_id"": ""4661"", ""title"": ""Downloads"", ""url"": ""https://na.org.za/wc/downloads/"", ""post_type"": ""page"", ""relation"": ""text-reference""}, {""xml_export"": ""narcoticsanonymouswesterncape.WordPress.2026-08-16.xml"", ""source_id"": ""4875"", ""title"": ""Downloads 2"", ""url"": ""https://na.org.za/wc/downloads-2/"", ""post_type"": ""page"", ""relation"": ""text-reference""}]",/manus-storage/IP-20-HI-Service-the-NA-Member_aae47bf2.pdf,uploaded,linked,d8fc8ffdb0505647be5f9f121e673956b27cfa10ef56d9dfd975f2cb1ca3ff58,1,1,1,0,"[""uploads/sites/2/2026/04/IP-20-HI-Service-the-NA-Member.pdf""]",yes,retained-canonical-source-attachment,No basename collision; retained as the canonical approved source attachment at its unique relative path.,No identical-binary duplicate detected within the canonical attachment set.,No additional linked archive-file variants were recorded for this attachment.,none
5414,IP-21-The-Loner-Staying-Clean-in-Isolation,narcoticsanonymouswesterncape.WordPress.2026-08-16.xml,https://na.org.za/wc/wp-content/uploads/sites/2/2026/04/IP-21-The-Loner-Staying-Clean-in-Isolation.pdf,uploads/sites/2/2026/04/IP-21-The-Loner-Staying-Clean-in-Isolation.pdf,narcoticsanonymouswesterncape/sites/2/2026/04/IP-21-The-Loner-Staying-Clean-in-Isolation.pdf,/home/ubuntu/webdev-static-assets/na-south-africa-unique/narcoticsanonymouswesterncape/sites/2/2026/04/IP-21-The-Loner-Staying-Clean-in-Isolation.pdf,5,"[{""xml_export"": ""narcoticsanonymouswesterncape.WordPress.2026-08-16.xml"", ""source_id"": ""5414"", ""title"": ""IP-21-The-Loner-Staying-Clean-in-Isolation"", ""url"": ""https://na.org.za/wc/ip-21-the-loner-staying-clean-in-isolation/"", ""post_type"": ""attachment"", ""relation"": ""text-reference""}, {""xml_export"": ""narcoticsanonymouswesterncape.WordPress.2026-08-16.xml"", ""source_id"": ""4770"", ""title"": ""Downloads"", ""url"": ""https://na.org.za/wc/et_pb_layout/downloads/"", ""post_type"": ""et_pb_layout"", ""relation"": ""text-reference""}, {""xml_export"": ""narcoticsanonymouswesterncape.WordPress.2026-08-16.xml"", ""source_id"": ""4762"", ""title"": ""Toets"", ""url"": ""https://na.org.za/wc/?page_id=4762"", ""post_type"": ""page"", ""relation"": ""text-reference""}, {""xml_export"": ""narcoticsanonymouswesterncape.WordPress.2026-08-16.xml"", ""source_id"": ""4661"", ""title"": ""Downloads"", ""url"": ""https://na.org.za/wc/downloads/"", ""post_type"": ""page"", ""relation"": ""text-reference""}, {""xml_export"": ""narcoticsanonymouswesterncape.WordPress.2026-08-16.xml"", ""source_id"": ""4875"", ""title"": ""Downloads 2"", ""url"": ""https://na.org.za/wc/downloads-2/"", ""post_type"": ""page"", ""relation"": ""text-reference""}]",/manus-storage/IP-21-The-Loner-Staying-Clean-in-Isolation_b0e533f4.pdf,uploaded,linked,fcafacc6da56c2d8cf90d952d269efda06b1bb3a11e8db5ce38cf066188e1e6e,1,1,1,0,"[""uploads/sites/2/2026/04/IP-21-The-Loner-Staying-Clean-in-Isolation.pdf""]",yes,retained-canonical-source-attachment,No basename collision; retained as the canonical approved source attachment at its unique relative path.,No identical-binary duplicate detected within the canonical attachment set.,No additional linked archive-file variants were recorded for this attachment.,none
5415,IP-22-Welcome-to-NA,narcoticsanonymouswesterncape.WordPress.2026-08-16.xml,https://na.org.za/wc/wp-content/uploads/sites/2/2026/04/IP-22-Welcome-to-NA.pdf,uploads/sites/2/2026/04/IP-22-Welcome-to-NA.pdf,narcoticsanonymouswesterncape/sites/2/2026/04/IP-22-Welcome-to-NA.pdf,/home/ubuntu/webdev-static-assets/na-south-africa-unique/narcoticsanonymouswesterncape/sites/2/2026/04/IP-22-Welcome-to-NA.pdf,2,"[{""xml_export"": ""narcoticsanonymouswesterncape.WordPress.2026-08-16.xml"", ""source_id"": ""5415"", ""title"": ""IP-22-Welcome-to-NA"", ""url"": ""https://na.org.za/wc/ip-22-welcome-to-na/"", ""post_type"": ""attachment"", ""relation"": ""text-reference""}, {""xml_export"": ""narcoticsanonymouswesterncape.WordPress.2026-08-16.xml"", ""source_id"": ""4762"", ""title"": ""Toets"", ""url"": ""https://na.org.za/wc/?page_id=4762"", ""post_type"": ""page"", ""relation"": ""text-reference""}]",/manus-storage/IP-22-Welcome-to-NA_5016ceb4.pdf,uploaded,linked,9d5734a7bd8cdf3bdf5583fb3e8294422b0b4b56a4f272eba07fcb05a8f16456,1,1,1,0,"[""uploads/sites/2/2026/04/IP-22-Welcome-to-NA.pdf""]",yes,retained-canonical-source-attachment,No basename collision; retained as the canonical approved source attachment at its unique relative path.,No identical-binary duplicate detected within the canonical attachment set.,No additional linked archive-file variants were recorded for this attachment.,none
5416,IP-23-Staying-Clean-on-the-Outside,narcoticsanonymouswesterncape.WordPress.2026-08-16.xml,https://na.org.za/wc/wp-content/uploads/sites/2/2026/04/IP-23-Staying-Clean-on-the-Outside.pdf,uploads/sites/2/2026/04/IP-23-Staying-Clean-on-the-Outside.pdf,narcoticsanonymouswesterncape/sites/2/2026/04/IP-23-Staying-Clean-on-the-Outside.pdf,/home/ubuntu/webdev-static-assets/na-south-africa-unique/narcoticsanonymouswesterncape/sites/2/2026/04/IP-23-Staying-Clean-on-the-Outside.pdf,5,"[{""xml_export"": ""narcoticsanonymouswesterncape.WordPress.2026-08-16.xml"", ""source_id"": ""5416"", ""title"": ""IP-23-Staying-Clean-on-the-Outside"", ""url"": ""https://na.org.za/wc/ip-23-staying-clean-on-the-outside/"", ""post_type"": ""attachment"", ""relation"": ""text-reference""}, {""xml_export"": ""narcoticsanonymouswesterncape.WordPress.2026-08-16.xml"", ""source_id"": ""4770"", ""title"": ""Downloads"", ""url"": ""https://na.org.za/wc/et_pb_layout/downloads/"", ""post_type"": ""et_pb_layout"", ""relation"": ""text-reference""}, {""xml_export"": ""narcoticsanonymouswesterncape.WordPress.2026-08-16.xml"", ""source_id"": ""4762"", ""title"": ""Toets"", ""url"": ""https://na.org.za/wc/?page_id=4762"", ""post_type"": ""page"", ""relation"": ""text-reference""}, {""xml_export"": ""narcoticsanonymouswesterncape.WordPress.2026-08-16.xml"", ""source_id"": ""4661"", ""title"": ""Downloads"", ""url"": ""https://na.org.za/wc/downloads/"", ""post_type"": ""page"", ""relation"": ""text-reference""}, {""xml_export"": ""narcoticsanonymouswesterncape.WordPress.2026-08-16.xml"", ""source_id"": ""4875"", ""title"": ""Downloads 2"", ""url"": ""https://na.org.za/wc/downloads-2/"", ""post_type"": ""page"", ""relation"": ""text-reference""}]",/manus-storage/IP-23-Staying-Clean-on-the-Outside_a43d8111.pdf,uploaded,linked,43a7daf0b689e933bc2d357d34117b8f94ae8245f48057d4ff47fa6bce7f2279,1,1,1,0,"[""uploads/sites/2/2026/04/IP-23-Staying-Clean-on-the-Outside.pdf""]",yes,retained-canonical-source-attachment,No basename collision; retained as the canonical approved source attachment at its unique relative path.,No identical-binary duplicate detected within the canonical attachment set.,No additional linked archive-file variants were recorded for this attachment.,none
5417,IP-24-Money-Matters-Self-Support-in-NA,narcoticsanonymouswesterncape.WordPress.2026-08-16.xml,https://na.org.za/wc/wp-content/uploads/sites/2/2026/04/IP-24-Money-Matters-Self-Support-in-NA.pdf,uploads/sites/2/2026/04/IP-24-Money-Matters-Self-Support-in-NA.pdf,narcoticsanonymouswesterncape/sites/2/2026/04/IP-24-Money-Matters-Self-Support-in-NA.pdf,/home/ubuntu/webdev-static-assets/na-south-africa-unique/narcoticsanonymouswesterncape/sites/2/2026/04/IP-24-Money-Matters-Self-Support-in-NA.pdf,5,"[{""xml_export"": ""narcoticsanonymouswesterncape.WordPress.2026-08-16.xml"", ""source_id"": ""5417"", ""title"": ""IP-24-Money-Matters-Self-Support-in-NA"", ""url"": ""https://na.org.za/wc/ip-24-money-matters-self-support-in-na/"", ""post_type"": ""attachment"", ""relation"": ""text-reference""}, {""xml_export"": ""narcoticsanonymouswesterncape.WordPress.2026-08-16.xml"", ""source_id"": ""4770"", ""title"": ""Downloads"", ""url"": ""https://na.org.za/wc/et_pb_layout/downloads/"", ""post_type"": ""et_pb_layout"", ""relation"": ""text-reference""}, {""xml_export"": ""narcoticsanonymouswesterncape.WordPress.2026-08-16.xml"", ""source_id"": ""4762"", ""title"": ""Toets"", ""url"": ""https://na.org.za/wc/?page_id=4762"", ""post_type"": ""page"", ""relation"": ""text-reference""}, {""xml_export"": ""narcoticsanonymouswesterncape.WordPress.2026-08-16.xml"", ""source_id"": ""4661"", ""title"": ""Downloads"", ""url"": ""https://na.org.za/wc/downloads/"", ""post_type"": ""page"", ""relation"": ""text-reference""}, {""xml_export"": ""narcoticsanonymouswesterncape.WordPress.2026-08-16.xml"", ""source_id"": ""4875"", ""title"": ""Downloads 2"", ""url"": ""https://na.org.za/wc/downloads-2/"", ""post_type"": ""page"", ""relation"": ""text-reference""}]",/manus-storage/IP-24-Money-Matters-Self-Support-in-NA_068b6f38.pdf,uploaded,linked,ef72e252598f52f52c434edd72713332d092b8421f90bb48d3d411e77ebfcf22,1,1,1,0,"[""uploads/sites/2/2026/04/IP-24-Money-Matters-Self-Support-in-NA.pdf""]",yes,retained-canonical-source-attachment,No basename collision; retained as the canonical approved source attachment at its unique relative path.,No identical-binary duplicate detected within the canonical attachment set.,No additional linked archive-file variants were recorded for this attachment.,none
5418,IP-26-Accessibility-for-Those-with-Additional-Needs,narcoticsanonymouswesterncape.WordPress.2026-08-16.xml,https://na.org.za/wc/wp-content/uploads/sites/2/2026/04/IP-26-Accessibility-for-Those-with-Additional-Needs.pdf,uploads/sites/2/2026/04/IP-26-Accessibility-for-Those-with-Additional-Needs.pdf,narcoticsanonymouswesterncape/sites/2/2026/04/IP-26-Accessibility-for-Those-with-Additional-Needs.pdf,/home/ubuntu/webdev-static-assets/na-south-africa-unique/narcoticsanonymouswesterncape/sites/2/2026/04/IP-26-Accessibility-for-Those-with-Additional-Needs.pdf,5,"[{""xml_export"": ""narcoticsanonymouswesterncape.WordPress.2026-08-16.xml"", ""source_id"": ""5418"", ""title"": ""IP-26-Accessibility-for-Those-with-Additional-Needs"", ""url"": ""https://na.org.za/wc/ip-26-accessibility-for-those-with-additional-needs/"", ""post_type"": ""attachment"", ""relation"": ""text-reference""}, {""xml_export"": ""narcoticsanonymouswesterncape.WordPress.2026-08-16.xml"", ""source_id"": ""4770"", ""title"": ""Downloads"", ""url"": ""https://na.org.za/wc/et_pb_layout/downloads/"", ""post_type"": ""et_pb_layout"", ""relation"": ""text-reference""}, {""xml_export"": ""narcoticsanonymouswesterncape.WordPress.2026-08-16.xml"", ""source_id"": ""4762"", ""title"": ""Toets"", ""url"": ""https://na.org.za/wc/?page_id=4762"", ""post_type"": ""page"", ""relation"": ""text-reference""}, {""xml_export"": ""narcoticsanonymouswesterncape.WordPress.2026-08-16.xml"", ""source_id"": ""4661"", ""title"": ""Downloads"", ""url"": ""https://na.org.za/wc/downloads/"", ""post_type"": ""page"", ""relation"": ""text-reference""}, {""xml_export"": ""narcoticsanonymouswesterncape.WordPress.2026-08-16.xml"", ""source_id"": ""4875"", ""title"": ""Downloads 2"", ""url"": ""https://na.org.za/wc/downloads-2/"", ""post_type"": ""page"", ""relation"": ""text-reference""}]",/manus-storage/IP-26-Accessibility-for-Those-with-Additional-Needs_c9aa616f.pdf,uploaded,linked,29a8f67581ea319a06d94c98fa614feffb57d0a908a143368134a035fbd20b34,1,1,1,0,"[""uploads/sites/2/2026/04/IP-26-Accessibility-for-Those-with-Additional-Needs.pdf""]",yes,retained-canonical-source-attachment,No basename collision; retained as the canonical approved source attachment at its unique relative path.,No identical-binary duplicate detected within the canonical attachment set.,No additional linked archive-file variants were recorded for this attachment.,none
5419,IP-28-Funding-NA-Services,narcoticsanonymouswesterncape.WordPress.2026-08-16.xml,https://na.org.za/wc/wp-content/uploads/sites/2/2026/04/IP-28-Funding-NA-Services.pdf,uploads/sites/2/2026/04/IP-28-Funding-NA-Services.pdf,narcoticsanonymouswesterncape/sites/2/2026/04/IP-28-Funding-NA-Services.pdf,/home/ubuntu/webdev-static-assets/na-south-africa-unique/narcoticsanonymouswesterncape/sites/2/2026/04/IP-28-Funding-NA-Services.pdf,5,"[{""xml_export"": ""narcoticsanonymouswesterncape.WordPress.2026-08-16.xml"", ""source_id"": ""5419"", ""title"": ""IP-28-Funding-NA-Services"", ""url"": ""https://na.org.za/wc/ip-28-funding-na-services/"", ""post_type"": ""attachment"", ""relation"": ""text-reference""}, {""xml_export"": ""narcoticsanonymouswesterncape.WordPress.2026-08-16.xml"", ""source_id"": ""4770"", ""title"": ""Downloads"", ""url"": ""https://na.org.za/wc/et_pb_layout/downloads/"", ""post_type"": ""et_pb_layout"", ""relation"": ""text-reference""}, {""xml_export"": ""narcoticsanonymouswesterncape.WordPress.2026-08-16.xml"", ""source_id"": ""4762"", ""title"": ""Toets"", ""url"": ""https://na.org.za/wc/?page_id=4762"", ""post_type"": ""page"", ""relation"": ""text-reference""}, {""xml_export"": ""narcoticsanonymouswesterncape.WordPress.2026-08-16.xml"", ""source_id"": ""4661"", ""title"": ""Downloads"", ""url"": ""https://na.org.za/wc/downloads/"", ""post_type"": ""page"", ""relation"": ""text-reference""}, {""xml_export"": ""narcoticsanonymouswesterncape.WordPress.2026-08-16.xml"", ""source_id"": ""4875"", ""title"": ""Downloads 2"", ""url"": ""https://na.org.za/wc/downloads-2/"", ""post_type"": ""page"", ""relation"": ""text-reference""}]",/manus-storage/IP-28-Funding-NA-Services_99c603eb.pdf,uploaded,linked,6084c04955579cc401c15fc4f6004e9e103753fee544b64301e4b5f2b565a7d4,1,1,1,0,"[""uploads/sites/2/2026/04/IP-28-Funding-NA-Services.pdf""]",yes,retained-canonical-source-attachment,No basename collision; retained as the canonical approved source attachment at its unique relative path.,No identical-binary duplicate detected within the canonical attachment set.,No additional linked archive-file variants were recorded for this attachment.,none
5420,IP-29-Introduction-to-NA-Meetings,narcoticsanonymouswesterncape.WordPress.2026-08-16.xml,https://na.org.za/wc/wp-content/uploads/sites/2/2026/04/IP-29-Introduction-to-NA-Meetings.pdf,uploads/sites/2/2026/04/IP-29-Introduction-to-NA-Meetings.pdf,narcoticsanonymouswesterncape/sites/2/2026/04/IP-29-Introduction-to-NA-Meetings.pdf,/home/ubuntu/webdev-static-assets/na-south-africa-unique/narcoticsanonymouswesterncape/sites/2/2026/04/IP-29-Introduction-to-NA-Meetings.pdf,6,"[{""xml_export"": ""narcoticsanonymouswesterncape.WordPress.2026-08-16.xml"", ""source_id"": ""5420"", ""title"": ""IP-29-Introduction-to-NA-Meetings"", ""url"": ""https://na.org.za/wc/ip-29-introduction-to-na-meetings/"", ""post_type"": ""attachment"", ""relation"": ""text-reference""}, {""xml_export"": ""narcoticsanonymouswesterncape.WordPress.2026-08-16.xml"", ""source_id"": ""4770"", ""title"": ""Downloads"", ""url"": ""https://na.org.za/wc/et_pb_layout/downloads/"", ""post_type"": ""et_pb_layout"", ""relation"": ""text-reference""}, {""xml_export"": ""narcoticsanonymouswesterncape.WordPress.2026-08-16.xml"", ""source_id"": ""4762"", ""title"": ""Toets"", ""url"": ""https://na.org.za/wc/?page_id=4762"", ""post_type"": ""page"", ""relation"": ""text-reference""}, {""xml_export"": ""narcoticsanonymouswesterncape.WordPress.2026-08-16.xml"", ""source_id"": ""4661"", ""title"": ""Downloads"", ""url"": ""https://na.org.za/wc/downloads/"", ""post_type"": ""page"", ""relation"": ""text-reference""}, {""xml_export"": ""narcoticsanonymouswesterncape.WordPress.2026-08-16.xml"", ""source_id"": ""4803"", ""title"": ""Welcome"", ""url"": ""https://na.org.za/wc/welcome/"", ""post_type"": ""page"", ""relation"": ""text-reference""}, {""xml_export"": ""narcoticsanonymouswesterncape.WordPress.2026-08-16.xml"", ""source_id"": ""4875"", ""title"": ""Downloads 2"", ""url"": ""https://na.org.za/wc/downloads-2/"", ""post_type"": ""page"", ""relation"": ""text-reference""}]",/manus-storage/IP-29-Introduction-to-NA-Meetings_599d7d8e.pdf,uploaded,linked,329f006b8522219d5525c7fe312d83eb472aa42f8aaf09a7951d59e2b9dd3af9,1,1,1,0,"[""uploads/sites/2/2026/04/IP-29-Introduction-to-NA-Meetings.pdf""]",yes,retained-canonical-source-attachment,No basename collision; retained as the canonical approved source attachment at its unique relative path.,No identical-binary duplicate detected within the canonical attachment set.,No additional linked archive-file variants were recorded for this attachment.,none
4895,Screenshot 2026-02-02 at 11.03.17,narcoticsanonymouswesterncape.WordPress.2026-08-16.xml,https://www.gekkodev2.co.za/wc/wp-content/uploads/sites/2/2026/02/Screenshot-2026-02-02-at-11.03.17.png,uploads/sites/2/2026/02/Screenshot-2026-02-02-at-11.03.17.png,narcoticsanonymouswesterncape/sites/2/2026/02/Screenshot-2026-02-02-at-11.03.17.png,/home/ubuntu/webdev-static-assets/na-south-africa-unique/narcoticsanonymouswesterncape/sites/2/2026/02/Screenshot-2026-02-02-at-11.03.17.png,2,"[{""xml_export"": ""narcoticsanonymouswesterncape.WordPress.2026-08-16.xml"", ""source_id"": ""4895"", ""title"": ""Screenshot 2026-02-02 at 11.03.17"", ""url"": ""https://na.org.za/wc/screenshot-2026-02-02-at-11-03-17/"", ""post_type"": ""attachment"", ""relation"": ""text-reference""}, {""xml_export"": ""narcoticsanonymouswesterncape.WordPress.2026-08-16.xml"", ""source_id"": ""4708"", ""title"": ""Contribute"", ""url"": ""https://na.org.za/wc/contribute/"", ""post_type"": ""page"", ""relation"": ""text-reference""}]",/manus-storage/Screenshot-2026-02-02-at-11.03.17_e6f3f1d3.png,uploaded,linked,432ee19ec56f7795970ba3bc9e57e3e25f83592d278c6fa9d18a5004cf5701f5,1,1,1,0,"[""uploads/sites/2/2026/02/Screenshot-2026-02-02-at-11.03.17.png""]",yes,retained-canonical-source-attachment,No basename collision; retained as the canonical approved source attachment at its unique relative path.,No identical-binary duplicate detected within the canonical attachment set.,No additional linked archive-file variants were recorded for this attachment.,none
5286,WhatsApp Image 2026-02-22 at 13.47.26,narcoticsanonymouswesterncape.WordPress.2026-08-16.xml,https://na.org.za/wc/wp-content/uploads/sites/2/2026/02/WhatsApp-Image-2026-02-22-at-13.47.26.jpeg,uploads/sites/2/2026/02/WhatsApp-Image-2026-02-22-at-13.47.26.jpeg,narcoticsanonymouswesterncape/sites/2/2026/02/WhatsApp-Image-2026-02-22-at-13.47.26.jpeg,/home/ubuntu/webdev-static-assets/na-south-africa-unique/narcoticsanonymouswesterncape/sites/2/2026/02/WhatsApp-Image-2026-02-22-at-13.47.26.jpeg,2,"[{""xml_export"": ""narcoticsanonymouswesterncape.WordPress.2026-08-16.xml"", ""source_id"": ""5286"", ""title"": ""WhatsApp Image 2026-02-22 at 13.47.26"", ""url"": ""https://na.org.za/wc/event/wc-events-subcomitee-presents/whatsapp-image-2026-02-22-at-13-47-26/"", ""post_type"": ""attachment"", ""relation"": ""text-reference""}, {""xml_export"": ""narcoticsanonymouswesterncape.WordPress.2026-08-16.xml"", ""source_id"": ""5285"", ""title"": ""WC Events Plan for 2026"", ""url"": ""https://na.org.za/wc/event/wc-events-subcomitee-presents/"", ""post_type"": ""tribe_events"", ""relation"": ""text-reference""}]",/manus-storage/WhatsApp-Image-2026-02-22-at-13.47.26_53a7c8cd.jpeg,uploaded,linked,d56dca2d126c58e06ecee9919ac1a11f377a087b17b368bec6c3249fedd49b54,1,1,1,0,"[""uploads/sites/2/2026/02/WhatsApp-Image-2026-02-22-at-13.47.26.jpeg""]",yes,retained-canonical-source-attachment,No basename collision; retained as the canonical approved source attachment at its unique relative path.,No identical-binary duplicate detected within the canonical attachment set.,No additional linked archive-file variants were recorded for this attachment.,none
5321,WhatsApp Image 2026-03-12 at 11.24.54,narcoticsanonymouswesterncape.WordPress.2026-08-16.xml,https://na.org.za/wc/wp-content/uploads/sites/2/2026/03/WhatsApp-Image-2026-03-12-at-11.24.54.jpeg,uploads/sites/2/2026/03/WhatsApp-Image-2026-03-12-at-11.24.54.jpeg,narcoticsanonymouswesterncape/sites/2/2026/03/WhatsApp-Image-2026-03-12-at-11.24.54.jpeg,/home/ubuntu/webdev-static-assets/na-south-africa-unique/narcoticsanonymouswesterncape/sites/2/2026/03/WhatsApp-Image-2026-03-12-at-11.24.54.jpeg,1,"[{""xml_export"": ""narcoticsanonymouswesterncape.WordPress.2026-08-16.xml"", ""source_id"": ""5321"", ""title"": ""WhatsApp Image 2026-03-12 at 11.24.54"", ""url"": ""https://na.org.za/wc/event/boerie-ball-autumn-edition/whatsapp-image-2026-03-12-at-11-24-54/"", ""post_type"": ""attachment"", ""relation"": ""text-reference""}]",/manus-storage/WhatsApp-Image-2026-03-12-at-11.24.54_ba52da90.jpeg,uploaded,linked,e1190ee36385dfe8da143a07144cb9e36045930f629910353c2e6f7c75aa25d3,1,2,1,0,"[""uploads/sites/2/2026/03/WhatsApp-Image-2026-03-12-at-11.24.54.jpeg""]",yes,retained-canonical-source-attachment,No basename collision; retained as the canonical approved source attachment at its unique relative path.,Identical binary occurs in multiple source-relative attachments; each source attachment remains separately traceable and is not overwritten.,No additional linked archive-file variants were recorded for this attachment.,none
5344,image,narcoticsanonymouswesterncape.WordPress.2026-08-16.xml,https://na.org.za/wc/wp-content/uploads/sites/2/2026/03/image.png,uploads/sites/2/2026/03/image.png,narcoticsanonymouswesterncape/sites/2/2026/03/image.png,/home/ubuntu/webdev-static-assets/na-south-africa-unique/narcoticsanonymouswesterncape/sites/2/2026/03/image.png,2,"[{""xml_export"": ""narcoticsanonymouswesterncape.WordPress.2026-08-16.xml"", ""source_id"": ""5344"", ""title"": ""image"", ""url"": ""https://na.org.za/wc/event/service-speaker-jam/image/"", ""post_type"": ""attachment"", ""relation"": ""text-reference""}, {""xml_export"": ""narcoticsanonymouswesterncape.WordPress.2026-08-16.xml"", ""source_id"": ""5342"", ""title"": ""Service Speaker Jam"", ""url"": ""https://na.org.za/wc/event/service-speaker-jam/"", ""post_type"": ""tribe_events"", ""relation"": ""text-reference""}]",/manus-storage/image_a59e00bc.png,uploaded,linked,dc4b9d82b5ba5e5cabac5f8c09282a729d49648bebe87386c53588242fa81ce0,1,1,1,0,"[""uploads/sites/2/2026/03/image.png""]",yes,retained-canonical-source-attachment,No basename collision; retained as the canonical approved source attachment at its unique relative path.,No identical-binary duplicate detected within the canonical attachment set.,No additional linked archive-file variants were recorded for this attachment.,none
5358,WhatsApp Image 2026-02-17 at 10.24.20,narcoticsanonymouswesterncape.WordPress.2026-08-16.xml,https://na.org.za/wc/wp-content/uploads/sites/2/2026/03/WhatsApp-Image-2026-02-17-at-10.24.20.jpeg,uploads/sites/2/2026/03/WhatsApp-Image-2026-02-17-at-10.24.20.jpeg,narcoticsanonymouswesterncape/sites/2/2026/03/WhatsApp-Image-2026-02-17-at-10.24.20.jpeg,/home/ubuntu/webdev-static-assets/na-south-africa-unique/narcoticsanonymouswesterncape/sites/2/2026/03/WhatsApp-Image-2026-02-17-at-10.24.20.jpeg,1,"[{""xml_export"": ""narcoticsanonymouswesterncape.WordPress.2026-08-16.xml"", ""source_id"": ""5358"", ""title"": ""WhatsApp Image 2026-02-17 at 10.24.20"", ""url"": ""https://na.org.za/wc/whatsapp-image-2026-02-17-at-10-24-20/"", ""post_type"": ""attachment"", ""relation"": ""text-reference""}]",/manus-storage/WhatsApp-Image-2026-02-17-at-10.24.20_aa7cd8c6.jpeg,uploaded,linked,3803480f4650ce12ec623ca1088fbe1047dfb2680375c839456056dc1bcbacdf,1,1,1,0,"[""uploads/sites/2/2026/03/WhatsApp-Image-2026-02-17-at-10.24.20.jpeg""]",yes,retained-canonical-source-attachment,No basename collision; retained as the canonical approved source attachment at its unique relative path.,No identical-binary duplicate detected within the canonical attachment set.,No additional linked archive-file variants were recorded for this attachment.,none
5388,WhatsApp Image 2026-04-12 at 20.38.41,narcoticsanonymouswesterncape.WordPress.2026-08-16.xml,https://na.org.za/wc/wp-content/uploads/sites/2/2026/04/WhatsApp-Image-2026-04-12-at-20.38.41.jpeg,uploads/sites/2/2026/04/WhatsApp-Image-2026-04-12-at-20.38.41.jpeg,narcoticsanonymouswesterncape/sites/2/2026/04/WhatsApp-Image-2026-04-12-at-20.38.41.jpeg,/home/ubuntu/webdev-static-assets/na-south-africa-unique/narcoticsanonymouswesterncape/sites/2/2026/04/WhatsApp-Image-2026-04-12-at-20.38.41.jpeg,2,"[{""xml_export"": ""narcoticsanonymouswesterncape.WordPress.2026-08-16.xml"", ""source_id"": ""5388"", ""title"": ""WhatsApp Image 2026-04-12 at 20.38.41"", ""url"": ""https://na.org.za/wc/event/boerie-ball-autumn-edition/whatsapp-image-2026-04-12-at-20-38-41/"", ""post_type"": ""attachment"", ""relation"": ""text-reference""}, {""xml_export"": ""narcoticsanonymouswesterncape.WordPress.2026-08-16.xml"", ""source_id"": ""5387"", ""title"": ""Boerie Ball - Autumn Edition"", ""url"": ""https://na.org.za/wc/event/boerie-ball-autumn-edition/"", ""post_type"": ""tribe_events"", ""relation"": ""text-reference""}]",/manus-storage/WhatsApp-Image-2026-04-12-at-20.38.41_b65f6880.jpeg,uploaded,linked,e1190ee36385dfe8da143a07144cb9e36045930f629910353c2e6f7c75aa25d3,1,2,1,0,"[""uploads/sites/2/2026/04/WhatsApp-Image-2026-04-12-at-20.38.41.jpeg""]",yes,retained-canonical-source-attachment,No basename collision; retained as the canonical approved source attachment at its unique relative path.,Identical binary occurs in multiple source-relative attachments; each source attachment remains separately traceable and is not overwritten.,No additional linked archive-file variants were recorded for this attachment.,none
5488,Observatory Recreation Centre Entrance 2_,narcoticsanonymouswesterncape.WordPress.2026-08-16.xml,https://na.org.za/wc/wp-content/uploads/sites/2/2026/05/Observatory-Recreation-Centre-Entrance-2_.jpeg,uploads/sites/2/2026/05/Observatory-Recreation-Centre-Entrance-2_.jpeg,narcoticsanonymouswesterncape/sites/2/2026/05/Observatory-Recreation-Centre-Entrance-2_.jpeg,/home/ubuntu/webdev-static-assets/na-south-africa-unique/narcoticsanonymouswesterncape/sites/2/2026/05/Observatory-Recreation-Centre-Entrance-2_.jpeg,1,"[{""xml_export"": ""narcoticsanonymouswesterncape.WordPress.2026-08-16.xml"", ""source_id"": ""5488"", ""title"": ""Observatory Recreation Centre Entrance 2_"", ""url"": ""https://na.org.za/wc/event/website-inventory/observatory-recreation-centre-entrance-2_/"", ""post_type"": ""attachment"", ""relation"": ""text-reference""}]",/manus-storage/Observatory-Recreation-Centre-Entrance-2__e960cc85.jpeg,uploaded,linked,7771e98db32fcd5aa1f8ae215368cd2f9e24f6ead710f6176c570164aef327b8,1,1,1,0,"[""uploads/sites/2/2026/05/Observatory-Recreation-Centre-Entrance-2_.jpeg""]",yes,retained-canonical-source-attachment,No basename collision; retained as the canonical approved source attachment at its unique relative path.,No identical-binary duplicate detected within the canonical attachment set.,No additional linked archive-file variants were recorded for this attachment.,none
5574,WhatsApp Image 2026-07-01 at 16.48.20,narcoticsanonymouswesterncape.WordPress.2026-08-16.xml,https://na.org.za/wc/wp-content/uploads/sites/2/2026/07/WhatsApp-Image-2026-07-01-at-16.48.20.jpeg,uploads/sites/2/2026/07/WhatsApp-Image-2026-07-01-at-16.48.20.jpeg,narcoticsanonymouswesterncape/sites/2/2026/07/WhatsApp-Image-2026-07-01-at-16.48.20.jpeg,/home/ubuntu/webdev-static-assets/na-south-africa-unique/narcoticsanonymouswesterncape/sites/2/2026/07/WhatsApp-Image-2026-07-01-at-16.48.20.jpeg,2,"[{""xml_export"": ""narcoticsanonymouswesterncape.WordPress.2026-08-16.xml"", ""source_id"": ""5574"", ""title"": ""WhatsApp Image 2026-07-01 at 16.48.20"", ""url"": ""https://na.org.za/wc/event/mini-con-2026-guiding-principles-the-spirit-of-our-traditions/whatsapp-image-2026-07-01-at-16-48-20/"", ""post_type"": ""attachment"", ""relation"": ""text-reference""}, {""xml_export"": ""narcoticsanonymouswesterncape.WordPress.2026-08-16.xml"", ""source_id"": ""5573"", ""title"": ""Mini Con 2026: Guiding Principles: The Spirit of Our Traditions"", ""url"": ""https://na.org.za/wc/event/mini-con-2026-guiding-principles-the-spirit-of-our-traditions/"", ""post_type"": ""tribe_events"", ""relation"": ""text-reference""}]",/manus-storage/WhatsApp-Image-2026-07-01-at-16.48.20_81dbeeef.jpeg,uploaded,linked,24c3929760dd1f3d226160ad12792742f86da521b477872dffa388bc0b51357f,1,1,1,0,"[""uploads/sites/2/2026/07/WhatsApp-Image-2026-07-01-at-16.48.20.jpeg""]",yes,retained-canonical-source-attachment,No basename collision; retained as the canonical approved source attachment at its unique relative path.,No identical-binary duplicate detected within the canonical attachment set.,No additional linked archive-file variants were recorded for this attachment.,none
5577,WhatsApp Image 2026-07-01 at 16.47.59,narcoticsanonymouswesterncape.WordPress.2026-08-16.xml,https://na.org.za/wc/wp-content/uploads/sites/2/2026/07/WhatsApp-Image-2026-07-01-at-16.47.59.jpeg,uploads/sites/2/2026/07/WhatsApp-Image-2026-07-01-at-16.47.59.jpeg,narcoticsanonymouswesterncape/sites/2/2026/07/WhatsApp-Image-2026-07-01-at-16.47.59.jpeg,/home/ubuntu/webdev-static-assets/na-south-africa-unique/narcoticsanonymouswesterncape/sites/2/2026/07/WhatsApp-Image-2026-07-01-at-16.47.59.jpeg,2,"[{""xml_export"": ""narcoticsanonymouswesterncape.WordPress.2026-08-16.xml"", ""source_id"": ""5577"", ""title"": ""WhatsApp Image 2026-07-01 at 16.47.59"", ""url"": ""https://na.org.za/wc/event/pr-subcom-fellowship-wide-poster-run/whatsapp-image-2026-07-01-at-16-47-59/"", ""post_type"": ""attachment"", ""relation"": ""text-reference""}, {""xml_export"": ""narcoticsanonymouswesterncape.WordPress.2026-08-16.xml"", ""source_id"": ""5576"", ""title"": ""PR Subcom Fellowship Wide Poster Run"", ""url"": ""https://na.org.za/wc/event/pr-subcom-fellowship-wide-poster-run/"", ""post_type"": ""tribe_events"", ""relation"": ""text-reference""}]",/manus-storage/WhatsApp-Image-2026-07-01-at-16.47.59_5ae40e37.jpeg,uploaded,linked,47768d7bc29389eb5a1e5f9a07c9e2a8aa01bcc4309c2419780a3f9b852e253c,1,1,1,0,"[""uploads/sites/2/2026/07/WhatsApp-Image-2026-07-01-at-16.47.59.jpeg""]",yes,retained-canonical-source-attachment,No basename collision; retained as the canonical approved source attachment at its unique relative path.,No identical-binary duplicate detected within the canonical attachment set.,No additional linked archive-file variants were recorded for this attachment.,none
