relative_path,archive_path,size,sha256,mime_type,original_url,source_page,alt_text,caption
uploads/woocommerce-placeholder-400x284.webp,uploads/woocommerce-placeholder-400x284.webp,1760,4e7eff4cbe7136b96837e4a484f73e14ddb026eee1cda5f149d0109764f6d359,image/webp,,,,
uploads/meeting_list.pdf,uploads/meeting_list.pdf,41129,a8f58cb8813c9c9ea49146bcadac9052a7786da2f8917081bcc7b4b5bd917e22,application/pdf,,,,
uploads/woocommerce-placeholder-510x382.webp,uploads/woocommerce-placeholder-510x382.webp,2298,f612dcfb5e22efe8bc3f656fd194f39d3b586c2c3a2b00624b951ef233980303,image/webp,,,,
uploads/woocommerce-placeholder-300x300.webp,uploads/woocommerce-placeholder-300x300.webp,1362,cdc6efeb4c86887fadb9089f4f16a1981517d2008febacb020dd48b9025494ce,image/webp,,,,
uploads/wc_meeting_list.pdf,uploads/wc_meeting_list.pdf,37758,d528d72f85ded50dbd4f47f4bb1995d60b58c3a9e09da0a5bac316027254c22e,application/pdf,,,,
uploads/woocommerce-placeholder-1080x1080.webp,uploads/woocommerce-placeholder-1080x1080.webp,6606,81d9e91ff856e6b7faad968d60f7f93240c755e13fca791ff36139a6a2d57fa3,image/webp,,,,
uploads/woocommerce-placeholder-150x150.webp,uploads/woocommerce-placeholder-150x150.webp,662,2d39be33a2d98bef0612f9ae023deff71db353ceb75079913b04095a24c27b10,image/webp,,,,
uploads/woocommerce-placeholder-1080x675.webp,uploads/woocommerce-placeholder-1080x675.webp,5752,e664e83695477de686eae23b455c36955fbb2312c5eab8e62e1121a548e97b3d,image/webp,,,,
uploads/woocommerce-placeholder-474x324.webp,uploads/woocommerce-placeholder-474x324.webp,2142,206cd4082b5572e61538cab94a29bc7e3fa78b5f046be01266f135be0ba2a5ba,image/webp,,,,
uploads/woocommerce-placeholder-768x768.webp,uploads/woocommerce-placeholder-768x768.webp,4240,30044cba079c59b178ad4ad9d1c9a6bdd7c359e6417f736a472f43a6edce7856,image/webp,,,,
uploads/woocommerce-placeholder-1024x1024.webp,uploads/woocommerce-placeholder-1024x1024.webp,6032,2c839d3f821dafe6e8c21d7f7c838afd07c33f754bb1b8754466828a925a2943,image/webp,,,,
uploads/2025/11/143021-768x512.jpg,uploads/2025/11/143021-768x512.jpg,29830,c4ec724537e34d6a037537375f8528a9f6c2406cb26434bc978e2c3fcaa2b12b,image/jpeg,,,,
uploads/2025/11/29376-1280x853.jpg,uploads/2025/11/29376-1280x853.jpg,93942,685caeb713d62dc638531ee9e252aa99bafbcac688b2a565dc9eeff9e970eaf1,image/jpeg,,,,
uploads/2025/11/women-s-day-celebration-with-flower-scaled.jpg,uploads/2025/11/women-s-day-celebration-with-flower-scaled.jpg,252915,d885a10c74dcc3673ff39562e4318c06cc35bfdb485cd7d80f1da7659a862c7d,image/jpeg,,,,
uploads/2025/11/2151930384-1280x640.jpg,uploads/2025/11/2151930384-1280x640.jpg,129116,e6afd269212335b0fbadf128c1e3416667758a3e896e2ff217a0144e42b645de,image/jpeg,,,,
uploads/2025/11/2148101442-1-e1763294493880-768x343.jpg,uploads/2025/11/2148101442-1-e1763294493880-768x343.jpg,37273,dac13eb7c44f94dc9b459fb79da4bef404cff39f8c49ede0153de4d9e5e1b0ee,image/jpeg,,,,
uploads/2025/11/2148938724-1080x720.jpg,uploads/2025/11/2148938724-1080x720.jpg,112269,a316f66dfed2c7232b01f3f10b5462a84abb58f09a292a6347a8751cf4ed8adc,image/jpeg,,,,
uploads/2025/11/women-s-day-celebration-with-flower-2880x1800.jpg,uploads/2025/11/women-s-day-celebration-with-flower-2880x1800.jpg,363243,e81da43fe5ad49968b6efa3bcb97ac9ee8443041ddc3c275664f2989cf9063bb,image/jpeg,,,,
uploads/2025/11/helping-each-other-1536x687.jpg,uploads/2025/11/helping-each-other-1536x687.jpg,112866,ee55041db557025c380c3a49143f20110b2fa293ec2c5d503885846e771e21f6,image/jpeg,,,,
uploads/2025/11/2148938724-e1763294084270-300x87.jpg,uploads/2025/11/2148938724-e1763294084270-300x87.jpg,6607,6b520d614a1d7f5f3de847e92024c8c61b3c6d1db90d2ac6314b4e9c1a830831,image/jpeg,,,,
uploads/2025/11/19692-e1763294820786-510x382.jpg,uploads/2025/11/19692-e1763294820786-510x382.jpg,12176,a1b75dcf5aab7a6af6c3aed4db4b978974f07edd610d3258f0be432ffcf1bebf,image/jpeg,,,,
uploads/2025/11/helping-each-other-768x344.jpg,uploads/2025/11/helping-each-other-768x344.jpg,27078,d1b2a65bdccc59b3bc88dd457f658cced62b8abc49b95de6b31f8d01332f19f3,image/jpeg,,,,
uploads/2025/11/2148101442-e1763294414366-1280x513.jpg,uploads/2025/11/2148101442-e1763294414366-1280x513.jpg,87174,358a8e4db58c6811ac882e62f3f268da7cd69ba7fe6af7af9e8ad580e721b709,image/jpeg,,,,
uploads/2025/11/helping-each-other.jpg,uploads/2025/11/helping-each-other.jpg,1531664,aafab0be03d894dc888e0706cb08644941365c984f576212bf5d455424cf28c6,image/jpeg,,,,
uploads/2025/11/women-s-day-celebration-with-flower-scaled-e1763250714972-1080x675.jpg,uploads/2025/11/women-s-day-celebration-with-flower-scaled-e1763250714972-1080x675.jpg,69452,0e1e62f63ffae34d3f26c4f113a779a2a2df29c2a60108cb7f9bff31ced7d2bf,image/jpeg,,,,
uploads/2025/11/2148938724-e1763294084270-480x270.jpg,uploads/2025/11/2148938724-e1763294084270-480x270.jpg,18258,fbcf89a3b7ce6a2b97cf423f5e70730da53dbac2dfebc6765b81c7ef4394bd46,image/jpeg,,,,
uploads/2025/11/2148101442-1-e1763294493880-300x134.jpg,uploads/2025/11/2148101442-1-e1763294493880-300x134.jpg,8353,ac9860faee0bc7dcb4f4b3bbf3ef1e4d0a1c9d1b1e00da77023fe409b2b06fb8,image/jpeg,,,,
uploads/2025/11/2151930384-1024x512.jpg,uploads/2025/11/2151930384-1024x512.jpg,91860,c04269652b290a6b026fe53c1fd1fd0d0089f192c39099cbeab28b26ac72a298,image/jpeg,,,,
uploads/2025/11/143021-1024x682.jpg,uploads/2025/11/143021-1024x682.jpg,48639,70b6236560f1015c6e7817207c6dc62e513e9c2d064b984666200a2ba132db26,image/jpeg,,,,
uploads/2025/11/19692-400x516.jpg,uploads/2025/11/19692-400x516.jpg,16412,7a20b1a7e19a3ea50f010b14299156d691cc697e6782d88543a5db42facbe0a4,image/jpeg,,,,
uploads/2025/11/2147770870-1280x854.jpg,uploads/2025/11/2147770870-1280x854.jpg,107054,46e3da882683eab9aeba24c25ea6c584c01da26a8cf05828d9bb6bb45f30c3f2,image/jpeg,,,,
uploads/2025/11/2148101442-2-1536x1024.jpg,uploads/2025/11/2148101442-2-1536x1024.jpg,150263,7ac9128c1f22a36c24a1fee1a871324255a7c9838e1122d40929f29a02be6fc1,image/jpeg,,,,
uploads/2025/11/2148101442-2-768x512.jpg,uploads/2025/11/2148101442-2-768x512.jpg,50717,c0fac37812b772b1f01d1e8f813004fc52ddb3c27fcd7f77660b7142725e0704,image/jpeg,,,,
uploads/2025/11/19692-e1763294820786.jpg,uploads/2025/11/19692-e1763294820786.jpg,53540,ea2fb6d6bdf6b62155e105d147acf895ee158b013e105923d672c97645c2dff0,image/jpeg,,,,
uploads/2025/11/2148101442-1-e1763294493880-1080x675.jpg,uploads/2025/11/2148101442-1-e1763294493880-1080x675.jpg,79939,29c1320e6fe82b693758dde877012436e369bd890d243bac50d67d244989b2a1,image/jpeg,,,,
uploads/2025/11/19692-e1763294820786-1024x314.jpg,uploads/2025/11/19692-e1763294820786-1024x314.jpg,19849,8f9cc84913e5d1d467bee351d0d489e645bbe5fdbe2ccfa5edca8ece81e2ef1d,image/jpeg,,,,
uploads/2025/11/2151930384-1080x540.jpg,uploads/2025/11/2151930384-1080x540.jpg,100235,ef2655c84d839f3ad58af39c4e6aada0aa4b57a4340ef58ec60868c6e07a8f87,image/jpeg,,,,
uploads/2025/11/2148398371-1024x682.jpg,uploads/2025/11/2148398371-1024x682.jpg,73082,946f763f8152be03e75a18892d32f633399a22700ebcdc3773bd0f9606a66754,image/jpeg,,,,
uploads/2025/11/2148938724-e1763294084270-1080x580.jpg,uploads/2025/11/2148938724-e1763294084270-1080x580.jpg,90970,22348e18ce086446ae76fa08af138eb712e952cbdf6d61e73be174120ebe5e33,image/jpeg,,,,
uploads/2025/11/19692-e1763294820786-150x150.jpg,uploads/2025/11/19692-e1763294820786-150x150.jpg,3427,d4f52eb8d104460090dda33150b384902d89a67c89fb9eb79553e19c35cffb72,image/jpeg,,,,
uploads/2025/11/2148101442-e1763294414366-400x250.jpg,uploads/2025/11/2148101442-e1763294414366-400x250.jpg,17766,dc465934407e24a571121a5abd296431318057c93dbedcdd096c838737f2a387,image/jpeg,,,,
uploads/2025/11/2148101442-2-980x653.jpg,uploads/2025/11/2148101442-2-980x653.jpg,74727,ad0834b7d73a19b3ad16f3dabe99fb5e205079ee1414eb3953711431c7ac09c7,image/jpeg,,,,
uploads/2025/11/2148101442-2-400x516.jpg,uploads/2025/11/2148101442-2-400x516.jpg,27425,3d33c3a5986deecd5270e0988a1eae89cfc2eec60be47235bebca2b14a20f344,image/jpeg,,,,
uploads/2025/11/143021-300x200.jpg,uploads/2025/11/143021-300x200.jpg,6973,d07cfe3e89c931c13ca237bef9fd42d92d16055f6354c23ac4771055f81cba6f,image/jpeg,,,,
uploads/2025/11/29376-1080x720.jpg,uploads/2025/11/29376-1080x720.jpg,72749,1405275e3de6b937f29197d2ba49a1e00eea576963fb8437d7c9059535bf0b0e,image/jpeg,,,,
uploads/2025/11/19692-150x150.jpg,uploads/2025/11/19692-150x150.jpg,4412,c6abc809c282ad3f8131d5c130644509f19ae54de96d165fef5c09c0e6c46b71,image/jpeg,,,,
uploads/2025/11/2148938724-e1763294084270-510x382.jpg,uploads/2025/11/2148938724-e1763294084270-510x382.jpg,25811,b9c9a6687546f5527e6aa711ee9c570eec44a8fcccd60d2dc1749c00d5dd5100,image/jpeg,,,,
uploads/2025/11/96081-980x551.jpg,uploads/2025/11/96081-980x551.jpg,51272,343026743b3ba90b10495d27f12fb26218062f5bf304f14ca6959ef18f8f67ee,image/jpeg,,,,
uploads/2025/11/2147770870-1080x675.jpg,uploads/2025/11/2147770870-1080x675.jpg,78660,03935f8983b148a9b5cd0d59475f2cbecf35c1cfa6967bc39d1ddf9ae843adf8,image/jpeg,,,,
uploads/2025/11/2147770870-e1763292848630-768x419.jpg,uploads/2025/11/2147770870-e1763292848630-768x419.jpg,43133,a72f78ae741fda67468d864c3a5cef6b83ca10f4ca617fb083e9e79de18e17a1,image/jpeg,,,,
uploads/2025/11/2148101442-1-e1763294493880-400x250.jpg,uploads/2025/11/2148101442-1-e1763294493880-400x250.jpg,16449,a04a126de5afc70f65eb0166982c92c38e00057ec4a8b7cadb563e8b5a472a35,image/jpeg,,,,
uploads/2025/11/logo-768x192.png,uploads/2025/11/logo-768x192.png,56607,9f065618e9582e901534ef2dbd5a078ef2068426c5e7bfeb8c64b2e4842d7878,image/png,,,,
uploads/2025/11/2148101442-1-e1763294493880-510x382.jpg,uploads/2025/11/2148101442-1-e1763294493880-510x382.jpg,27219,653d98d42c25788e1b3cbfc6c32401d9b81dd665a17169dec337880f4b35e023,image/jpeg,,,,
uploads/2025/11/cropped-favicon-400x284.png,uploads/2025/11/cropped-favicon-400x284.png,73602,fc6310076bd5502aa2cb75701c4bd542441155c8d878bf24fcc6cc1e1e9667b7,image/png,,,,
uploads/2025/11/2151930384-1536x768.jpg,uploads/2025/11/2151930384-1536x768.jpg,169784,db217955f649de87b08de5e969f4637906a5e3e504ebec68e75d7ceef51a2f63,image/jpeg,,,,
uploads/2025/11/2148101442-1-e1763294493880-1280x720.jpg,uploads/2025/11/2148101442-1-e1763294493880-1280x720.jpg,97371,bfdb9d8e2cefd50571ef680ecf2f6b41f320b28f9563fd44ba30c6b73c0a2d85,image/jpeg,,,,
uploads/2025/11/2147770870-e1763292893626.jpg,uploads/2025/11/2147770870-e1763292893626.jpg,96863,c71a509defbafd7a832e856784fa9e21aef61eea6b6ce8b540428269f7c12fb9,image/jpeg,,,,
uploads/2025/11/women-s-day-celebration-with-flower-scaled-e1763250714972-400x284.jpg,uploads/2025/11/women-s-day-celebration-with-flower-scaled-e1763250714972-400x284.jpg,17421,64c613c0ef50a2ca38ee537d23c4c5aea437996e7ce2f4bbaa393880b77b1682,image/jpeg,,,,
uploads/2025/11/2147770870-e1763292893626-1024x237.jpg,uploads/2025/11/2147770870-e1763292893626-1024x237.jpg,29758,36802780a67d1321ab4b1b134e26e2fa66151d3828a2d14fb3c01a17b657e849,image/jpeg,,,,
uploads/2025/11/2148938724-e1763294084270-1280x580.jpg,uploads/2025/11/2148938724-e1763294084270-1280x580.jpg,111886,10e29652ef53e5117d06d49933dc3a14ea9c71fa8e2ee9924f3f0835ece85e18,image/jpeg,,,,
uploads/2025/11/2148938724-1536x1024.jpg,uploads/2025/11/2148938724-1536x1024.jpg,216632,b0695aa62772d3cc0284cb5ee2c160e35d81d4366cd45fcbab78b9df816909cf,image/jpeg,,,,
uploads/2025/11/2148398371-1080x675.jpg,uploads/2025/11/2148398371-1080x675.jpg,75859,0ea666ae2550eeb1568c1d44f0fcebd01f727c2195ed86f07623ab51eebb58f2,image/jpeg,,,,
uploads/2025/11/143021-400x516.jpg,uploads/2025/11/143021-400x516.jpg,17851,1f777bc76d10b6bbbe903d6aaf013dd2e0c8f1b731aae04870350efdb438f710,image/jpeg,,,,
uploads/2025/11/143021-e1763291423474-480x270.jpg,uploads/2025/11/143021-e1763291423474-480x270.jpg,15532,a0a9063dbc4427942739391dbef936a3a8888b1e1f14934dcc2408511ca73b13,image/jpeg,,,,
uploads/2025/11/2148101442.jpg,uploads/2025/11/2148101442.jpg,1709313,d5d85425f9e859a2e5790d9aefd7accec9896b66a9730a92f759543f8d8eeb58,image/jpeg,,,,
uploads/2025/11/2148101442-e1763294414366-1080x513.jpg,uploads/2025/11/2148101442-e1763294414366-1080x513.jpg,73922,90f57ba4bd43a9d2f49011b43ad2de2ed77407a9d14a725d50746fabad1ec715,image/jpeg,,,,
uploads/2025/11/2148101442-2-1080x675.jpg,uploads/2025/11/2148101442-2-1080x675.jpg,82929,62b90791c9dc97c5f7f84560ce2d06ccdc16370a73d159361b95eac45d0e09e7,image/jpeg,,,,
uploads/2025/11/2148101442-e1763294414366-300x77.jpg,uploads/2025/11/2148101442-e1763294414366-300x77.jpg,5946,8394852459cd7983e87c8aa5ac20bace0507956b69628567b0cd2ec26b9cdd60,image/jpeg,,,,
uploads/2025/11/na-site-logo-400x250.webp,uploads/2025/11/na-site-logo-400x250.webp,7430,070f197b1d35b441b9b3f027c757846ef89180882d8393d931b4255a2876a9c4,image/webp,,,,
uploads/2025/11/cropped-favicon-480x480.png,uploads/2025/11/cropped-favicon-480x480.png,115375,3da87c09c8f7c022d541769e2380ba976c5b75333eb8cea99a47a0cd982a6860,image/png,,,,
uploads/2025/11/96081-300x169.jpg,uploads/2025/11/96081-300x169.jpg,8820,2cda19bb5fc040c3a6b5873a83e3b13ddd19e394280df49536e8930eda8b163d,image/jpeg,,,,
uploads/2025/11/women-s-day-celebration-with-flower-2048x1024.jpg,uploads/2025/11/women-s-day-celebration-with-flower-2048x1024.jpg,181261,7f980751edfc2668753572baaf335d148687ca5f092e3f0012d06e7b62cd6f88,image/jpeg,,,,
uploads/2025/11/2148101442-1-768x512.jpg,uploads/2025/11/2148101442-1-768x512.jpg,50717,c0fac37812b772b1f01d1e8f813004fc52ddb3c27fcd7f77660b7142725e0704,image/jpeg,,,,
uploads/2025/11/na-site-logo-768x192.webp,uploads/2025/11/na-site-logo-768x192.webp,18120,483a12fe9603896b26fc19d89bd6a95f8abc8c81d6f00a8f47ce25c032d7b486,image/webp,,,,
uploads/2025/11/2148101442-2-300x200.jpg,uploads/2025/11/2148101442-2-300x200.jpg,12165,b80f26180de6a2e0ba72c1fd3ec1d3e27bd586e76e4bcc1392d057e9419bbb88,image/jpeg,,,,
uploads/2025/11/2151930388-150x150.jpg,uploads/2025/11/2151930388-150x150.jpg,5066,3a7bf071f9b836a2643ea75870d0cad5bd1389bd5b8dbfac853ab45d01c96c34,image/jpeg,,,,
uploads/2025/11/96081-480x270.jpg,uploads/2025/11/96081-480x270.jpg,16579,b4af8b8fca5ff24f08d424478bb3f177ec58e4c1871e0579d1b4127bb1d14a3b,image/jpeg,,,,
uploads/2025/11/96081-510x382.jpg,uploads/2025/11/96081-510x382.jpg,24863,8b0ce7752cb93b340e1f3b7307c7729752680caf42eeb2630614e1ee4b87a33f,image/jpeg,,,,
uploads/2025/11/helping-each-other-1080x675.jpg,uploads/2025/11/helping-each-other-1080x675.jpg,86896,ee90b18d9b25dc01d22902c33b86b4a537813409d5a716a252c9527a8a0c7411,image/jpeg,,,,
uploads/2025/11/2147770870-e1763292893626-1080x250.jpg,uploads/2025/11/2147770870-e1763292893626-1080x250.jpg,32515,5e14dff3979e36650714273e2ccb7e74bf6ff8ad333d6253e0fdf56152253fb8,image/jpeg,,,,
uploads/2025/11/2148101442-2-150x150.jpg,uploads/2025/11/2148101442-2-150x150.jpg,5809,cc30cd23907583718599aa62576975fe9363a3ccdaa35acf413e74629ee2805a,image/jpeg,,,,
uploads/2025/11/2148101442-1-510x382.jpg,uploads/2025/11/2148101442-1-510x382.jpg,28879,f1360c54926870da7e63abf4b25c75baf4230da38ba21ded5070a5bcd3e89464,image/jpeg,,,,
uploads/2025/11/2151930388.jpg,uploads/2025/11/2151930388.jpg,913581,03c0c8e5eadcaecb8ced3e62dc4a49c00e09257e139aee7e680071fe21ecd076,image/jpeg,,,,
uploads/2025/11/logo-980x245.png,uploads/2025/11/logo-980x245.png,80889,fffe8953c6cbd96ebeb663d60d4ed8ec48bcef072dcacf6746a5b0944029aa55,image/png,,,,
uploads/2025/11/2148398371-300x200.jpg,uploads/2025/11/2148398371-300x200.jpg,12402,fd76848bc29f2dfbb060bb79f921b92fd593d8cca30542fb3f485aa5a1793366,image/jpeg,,,,
uploads/2025/11/29376-400x284.jpg,uploads/2025/11/29376-400x284.jpg,18611,e65b5afecead64232eda7c24c72bfa9e49ab3f3af8a317f57d778a9d641f33b5,image/jpeg,,,,
uploads/2025/11/cropped-favicon-150x150.png,uploads/2025/11/cropped-favicon-150x150.png,18396,ed256d4aedacccda10a442aa0e71d4b13671976f2360ed9df3d0e32701993105,image/png,,,,
uploads/2025/11/women-s-day-celebration-with-flower-510x382.jpg,uploads/2025/11/women-s-day-celebration-with-flower-510x382.jpg,29265,4c496d4b034b82d43fe68280c66faf94eea397b96915b5252b17461810bb6851,image/jpeg,,,,
uploads/2025/11/women-s-day-celebration-with-flower-1280x640.jpg,uploads/2025/11/women-s-day-celebration-with-flower-1280x640.jpg,85930,85a180bcb8bcf26a71a5b646df4f60bcdccbf2d7636620c8b6cb28108f0d1984,image/jpeg,,,,
uploads/2025/11/2147770870-1536x1025.jpg,uploads/2025/11/2147770870-1536x1025.jpg,144358,71d43f49fe74d6968f9f76869f5307c35fe620450b295ad2bfe7b463ca12689c,image/jpeg,,,,
uploads/2025/11/2148101442-2-400x250.jpg,uploads/2025/11/2148101442-2-400x250.jpg,17856,bf8ebd0d0211621b1dec32b53fb7d27803477e544feadbc3b7a05e73df980e98,image/jpeg,,,,
uploads/2025/11/logo-150x150.png,uploads/2025/11/logo-150x150.png,4322,69a928a87c08761fd2df94bab1d2edcb81b6c85dc86f5eb33a1f77a6720d09d4,image/png,,,,
uploads/2025/11/2148101442-400x516.jpg,uploads/2025/11/2148101442-400x516.jpg,27425,3d33c3a5986deecd5270e0988a1eae89cfc2eec60be47235bebca2b14a20f344,image/jpeg,,,,
uploads/2025/11/women-s-day-celebration-with-flower-480x240.jpg,uploads/2025/11/women-s-day-celebration-with-flower-480x240.jpg,18656,beb39f02bfb9295633cd123fbf00f2a18dc7406c0fbebe448d44d5467761c705,image/jpeg,,,,
uploads/2025/11/2147770870-e1763292893626-400x284.jpg,uploads/2025/11/2147770870-e1763292893626-400x284.jpg,14808,eac0268aaeb88529bb7bf9557e9398b5840bfe6222138f80a5fc57fa850f6dce,image/jpeg,,,,
uploads/2025/11/women-s-day-celebration-with-flower-150x150.jpg,uploads/2025/11/women-s-day-celebration-with-flower-150x150.jpg,6117,32ab5c8e1fd6458f6f45e5f1dc161c5bda1f1dd10721ec3a536540c8e89d096d,image/jpeg,,,,
uploads/2025/11/19692-e1763294820786-400x516.jpg,uploads/2025/11/19692-e1763294820786-400x516.jpg,10768,ac41403b7419a1c4b11875dbc2eebe2e74be6b7f6b816830f9a8688fe37777c3,image/jpeg,,,,
uploads/2025/11/19692-1080x719.jpg,uploads/2025/11/19692-1080x719.jpg,46580,a2306be3de68015d0542eceb42f1a07bca4aabaf02bb688e33d0e2d6191f6298,image/jpeg,,,,
uploads/2025/11/19692-300x200.jpg,uploads/2025/11/19692-300x200.jpg,7965,0c9a7afa51d46b3d0fcb050dc3813fee7f60114052a3d02557e92f08bb9a5808,image/jpeg,,,,
uploads/2025/11/19692-1024x681.jpg,uploads/2025/11/19692-1024x681.jpg,43199,f4ffdad6166d86480ae3afaf6c5ea325272c0fb675638069b12793989d2c35bc,image/jpeg,,,,
uploads/2025/11/143021-1280x853.jpg,uploads/2025/11/143021-1280x853.jpg,71158,007d3b097c3fa6414f55f3679d3ab76beededf2ac632d2cf73b0cf6128fb2cd1,image/jpeg,,,,
uploads/2025/11/143021-510x382.jpg,uploads/2025/11/143021-510x382.jpg,17423,da76976e7f9b422b23ca7090aadf0d082a36a0233674e4152b5471eda3c51e66,image/jpeg,,,,
uploads/2025/11/2148398371-1280x853.jpg,uploads/2025/11/2148398371-1280x853.jpg,101836,c8eb76dfee27c7eb3a5ad5a4204b62ec09d438fd28aa91316b14e5b297898dce,image/jpeg,,,,
uploads/2025/11/women-s-day-celebration-with-flower-1536x768.jpg,uploads/2025/11/women-s-day-celebration-with-flower-1536x768.jpg,114071,0851b0e4b3677ad2284f997afa6dd4a2a6b166631781099633553305d136325f,image/jpeg,,,,
uploads/2025/11/2151930388-400x516.jpg,uploads/2025/11/2151930388-400x516.jpg,24188,591ef06d7e90cf84e355cf36b9c2c6d6afe2dc4d418f7de35d1944ea5eebbea1,image/jpeg,,,,
uploads/2025/11/143021-e1763291423474-768x279.jpg,uploads/2025/11/143021-e1763291423474-768x279.jpg,22354,853b63d75030fc2dc2d7204e0d2c88461e120e6a00e082573023bff55f8a8602,image/jpeg,,,,
uploads/2025/11/logo-510x300.png,uploads/2025/11/logo-510x300.png,13711,573bb698dc02b5745ccc644649b8ab3f4794b47456ccc0d68b099ecab4b5186f,image/png,,,,
uploads/2025/11/2148101442-1-e1763294562253-400x284.jpg,uploads/2025/11/2148101442-1-e1763294562253-400x284.jpg,19624,b21dbbafd1aade298bb1fad293d75817551cdc8fce696a8410908d8216e7842d,image/jpeg,,,,
uploads/2025/11/2147770870-e1763292893626-980x463.jpg,uploads/2025/11/2147770870-e1763292893626-980x463.jpg,52569,1b4f0b53021bd752118228276cd453072eaac856b15b63b51843c1dd9f03140f,image/jpeg,,,,
uploads/2025/11/19692-480x319.jpg,uploads/2025/11/19692-480x319.jpg,14711,15924657ffdd95d33cd2b76d28c2e71283be30a1df62c8a4ba4182e4bdcfcccc,image/jpeg,,,,
uploads/2025/11/2148101442-1-400x516.jpg,uploads/2025/11/2148101442-1-400x516.jpg,27425,3d33c3a5986deecd5270e0988a1eae89cfc2eec60be47235bebca2b14a20f344,image/jpeg,,,,
uploads/2025/11/helping-each-other-980x438.jpg,uploads/2025/11/helping-each-other-980x438.jpg,44531,5cc35bb9eca0c3ba1a615719bf856b4bfc162f51160b81dbb5b09993218aeca9,image/jpeg,,,,
uploads/2025/11/2148101442-400x284.jpg,uploads/2025/11/2148101442-400x284.jpg,19347,fc7b212f0921bf80bfa1b9f1e24870feff193ae707981db07406873a651ef526,image/jpeg,,,,
uploads/2025/11/2148938724-300x200.jpg,uploads/2025/11/2148938724-300x200.jpg,12938,618f257952244e62d253aaee2e6ab47018672cb42fbae2b3139eb49a46c008f5,image/jpeg,,,,
uploads/2025/11/143021-150x150.jpg,uploads/2025/11/143021-150x150.jpg,3611,4e918c462f005154bcf55fe5088d66aff35141fb7139268d8eb1b008eeafb5fa,image/jpeg,,,,
uploads/2025/11/2147770870-1080x720.jpg,uploads/2025/11/2147770870-1080x720.jpg,81545,67722ac737a2b7b46617e9881d92f86e9be9ef80b9349925dbae940c1ea481b9,image/jpeg,,,,
uploads/2025/11/2147770870-e1763292848630-400x516.jpg,uploads/2025/11/2147770870-e1763292848630-400x516.jpg,31019,543145727688b5bffff6308f6873cddcd0e2524ef6e09efc53e27ca276a3d4c7,image/jpeg,,,,
uploads/2025/11/2148938724-510x382.jpg,uploads/2025/11/2148938724-510x382.jpg,32983,c9b939f4845ad10302fe91ec3cd434c9932489d6a5124f9e8fd3f96883e17c36,image/jpeg,,,,
uploads/2025/11/2147770870-e1763292848630-510x382.jpg,uploads/2025/11/2147770870-e1763292848630-510x382.jpg,29723,761e6daf6f404670fce0e97088d0a6b8fe03768613eee0ca48f61e890b7ba387,image/jpeg,,,,
uploads/2025/11/2148101442-1-400x250.jpg,uploads/2025/11/2148101442-1-400x250.jpg,17856,bf8ebd0d0211621b1dec32b53fb7d27803477e544feadbc3b7a05e73df980e98,image/jpeg,,,,
uploads/2025/11/2147770870-510x382.jpg,uploads/2025/11/2147770870-510x382.jpg,28562,0fb01287e8053f872f29192b07c1760bdc9cf3b11fcd950cf94b3e596aa7fec6,image/jpeg,,,,
uploads/2025/11/2148398371-150x150.jpg,uploads/2025/11/2148398371-150x150.jpg,6002,c9ab538ee5c6261c02a849a3aeb1875d4414ee53f94249953b59b731b39e0f6e,image/jpeg,,,,
uploads/2025/11/2148101442-1-e1763294562253-300x96.jpg,uploads/2025/11/2148101442-1-e1763294562253-300x96.jpg,6916,6bbfa4011020e8ca3f844edd8ce43c49ea9637b259f890b772a535af72e20e5f,image/jpeg,,,,
uploads/2025/11/2148101442-1-e1763294493880.jpg,uploads/2025/11/2148101442-1-e1763294493880.jpg,185103,af5c6654f96ff720aefa928552ae987709837b0147e6ad5dea24c32b3131ac7b,image/jpeg,,,,
uploads/2025/11/2148101442-1-e1763294493880-150x150.jpg,uploads/2025/11/2148101442-1-e1763294493880-150x150.jpg,5403,877a9c5d2c446e5f0591f4b439a82e0e9a011a66fbec59ba4eb8e7930632a67b,image/jpeg,,,,
uploads/2025/11/helping-each-other-150x150.jpg,uploads/2025/11/helping-each-other-150x150.jpg,3247,6594c569dd4bda70d1bbfb01e334dc2242b0648b8ba7c2648da32240e8716705,image/jpeg,,,,
uploads/2025/11/2148101442-150x150.jpg,uploads/2025/11/2148101442-150x150.jpg,5809,cc30cd23907583718599aa62576975fe9363a3ccdaa35acf413e74629ee2805a,image/jpeg,,,,
uploads/2025/11/2148101442-1-e1763294493880-400x284.jpg,uploads/2025/11/2148101442-1-e1763294493880-400x284.jpg,17825,34766cc16d783b142ff5172225c837940679ef2a7c0e660637d83a6853d7ac44,image/jpeg,,,,
uploads/2025/11/helping-each-other-480x215.jpg,uploads/2025/11/helping-each-other-480x215.jpg,11367,a0f2aba055904842b8cea3af505e927ce8558638d221fcffc964f57b680a90d2,image/jpeg,,,,
uploads/2025/11/2148101442-e1763294414366-400x284.jpg,uploads/2025/11/2148101442-e1763294414366-400x284.jpg,19075,cbda7e32fe07fc009a1466bd63a12e81b4c51d25d0dcd38750a9cc8aafd131eb,image/jpeg,,,,
uploads/2025/11/2148938724-400x250.jpg,uploads/2025/11/2148938724-400x250.jpg,19209,99f487193d368eddba03df64f64d9c1f785952910476d0d434fc914ea941b6f2,image/jpeg,,,,
uploads/2025/11/2148938724-e1763294084270-768x223.jpg,uploads/2025/11/2148938724-e1763294084270-768x223.jpg,28284,2c30940dbf1184ae7a003cdbae9bf1e16baee655483e825f4e3f2d5f3ef29a2d,image/jpeg,,,,
uploads/2025/11/2151930384-510x382.jpg,uploads/2025/11/2151930384-510x382.jpg,39197,91e1b9016d7a77bdfd683f68685c514ad599525651cca8702bdc2d8d352783c9,image/jpeg,,,,
uploads/2025/11/2148101442-1-150x150.jpg,uploads/2025/11/2148101442-1-150x150.jpg,5809,cc30cd23907583718599aa62576975fe9363a3ccdaa35acf413e74629ee2805a,image/jpeg,,,,
uploads/2025/11/2148101442-980x653.jpg,uploads/2025/11/2148101442-980x653.jpg,74727,ad0834b7d73a19b3ad16f3dabe99fb5e205079ee1414eb3953711431c7ac09c7,image/jpeg,,,,
uploads/2025/11/2148101442-1024x682.jpg,uploads/2025/11/2148101442-1024x682.jpg,79868,b6b5b497add75bf78d84f3087de56ae0ed75fe53f05ccd71684cb295c6ecb0ba,image/jpeg,,,,
uploads/2025/11/cropped-favicon-400x512.png,uploads/2025/11/cropped-favicon-400x512.png,94118,27f71b834c022777623543e0c06c878cb8d6f0f0d9ac4b1026c5fa07337a9c5f,image/png,,,,
uploads/2025/11/2148101442-e1763294414366.jpg,uploads/2025/11/2148101442-e1763294414366.jpg,133527,6c70364624ead9792538819a2aa2e11b8dd3a903e3f0f0818816dd972b9adbfd,image/jpeg,,,,
uploads/2025/11/143021-e1763291423474-1080x393.jpg,uploads/2025/11/143021-e1763291423474-1080x393.jpg,39047,b3d63cbc060a99f12f6fc97f06520893e200e93158bb465a2a53735ae53ce307,image/jpeg,,,,
uploads/2025/11/2148101442-1.jpg,uploads/2025/11/2148101442-1.jpg,1709313,d5d85425f9e859a2e5790d9aefd7accec9896b66a9730a92f759543f8d8eeb58,image/jpeg,,,,
uploads/2025/11/143021-980x653.jpg,uploads/2025/11/143021-980x653.jpg,44957,005174eb68627add6f1c21447bfc300a9a2627cec74f105df3c86f0866b85258,image/jpeg,,,,
uploads/2025/11/cropped-favicon.png,uploads/2025/11/cropped-favicon.png,110642,df210711106a3cdffb6cb3fd6530bda5429bc43139e96acf6f3e73b178d438dd,image/png,,,,
uploads/2025/11/2148101442-1-1080x720.jpg,uploads/2025/11/2148101442-1-1080x720.jpg,86557,29aecf96891ebf24b6fb584772a5b35d911e813e6f47ee57c5a397e809a53586,image/jpeg,,,,
uploads/2025/11/2147770870-e1763292848630-400x250.jpg,uploads/2025/11/2147770870-e1763292848630-400x250.jpg,17956,4f07dee0a426c47f2aeba95d936cbb2fd0f5feb6416b2d30559dda0c02a552c1,image/jpeg,,,,
uploads/2025/11/2148101442-2-480x320.jpg,uploads/2025/11/2148101442-2-480x320.jpg,24474,8ee664f2c2e05fc388bf34b7eff0df468c6aad8c7b7cd65a45b2e5416869b631,image/jpeg,,,,
uploads/2025/11/2148101442-1-e1763294493880-980x551.jpg,uploads/2025/11/2148101442-1-e1763294493880-980x551.jpg,64168,819ad3ad9206fca3b846473574b35c53161684aff9b160524895be849a56cc47,image/jpeg,,,,
uploads/2025/11/2148101442-e1763294414366-510x382.jpg,uploads/2025/11/2148101442-e1763294414366-510x382.jpg,28639,f465d0fb35038d3d6ce4dcb1bd3366a97b33698b717a6d1c9c8453cf5bd92393,image/jpeg,,,,
uploads/2025/11/29376-980x653.jpg,uploads/2025/11/29376-980x653.jpg,63298,0aa2d18b8fe2e24a21f23a1dfc7b869e08d98dc53701200b838850d528195748,image/jpeg,,,,
uploads/2025/11/29376-768x512.jpg,uploads/2025/11/29376-768x512.jpg,44293,b81b8e03610b04bab20cf00d3e94f1c74903496b123ec4260a4335ea7ccbba6d,image/jpeg,,,,
uploads/2025/11/19692-1280x852.jpg,uploads/2025/11/19692-1280x852.jpg,60094,b556810ef7af3ac5c266ddcf0fadcca96591f60617c9259dd48602c5ee53cada,image/jpeg,,,,
uploads/2025/11/2148101442-2.jpg,uploads/2025/11/2148101442-2.jpg,1709313,d5d85425f9e859a2e5790d9aefd7accec9896b66a9730a92f759543f8d8eeb58,image/jpeg,,,,
uploads/2025/11/2148398371-1080x720.jpg,uploads/2025/11/2148398371-1080x720.jpg,79052,e8a0b64d0d237e08d9bb895b685a3e9b929d4715dab9c8f6fdfd867faacb306c,image/jpeg,,,,
uploads/2025/11/na-site-logo-480x120.webp,uploads/2025/11/na-site-logo-480x120.webp,9880,9d4639244ff4003f232958ec5489c10873756613202fc05b3b97808ed8074d5f,image/webp,,,,
uploads/2025/11/women-s-day-celebration-with-flower-400x250.jpg,uploads/2025/11/women-s-day-celebration-with-flower-400x250.jpg,17370,7e30ed6539f68598a5941559e30b46336f1b5675740d8185622cecc4ee86c9eb,image/jpeg,,,,
uploads/2025/11/2148101442-1-1536x1024.jpg,uploads/2025/11/2148101442-1-1536x1024.jpg,150263,7ac9128c1f22a36c24a1fee1a871324255a7c9838e1122d40929f29a02be6fc1,image/jpeg,,,,
uploads/2025/11/2148101442-510x382.jpg,uploads/2025/11/2148101442-510x382.jpg,28879,f1360c54926870da7e63abf4b25c75baf4230da38ba21ded5070a5bcd3e89464,image/jpeg,,,,
uploads/2025/11/2148101442-1-e1763294562253-1080x640.jpg,uploads/2025/11/2148101442-1-e1763294562253-1080x640.jpg,86340,5bc6f96f423dbc87c92dfd864b8524fc1433259d0aca924f90cb812cf845e101,image/jpeg,,,,
uploads/2025/11/2148101442-e1763294414366-1024x263.jpg,uploads/2025/11/2148101442-e1763294414366-1024x263.jpg,42858,e950669a1751448e15c08d63b9ecde25360df29ce05b0b2c8492bf5d93084fbd,image/jpeg,,,,
uploads/2025/11/helping-each-other-2048x916.jpg,uploads/2025/11/helping-each-other-2048x916.jpg,202004,efda33cbae1b647f861f2b000db3d2f6d9b6467654163ca6d1475b9a6447aab9,image/jpeg,,,,
uploads/2025/11/women-s-day-celebration-with-flower-scaled-e1763250714972-1024x299.jpg,uploads/2025/11/women-s-day-celebration-with-flower-scaled-e1763250714972-1024x299.jpg,35002,752f89f903ea6290e5d359ab4176d601dddb3bcbfa4a1244543b0f9025872134,image/jpeg,,,,
uploads/2025/11/na-site-logo-980x245.webp,uploads/2025/11/na-site-logo-980x245.webp,23924,b0a0e9fdd1125aef2600ffdfc6e47ad413d2aab6ff9ec4a3e9b2d8ac133962ce,image/webp,,,,
uploads/2025/11/143021-400x250.jpg,uploads/2025/11/143021-400x250.jpg,10021,75925135b3354a934dccb906e3f6a8733fdbeeb63386252ae7046b2a3aa89d69,image/jpeg,,,,
uploads/2025/11/2148938724-400x516.jpg,uploads/2025/11/2148938724-400x516.jpg,31731,5bc8505097f8db3dc27b4f41492828cb2f571338055763ff6ecb640fb086a2e2,image/jpeg,,,,
uploads/2025/11/2148398371-1536x1024.jpg,uploads/2025/11/2148398371-1536x1024.jpg,133398,1a7783b4c8e6f61ad5acb443763d093b61ef0b1f6b28f50072e901dd7556f8d1,image/jpeg,,,,
uploads/2025/11/143021.jpg,uploads/2025/11/143021.jpg,824036,edddf085d1c9354ba75d3a8e2fb7d7d3f4eedb93d982794b6220dbc4f8415fed,image/jpeg,,,,
uploads/2025/11/2148101442-1-e1763294562253-480x270.jpg,uploads/2025/11/2148101442-1-e1763294562253-480x270.jpg,22124,c0e0be73e91d1a27ff435cf7daca637a35dbe6b7ece72d3277c5f684fd54760f,image/jpeg,,,,
uploads/2025/11/2147770870-e1763292893626-480x270.jpg,uploads/2025/11/2147770870-e1763292893626-480x270.jpg,17663,2533f1874ed6ce838096a96d35de8614be83b464e8f8a6340f68e0b6d7419376,image/jpeg,,,,
uploads/2025/11/2147770870-400x516.jpg,uploads/2025/11/2147770870-400x516.jpg,29371,58994096bfe239de3515ebbb22de0c8520018ac524a43ba228860f03c4408b72,image/jpeg,,,,
uploads/2025/11/96081-1280x720.jpg,uploads/2025/11/96081-1280x720.jpg,81201,ad4e45738d513c5defec732cbb9eb1f8ef64075a5ea4e01f797f4ce8d5d434bf,image/jpeg,,,,
uploads/2025/11/143021-e1763291423474-1024x372.jpg,uploads/2025/11/143021-e1763291423474-1024x372.jpg,35967,dc9d625ba2572af88d3fe5aad5fa0833032f75deb361322d2a52b75009dc4207,image/jpeg,,,,
uploads/2025/11/2148398371-768x512.jpg,uploads/2025/11/2148398371-768x512.jpg,47849,a9c940a005d714da1e38bb0791d03e8fec91b3afef15e95b14943b15eeee4d4c,image/jpeg,,,,
uploads/2025/11/2148101442-1536x1024.jpg,uploads/2025/11/2148101442-1536x1024.jpg,150263,7ac9128c1f22a36c24a1fee1a871324255a7c9838e1122d40929f29a02be6fc1,image/jpeg,,,,
uploads/2025/11/women-s-day-celebration-with-flower-400x516.jpg,uploads/2025/11/women-s-day-celebration-with-flower-400x516.jpg,29690,97cbbea3897b61deb2ffebc18a12cb4248fe8b258a075efdf7764c4f25ac829c,image/jpeg,,,,
uploads/2025/11/2148938724-1280x853.jpg,uploads/2025/11/2148938724-1280x853.jpg,154516,003751932a67649480ba4475a9990250b40d03507b0e3eb0c77f26b2710fe497,image/jpeg,,,,
uploads/2025/11/2151930388-1024x512.jpg,uploads/2025/11/2151930388-1024x512.jpg,66444,052cb4c494bc228bcd5e7743f3203b94508858c3d47fe41621327d4de53f9c8a,image/jpeg,,,,
uploads/2025/11/2148938724-e1763294084270-1080x313.jpg,uploads/2025/11/2148938724-e1763294084270-1080x313.jpg,52690,6fa658832cffb8485a99ece59c63527cdfe3e54dc8f1fe90527cc1b0e61f03a7,image/jpeg,,,,
uploads/2025/11/2148101442-1-e1763294493880-400x516.jpg,uploads/2025/11/2148101442-1-e1763294493880-400x516.jpg,26353,23b4ceec0757edadcab41af902baf56fad1d61c80f2c16534cc9cd8a8b0e613c,image/jpeg,,,,
uploads/2025/11/2147770870-e1763292848630-1080x589.jpg,uploads/2025/11/2147770870-e1763292848630-1080x589.jpg,72944,d88dcfeebe5cd2063477c52dc202153028ffa877864575274546273e76ff9834,image/jpeg,,,,
uploads/2025/11/2147770870-400x250.jpg,uploads/2025/11/2147770870-400x250.jpg,17482,a27a78ff172c665b13ee2bbe2f4c47802358272ea655f5e6db2086bc5df0c0fb,image/jpeg,,,,
uploads/2025/11/2148101442-1080x675.jpg,uploads/2025/11/2148101442-1080x675.jpg,82929,62b90791c9dc97c5f7f84560ce2d06ccdc16370a73d159361b95eac45d0e09e7,image/jpeg,,,,
uploads/2025/11/143021-400x284.jpg,uploads/2025/11/143021-400x284.jpg,11323,e57e32671378f37d7ea7e366bd9da7ded2974f5f92ef6e871700d3697e289f48,image/jpeg,,,,
uploads/2025/11/women-s-day-celebration-with-flower-scaled-e1763250714972-768x224.jpg,uploads/2025/11/women-s-day-celebration-with-flower-scaled-e1763250714972-768x224.jpg,21995,deec2297bd86c76ff63c75222c8149e1c9ec12453347073e6fe99a2fc1843750,image/jpeg,,,,
uploads/2025/11/2148101442-e1763294414366-400x513.jpg,uploads/2025/11/2148101442-e1763294414366-400x513.jpg,27879,7af024991170f50ab37ec2148fd37844c7f98c3a41539452678704c85e30281e,image/jpeg,,,,
uploads/2025/11/2147770870-e1763292848630-1536x837.jpg,uploads/2025/11/2147770870-e1763292848630-1536x837.jpg,127472,2cb6c2d9385e63479f6c071d341fe50e0f0313b6d321bbac1b353eecbf0ddbf5,image/jpeg,,,,
uploads/2025/11/143021-1080x720.jpg,uploads/2025/11/143021-1080x720.jpg,52480,05a6523443ff551a1a06ccde7c22c2dea21118032dd7c51359d1d20a8ace9dc1,image/jpeg,,,,
uploads/2025/11/2147770870-e1763292893626-1080x463.jpg,uploads/2025/11/2147770870-e1763292893626-1080x463.jpg,57550,3b42d2f0d0552c90317365a1824ee40c79d6b88793e7672536bcdb3c6d08c673,image/jpeg,,,,
uploads/2025/11/2147770870-980x654.jpg,uploads/2025/11/2147770870-980x654.jpg,70365,ced10e6c196a5d93c7af97f5ac4ef32c04b7876ce9acf2e8917731c5743b78ce,image/jpeg,,,,
uploads/2025/11/19692-e1763294820786-980x551.jpg,uploads/2025/11/19692-e1763294820786-980x551.jpg,27196,1645ab69cbb9d29e199a35a985582baaa46060785fe5630acdd83c3f5b99b30b,image/jpeg,,,,
uploads/2025/11/96081.jpg,uploads/2025/11/96081.jpg,1067959,88b785f4ee2c0faafed0bf35de18a2b146e032550f9c373209ed26200a9ca50a,image/jpeg,,,,
uploads/2025/11/2151930388-768x384.jpg,uploads/2025/11/2151930388-768x384.jpg,42162,dca046e802275a2a0da01b10d9ebdeeb6fca9b26e78e6324075d0bfda4cae456,image/jpeg,,,,
uploads/2025/11/143021-480x320.jpg,uploads/2025/11/143021-480x320.jpg,14148,9d0f4c5331bb5e561c175de2d87a0927e47b134bacaf6c1906f5fa9fab8ec52f,image/jpeg,,,,
uploads/2025/11/2148101442-1-e1763294562253-1536x492.jpg,uploads/2025/11/2148101442-1-e1763294562253-1536x492.jpg,98683,061e39b21ba87b0a26d34e30953aa5c0bc0002e02cf437c6a5f2d399908831da,image/jpeg,,,,
uploads/2025/11/143021-e1763291423474-400x284.jpg,uploads/2025/11/143021-e1763291423474-400x284.jpg,14069,5728654a6cde22623ce30eecb528d4ed325ed28d6c5a8d1ec4b13269b0004cf1,image/jpeg,,,,
uploads/2025/11/2147770870-1024x683.jpg,uploads/2025/11/2147770870-1024x683.jpg,75151,9d968f53181e7e2f50ebf1553a3b2952e6235d05c04bd2d094b551cae6e0a686,image/jpeg,,,,
uploads/2025/11/logo-1080x270.png,uploads/2025/11/logo-1080x270.png,94239,be40637a1fcd510df5410673b36f88ee1ce13bc7e0a3f7c3dca9983aeeee5e5a,image/png,,,,
uploads/2025/11/women-s-day-celebration-with-flower-scaled-e1763250714972-480x270.jpg,uploads/2025/11/women-s-day-celebration-with-flower-scaled-e1763250714972-480x270.jpg,19678,9ea25554140fdcf52414fcf9e5e0a81ed3db435fa90cd88140c03816dd5b1774,image/jpeg,,,,
uploads/2025/11/women-s-day-celebration-with-flower-1024x512.jpg,uploads/2025/11/women-s-day-celebration-with-flower-1024x512.jpg,60876,994bbab69e73ff453340941dfac2f34e5aea15f4a1ab432d3c85e1c893ba0a04,image/jpeg,,,,
uploads/2025/11/helping-each-other-400x250.jpg,uploads/2025/11/helping-each-other-400x250.jpg,11429,b71e367b30479d455d75d96743270fc90af59ba1448c6e6064be0101db5ae6e6,image/jpeg,,,,
uploads/2025/11/2148938724.jpg,uploads/2025/11/2148938724.jpg,1949610,d60cb58596bb7813784e603954ff3eb52cd4fadf4933da7e7a663e1f42c51098,image/jpeg,,,,
uploads/2025/11/2148101442-1-e1763294562253-400x516.jpg,uploads/2025/11/2148101442-1-e1763294562253-400x516.jpg,27809,60c2fae679258a1936c3099e4bd42f17087ac76ba5807e04e0796e919e7438a3,image/jpeg,,,,
uploads/2025/11/2148101442-1-e1763294493880-1080x482.jpg,uploads/2025/11/2148101442-1-e1763294493880-1080x482.jpg,64896,b1243a60966f0ac7ebbaf85aba6e677cd47ca19be29f4f9abbc0eccc2ae874f5,image/jpeg,,,,
uploads/2025/11/2148938724-1024x682.jpg,uploads/2025/11/2148938724-1024x682.jpg,102109,7c6382c4a37007a24362c795eee03bf4be0412205685aa17684fb2af035a1de6,image/jpeg,,,,
uploads/2025/11/2148101442-e1763294414366-768x197.jpg,uploads/2025/11/2148101442-e1763294414366-768x197.jpg,26813,a65e23f450910346e449ff42b3cc2d1044cb0cc712826143275f9fdcef3154ac,image/jpeg,,,,
uploads/2025/11/2148101442-e1763294414366-150x150.jpg,uploads/2025/11/2148101442-e1763294414366-150x150.jpg,5476,4472c84672fcf718e9315b461e4bebf79f9784b523d45d18765b00c5ad16dfe9,image/jpeg,,,,
uploads/2025/11/helping-each-other-1024x458.jpg,uploads/2025/11/helping-each-other-1024x458.jpg,48563,f52c597816d4ba73192abb05be28e988da9d352303348c9a9c3bc9853272e3d5,image/jpeg,,,,
uploads/2025/11/96081-150x150.jpg,uploads/2025/11/96081-150x150.jpg,6192,5614f4dafb411c8859c0f7db8419b344dfc936a1b689017b349d4328af400be1,image/jpeg,,,,
uploads/2025/11/women-s-day-celebration-with-flower-scaled-e1763250714972-2048x598.jpg,uploads/2025/11/women-s-day-celebration-with-flower-scaled-e1763250714972-2048x598.jpg,96671,d20162944114afc5f18f466dfa6e9743d2867a1b2677d7cd51c94436cb7e6dd0,image/jpeg,,,,
uploads/2025/11/women-s-day-celebration-with-flower-scaled-e1763250714972-150x150.jpg,uploads/2025/11/women-s-day-celebration-with-flower-scaled-e1763250714972-150x150.jpg,5293,e4392c8ced600d7883abdc1a27449113b0c97e5eaf9bc464734feba4db3bfeed,image/jpeg,,,,
uploads/2025/11/2148101442-2-510x382.jpg,uploads/2025/11/2148101442-2-510x382.jpg,28879,f1360c54926870da7e63abf4b25c75baf4230da38ba21ded5070a5bcd3e89464,image/jpeg,,,,
uploads/2025/11/96081-400x250.jpg,uploads/2025/11/96081-400x250.jpg,14495,f32e0168f276cf6c6fcc502e1d9415c99ee668ab19f170f2e6dde231ac58ca53,image/jpeg,,,,
uploads/2025/11/logo-480x120.png,uploads/2025/11/logo-480x120.png,28482,3b9d18f90c33ca67cf5d30e929d838b550663fe4ce1eb0f7c1e5e4e86f2d1e5d,image/png,,,,
uploads/2025/11/2148101442-1-e1763294493880-1536x686.jpg,uploads/2025/11/2148101442-1-e1763294493880-1536x686.jpg,113667,aaa9c3677c8b6c6294ce297a09988eb9f2e7420a9b794eb43b682bb47f288e09,image/jpeg,,,,
uploads/2025/11/2148398371-400x516.jpg,uploads/2025/11/2148398371-400x516.jpg,25330,c1d37fdecfd8694fc2424f59e471c4717d05ed4efabdeaea830ce93bf77360f1,image/jpeg,,,,
uploads/2025/11/women-s-day-celebration-with-flower-1080x540.jpg,uploads/2025/11/women-s-day-celebration-with-flower-1080x540.jpg,66328,a8d47f89e0fc953269f2f14417c70c00e29b1e7b6cc3ec165bdacea2962ebd97,image/jpeg,,,,
uploads/2025/11/2147770870-150x150.jpg,uploads/2025/11/2147770870-150x150.jpg,5666,cd37762b0502b33ed7eb18d52661621f561ba5689a3bdcf12a11b0afe5c1d8b2,image/jpeg,,,,
uploads/2025/11/women-s-day-celebration-with-flower-400x284.jpg,uploads/2025/11/women-s-day-celebration-with-flower-400x284.jpg,19391,9d6b38b2c721bdabb4ece6aee648da720e1df6f51aa13de5127d64ca69cb9cc5,image/jpeg,,,,
uploads/2025/11/2148101442-1080x720.jpg,uploads/2025/11/2148101442-1080x720.jpg,86557,29aecf96891ebf24b6fb584772a5b35d911e813e6f47ee57c5a397e809a53586,image/jpeg,,,,
uploads/2025/11/2148938724-980x653.jpg,uploads/2025/11/2148938724-980x653.jpg,94468,9b06b8086675ee59a47f4f433294bedc4a5b17042afd9538d979aa6a9e56a1a9,image/jpeg,,,,
uploads/2025/11/2148398371.jpg,uploads/2025/11/2148398371.jpg,1199030,4bd7d13b8f24e54b08d762160b52963421b0259534013902538c74b26b2a17d9,image/jpeg,,,,
uploads/2025/11/women-s-day-celebration-with-flower-scaled-e1763250714972-400x516.jpg,uploads/2025/11/women-s-day-celebration-with-flower-scaled-e1763250714972-400x516.jpg,21214,4ad12bd72d9e4e061a48dc9c45176e9f068b319f95dfa1b31e251a026d89a774,image/jpeg,,,,
uploads/2025/11/2148101442-400x250.jpg,uploads/2025/11/2148101442-400x250.jpg,17856,bf8ebd0d0211621b1dec32b53fb7d27803477e544feadbc3b7a05e73df980e98,image/jpeg,,,,
uploads/2025/11/29376-1024x682.jpg,uploads/2025/11/29376-1024x682.jpg,67480,08d27b36e94cff7fd9691f4910ebff0699006d19fe4c8eaac0261182c77e562b,image/jpeg,,,,
uploads/2025/11/143021-e1763291423474-1280x720.jpg,uploads/2025/11/143021-e1763291423474-1280x720.jpg,75586,2891f4ab61c6b72c57641a7f3b684903e855cb5d08be40f0b2e6b3b6d0c398bb,image/jpeg,,,,
uploads/2025/11/2148101442-2-1080x720.jpg,uploads/2025/11/2148101442-2-1080x720.jpg,86557,29aecf96891ebf24b6fb584772a5b35d911e813e6f47ee57c5a397e809a53586,image/jpeg,,,,
uploads/2025/11/2148101442-e1763294414366-980x513.jpg,uploads/2025/11/2148101442-e1763294414366-980x513.jpg,67667,6117e527040fd9d958cc5a9d51c135ee10365f1ca53cf8a980f6b9c3af1dce25,image/jpeg,,,,
uploads/2025/11/2148938724-e1763294084270-1536x445.jpg,uploads/2025/11/2148938724-e1763294084270-1536x445.jpg,100526,7a5599fc8d079e5fc150ff3bacfb6033e0996b6c6ba98ac0212b64d8d1b80802,image/jpeg,,,,
uploads/2025/11/cropped-favicon-180x180.png,uploads/2025/11/cropped-favicon-180x180.png,25068,41859540c2fe0f10b39174a5bf843ecbee006d1fffc811d00502857130adfa62,image/png,,,,
uploads/2025/11/2147770870-e1763292893626-768x178.jpg,uploads/2025/11/2147770870-e1763292893626-768x178.jpg,18960,742682ef0ddde355b636a8be396a5862cd2664606536c93c91738ce214f843f2,image/jpeg,,,,
uploads/2025/11/143021-e1763291423474-510x382.jpg,uploads/2025/11/143021-e1763291423474-510x382.jpg,21517,8d96efd6751e2a70e93955d6ec2a6f8cf172388e8ef98ad2fe05fac9977fea45,image/jpeg,,,,
uploads/2025/11/2148101442-480x320.jpg,uploads/2025/11/2148101442-480x320.jpg,24474,8ee664f2c2e05fc388bf34b7eff0df468c6aad8c7b7cd65a45b2e5416869b631,image/jpeg,,,,
uploads/2025/11/2148398371-400x284.jpg,uploads/2025/11/2148398371-400x284.jpg,19449,d5e9c9268335e917aa68f4175fa8da9dce5376fdd9e5e599f11df7df5fe2d1d7,image/jpeg,,,,
uploads/2025/11/2151930384-300x150.jpg,uploads/2025/11/2151930384-300x150.jpg,13761,8d3c4f3dc28815beb37cd618f1bdfdbece41d6537805f342b3a91eddc8d1f64f,image/jpeg,,,,
uploads/2025/11/2147770870-e1763292893626-1280x463.jpg,uploads/2025/11/2147770870-e1763292893626-1280x463.jpg,67985,c2630b0ee225d485a1b58fdc946f274dc9a4aa1a77a72cb65081531018cabfe5,image/jpeg,,,,
uploads/2025/11/2148938724-e1763294084270.jpg,uploads/2025/11/2148938724-e1763294084270.jpg,191660,485b7998d5aa2f9f66f5dd313ab85d7b7d9a3d2cbae583143943150c54a0a239,image/jpeg,,,,
uploads/2025/11/logo-400x250.png,uploads/2025/11/logo-400x250.png,14879,be706df1074154ea3f99454344e941e9cc6f7ab9baab76483c751a330b10b483,image/png,,,,
uploads/2025/11/96081-1024x576.jpg,uploads/2025/11/96081-1024x576.jpg,55050,b996b957f9b5ca7955c6726f924a661dc7387cdbdb1795f746679aa1919e3030,image/jpeg,,,,
uploads/2025/11/2151930384-400x516.jpg,uploads/2025/11/2151930384-400x516.jpg,36805,efb35bd1ac59c1368bf5ad6562c620b56f95034048be7478dbecaf60d717943d,image/jpeg,,,,
uploads/2025/11/logo.png,uploads/2025/11/logo.png,98720,e060ea3b52588002a2fdde02bb5b1206d2c36febbfebddd484237f8faaf63ad0,image/png,,,,
uploads/2025/11/2148398371-980x653.jpg,uploads/2025/11/2148398371-980x653.jpg,69008,5d8b66192cd9101bb24bd14479ba22ef5a9f83b15e8c590cedfc05347754a4eb,image/jpeg,,,,
uploads/2025/11/2147770870-e1763292848630-400x284.jpg,uploads/2025/11/2147770870-e1763292848630-400x284.jpg,19559,275e174145ca42e32c555a240c958452a8f86d6a1c92ef13a25d27fde9cef67f,image/jpeg,,,,
uploads/2025/11/2148101442-1-e1763294562253-150x150.jpg,uploads/2025/11/2148101442-1-e1763294562253-150x150.jpg,5551,a08c8b4da4477c3af90d5eaf3dbb05e6d08a0e27d8f7cecc67d8d7f028d4a6bb,image/jpeg,,,,
uploads/2025/11/2147770870-e1763292848630-1280x720.jpg,uploads/2025/11/2147770870-e1763292848630-1280x720.jpg,97695,ae04452b217176072f24b55dce842e9e4132cba29aeb0e91de219424b2c99a0d,image/jpeg,,,,
uploads/2025/11/2147770870-300x200.jpg,uploads/2025/11/2147770870-300x200.jpg,11848,ba30f7662ec7164ec5bdf87fe345f39bfc790a7a0da25c6f73807afcf48ae6e6,image/jpeg,,,,
uploads/2025/11/2151930388-980x490.jpg,uploads/2025/11/2151930388-980x490.jpg,62599,369e712a8d8d4f5b2c233b38a94c220d4507bb74486a722d4af3ba5504f9173d,image/jpeg,,,,
uploads/2025/11/2148101442-1-e1763294562253-980x551.jpg,uploads/2025/11/2148101442-1-e1763294562253-980x551.jpg,68967,e06cd549bc3fc77be65ad6fc8c3843fa9dc6d5c8abfc0bdc391c55567ddbd181,image/jpeg,,,,
uploads/2025/11/2147770870-e1763292848630.jpg,uploads/2025/11/2147770870-e1763292848630.jpg,215066,61d58ed870ef205ebd3eab4325a03e5edc971de0203873f8182e3f891ecf5c5c,image/jpeg,,,,
uploads/2025/11/na-site-logo.webp,uploads/2025/11/na-site-logo.webp,23356,00e142b72d27bffb65d555b83a7c1e5b5d6bb512c62cf7cb58c82125d8caf080,image/webp,,,,
uploads/2025/11/na-site-logo-1024x256.webp,uploads/2025/11/na-site-logo-1024x256.webp,25364,64272b88d56886ba4a3d65751dcb592291ce121c1975cc01507ecfc264ed5fa7,image/webp,,,,
uploads/2025/11/helping-each-other-510x382.jpg,uploads/2025/11/helping-each-other-510x382.jpg,22290,4fe2a5b4118847f538fe289ae59d1e48c8e2b296e57be09af32a115ba0d17b91,image/jpeg,,,,
uploads/2025/11/logo-400x284.png,uploads/2025/11/logo-400x284.png,15207,100b505ac6e20f5b3e8c6c3f30c0973b4f2843e62f2013ca5db105e30fcdb4b1,image/png,,,,
uploads/2025/11/2147770870-e1763292848630-1080x675.jpg,uploads/2025/11/2147770870-e1763292848630-1080x675.jpg,82762,6f883a3201125498e1cdb6136b5dc301d764d55597a76239f4fd9e53644a5761,image/jpeg,,,,
uploads/2025/11/19692-e1763294820786-400x284.jpg,uploads/2025/11/19692-e1763294820786-400x284.jpg,9200,c77f185353f257dd14ef8f82591294bc630a702c80841a291d122c17bd241f18,image/jpeg,,,,
uploads/2025/11/2151930388-1080x675.jpg,uploads/2025/11/2151930388-1080x675.jpg,85892,a1b37b18e7bb78809773dadbab9ce87f7622c4226f84136f8ec9f6e1d3e05b15,image/jpeg,,,,
uploads/2025/11/96081-1080x608.jpg,uploads/2025/11/96081-1080x608.jpg,60314,f8b2c0e08561151da0601dffe8e0921cdf626a86b41b5367388e2653b38111c3,image/jpeg,,,,
uploads/2025/11/women-s-day-celebration-with-flower-980x490.jpg,uploads/2025/11/women-s-day-celebration-with-flower-980x490.jpg,57324,524528651650a808f7142e52a69c4eebe85920183c2d3817a7c1b0e7c2be9764,image/jpeg,,,,
uploads/2025/11/2147770870-e1763292848630-980x551.jpg,uploads/2025/11/2147770870-e1763292848630-980x551.jpg,64932,1d572bf97bbb842697fb89ea427c3abb5970abe9f66fbfedf5cb87ef0f5e5518,image/jpeg,,,,
uploads/2025/11/143021-e1763291423474-150x150.jpg,uploads/2025/11/143021-e1763291423474-150x150.jpg,4026,019c37d02742c69d50fe6c5281accde5254eedbb461a38b4e294801e74eabdea,image/jpeg,,,,
uploads/2025/11/2151930384-400x250.jpg,uploads/2025/11/2151930384-400x250.jpg,24138,569f778bbc177f6fc45c3c8d488e7cd950f405a78685e474554df14aa3bbed17,image/jpeg,,,,
uploads/2025/11/29376-510x382.jpg,uploads/2025/11/29376-510x382.jpg,26953,8bfe3ce68283eca68e57f9e97c5787ab820319d6f4b4a6cdfc7ac9181ba555a6,image/jpeg,,,,
uploads/2025/11/19692-e1763294820786-400x250.jpg,uploads/2025/11/19692-e1763294820786-400x250.jpg,8960,ba1087373c1cdb87a46f96d9d1b533ccdd3b56b8759478648db6533253aba8cc,image/jpeg,,,,
uploads/2025/11/2148101442-e1763294414366-1536x394.jpg,uploads/2025/11/2148101442-e1763294414366-1536x394.jpg,82376,cdafeb8d44d3201489473d6bf13c0eefeeefed29ac67bebce319f66d2c194bde,image/jpeg,,,,
uploads/2025/11/women-s-day-celebration-with-flower-scaled-e1763250714972-510x382.jpg,uploads/2025/11/women-s-day-celebration-with-flower-scaled-e1763250714972-510x382.jpg,25154,ff478e6e07579398e9054fe5cb4393ed983792b95e938b606e21fc3ce423870a,image/jpeg,,,,
uploads/2025/11/29376.jpg,uploads/2025/11/29376.jpg,1166132,94d05aaab42c337ec696935fee116e713102d28392b8007192d33344a31945c8,image/jpeg,,,,
uploads/2025/11/96081-768x432.jpg,uploads/2025/11/96081-768x432.jpg,33870,c2dd0ecae5d95fbba5c3bd4a2c02ef1dce5b60d22a13f60427481a42f952f1c7,image/jpeg,,,,
uploads/2025/11/favicon-150x150.png,uploads/2025/11/favicon-150x150.png,17766,0737cead2be6b73905288a705eca8e0c775ef8e5e030ee2b94d5d4a6ef44b5cd,image/png,,,,
uploads/2025/11/29376-300x200.jpg,uploads/2025/11/29376-300x200.jpg,11999,2abdbeeb9fde06d9f606e5f14dc3e1c5ce41a26833741af9d0bcb607a7118f9b,image/jpeg,,,,
uploads/2025/11/women-s-day-celebration-with-flower-300x150.jpg,uploads/2025/11/women-s-day-celebration-with-flower-300x150.jpg,9239,2500046b5f5cb3e5eabe4bdf455e7ec39ef3d01cda7a174f40462a77f320465e,image/jpeg,,,,
uploads/2025/11/2147770870-e1763292893626-400x250.jpg,uploads/2025/11/2147770870-e1763292893626-400x250.jpg,14041,0be243e0b675bf18c3d5d236baa4cb2214f85ac22e03d63d00b44fc628e6d3d0,image/jpeg,,,,
uploads/2025/11/women-s-day-celebration-with-flower.jpg,uploads/2025/11/women-s-day-celebration-with-flower.jpg,2698941,90bebfdfd25d985352e349e86c2bec9fa7fa9e9d336699c99d41f46ca4d15cd6,image/jpeg,,,,
uploads/2025/11/na-site-logo-300x75.webp,uploads/2025/11/na-site-logo-300x75.webp,5466,0072bf93518e15b7ceb3bf4e4a6c01896a463d8bd402b357be351292ff01a279,image/webp,,,,
uploads/2025/11/19692-400x284.jpg,uploads/2025/11/19692-400x284.jpg,12047,3165ac16a744a046b23c69f1cd4c3bfe1a7737b63609a41230d0ed61beb8e780,image/jpeg,,,,
uploads/2025/11/2151930388-1080x540.jpg,uploads/2025/11/2151930388-1080x540.jpg,72581,3108a003722133206b37ad4c633535739536132ffac5f6253c8c391cca2c00bf,image/jpeg,,,,
uploads/2025/11/19692-980x652.jpg,uploads/2025/11/19692-980x652.jpg,40509,b91dc93400c7d9c1c6c85cf3d24a5c6bf8c7574ec41ef61358aaff01a3eb7f46,image/jpeg,,,,
uploads/2025/11/favicon-270x250.png,uploads/2025/11/favicon-270x250.png,47073,75ee252ccf10c8bbdac03d2488aa092dd8848cf786da09b782a9d5d35b6d73aa,image/png,,,,
uploads/2025/11/2147770870-e1763292848630-150x150.jpg,uploads/2025/11/2147770870-e1763292848630-150x150.jpg,5759,2bb591b79e17764bb774f5cf60fa4a19a7585cd402afc752d3b6b320739239c2,image/jpeg,,,,
uploads/2025/11/2148398371-400x250.jpg,uploads/2025/11/2148398371-400x250.jpg,17979,f6e6831289d192b2e783acb19cb94ae7100e317455ed4c205b330f25ab2bbb1e,image/jpeg,,,,
uploads/2025/11/2148101442-300x200.jpg,uploads/2025/11/2148101442-300x200.jpg,12165,b80f26180de6a2e0ba72c1fd3ec1d3e27bd586e76e4bcc1392d057e9419bbb88,image/jpeg,,,,
uploads/2025/11/19692-e1763294820786-1536x471.jpg,uploads/2025/11/19692-e1763294820786-1536x471.jpg,34798,c747bd429acca9597f50ec87a786f2eb7596df60e13941ab9fdc1e0ee72c410a,image/jpeg,,,,
uploads/2025/11/2151930384-980x490.jpg,uploads/2025/11/2151930384-980x490.jpg,86712,64fe8acf9c654167a0f5f44bacfe4a20ce834140f5d51158b85e57fc9137838a,image/jpeg,,,,
uploads/2025/11/2151930384-480x240.jpg,uploads/2025/11/2151930384-480x240.jpg,28047,4fd419daa627f42bbf7f5f70b632708b632c68f7153f7330e5a603e59d7007b2,image/jpeg,,,,
uploads/2025/11/2148398371-510x382.jpg,uploads/2025/11/2148398371-510x382.jpg,28644,51fc8cb17181c631cb3e816046dd32a55addd967fbe351edb369d636cea0cd49,image/jpeg,,,,
uploads/2025/11/helping-each-other-300x134.jpg,uploads/2025/11/helping-each-other-300x134.jpg,5398,1f649dac13c63d4457bebbfef2dc0ccafd30094fe1d110d772eb1c9db1a56d97,image/jpeg,,,,
uploads/2025/11/na-site-logo-510x300.webp,uploads/2025/11/na-site-logo-510x300.webp,6816,0721cd7606adcfd03824c39e95c8e71e565ad83a4b45560302fb2cb280c0ec60,image/webp,,,,
uploads/2025/11/2148101442-1-e1763294562253-400x250.jpg,uploads/2025/11/2148101442-1-e1763294562253-400x250.jpg,17941,5449364752c4955fe0ec6b60d5456bbc862abdecec1b5d16ac9cb801fd137187,image/jpeg,,,,
uploads/2025/11/2151930384-150x150.jpg,uploads/2025/11/2151930384-150x150.jpg,6990,04c002ca474b2e1613cdee9e6b1eec42c0732798b82d12cfe6f2db2319c32872,image/jpeg,,,,
uploads/2025/11/women-s-day-celebration-with-flower-scaled-e1763250714972-1536x448.jpg,uploads/2025/11/women-s-day-celebration-with-flower-scaled-e1763250714972-1536x448.jpg,61938,4c234355610ada3398b494c5fb32be754ecf74a4f388cbe81fe916e9a5f4bbd1,image/jpeg,,,,
uploads/2025/11/logo-1024x256.png,uploads/2025/11/logo-1024x256.png,86848,1f15785372081d851694ea4a0c473f8de9a097814adb8c712632ceb79e7c2e22,image/png,,,,
uploads/2025/11/2148101442-1280x853.jpg,uploads/2025/11/2148101442-1280x853.jpg,113232,0af4ce4a13eff168a9c7ca6668ef35f558123cf0e07907946d9d883c427f7c58,image/jpeg,,,,
uploads/2025/11/women-s-day-celebration-with-flower-scaled-e1763250714972.jpg,uploads/2025/11/women-s-day-celebration-with-flower-scaled-e1763250714972.jpg,143720,88edd6fcb6918e7c510583d3fcb1482f4bb21a5f71b1682eb36973a93e6639ca,image/jpeg,,,,
uploads/2025/11/19692.jpg,uploads/2025/11/19692.jpg,783763,15cab201ba8a2f32ed17805f8e3d5a3a1261dd5b5a82231bc8537aa4603e52da,image/jpeg,,,,
uploads/2025/11/2148101442-1-e1763294493880-1024x457.jpg,uploads/2025/11/2148101442-1-e1763294493880-1024x457.jpg,59509,9138df37182da012dd3e7f7a7f3cd85481286ba3aae53b460508cdde85767004,image/jpeg,,,,
uploads/2025/11/2148101442-1-e1763294562253.jpg,uploads/2025/11/2148101442-1-e1763294562253.jpg,158603,a8b1bcc07bb9b81e1e2a3253a73c8f9cabb7bbc0b93ad3ecf68b4f3cae388d26,image/jpeg,,,,
uploads/2025/11/2151930388-480x240.jpg,uploads/2025/11/2151930388-480x240.jpg,19905,7ae0d7efb521b04c726a6f23dec02f1067aff8b36fecba5f0e1e2eb58b570aa4,image/jpeg,,,,
uploads/2025/11/helping-each-other-2880x1800.jpg,uploads/2025/11/helping-each-other-2880x1800.jpg,573483,8c5c77ac0816bfe41d07ee34c05a18a4205b2f53a87123f806166706437e19a6,image/jpeg,,,,
uploads/2025/11/2147770870.jpg,uploads/2025/11/2147770870.jpg,1832590,90bab073110150da5e93a121736b10c8bc47ffed34563e99e5c715afeb471805,image/jpeg,,,,
uploads/2025/11/143021-e1763291423474-1080x675.jpg,uploads/2025/11/143021-e1763291423474-1080x675.jpg,62445,a93fc2a38f1eb6b75a63b7013ada49572b7344cbaeeb6b22fcf1017cbf8c6ef4,image/jpeg,,,,
uploads/2025/11/2148101442-1-1280x853.jpg,uploads/2025/11/2148101442-1-1280x853.jpg,113232,0af4ce4a13eff168a9c7ca6668ef35f558123cf0e07907946d9d883c427f7c58,image/jpeg,,,,
uploads/2025/11/2148101442-1-e1763294562253-510x382.jpg,uploads/2025/11/2148101442-1-e1763294562253-510x382.jpg,29654,27c638346158c6e9733c7a918f70ea5c80bf0ce648184f0263fb947f225309e2,image/jpeg,,,,
uploads/2025/11/2148101442-1-e1763294562253-1080x346.jpg,uploads/2025/11/2148101442-1-e1763294562253-1080x346.jpg,56172,ca2cb63fbd58c67c255cbab3fed0098281602b007c75ab65c864f3c0fffc7ecb,image/jpeg,,,,
uploads/2025/11/143021-e1763291423474-1536x558.jpg,uploads/2025/11/143021-e1763291423474-1536x558.jpg,69618,8479081b1a18037ed1359c89941c7b19ac9f4ccd98b11867ddd6cd95dfcfc1f9,image/jpeg,,,,
uploads/2025/11/na-site-logo-150x150.webp,uploads/2025/11/na-site-logo-150x150.webp,2278,19d11eb3ea0ce218c34c617ebdc2bb577f3a49002f6c60ec92048e884c1eeac8,image/webp,,,,
uploads/2025/11/2148101442-2-400x284.jpg,uploads/2025/11/2148101442-2-400x284.jpg,19347,fc7b212f0921bf80bfa1b9f1e24870feff193ae707981db07406873a651ef526,image/jpeg,,,,
uploads/2025/11/2148101442-1-1024x682.jpg,uploads/2025/11/2148101442-1-1024x682.jpg,79868,b6b5b497add75bf78d84f3087de56ae0ed75fe53f05ccd71684cb295c6ecb0ba,image/jpeg,,,,
uploads/2025/11/women-s-day-celebration-with-flower-768x384.jpg,uploads/2025/11/women-s-day-celebration-with-flower-768x384.jpg,38721,72afb68f258cf51bc3013ccc1a5e99e222ecb88a3f3524604b61f0b1c5f1b455,image/jpeg,,,,
uploads/2025/11/2148101442-1-400x284.jpg,uploads/2025/11/2148101442-1-400x284.jpg,19347,fc7b212f0921bf80bfa1b9f1e24870feff193ae707981db07406873a651ef526,image/jpeg,,,,
uploads/2025/11/2147770870-e1763292893626-150x150.jpg,uploads/2025/11/2147770870-e1763292893626-150x150.jpg,4181,2234bcf976e8661b1ba32ac3d4df43be1cb90c28b6c81f424e86ddace9b28532,image/jpeg,,,,
uploads/2025/11/na-site-logo-400x284.webp,uploads/2025/11/na-site-logo-400x284.webp,7450,471365e1ec2552501e5318880cfe6542a6fa1b04b42fa2b1f37c899e5b694957,image/webp,,,,
uploads/2025/11/women-s-day-celebration-with-flower-scaled-e1763250714972-300x88.jpg,uploads/2025/11/women-s-day-celebration-with-flower-scaled-e1763250714972-300x88.jpg,5745,ebf9d457054cb4842721019100b7dbf2b47e8ced85c4453511c36ee3a3851383,image/jpeg,,,,
uploads/2025/11/2148101442-1-e1763294562253-1024x328.jpg,uploads/2025/11/2148101442-1-e1763294562253-1024x328.jpg,51334,a16df5c49bcd32a9ea9c431bebcaf57737d29a43cbff6a15e581b788254fe26a,image/jpeg,,,,
uploads/2025/11/29376-1536x1024.jpg,uploads/2025/11/29376-1536x1024.jpg,123498,9cc158da895d3e211a1e339cd5c9db9fa3d4a367157614e2965af86e82745a48,image/jpeg,,,,
uploads/2025/11/women-s-day-celebration-with-flower-1080x675.jpg,uploads/2025/11/women-s-day-celebration-with-flower-1080x675.jpg,79918,065ea8c9e37a4eaf319a5bf39374bbc117d18db5bbbadeab1ffeda630deb3503,image/jpeg,,,,
uploads/2025/11/143021-e1763291423474-300x109.jpg,uploads/2025/11/143021-e1763291423474-300x109.jpg,5774,eb9b961b32f352aa581d5e877ed1d97ebc729f65860291fe4eab964385ef8b2e,image/jpeg,,,,
uploads/2025/11/19692-e1763294820786-1080x613.jpg,uploads/2025/11/19692-e1763294820786-1080x613.jpg,31956,a5b0fea86d5e7426778d65445e3adee20452ea99da4c176e9d3902ee650a506e,image/jpeg,,,,
uploads/2025/11/2148101442-1-e1763294493880-480x270.jpg,uploads/2025/11/2148101442-1-e1763294493880-480x270.jpg,20280,e9146a0ff09c0d923ad282c573c6a26a1b9fcf0eb193e6d5533d9c7911f31f69,image/jpeg,,,,
uploads/2025/11/96081-400x284.jpg,uploads/2025/11/96081-400x284.jpg,16525,9ae2d4f22678d55a8b5fdbf431757c2bed31741ec06a9acbdce12e76dbc04b4f,image/jpeg,,,,
uploads/2025/11/helping-each-other-scaled.jpg,uploads/2025/11/helping-each-other-scaled.jpg,311830,5698bda9900349a9e058bcd0c5ad0631f0e9d463020dda9c143ce400c5f970f7,image/jpeg,,,,
uploads/2025/11/women-s-day-celebration-with-flower-scaled-e1763250714972-1280x720.jpg,uploads/2025/11/women-s-day-celebration-with-flower-scaled-e1763250714972-1280x720.jpg,81773,bdacc9d10fa3f6ad93a99df22e68864496cdc0dbb3733bf866cb2d0206bfd342,image/jpeg,,,,
uploads/2025/11/2151930384-400x284.jpg,uploads/2025/11/2151930384-400x284.jpg,25876,df378f267c30a12c1d0b6d180762beea8909e429159f865fbc5404d896fdeede,image/jpeg,,,,
uploads/2025/11/na-site-logo-1080x270.webp,uploads/2025/11/na-site-logo-1080x270.webp,27090,59d1d7fee35d255d35f3d3d092c1c64c71adc4666a6e9e8dbfa18c9a95022294,image/webp,,,,
uploads/2025/11/logo-1080x300.png,uploads/2025/11/logo-1080x300.png,80089,b0e4d6e7664512cd0dca820db40cadc365bd9b4b082c286557dca9e924ce826e,image/png,,,,
uploads/2025/11/2147770870-e1763292848630-1024x558.jpg,uploads/2025/11/2147770870-e1763292848630-1024x558.jpg,67065,4fe179da551c183c6b77edfb5f95b1eb5dc86f1397b6857e1fe10bd8c1b8a1d0,image/jpeg,,,,
uploads/2025/11/2148938724-150x150.jpg,uploads/2025/11/2148938724-150x150.jpg,6080,4f902557930c8d07c653d1f8038f2e1f4c00c0f123872c2c3454db20b7aa53e7,image/jpeg,,,,
uploads/2025/11/19692-e1763294820786-1080x331.jpg,uploads/2025/11/19692-e1763294820786-1080x331.jpg,21336,b9ef9e16a633fb5ed1b17a2091e1d338fc29176ac8f89d142689958562dae646,image/jpeg,,,,
uploads/2025/11/2148938724-e1763294084270-150x150.jpg,uploads/2025/11/2148938724-e1763294084270-150x150.jpg,4136,bbc0c2872ffe094ff3d4c26d8a6b67f9d9aca236707da311f55ab8428b0409bc,image/jpeg,,,,
uploads/2025/11/2148938724-e1763294084270-980x551.jpg,uploads/2025/11/2148938724-e1763294084270-980x551.jpg,67791,d1191ce54323c7638e37e0b6140f2b41abe8cedb871d204dc6963bef380cedf5,image/jpeg,,,,
uploads/2025/11/2148101442-1-e1763294562253-768x246.jpg,uploads/2025/11/2148101442-1-e1763294562253-768x246.jpg,32146,ea03a1490b8c467ce1ced6e57897560af40ca0769a2f6e583204e8987ba27aa2,image/jpeg,,,,
uploads/2025/11/143021-e1763291423474-400x516.jpg,uploads/2025/11/143021-e1763291423474-400x516.jpg,18425,2533e61e6188d68f74284cece958a46da62c6a77505564fd110b1d216eb0ab2a,image/jpeg,,,,
uploads/2025/11/cropped-favicon-192x192.png,uploads/2025/11/cropped-favicon-192x192.png,28001,f96ad99099bb6396439160336a80393d7b58581603254100c5641b4fce37cc23,image/png,,,,
uploads/2025/11/2147770870-e1763292848630-480x270.jpg,uploads/2025/11/2147770870-e1763292848630-480x270.jpg,21598,74318a31fad129ea460426b1e06e54dea3cbd6428a5dd53f2db19a50f81a5a62,image/jpeg,,,,
uploads/2025/11/cropped-favicon-300x300.png,uploads/2025/11/cropped-favicon-300x300.png,60758,b51337ab4a2a193b20a6a7a8d13fa1a76c2ade1d75a400d056123ed820aed1fa,image/png,,,,
uploads/2025/11/2151930384-1080x675.jpg,uploads/2025/11/2151930384-1080x675.jpg,111919,4592740884f4ca0bf416b462603b85067778455b8f9e1cfe8eb9f7cc72b9f289,image/jpeg,,,,
uploads/2025/11/96081-1536x864.jpg,uploads/2025/11/96081-1536x864.jpg,112174,fa6f86931818b8a911160e52016d0854a60ec07d74ae02879f07da42a2f6f954,image/jpeg,,,,
uploads/2025/11/19692-e1763294820786-1280x613.jpg,uploads/2025/11/19692-e1763294820786-1280x613.jpg,37979,cc143c3cf70b1d03c9996083fe22650856b583f0f34610e633572d760f10ebb9,image/jpeg,,,,
uploads/2025/11/2148938724-e1763294084270-400x284.jpg,uploads/2025/11/2148938724-e1763294084270-400x284.jpg,15954,d770fed358db915fd1b8a5bb991fa2e9a6793c67b82044ffe27e05ac5f6bf238,image/jpeg,,,,
uploads/2025/11/logo-400x300.png,uploads/2025/11/logo-400x300.png,10799,82d5bb09e03d7d973d238c7fa92b027df3fa155e13a28b3a152fbdfcf7179ded,image/png,,,,
uploads/2025/11/2151930384.jpg,uploads/2025/11/2151930384.jpg,1454018,0ea188deadec4850d2b3e5662e89c6c1e976ae47b58e98bf44f24215d11c6d49,image/jpeg,,,,
uploads/2025/11/29376-150x150.jpg,uploads/2025/11/29376-150x150.jpg,6005,792353e5f4c0f18b93bab1777084c8a0a6689321133ac4b2243a670327fd0c2f,image/jpeg,,,,
uploads/2025/11/2148101442-2-1024x682.jpg,uploads/2025/11/2148101442-2-1024x682.jpg,79868,b6b5b497add75bf78d84f3087de56ae0ed75fe53f05ccd71684cb295c6ecb0ba,image/jpeg,,,,
uploads/2025/11/women-s-day-celebration-with-flower-scaled-e1763250714972-980x551.jpg,uploads/2025/11/women-s-day-celebration-with-flower-scaled-e1763250714972-980x551.jpg,55881,269ef26e24ad3d733878d38b332a52dc857d1937aa42ec917108cd861c86e8de,image/jpeg,,,,
uploads/2025/11/na-site-logo-1080x300.webp,uploads/2025/11/na-site-logo-1080x300.webp,21256,e902c7e8af744f1d42d45db6e5865b676f7067e5d58dea3558d6323f77cecf16,image/webp,,,,
uploads/2025/11/2148938724-1080x675.jpg,uploads/2025/11/2148938724-1080x675.jpg,105056,4f5a10b0dee69a67fab61d756268f730bff5139c646ca6131482b7af41fe0fb8,image/jpeg,,,,
uploads/2025/11/143021-1080x675.jpg,uploads/2025/11/143021-1080x675.jpg,48371,17cf2594968baa4f8d63cd9d19891e19abd34f0e9419eb79a51c2ee0fefaf421,image/jpeg,,,,
uploads/2025/11/2147770870-480x320.jpg,uploads/2025/11/2147770870-480x320.jpg,23664,068dec821d32d779b7a83ee3779fb79705927c8e7ba81b9d341d383bc741be88,image/jpeg,,,,
uploads/2025/11/2148101442-1-e1763294562253-1280x640.jpg,uploads/2025/11/2148101442-1-e1763294562253-1280x640.jpg,103048,7f39321b12076c2965ac1c6a7c4ae4a0fd2139cefe5a5887cf2bdbc89d3927b6,image/jpeg,,,,
uploads/2025/11/19692-e1763294820786-480x270.jpg,uploads/2025/11/19692-e1763294820786-480x270.jpg,10597,e240e1c82c9b672ddfba1aa241e15f0fa5a61a7f67db1f21baf69de7cbaa1b31,image/jpeg,,,,
uploads/2025/11/helping-each-other-1280x573.jpg,uploads/2025/11/helping-each-other-1280x573.jpg,77332,e3a4f2c56f3784cb7bbd8cc09aced4060cad82449264ed7a708e2137165a7191,image/jpeg,,,,
uploads/2025/11/2148101442-2-1280x853.jpg,uploads/2025/11/2148101442-2-1280x853.jpg,113232,0af4ce4a13eff168a9c7ca6668ef35f558123cf0e07907946d9d883c427f7c58,image/jpeg,,,,
uploads/2025/11/2151930384-768x384.jpg,uploads/2025/11/2151930384-768x384.jpg,58825,1bb1741d24ba56f6688a39fe95c588903eb9a918888731c41e8c8041f24b7328,image/jpeg,,,,
uploads/2025/11/2148101442-1-1080x675.jpg,uploads/2025/11/2148101442-1-1080x675.jpg,82929,62b90791c9dc97c5f7f84560ce2d06ccdc16370a73d159361b95eac45d0e09e7,image/jpeg,,,,
uploads/2025/11/women-s-day-celebration-with-flower-scaled-e1763250714972-1080x315.jpg,uploads/2025/11/women-s-day-celebration-with-flower-scaled-e1763250714972-1080x315.jpg,37701,5cb0c8f60b1fe30b7beaff7a4d27e3dcb6cc22a5b90a38fc096756a97eb71dbb,image/jpeg,,,,
uploads/2025/11/29376-480x320.jpg,uploads/2025/11/29376-480x320.jpg,22771,cf8a81dd2d2d4a0b7134572b943fb82d8ed8abbf89f0f90396fb04b45cc29d56,image/jpeg,,,,
uploads/2025/11/2148101442-e1763294414366-1080x277.jpg,uploads/2025/11/2148101442-e1763294414366-1080x277.jpg,46741,bd5048f00250a995848adaa3b2c074f2d305a09891df2a901d22fd0706dcb94a,image/jpeg,,,,
uploads/2025/11/helping-each-other-400x284.jpg,uploads/2025/11/helping-each-other-400x284.jpg,13059,4cfbc3efa421db927acbd5c573cc68b3e9a6db4320bd7060e8e8c095f07c4210,image/jpeg,,,,
uploads/2025/11/2148938724-e1763294084270-1024x297.jpg,uploads/2025/11/2148938724-e1763294084270-1024x297.jpg,47419,0c30bbad60998ff41c469e5181ec6fb48ccb6f83d3463d64ab409d73a7063a1a,image/jpeg,,,,
uploads/2025/11/2148398371-480x320.jpg,uploads/2025/11/2148398371-480x320.jpg,24137,5bdf499689a444cbe26017403e845340e32ed789773ea065d5e0d4933d4470c1,image/jpeg,,,,
uploads/2025/11/19692-1080x675.jpg,uploads/2025/11/19692-1080x675.jpg,44658,95bb266e21870a40013605726428c73225c99374b11a11a908262009af8d5cfc,image/jpeg,,,,
uploads/2025/11/143021-1536x1024.jpg,uploads/2025/11/143021-1536x1024.jpg,97286,06b039a6582685e0a4207442b0962b72d5497dd5d4e98f4de1e1694979c09e60,image/jpeg,,,,
uploads/2025/11/na-site-logo-400x300.webp,uploads/2025/11/na-site-logo-400x300.webp,5238,6ed3c23d78edd81fa15c632aac6612553c9f90aab8d7bc8404f457f316cdb6e9,image/webp,,,,
uploads/2025/11/19692-400x250.jpg,uploads/2025/11/19692-400x250.jpg,11356,064afef2995825c5d18999fb0e9382e0cabb6c68983378162773df499e798740,image/jpeg,,,,
uploads/2025/11/2151930388-400x284.jpg,uploads/2025/11/2151930388-400x284.jpg,18979,325212ba0febc0bbae3a08bb4ea799a03617bd8edc19bfe50e545ac074b237ea,image/jpeg,,,,
uploads/2025/11/2151930388-510x382.jpg,uploads/2025/11/2151930388-510x382.jpg,28775,ced62420b1aced4d2c5f44817257709137e7c68ed319f4f48ce75286ea820560,image/jpeg,,,,
uploads/2025/11/143021-e1763291423474.jpg,uploads/2025/11/143021-e1763291423474.jpg,123019,4fd6ed2027a1377dbd710f4920dd886ba35b4ba8747c86a2f95682bb7a227253,image/jpeg,,,,
uploads/2025/11/2148101442-e1763294414366-480x270.jpg,uploads/2025/11/2148101442-e1763294414366-480x270.jpg,21902,46a062755f9790934525a868947ea9298096a492b43509c737ebf0557c379116,image/jpeg,,,,
uploads/2025/11/2148101442-768x512.jpg,uploads/2025/11/2148101442-768x512.jpg,50717,c0fac37812b772b1f01d1e8f813004fc52ddb3c27fcd7f77660b7142725e0704,image/jpeg,,,,
uploads/2025/11/women-s-day-celebration-with-flower-scaled-e1763250714972-400x250.jpg,uploads/2025/11/women-s-day-celebration-with-flower-scaled-e1763250714972-400x250.jpg,16461,6d1693f20a872889b0aadf7c88343762992e173c97e338b0e6bb67803df7aeee,image/jpeg,,,,
uploads/2025/11/helping-each-other-400x516.jpg,uploads/2025/11/helping-each-other-400x516.jpg,24632,414353a50adc3cc43730f5109c0101beb13a8bd058e7c0e8e233d48316e59b40,image/jpeg,,,,
uploads/2025/11/2148938724-768x512.jpg,uploads/2025/11/2148938724-768x512.jpg,60570,12d8e9683604da1050bd0ef5a02295090ac916d922e06c349bb7737052723370,image/jpeg,,,,
uploads/2025/11/2148101442-1-980x653.jpg,uploads/2025/11/2148101442-1-980x653.jpg,74727,ad0834b7d73a19b3ad16f3dabe99fb5e205079ee1414eb3953711431c7ac09c7,image/jpeg,,,,
uploads/2025/11/2148938724-400x284.jpg,uploads/2025/11/2148938724-400x284.jpg,21067,5e56fddeca5eff65a43c15d6c9e69fd1da8ed90f5f79e01322ed120c1a203532,image/jpeg,,,,
uploads/2025/11/2147770870-e1763292893626-510x382.jpg,uploads/2025/11/2147770870-e1763292893626-510x382.jpg,21962,48a36fa51172e7ed7ba20e5f69dd0b816359c1859e3bd424cc8e1a548e6e513f,image/jpeg,,,,
uploads/2025/11/cropped-favicon-510x382.png,uploads/2025/11/cropped-favicon-510x382.png,103842,bdb1ee46d22524387a901c7b7c31a9c14622e8dc96c59dc3d9880fdc58e7fd0b,image/png,,,,
uploads/2025/11/2147770870-e1763292848630-300x164.jpg,uploads/2025/11/2147770870-e1763292848630-300x164.jpg,10682,c017145837401e1fe2b494b2ccc19d80a624d5898a24146dcbb05d11c90c9a70,image/jpeg,,,,
uploads/2025/11/cropped-favicon-270x270.png,uploads/2025/11/cropped-favicon-270x270.png,53693,b0beb7b1b9919f718ea2fadd330d44d72d2df6dade52af35473352dff48b3249,image/png,,,,
uploads/2025/11/2147770870-768x512.jpg,uploads/2025/11/2147770870-768x512.jpg,48038,c8ea5674115019010dfba6b4041c216665efc8f745bd81e7ee0b5b6efed4375e,image/jpeg,,,,
uploads/2025/11/96081-400x516.jpg,uploads/2025/11/96081-400x516.jpg,27905,de102246ef35fc48a55181870e8f43dc3874b3bf5ff424e2dea97452aba3dd39,image/jpeg,,,,
uploads/2025/11/2151930388-1280x640.jpg,uploads/2025/11/2151930388-1280x640.jpg,94215,317d141d9bb12fd5df674ed874f05ae792ed5c527e5ad93e7bcc8bd9243e8ab5,image/jpeg,,,,
uploads/2025/11/2151930388-400x250.jpg,uploads/2025/11/2151930388-400x250.jpg,18038,a42447677d791fc47ee0bbf531ae38814323d433dfbb5fb44076e8ae8bb36c02,image/jpeg,,,,
uploads/2025/11/2148101442-1-300x200.jpg,uploads/2025/11/2148101442-1-300x200.jpg,12165,b80f26180de6a2e0ba72c1fd3ec1d3e27bd586e76e4bcc1392d057e9419bbb88,image/jpeg,,,,
uploads/2025/11/19692-1536x1022.jpg,uploads/2025/11/19692-1536x1022.jpg,78455,16d579e6310c3cffc07e962bf92b708a06cd3d2b9e53f460740ad535e875d758,image/jpeg,,,,
uploads/2025/11/helping-each-other-1080x483.jpg,uploads/2025/11/helping-each-other-1080x483.jpg,54468,765289874e1e63bee6e557dde50657dc29c96fedfb3916859c962236eb8193db,image/jpeg,,,,
uploads/2025/11/2148938724-e1763294084270-400x250.jpg,uploads/2025/11/2148938724-e1763294084270-400x250.jpg,14312,f38a496d756be0fce4f4c28ff1d9ab8c126b7950206f2ae76754977e8521dab9,image/jpeg,,,,
uploads/2025/11/2147770870-e1763292893626-300x69.jpg,uploads/2025/11/2147770870-e1763292893626-300x69.jpg,4884,ae41b6cb890ffd46bf8c03b0c8f5ba9c343260a94979332b49b281a8f27d1514,image/jpeg,,,,
uploads/2025/11/logo-300x75.png,uploads/2025/11/logo-300x75.png,14367,1f3da3c13a9840e676716d75da7422ceb851f84b2e9d8aba856a8c5a719c6d84,image/png,,,,
uploads/2025/11/143021-e1763291423474-980x551.jpg,uploads/2025/11/143021-e1763291423474-980x551.jpg,48707,794f19c7a0c0c5c6de1c8c90d17e06b92828a799fd31abd5b679c518aa6fa99f,image/jpeg,,,,
uploads/2025/11/19692-768x511.jpg,uploads/2025/11/19692-768x511.jpg,28619,e2e3e056b3a9314ef02c48a81d9a5fb09fa9e80fe99c519d11a8b383587b0726,image/jpeg,,,,
uploads/2025/11/2148938724-e1763294084270-400x516.jpg,uploads/2025/11/2148938724-e1763294084270-400x516.jpg,22874,184011cbd8e5fd935b1fe2f8fe5887c3a83395cf5722238a28635d73cb9522bb,image/jpeg,,,,
uploads/2025/11/2147770870-400x284.jpg,uploads/2025/11/2147770870-400x284.jpg,19018,0646c93c9309544cb7bd8d04a88c770f4b069f5d92e16f761d954e623da9b1a8,image/jpeg,,,,
uploads/2025/11/2147770870-e1763292893626-400x463.jpg,uploads/2025/11/2147770870-e1763292893626-400x463.jpg,19736,3c58df58bfad4c9d56d167d89b14581bdfff245346a28a88384252bad6751376,image/jpeg,,,,
uploads/2025/11/2148938724-480x320.jpg,uploads/2025/11/2148938724-480x320.jpg,27295,015034db340d553d0fbea1dcd9ed44590a31d654cd75523312a380da365423f4,image/jpeg,,,,
uploads/2025/11/96081-1080x675.jpg,uploads/2025/11/96081-1080x675.jpg,68591,960727a566294d5dbcee94cf191afbc0cade993ced4e5cfa151da0d165f6ea08,image/jpeg,,,,
uploads/2025/11/cropped-favicon-400x250.png,uploads/2025/11/cropped-favicon-400x250.png,66044,11aa64e359358dfeee317c9de0ce570adb6279361ad4cb5695bc78fdd341826d,image/png,,,,
uploads/2025/11/29376-400x516.jpg,uploads/2025/11/29376-400x516.jpg,25557,0e0f6d88b329e5dd7ee4837dbb663e13e647d1eb4ff530fc4df704d4c979c535,image/jpeg,,,,
uploads/2025/11/favicon.png,uploads/2025/11/favicon.png,48244,f5d430889ce2151b288dcbb7d01eef450ccfe87172684a86f09037000e015741,image/png,,,,
uploads/2025/11/cropped-favicon-32x32.png,uploads/2025/11/cropped-favicon-32x32.png,2193,5307f4b1b2ead2f3560d0ad455a1fa8eb7965fb50c504aee4aea5d7d3b6ef08e,image/png,,,,
uploads/2025/11/2151930388-300x150.jpg,uploads/2025/11/2151930388-300x150.jpg,9390,15fe8c18c15b274a3658b28113023e3bff0061a33f1eb4671e2c42a3d319bd76,image/jpeg,,,,
uploads/2025/11/2148101442-1-480x320.jpg,uploads/2025/11/2148101442-1-480x320.jpg,24474,8ee664f2c2e05fc388bf34b7eff0df468c6aad8c7b7cd65a45b2e5416869b631,image/jpeg,,,,
uploads/2025/11/19692-e1763294820786-300x92.jpg,uploads/2025/11/19692-e1763294820786-300x92.jpg,4420,8f4f1968cae38cce336918dbf0f5bc00c961749b21164b71c4af68cb8759dce0,image/jpeg,,,,
uploads/2025/11/29376-400x250.jpg,uploads/2025/11/29376-400x250.jpg,17256,f12b846b21ef94c03a16b57fc0bdcb4148a359640babc6b36ec03deba81b5478,image/jpeg,,,,
uploads/2025/11/29376-1080x675.jpg,uploads/2025/11/29376-1080x675.jpg,69747,175a1467732a4cef457a91854a78d9837c3963de14da5fd516f5089c5ef4457f,image/jpeg,,,,
uploads/2025/11/19692-510x382.jpg,uploads/2025/11/19692-510x382.jpg,17147,536c22f9958053665f493784501842e4c9e05cd1f642d1339118085c6bd0625d,image/jpeg,,,,
uploads/2025/11/2147770870-e1763292893626-1536x356.jpg,uploads/2025/11/2147770870-e1763292893626-1536x356.jpg,58025,651ae61e73ed5d7477d6a08ac0f14654f378b54a47eb50132f1f4f80af0880d4,image/jpeg,,,,
uploads/2025/11/19692-e1763294820786-768x235.jpg,uploads/2025/11/19692-e1763294820786-768x235.jpg,13752,e6681318c892b69e92832812bb05bbbd5542b037dd9e89f38a0ce05f19236f61,image/jpeg,,,,
uploads/2025/11/143021-e1763291423474-400x250.jpg,uploads/2025/11/143021-e1763291423474-400x250.jpg,12850,ef9e5be6e6d522f9f5f1aa149de44b2f75eb7dc67dbe11123906d09016bc3415,image/jpeg,,,,
uploads/woocommerce-placeholder.webp,uploads/woocommerce-placeholder.webp,9892,019e9beec61c9ee5b6009335c7846816452e1e3b420d2bb9e50327681dfade19,image/webp,,,,
uploads/woocommerce-placeholder-980x980.webp,uploads/woocommerce-placeholder-980x980.webp,5650,484db8a8d1dc7739e7bb62835c8fb22fdda40eb1367e2b434d966856fa6ac865,image/webp,,,,
uploads/wc_meeting_list_210226.pdf,uploads/wc_meeting_list_210226.pdf,23970,b513c5e72cdbc50b40fcbbeeb2ade71bbbfca8b75fb73d3fdb9df69ce4e5a7d6,application/pdf,,,,
uploads/woocommerce-placeholder-400x250.webp,uploads/woocommerce-placeholder-400x250.webp,1778,6aa956b2e8da9e135a0ea9b941873714082949979bf580611fc46ceca2b670e3,image/webp,,,,
uploads/woocommerce-placeholder-500x500.webp,uploads/woocommerce-placeholder-500x500.webp,2408,071e8190faff78a1122a47d15ffcd1a9a14885e60c7e9d5d097ed859db96c4a5,image/webp,,,,
uploads/na-western-cape-meeting-list.pdf,uploads/na-western-cape-meeting-list.pdf,18651,a476d3822cf281984dde9adaf11d49a01a100c25eaf5a3abb7800dfdbd3600b3,application/pdf,,,,
uploads/woocommerce-placeholder-400x516.webp,uploads/woocommerce-placeholder-400x516.webp,2372,5602fdae2210b6f92dab613936356fd75be5ee2887732278fb0d03abe190d13d,image/webp,,,,
uploads/woocommerce-placeholder-300x400.webp,uploads/woocommerce-placeholder-300x400.webp,1776,8571587f079d82fd28f4486091853ec78cffce86d2f385b56e9b7dadc9b6bfdb,image/webp,,,,
uploads/woocommerce-placeholder-480x480.webp,uploads/woocommerce-placeholder-480x480.webp,2284,a19a74b330831213d4676facc50758c2125e54f24e9cfb7a114e2b6bc8bc9f3b,image/webp,,,,
uploads/sites/2/woocommerce-placeholder-400x284.webp,uploads/sites/2/woocommerce-placeholder-400x284.webp,1760,4e7eff4cbe7136b96837e4a484f73e14ddb026eee1cda5f149d0109764f6d359,image/webp,,,,
uploads/sites/2/woocommerce-placeholder-510x382.webp,uploads/sites/2/woocommerce-placeholder-510x382.webp,2298,f612dcfb5e22efe8bc3f656fd194f39d3b586c2c3a2b00624b951ef233980303,image/webp,,,,
uploads/sites/2/woocommerce-placeholder-300x300.webp,uploads/sites/2/woocommerce-placeholder-300x300.webp,1362,cdc6efeb4c86887fadb9089f4f16a1981517d2008febacb020dd48b9025494ce,image/webp,,,,
uploads/sites/2/woocommerce-placeholder-1080x1080.webp,uploads/sites/2/woocommerce-placeholder-1080x1080.webp,6606,81d9e91ff856e6b7faad968d60f7f93240c755e13fca791ff36139a6a2d57fa3,image/webp,,,,
uploads/sites/2/woocommerce-placeholder-150x150.webp,uploads/sites/2/woocommerce-placeholder-150x150.webp,662,2d39be33a2d98bef0612f9ae023deff71db353ceb75079913b04095a24c27b10,image/webp,,,,
uploads/sites/2/woocommerce-placeholder-1080x675.webp,uploads/sites/2/woocommerce-placeholder-1080x675.webp,5752,e664e83695477de686eae23b455c36955fbb2312c5eab8e62e1121a548e97b3d,image/webp,,,,
uploads/sites/2/woocommerce-placeholder-474x324.webp,uploads/sites/2/woocommerce-placeholder-474x324.webp,2142,206cd4082b5572e61538cab94a29bc7e3fa78b5f046be01266f135be0ba2a5ba,image/webp,,,,
uploads/sites/2/woocommerce-placeholder-768x768.webp,uploads/sites/2/woocommerce-placeholder-768x768.webp,4240,30044cba079c59b178ad4ad9d1c9a6bdd7c359e6417f736a472f43a6edce7856,image/webp,,,,
uploads/sites/2/2026/01/istockphoto-1220573371-612x612-1.jpg,uploads/sites/2/2026/01/istockphoto-1220573371-612x612-1.jpg,16511,441686a8beab4b033dbc2b52617584326c81f89b14ef55d2ff95fd63568a3fdf,image/jpeg,,,,
uploads/sites/2/2026/01/istockphoto-1220573371-612x612-1-300x130.jpg,uploads/sites/2/2026/01/istockphoto-1220573371-612x612-1-300x130.jpg,5854,9a6178ad76f5ae2f7aae775134968f40ce6abcb95070143f2dec7327ded688f4,image/jpeg,,,,
uploads/sites/2/2026/01/high-angle-arrangement-with-speech-bubbles-768x513.jpg,uploads/sites/2/2026/01/high-angle-arrangement-with-speech-bubbles-768x513.jpg,47593,4463f228a5a872384a620eb5b8eba777cfde7560213e08e0db6e4ffa1986c0b9,image/jpeg,,,,
uploads/sites/2/2026/01/high-angle-arrangement-with-speech-bubbles.jpg,uploads/sites/2/2026/01/high-angle-arrangement-with-speech-bubbles.jpg,1915406,af8e02d1214b000bc8ad5e588257eb2b0a812f946d4821ef8fcee7f0bf2b10d9,image/jpeg,,,,
uploads/sites/2/2026/01/high-angle-arrangement-with-speech-bubbles-1080x675.jpg,uploads/sites/2/2026/01/high-angle-arrangement-with-speech-bubbles-1080x675.jpg,82015,a2104e14befa83cfbf88fab3dcf02bd9d83144469b871bee45668b0d627779de,image/jpeg,,,,
uploads/sites/2/2026/01/high-angle-arrangement-with-speech-bubbles-2048x1367.jpg,uploads/sites/2/2026/01/high-angle-arrangement-with-speech-bubbles-2048x1367.jpg,256600,e208ef9512a4f27e491ba850833f29358920d9de871acd4abbef8059a9e1c7d9,image/jpeg,,,,
uploads/sites/2/2026/01/high-angle-arrangement-with-speech-bubbles-150x150.jpg,uploads/sites/2/2026/01/high-angle-arrangement-with-speech-bubbles-150x150.jpg,6252,66c88161f657c96d4e7be841b14fe8e585db11cf27f809f25b3fa4f85eb00bc7,image/jpeg,,,,
uploads/sites/2/2026/01/high-angle-arrangement-with-speech-bubbles-400x250.jpg,uploads/sites/2/2026/01/high-angle-arrangement-with-speech-bubbles-400x250.jpg,16331,ecf16dd05f36329bfe3640835f3a9780f615a49a2fd0784e79c60b00a73ea9c0,image/jpeg,,,,
uploads/sites/2/2026/01/high-angle-arrangement-with-speech-bubbles-480x320.jpg,uploads/sites/2/2026/01/high-angle-arrangement-with-speech-bubbles-480x320.jpg,22057,5af26f636b248a74451e54ab4a712b8718325be97ca19cb9f0fc7f93cf86e953,image/jpeg,,,,
uploads/sites/2/2026/01/high-angle-arrangement-with-speech-bubbles-510x382.jpg,uploads/sites/2/2026/01/high-angle-arrangement-with-speech-bubbles-510x382.jpg,27098,6473c3a0d1577d2bf815014d8ab7f8808e853471843a1e1ea9c1d2dcd41c8876,image/jpeg,,,,
uploads/sites/2/2026/01/istockphoto-1220573371-612x612-1-150x150.jpg,uploads/sites/2/2026/01/istockphoto-1220573371-612x612-1-150x150.jpg,2505,a0fa6a0613618ff81418e35e9c2dc644537a8a7647dd84a5927864fb1f50dc93,image/jpeg,,,,
uploads/sites/2/2026/01/high-angle-arrangement-with-speech-bubbles-2880x1800.jpg,uploads/sites/2/2026/01/high-angle-arrangement-with-speech-bubbles-2880x1800.jpg,448261,9e8396db351acb811dbec07ca2ffa53563e26960235a24a8f5d2f2d51cfa220f,image/jpeg,,,,
uploads/sites/2/2026/01/istockphoto-1220573371-612x612-1-400x250.jpg,uploads/sites/2/2026/01/istockphoto-1220573371-612x612-1-400x250.jpg,8563,53bb1423ed65c74c8cc6e2de974a6d46386b196c4c1799899cbe4d73ff3f349c,image/jpeg,,,,
uploads/sites/2/2026/01/high-angle-arrangement-with-speech-bubbles-400x284.jpg,uploads/sites/2/2026/01/high-angle-arrangement-with-speech-bubbles-400x284.jpg,17985,a42a494f2dbdc2d4e817b1c583daefc0c3d4fe9d2ae547c664912ca7085bd92a,image/jpeg,,,,
uploads/sites/2/2026/01/high-angle-arrangement-with-speech-bubbles-980x654.jpg,uploads/sites/2/2026/01/high-angle-arrangement-with-speech-bubbles-980x654.jpg,72159,3e43bb7879807992f059822238e85cdacff5f10e0afbde4807a5ec87fb674cd1,image/jpeg,,,,
uploads/sites/2/2026/01/high-angle-arrangement-with-speech-bubbles-400x516.jpg,uploads/sites/2/2026/01/high-angle-arrangement-with-speech-bubbles-400x516.jpg,27943,f549a112cb4d4b6b41363aea194b0c5efe119acec1cb99a412ba331e9cd65189,image/jpeg,,,,
uploads/sites/2/2026/01/istockphoto-1220573371-612x612-1-510x265.jpg,uploads/sites/2/2026/01/istockphoto-1220573371-612x612-1-510x265.jpg,13440,83fa60258db14ac3111ec9efa61e7977eb42b90b05e10aa5b65c7d678a96d9c1,image/jpeg,,,,
uploads/sites/2/2026/01/high-angle-arrangement-with-speech-bubbles-1024x683.jpg,uploads/sites/2/2026/01/high-angle-arrangement-with-speech-bubbles-1024x683.jpg,77559,dc5c537cea02dffa9c0516e58d1e30b5a2812873a95aa75ced8cc845b3f6d9c9,image/jpeg,,,,
uploads/sites/2/2026/01/istockphoto-1220573371-612x612-1-400x265.jpg,uploads/sites/2/2026/01/istockphoto-1220573371-612x612-1-400x265.jpg,9038,52b326066877ed59b1a06c523b37929a61de249b7aeaf29dbc12c5dae48bdd79,image/jpeg,,,,
uploads/sites/2/2026/01/high-angle-arrangement-with-speech-bubbles-1080x721.jpg,uploads/sites/2/2026/01/high-angle-arrangement-with-speech-bubbles-1080x721.jpg,85291,8ad660e9827161d80b8ceeeef3afd94738b641acf1009056a1f803b63b171213,image/jpeg,,,,
uploads/sites/2/2026/01/high-angle-arrangement-with-speech-bubbles-1280x855.jpg,uploads/sites/2/2026/01/high-angle-arrangement-with-speech-bubbles-1280x855.jpg,114139,0c460f2e67ad36c5c3f5cf69a0e4a93b43359ac29b0b9b3ff747a3f2a47b8e96,image/jpeg,,,,
uploads/sites/2/2026/01/istockphoto-1220573371-612x612-1-480x208.jpg,uploads/sites/2/2026/01/istockphoto-1220573371-612x612-1-480x208.jpg,10595,b6a1a5dcac04999e1eee79836f761ee87abd73d5db66540e08a4d01fc61dc49b,image/jpeg,,,,
uploads/sites/2/2026/01/high-angle-arrangement-with-speech-bubbles-300x200.jpg,uploads/sites/2/2026/01/high-angle-arrangement-with-speech-bubbles-300x200.jpg,11516,fc96d72c959745d1021befbbaa4ffdadaa2d6fb75832c63b13126ed0d4234d1b,image/jpeg,,,,
uploads/sites/2/2026/01/high-angle-arrangement-with-speech-bubbles-scaled.jpg,uploads/sites/2/2026/01/high-angle-arrangement-with-speech-bubbles-scaled.jpg,377333,f5f5db3ffe5fa833c77c7c38b5d0c27310c803c6d2166dbfe98ec906bc263fcc,image/jpeg,,,,
uploads/sites/2/2026/01/high-angle-arrangement-with-speech-bubbles-1536x1025.jpg,uploads/sites/2/2026/01/high-angle-arrangement-with-speech-bubbles-1536x1025.jpg,156457,f249e46f4b26ddad87a8f6296d2200993bc345778bc6725582baf92783249695,image/jpeg,,,,
uploads/sites/2/2026/07/WhatsApp-Image-2026-07-01-at-16.48.20.jpeg,uploads/sites/2/2026/07/WhatsApp-Image-2026-07-01-at-16.48.20.jpeg,261288,24c3929760dd1f3d226160ad12792742f86da521b477872dffa388bc0b51357f,image/jpeg,,,,
uploads/sites/2/2026/07/WhatsApp-Image-2026-07-01-at-16.47.59.jpeg,uploads/sites/2/2026/07/WhatsApp-Image-2026-07-01-at-16.47.59.jpeg,127162,47768d7bc29389eb5a1e5f9a07c9e2a8aa01bcc4309c2419780a3f9b852e253c,image/jpeg,,,,
uploads/sites/2/2026/03/WhatsApp-Image-2026-02-17-at-10.24.20.jpeg,uploads/sites/2/2026/03/WhatsApp-Image-2026-02-17-at-10.24.20.jpeg,215368,3803480f4650ce12ec623ca1088fbe1047dfb2680375c839456056dc1bcbacdf,image/jpeg,,,,
uploads/sites/2/2026/03/image.png,uploads/sites/2/2026/03/image.png,1660806,dc4b9d82b5ba5e5cabac5f8c09282a729d49648bebe87386c53588242fa81ce0,image/png,,,,
uploads/sites/2/2026/03/WhatsApp-Image-2026-03-12-at-11.24.54.jpeg,uploads/sites/2/2026/03/WhatsApp-Image-2026-03-12-at-11.24.54.jpeg,268461,e1190ee36385dfe8da143a07144cb9e36045930f629910353c2e6f7c75aa25d3,image/jpeg,,,,
uploads/sites/2/2026/04/IP-22-Welcome-to-NA.pdf,uploads/sites/2/2026/04/IP-22-Welcome-to-NA.pdf,43110,9d5734a7bd8cdf3bdf5583fb3e8294422b0b4b56a4f272eba07fcb05a8f16456,application/pdf,,,,
uploads/sites/2/2026/04/IP-5-Another-Look.pdf,uploads/sites/2/2026/04/IP-5-Another-Look.pdf,59138,9350e825af6b4e9a1a2342c33be607c255432549922e37b1777e4fc95c825d90,application/pdf,,,,
uploads/sites/2/2026/04/Bulletin-29-Regarding-Methadone-and-other-Drug-Replacement-Programs.pdf,uploads/sites/2/2026/04/Bulletin-29-Regarding-Methadone-and-other-Drug-Replacement-Programs.pdf,27930,909d7c5060c40c6b300ceef7eedefc389a3c577b3fe0b9ef1ee032f53488df4d,application/pdf,,,,
uploads/sites/2/2026/04/IP-17-For-Those-in-Treatment.pdf,uploads/sites/2/2026/04/IP-17-For-Those-in-Treatment.pdf,79957,e169158c4c5c4f80e06c0c18b99cac4f0e5163dfcd6cab74b4c4fc34a32d4f0d,application/pdf,,,,
uploads/sites/2/2026/04/EN2205-NA-Groups-and-MEdication-English.pdf,uploads/sites/2/2026/04/EN2205-NA-Groups-and-MEdication-English.pdf,175530,fd018d8c11f833381c678af488aab3bb4b2a0ceab98dafe5d9bf8adba6f05746,application/pdf,,,,
uploads/sites/2/2026/04/IP-19-Self-Acceptance.pdf,uploads/sites/2/2026/04/IP-19-Self-Acceptance.pdf,49084,12c2130f7c0d2b396381224881a1b7f99b125e6307f01c9aad733285a2ee6a90,application/pdf,,,,
uploads/sites/2/2026/04/IP-12-The-Triangle-of-Self-Obsession.pdf,uploads/sites/2/2026/04/IP-12-The-Triangle-of-Self-Obsession.pdf,44356,b386a10a184dec9f277cce7fc866bfe345977fd52da9517c3ff13dd6a9c30933,application/pdf,,,,
uploads/sites/2/2026/04/IP-1-Who-What-How-and-Why.pdf,uploads/sites/2/2026/04/IP-1-Who-What-How-and-Why.pdf,45355,3a59099665fcdd21e507f0d414fdab6daeda0e983a26993613a1057ae92209d8,application/pdf,,,,
uploads/sites/2/2026/04/IP-6-Recovery-Relapse.pdf,uploads/sites/2/2026/04/IP-6-Recovery-Relapse.pdf,56675,b5801c90cd43a5a4c4e60d1ca04f1d44ab2e1f9e1424bc7687e44be6211b8c30,application/pdf,,,,
uploads/sites/2/2026/04/IP-2-The-Group.pdf,uploads/sites/2/2026/04/IP-2-The-Group.pdf,76920,1f409e8124206f95f43bc14ffd6d0865ac67c02f1f14be668f236a34d486298f,application/pdf,,,,
uploads/sites/2/2026/04/IP-11-Sponsorship.pdf,uploads/sites/2/2026/04/IP-11-Sponsorship.pdf,58796,7683b1172e0d86d6d19f4d8de921f131153d72bfc8336fee711f4de511e4c488,application/pdf,,,,
uploads/sites/2/2026/04/IP-16-For-the-Newcomer.pdf,uploads/sites/2/2026/04/IP-16-For-the-Newcomer.pdf,38848,4f458b54ee8c2fd969ca27c67ce7ed59b754cbe05d71205aa9f5766896a2f3b3,application/pdf,,,,
uploads/sites/2/2026/04/IP-21-The-Loner-Staying-Clean-in-Isolation.pdf,uploads/sites/2/2026/04/IP-21-The-Loner-Staying-Clean-in-Isolation.pdf,112506,fcafacc6da56c2d8cf90d952d269efda06b1bb3a11e8db5ce38cf066188e1e6e,application/pdf,,,,
uploads/sites/2/2026/04/3130_MHR-IP-30-English.pdf,uploads/sites/2/2026/04/3130_MHR-IP-30-English.pdf,264331,f5f1e5fd57fa6accc34590ea612fbf20f965f4351faa3d6986b3e96a6c7e724a,application/pdf,,,,
uploads/sites/2/2026/04/IP-8-Just-for-Today.pdf,uploads/sites/2/2026/04/IP-8-Just-for-Today.pdf,49693,e1edaa95aec84bc2116ead35b0c7cc5cb6410590841445a504e9d55553ab3b06,application/pdf,,,,
uploads/sites/2/2026/04/IP-29-Introduction-to-NA-Meetings.pdf,uploads/sites/2/2026/04/IP-29-Introduction-to-NA-Meetings.pdf,527001,329f006b8522219d5525c7fe312d83eb472aa42f8aaf09a7951d59e2b9dd3af9,application/pdf,,,,
uploads/sites/2/2026/04/IP-20-HI-Service-the-NA-Member.pdf,uploads/sites/2/2026/04/IP-20-HI-Service-the-NA-Member.pdf,43358,d8fc8ffdb0505647be5f9f121e673956b27cfa10ef56d9dfd975f2cb1ca3ff58,application/pdf,,,,
uploads/sites/2/2026/04/2306_PRMAT_2023.pdf,uploads/sites/2/2026/04/2306_PRMAT_2023.pdf,539229,0453165a1b23653453d24c053f3ca4e2f5aedf22bd42963dda28ec080f079ba9,application/pdf,,,,
uploads/sites/2/2026/04/IP-28-Funding-NA-Services.pdf,uploads/sites/2/2026/04/IP-28-Funding-NA-Services.pdf,794151,6084c04955579cc401c15fc4f6004e9e103753fee544b64301e4b5f2b565a7d4,application/pdf,,,,
uploads/sites/2/2026/04/WhatsApp-Image-2026-04-12-at-20.38.41.jpeg,uploads/sites/2/2026/04/WhatsApp-Image-2026-04-12-at-20.38.41.jpeg,268461,e1190ee36385dfe8da143a07144cb9e36045930f629910353c2e6f7c75aa25d3,image/jpeg,,,,
uploads/sites/2/2026/04/In-Times-of-Illness-English.pdf,uploads/sites/2/2026/04/In-Times-of-Illness-English.pdf,518099,693672c8328b8d8eb706703014d43ebbe6562f2cff433be3bd35e55053950ecd,application/pdf,,,,
uploads/sites/2/2026/04/IP-23-Staying-Clean-on-the-Outside.pdf,uploads/sites/2/2026/04/IP-23-Staying-Clean-on-the-Outside.pdf,59152,43a7daf0b689e933bc2d357d34117b8f94ae8245f48057d4ff47fa6bce7f2279,application/pdf,,,,
uploads/sites/2/2026/04/IP-26-Accessibility-for-Those-with-Additional-Needs.pdf,uploads/sites/2/2026/04/IP-26-Accessibility-for-Those-with-Additional-Needs.pdf,70117,29a8f67581ea319a06d94c98fa614feffb57d0a908a143368134a035fbd20b34,application/pdf,,,,
uploads/sites/2/2026/04/IP-15-PI-and-the-NA-Member.pdf,uploads/sites/2/2026/04/IP-15-PI-and-the-NA-Member.pdf,43247,00d8de3a83c459c0692f7068b557734c3532037bf8c1604e8a5f401c5ea483bd,application/pdf,,,,
uploads/sites/2/2026/04/IP-7-Am-I-an-Addict.pdf,uploads/sites/2/2026/04/IP-7-Am-I-an-Addict.pdf,44005,17f13ed8c453cb59be3b2f523c78227b00ae7029b4a46596897751911f37db04,application/pdf,,,,
uploads/sites/2/2026/04/IP-24-Money-Matters-Self-Support-in-NA.pdf,uploads/sites/2/2026/04/IP-24-Money-Matters-Self-Support-in-NA.pdf,357826,ef72e252598f52f52c434edd72713332d092b8421f90bb48d3d411e77ebfcf22,application/pdf,,,,
uploads/sites/2/2026/04/IP-9-Living-the-Program.pdf,uploads/sites/2/2026/04/IP-9-Living-the-Program.pdf,61618,012794caee83c95939daa07e50cb0bb73efd0eb97e4c34b25f837228caf3f001,application/pdf,,,,
uploads/sites/2/2026/04/IP-14-One-Addicts-Experience.pdf,uploads/sites/2/2026/04/IP-14-One-Addicts-Experience.pdf,35397,386870257243c23785c55ac5e7bcb4774abf44a9a21ca65557544046962ddee8,application/pdf,,,,
uploads/sites/2/2026/02/Screenshot-2026-02-02-at-11.03.17-400x256.png,uploads/sites/2/2026/02/Screenshot-2026-02-02-at-11.03.17-400x256.png,18947,4e59450ab78df15912873236189e1c710a3739cba2b5d56b5e0e8b48dd4a16c6,image/png,,,,
uploads/sites/2/2026/02/Screenshot-2026-02-02-at-11.03.17-400x250.png,uploads/sites/2/2026/02/Screenshot-2026-02-02-at-11.03.17-400x250.png,27109,8cf8c01a7e9638f86c689cdcec870221e1da7602ce0d54c2d1f42d0336345a53,image/png,,,,
uploads/sites/2/2026/02/Screenshot-2026-02-02-at-11.03.17-300x73.png,uploads/sites/2/2026/02/Screenshot-2026-02-02-at-11.03.17-300x73.png,6182,02e98905a4a6e6198438d3910e462b32e88ee7a9601dd882650587dbd911d899,image/png,,,,
uploads/sites/2/2026/02/Screenshot-2026-02-02-at-11.03.17-510x256.png,uploads/sites/2/2026/02/Screenshot-2026-02-02-at-11.03.17-510x256.png,22565,e8a7dfe8d512cfe1c0180431c7141c0a15ce2d7ef5cbadc0d8c6022882a2781d,image/png,,,,
uploads/sites/2/2026/02/Screenshot-2026-02-02-at-11.03.17-768x188.png,uploads/sites/2/2026/02/Screenshot-2026-02-02-at-11.03.17-768x188.png,29257,3fd713d8838b399cbd3ab9a99948d0833527063f288e0cb68603c0869a67f9d8,image/png,,,,
uploads/sites/2/2026/02/Screenshot-2026-02-02-at-11.03.17-980x240.png,uploads/sites/2/2026/02/Screenshot-2026-02-02-at-11.03.17-980x240.png,41593,4cb813a8f31d8dc7827d3255b3472e5f30437d233c94369c4b008eeea23cf4fe,image/png,,,,
uploads/sites/2/2026/02/WhatsApp-Image-2026-02-22-at-13.47.26.jpeg,uploads/sites/2/2026/02/WhatsApp-Image-2026-02-22-at-13.47.26.jpeg,140534,d56dca2d126c58e06ecee9919ac1a11f377a087b17b368bec6c3249fedd49b54,image/jpeg,,,,
uploads/sites/2/2026/02/Screenshot-2026-02-02-at-11.03.17-1024x250.png,uploads/sites/2/2026/02/Screenshot-2026-02-02-at-11.03.17-1024x250.png,43384,7c96c99da5fa1ab08966092c6aab3d7b0910bad42a8840b27fd7d0a7357a92b1,image/png,,,,
uploads/sites/2/2026/02/Screenshot-2026-02-02-at-11.03.17-150x150.png,uploads/sites/2/2026/02/Screenshot-2026-02-02-at-11.03.17-150x150.png,8699,a07842585d4434286a4cd5eeda7f3239abc4b50305735c7a43dabb3a4f8de8af,image/png,,,,
uploads/sites/2/2026/02/Screenshot-2026-02-02-at-11.03.17-480x117.png,uploads/sites/2/2026/02/Screenshot-2026-02-02-at-11.03.17-480x117.png,13244,d3aafd266f651b76398fdfa955116b609fd2b54b006a2b456b8eb7d22c7f4f09,image/png,,,,
uploads/sites/2/2026/02/Screenshot-2026-02-02-at-11.03.17.png,uploads/sites/2/2026/02/Screenshot-2026-02-02-at-11.03.17.png,32520,432ee19ec56f7795970ba3bc9e57e3e25f83592d278c6fa9d18a5004cf5701f5,image/png,,,,
uploads/sites/2/2026/05/Observatory-Recreation-Centre-Entrance-2_.jpeg,uploads/sites/2/2026/05/Observatory-Recreation-Centre-Entrance-2_.jpeg,653552,7771e98db32fcd5aa1f8ae215368cd2f9e24f6ead710f6176c570164aef327b8,image/jpeg,,,,
uploads/sites/2/woocommerce-placeholder-1024x1024.webp,uploads/sites/2/woocommerce-placeholder-1024x1024.webp,6032,2c839d3f821dafe6e8c21d7f7c838afd07c33f754bb1b8754466828a925a2943,image/webp,,,,
uploads/sites/2/2025/11/119749-400x250.jpg,uploads/sites/2/2025/11/119749-400x250.jpg,23295,9596d72981e4c90ec9ec1b4ab4c0d2572ebede0acd59e298cb37859dd65dcf68,image/jpeg,,,,
uploads/sites/2/2025/11/zapper-150x150.png,uploads/sites/2/2025/11/zapper-150x150.png,19183,2cc608d5a7008b752f9e37ec904b808ad58a7934b2f1ca97d5b5903dce179b1b,image/png,,,,
uploads/sites/2/2025/11/29376-1280x853.jpg,uploads/sites/2/2025/11/29376-1280x853.jpg,93942,685caeb713d62dc638531ee9e252aa99bafbcac688b2a565dc9eeff9e970eaf1,image/jpeg,,,,
uploads/sites/2/2025/11/2150951473-600x336.jpg,uploads/sites/2/2025/11/2150951473-600x336.jpg,31665,923b6296e8f00829552b1144ab4a462df7520f3764ac7c506f525212e94df97c,image/jpeg,,,,
uploads/sites/2/2025/11/29680-100x100.jpg,uploads/sites/2/2025/11/29680-100x100.jpg,2897,84c777f56c283f203c770245ca78b0b226e942f12afe3566d2ed2b472797f21b,image/jpeg,,,,
uploads/sites/2/2025/11/2151930384-1280x640.jpg,uploads/sites/2/2025/11/2151930384-1280x640.jpg,129116,e6afd269212335b0fbadf128c1e3416667758a3e896e2ff217a0144e42b645de,image/jpeg,,,,
uploads/sites/2/2025/11/2733704_12016-510x382.jpg,uploads/sites/2/2025/11/2733704_12016-510x382.jpg,37122,a64432071e9214bca8f4ce7f7a1d49d3b69c08c5a1fdf0340867da7bf22f4175,image/jpeg,,,,
uploads/sites/2/2025/11/helping-each-other-scaled-1-480x215.jpg,uploads/sites/2/2025/11/helping-each-other-scaled-1-480x215.jpg,11265,96158d315c27f94b4a278677ea8baf4b5b2eaa9f077e5e47801d0e2bfac1988f,image/jpeg,,,,
uploads/sites/2/2025/11/119749-600x400.jpg,uploads/sites/2/2025/11/119749-600x400.jpg,44149,411085f4b98873956dba1aadaff55ff427756972ffb8166842af239791556082,image/jpeg,,,,
uploads/sites/2/2025/11/people-taking-part-high-protocol-event-1080x675.jpg,uploads/sites/2/2025/11/people-taking-part-high-protocol-event-1080x675.jpg,64409,9b532b5218cba0372ac90aef6d8ffd759649bf6747dae2c702826bf885da2588,image/jpeg,,,,
uploads/sites/2/2025/11/Google-Forms-Logo-400x284.png,uploads/sites/2/2025/11/Google-Forms-Logo-400x284.png,22800,a7bdcbc2f3f46843f9660f6b830ec1feb41634f03f4c72984fc7ff4065ea036e,image/png,,,,
uploads/sites/2/2025/11/6914-1080x721.jpg,uploads/sites/2/2025/11/6914-1080x721.jpg,125663,fd71c3cc3fe92f220cc52015d13e6c45892406d2df0dcb41ca96350fd42af63f,image/jpeg,,,,
uploads/sites/2/2025/11/6914-1080x675.jpg,uploads/sites/2/2025/11/6914-1080x675.jpg,116096,686f773bd189f47263b7bb556df5ea21a726d8b0aa4e718a2a3c178e22174218,image/jpeg,,,,
uploads/sites/2/2025/11/29680-1080x675.jpg,uploads/sites/2/2025/11/29680-1080x675.jpg,72307,b881de4e4b8a2f4f512c0862f2d0139731aa791d0affb3011c6767cccecf4681,image/jpeg,,,,
uploads/sites/2/2025/11/120044.jpg,uploads/sites/2/2025/11/120044.jpg,1580502,b5cd0535e771cc3c5391f80bfbfbacf776874c039cdbf2adee87127b62133185,image/jpeg,,,,
uploads/sites/2/2025/11/2733704_12016-768x547.jpg,uploads/sites/2/2025/11/2733704_12016-768x547.jpg,65584,92a2d06677a7907460d6be7bb2bce8614e433f54a0654a41871142d90ec113fa,image/jpeg,,,,
uploads/sites/2/2025/11/2148938724-e1763294084270-300x87.jpg,uploads/sites/2/2025/11/2148938724-e1763294084270-300x87.jpg,6627,5c9028b82cced7451fe23b89f7ce481055cb67c4da9ed10a925bb9e17d7026ed,image/jpeg,,,,
uploads/sites/2/2025/11/2733704_12016-980x698.jpg,uploads/sites/2/2025/11/2733704_12016-980x698.jpg,95912,a1b2a4540927335c545c8f78ccb0fe76e61d56435e37edfb7ccd0460fec95e82,image/jpeg,,,,
uploads/sites/2/2025/11/19692-e1763294820786-510x382.jpg,uploads/sites/2/2025/11/19692-e1763294820786-510x382.jpg,12373,e4792eae6fe5136ff13267814ce4c66c3b43f4897c6545a6edf93e00f377f145,image/jpeg,,,,
uploads/sites/2/2025/11/6914-400x516.jpg,uploads/sites/2/2025/11/6914-400x516.jpg,36880,bc3adb23a4e47eab413b69040ace50c83353558e1cb3ff9ea63167e5fbe83d20,image/jpeg,,,,
uploads/sites/2/2025/11/29680-150x150.jpg,uploads/sites/2/2025/11/29680-150x150.jpg,4965,041849bc38364118411b2173ff34feb6ea7bb8aece47e9f9505201af13feb490,image/jpeg,,,,
uploads/sites/2/2025/11/119749-480x320.jpg,uploads/sites/2/2025/11/119749-480x320.jpg,31599,c47531699e235f607dca3584e1bf50fb583e8c40149bc83883331aca2f78698c,image/jpeg,,,,
uploads/sites/2/2025/11/120044-300x219.jpg,uploads/sites/2/2025/11/120044-300x219.jpg,17598,c542d1a7d4b03fce6b943c4984a25c64faa48593ba84c86a8f1f2d02e3750a96,image/jpeg,,,,
uploads/sites/2/2025/11/123795-474x324.jpg,uploads/sites/2/2025/11/123795-474x324.jpg,22291,705c88c7b0e214210bec4b0a45c4fce1405cb161896ebee70f38b600b85227d2,image/jpeg,,,,
uploads/sites/2/2025/11/584.jpg,uploads/sites/2/2025/11/584.jpg,1174390,811e4790e81520fc1b5394026d8d3a814090af9a72b1d3d75bca2d995c250bb0,image/jpeg,,,,
uploads/sites/2/2025/11/2149035698-1080x720.jpg,uploads/sites/2/2025/11/2149035698-1080x720.jpg,139967,64a1666e715725d032b826c40cb9c883e816ff98b48aeca65e34cdac84e0966f,image/jpeg,,,,
uploads/sites/2/2025/11/123795-768x513.jpg,uploads/sites/2/2025/11/123795-768x513.jpg,43047,1f96db5a21c08cf1a3ac1824a9cff961def32096f4dbae24df08095e92093249,image/jpeg,,,,
uploads/sites/2/2025/11/banner-wc-001-400x284.webp,uploads/sites/2/2025/11/banner-wc-001-400x284.webp,23816,d8aab92a13e301cb0b4b7a5bd8ffc565077c3d4ef38a06158fa8b8f40f31dcc5,image/webp,,,,
uploads/sites/2/2025/11/123795-400x284.jpg,uploads/sites/2/2025/11/123795-400x284.jpg,18031,203eddeec8f1da86d4163326826bbf9fe9deee2098e86b56a257043ef836e79c,image/jpeg,,,,
uploads/sites/2/2025/11/2151930384-1024x512.jpg,uploads/sites/2/2025/11/2151930384-1024x512.jpg,91860,c04269652b290a6b026fe53c1fd1fd0d0089f192c39099cbeab28b26ac72a298,image/jpeg,,,,
uploads/sites/2/2025/11/2150951473-1280x717.jpg,uploads/sites/2/2025/11/2150951473-1280x717.jpg,92948,35a7989b49921ef74a260e0a66b09410102fffed7b039111238e096733fa367d,image/jpeg,,,,
uploads/sites/2/2025/11/29680-768x439.jpg,uploads/sites/2/2025/11/29680-768x439.jpg,38404,c6819945648f71e645154641892bd0e4f22a5f1c7c4f8c63dd96cbd6f9054925,image/jpeg,,,,
uploads/sites/2/2025/11/2149035698-300x300.jpg,uploads/sites/2/2025/11/2149035698-300x300.jpg,20131,1f55330cfd524d343d42dee204775584d4b78cfcbebe2c29c9059cc9fb1a61da,image/jpeg,,,,
uploads/sites/2/2025/11/zapper.png,uploads/sites/2/2025/11/zapper.png,17587,8874197e3371b0db1e36140d727897d673ca7af9077a32f0839bdfad922592b2,image/png,,,,
uploads/sites/2/2025/11/129014-400x516.jpg,uploads/sites/2/2025/11/129014-400x516.jpg,12384,6fd35a4cfe571644563049d42925ff2c93f61de9b6546e622f4fe0b6c2ee30a4,image/jpeg,,,,
uploads/sites/2/2025/11/2151118274-400x516.jpg,uploads/sites/2/2025/11/2151118274-400x516.jpg,34611,bc0a6c3ab2322d9b32f25d2d8d194caf270648fea669519380e357d8723b6886,image/jpeg,,,,
uploads/sites/2/2025/11/banner-wc-001-768x512.webp,uploads/sites/2/2025/11/banner-wc-001-768x512.webp,73118,5fe8cc15c290a9df59ba45e7e563029f45ca5f76ca4561173cf90899355a8729,image/webp,,,,
uploads/sites/2/2025/11/19692-e1763294820786.jpg,uploads/sites/2/2025/11/19692-e1763294820786.jpg,53540,ea2fb6d6bdf6b62155e105d147acf895ee158b013e105923d672c97645c2dff0,image/jpeg,,,,
uploads/sites/2/2025/11/119749-1024x682.jpg,uploads/sites/2/2025/11/119749-1024x682.jpg,98226,b7b5c9073de7ace57e79fcc1fb0546bf41c1516944c6712f2390f4f5b0b0c6a7,image/jpeg,,,,
uploads/sites/2/2025/11/584-300x200.jpg,uploads/sites/2/2025/11/584-300x200.jpg,14469,aab28945a61fa19e076a3b5a32c99ecca8701390e5bb9a061d544d0d96da1c46,image/jpeg,,,,
uploads/sites/2/2025/11/19692-e1763294820786-1024x314.jpg,uploads/sites/2/2025/11/19692-e1763294820786-1024x314.jpg,20125,bd8ca1f4b4e3867b4ce6ae42567b469407750ed3d7707a845d52989eec1bb21b,image/jpeg,,,,
uploads/sites/2/2025/11/banner-wc-001-e1763484626801-400x516.webp,uploads/sites/2/2025/11/banner-wc-001-e1763484626801-400x516.webp,49488,17501ca8244b6a032c47bbee0ae50e5bd96dd91c92d39a4ebb357fff4b152f9e,image/webp,,,,
uploads/sites/2/2025/11/2151930384-1080x540.jpg,uploads/sites/2/2025/11/2151930384-1080x540.jpg,100235,ef2655c84d839f3ad58af39c4e6aada0aa4b57a4340ef58ec60868c6e07a8f87,image/jpeg,,,,
uploads/sites/2/2025/11/2151118274-768x512.jpg,uploads/sites/2/2025/11/2151118274-768x512.jpg,60122,8206b075cfdcfb714ce90bdc0cc832a6e12cf44ccd7d47ca41465c9ef0d3ef95,image/jpeg,,,,
uploads/sites/2/2025/11/123795-300x200.jpg,uploads/sites/2/2025/11/123795-300x200.jpg,11237,c922eea6803d0f82bcfd645e98f12334bc9127c0f9b5c1b561438eb620f9ab71,image/jpeg,,,,
uploads/sites/2/2025/11/2148938724-e1763294084270-1080x580.jpg,uploads/sites/2/2025/11/2148938724-e1763294084270-1080x580.jpg,93821,856ec67c2588e87205097086971e87658dec65f9ea1fd76ae13934267c7d5d83,image/jpeg,,,,
uploads/sites/2/2025/11/19692-e1763294820786-150x150.jpg,uploads/sites/2/2025/11/19692-e1763294820786-150x150.jpg,3417,e991718404e38cd0d76b7578ff28ce25083f57b9bcfeee737569f709d7b2ce99,image/jpeg,,,,
uploads/sites/2/2025/11/129014-1024x682.jpg,uploads/sites/2/2025/11/129014-1024x682.jpg,29745,fc0bb0778941a5f5e22fc0caaa4f2d9b286084d1de820e203dfe8410dfd9934b,image/jpeg,,,,
uploads/sites/2/2025/11/2150951473-474x324.jpg,uploads/sites/2/2025/11/2150951473-474x324.jpg,26394,f3bb3cebd4ff0abf4ada26c32aad1819d39c89c20cb3ed83c9920f1779594c0a,image/jpeg,,,,
uploads/sites/2/2025/11/129014-400x250.jpg,uploads/sites/2/2025/11/129014-400x250.jpg,6768,c98b313b7f5eae9758552c743f00b3cb70445b26338abc49c92b57e9bb4e3418,image/jpeg,,,,
uploads/sites/2/2025/11/123795.jpg,uploads/sites/2/2025/11/123795.jpg,1028069,372d28dc7a82aed9e7330555e2957572d868127d20b858808169ea9cbc1348d0,image/jpeg,,,,
uploads/sites/2/2025/11/29376-1080x720.jpg,uploads/sites/2/2025/11/29376-1080x720.jpg,72749,1405275e3de6b937f29197d2ba49a1e00eea576963fb8437d7c9059535bf0b0e,image/jpeg,,,,
uploads/sites/2/2025/11/2148938724-e1763294084270-510x382.jpg,uploads/sites/2/2025/11/2148938724-e1763294084270-510x382.jpg,26463,b2c9c110a923f407858e8ecd8f64f09e28b3181078bd740974e0200d8248950c,image/jpeg,,,,
uploads/sites/2/2025/11/96081-980x551.jpg,uploads/sites/2/2025/11/96081-980x551.jpg,51272,343026743b3ba90b10495d27f12fb26218062f5bf304f14ca6959ef18f8f67ee,image/jpeg,,,,
uploads/sites/2/2025/11/helping-each-other-scaled-1-1280x573.jpg,uploads/sites/2/2025/11/helping-each-other-scaled-1-1280x573.jpg,72401,e75617473b0ddf49429d2ea1788d7707ac11f842cc7136ca5f349108bd59f6e9,image/jpeg,,,,
uploads/sites/2/2025/11/120044-391x260.jpg,uploads/sites/2/2025/11/120044-391x260.jpg,24475,55469b041bf02e4eb09f49f274d2f8b8bf6f514a9af152d0bac86b0ce6c924b3,image/jpeg,,,,
uploads/sites/2/2025/11/6914-1024x684.jpg,uploads/sites/2/2025/11/6914-1024x684.jpg,114481,1c91fe28197b081ca112cc158f4b8a61574d30135fe6db84ac4629a1e7c7d6ac,image/jpeg,,,,
uploads/sites/2/2025/11/119749-980x653.jpg,uploads/sites/2/2025/11/119749-980x653.jpg,92690,4d8fa60d41ae75e284f4b89f53bf66f2e4771273442e077335acd1085c58d2d9,image/jpeg,,,,
uploads/sites/2/2025/11/123795-1080x675.jpg,uploads/sites/2/2025/11/123795-1080x675.jpg,69242,a907393847efeae26c15aad46bda08179264c34e3992f231782d8e45279a5497,image/jpeg,,,,
uploads/sites/2/2025/11/129014-150x150.jpg,uploads/sites/2/2025/11/129014-150x150.jpg,2731,971b62dda6b2bdd422b3e5dee9b880cc563c11fb991b4076a0b2e000e1f551b1,image/jpeg,,,,
uploads/sites/2/2025/11/2149758877-400x284.jpg,uploads/sites/2/2025/11/2149758877-400x284.jpg,30156,47da4a44d2a78f03fb49bee2a773dbf3acf3a1f5056d6471b0dc6b26ada1770e,image/jpeg,,,,
uploads/sites/2/2025/11/banner-wc-001-e1763484626801-400x250.webp,uploads/sites/2/2025/11/banner-wc-001-e1763484626801-400x250.webp,24786,a722f1e24fde66ca2eeb2f74643903076a8a8971c522e45d85cf2c8b6e5bab41,image/webp,,,,
uploads/sites/2/2025/11/6914-300x200.jpg,uploads/sites/2/2025/11/6914-300x200.jpg,12561,fa444b00605e12230f8fc2339190ec4cdfc5ad14b6de7546ef26591bfbbe1f9d,image/jpeg,,,,
uploads/sites/2/2025/11/2733704_12016-391x260.jpg,uploads/sites/2/2025/11/2733704_12016-391x260.jpg,23386,eacdebf8d986e1ab217eaeda10a01d03945646b1868f93d6e284d4d2d56409aa,image/jpeg,,,,
uploads/sites/2/2025/11/logo-768x192.png,uploads/sites/2/2025/11/logo-768x192.png,56607,9f065618e9582e901534ef2dbd5a078ef2068426c5e7bfeb8c64b2e4842d7878,image/png,,,,
uploads/sites/2/2025/11/2733704_12016-300x214.jpg,uploads/sites/2/2025/11/2733704_12016-300x214.jpg,16128,ff73a2a4d63893acbb78afa0a07e43b5f47ca931ad834ec7b276ed69329c8fcb,image/jpeg,,,,
uploads/sites/2/2025/11/2149035698-300x400.jpg,uploads/sites/2/2025/11/2149035698-300x400.jpg,25154,29fda02f423f7f6042684ffd0230f6430c491bb5d9b9fbbc9a1dfc6d7c41e1ff,image/jpeg,,,,
uploads/sites/2/2025/11/123795-400x516.jpg,uploads/sites/2/2025/11/123795-400x516.jpg,29037,ef9917031f7d1354ab3b048747832644fcea6eb19cd5e6256806e9123ad44643,image/jpeg,,,,
uploads/sites/2/2025/11/123795-300x300.jpg,uploads/sites/2/2025/11/123795-300x300.jpg,16611,670ba7da4f672f75bc500511ac0efc4cfa81fdfe2e0f45b5e49aa139bf2f543c,image/jpeg,,,,
uploads/sites/2/2025/11/119749-400x284.jpg,uploads/sites/2/2025/11/119749-400x284.jpg,25341,245afba99be14cff03af4ac69d62ac2ce7180457a28474752c98212e52212835,image/jpeg,,,,
uploads/sites/2/2025/11/2150951473-300x168.jpg,uploads/sites/2/2025/11/2150951473-300x168.jpg,12052,55a89079641d91981e30626dc2d4863801f667bd58739f1a31949ca51353fe63,image/jpeg,,,,
uploads/sites/2/2025/11/2149758877-400x516.jpg,uploads/sites/2/2025/11/2149758877-400x516.jpg,43170,e008be9dbd079a9098b52a0a3887b2b7b5dc931c39203f155d399a113869e236,image/jpeg,,,,
uploads/sites/2/2025/11/2148938724-e1763294084270-480x139.jpg,uploads/sites/2/2025/11/2148938724-e1763294084270-480x139.jpg,13157,f91b0784d934ae1abbbed5c844f0dfda640517d32f62664d2ef72f577b71a6ce,image/jpeg,,,,
uploads/sites/2/2025/11/people-taking-part-high-protocol-event-400x284.jpg,uploads/sites/2/2025/11/people-taking-part-high-protocol-event-400x284.jpg,16754,8d06e2bee6bb503fd66bad59379e3eb336789b10937e8e16c3de50ff09ad91eb,image/jpeg,,,,
uploads/sites/2/2025/11/cropped-favicon-400x284.png,uploads/sites/2/2025/11/cropped-favicon-400x284.png,73602,fc6310076bd5502aa2cb75701c4bd542441155c8d878bf24fcc6cc1e1e9667b7,image/png,,,,
uploads/sites/2/2025/11/2151930384-1536x768.jpg,uploads/sites/2/2025/11/2151930384-1536x768.jpg,169784,db217955f649de87b08de5e969f4637906a5e3e504ebec68e75d7ceef51a2f63,image/jpeg,,,,
uploads/sites/2/2025/11/2149758877-980x654.jpg,uploads/sites/2/2025/11/2149758877-980x654.jpg,137319,4330f44b40cef0251ee0cd1d368bc604232f8d3249d02b33ff5eb1fd19e7cc84,image/jpeg,,,,
uploads/sites/2/2025/11/people-taking-part-high-protocol-event-300x400.jpg,uploads/sites/2/2025/11/people-taking-part-high-protocol-event-300x400.jpg,16853,828a3b0df5a4b3ef986f824e4cef74322cbb7c08315a900c324bebe1b87cab4d,image/jpeg,,,,
uploads/sites/2/2025/11/2147770870-e1763292893626.jpg,uploads/sites/2/2025/11/2147770870-e1763292893626.jpg,96863,c71a509defbafd7a832e856784fa9e21aef61eea6b6ce8b540428269f7c12fb9,image/jpeg,,,,
uploads/sites/2/2025/11/2147770870-e1763292893626-1024x237.jpg,uploads/sites/2/2025/11/2147770870-e1763292893626-1024x237.jpg,29966,6d98d5534b824091854a5cc88a609b6e073ee13754c8b1768ec23f4f1ffbcefe,image/jpeg,,,,
uploads/sites/2/2025/11/2150951473-1024x574.jpg,uploads/sites/2/2025/11/2150951473-1024x574.jpg,67482,c3850b9e7bbcd7efebec857d1bde974cd73a98c211bec522690eead2155277a1,image/jpeg,,,,
uploads/sites/2/2025/11/559-400x250.jpg,uploads/sites/2/2025/11/559-400x250.jpg,29024,bda0ff7a9dbb7cf21522bf9956d07ade7e79455a5c1d14dcad11c913015b232a,image/jpeg,,,,
uploads/sites/2/2025/11/559-510x382.jpg,uploads/sites/2/2025/11/559-510x382.jpg,52186,e12444d039dfa2ff5e596b796ffab3d91d6036b1ea64b78a9e5d245d06886484,image/jpeg,,,,
uploads/sites/2/2025/11/helping-each-other-scaled-1-300x134.jpg,uploads/sites/2/2025/11/helping-each-other-scaled-1-300x134.jpg,5382,233be30068fc7d0b40ec991dce88027f6dbd42cf8088002cbd857b2a5532a233,image/jpeg,,,,
uploads/sites/2/2025/11/29680-300x300.jpg,uploads/sites/2/2025/11/29680-300x300.jpg,14220,22c52b6b759088c46bb5d6fcfd361368884d54f168fac8b4618572290df661dc,image/jpeg,,,,
uploads/sites/2/2025/11/2733704_12016-1080x770.jpg,uploads/sites/2/2025/11/2733704_12016-1080x770.jpg,111643,a1b35e78ed33e8a9a48e53f6537ad5822f07a8f08586754b266abc3158816273,image/jpeg,,,,
uploads/sites/2/2025/11/559-400x284.jpg,uploads/sites/2/2025/11/559-400x284.jpg,31697,9cf96ac4da4960f6d588a70348c67dba314b8dad8e7b16c3de1cbde38894a379,image/jpeg,,,,
uploads/sites/2/2025/11/2149035698-391x260.jpg,uploads/sites/2/2025/11/2149035698-391x260.jpg,22849,085791f6616e290002d18f5126e2d86a83c9d327661737a9f4bfaf535c18aebf,image/jpeg,,,,
uploads/sites/2/2025/11/2149758877-400x250.jpg,uploads/sites/2/2025/11/2149758877-400x250.jpg,27630,e6c85a2a54dee8fa34a9e96a5cc59919dc10b75af1b282d1aca03b123682e0d6,image/jpeg,,,,
uploads/sites/2/2025/11/2149035698-474x324.jpg,uploads/sites/2/2025/11/2149035698-474x324.jpg,32933,009ae523be68d2b17106c3bdc7ceef11a94cf3f901c6901547492eae2ed8a7e4,image/jpeg,,,,
uploads/sites/2/2025/11/cropped-favicon-480x480.png,uploads/sites/2/2025/11/cropped-favicon-480x480.png,115375,3da87c09c8f7c022d541769e2380ba976c5b75333eb8cea99a47a0cd982a6860,image/png,,,,
uploads/sites/2/2025/11/Google-Forms-Logo-1024x256.png,uploads/sites/2/2025/11/Google-Forms-Logo-1024x256.png,65621,cee5d7fa38390de4d1654231eca282e84b3c8bb25abe7e5fd1b0b920f2679120,image/png,,,,
uploads/sites/2/2025/11/2149758877-300x300.jpg,uploads/sites/2/2025/11/2149758877-300x300.jpg,22540,da21b294e7abf255038c6532f6270f4efb5250f0fe551faef05489b6239fe4fc,image/jpeg,,,,
uploads/sites/2/2025/11/129014-1280x853.jpg,uploads/sites/2/2025/11/129014-1280x853.jpg,43938,bf6a76a821f170636380c26251d66c4f77183b88b9b8b776738f9d204a61bf7a,image/jpeg,,,,
uploads/sites/2/2025/11/banner-wc-001-150x150.webp,uploads/sites/2/2025/11/banner-wc-001-150x150.webp,5968,6e1e9d9beaa38e74cde117a88b91b2869968d47dedbb7022eedf3c86cfa9fd15,image/webp,,,,
uploads/sites/2/2025/11/2150951473-768x430.jpg,uploads/sites/2/2025/11/2150951473-768x430.jpg,44772,8fa8e44d928d0d58318cf8ff5690d2e095ea657eb75ead58514e65e0bd6c8b1c,image/jpeg,,,,
uploads/sites/2/2025/11/96081-300x169.jpg,uploads/sites/2/2025/11/96081-300x169.jpg,8820,2cda19bb5fc040c3a6b5873a83e3b13ddd19e394280df49536e8930eda8b163d,image/jpeg,,,,
uploads/sites/2/2025/11/559-1536x1024.jpg,uploads/sites/2/2025/11/559-1536x1024.jpg,316550,c4fb313af1e8bd67ac7dc9ff6ce10b8b75972e1f31037b15f9535a24876007e0,image/jpeg,,,,
uploads/sites/2/2025/11/2151930388-150x150.jpg,uploads/sites/2/2025/11/2151930388-150x150.jpg,5066,3a7bf071f9b836a2643ea75870d0cad5bd1389bd5b8dbfac853ab45d01c96c34,image/jpeg,,,,
uploads/sites/2/2025/11/2151118274-480x320.jpg,uploads/sites/2/2025/11/2151118274-480x320.jpg,28415,f3d78425d20831dfbb5a93239b5ebde557af5e189bea1d62cba959c0ae896f5a,image/jpeg,,,,
uploads/sites/2/2025/11/96081-480x270.jpg,uploads/sites/2/2025/11/96081-480x270.jpg,16579,b4af8b8fca5ff24f08d424478bb3f177ec58e4c1871e0579d1b4127bb1d14a3b,image/jpeg,,,,
uploads/sites/2/2025/11/96081-510x382.jpg,uploads/sites/2/2025/11/96081-510x382.jpg,24863,8b0ce7752cb93b340e1f3b7307c7729752680caf42eeb2630614e1ee4b87a33f,image/jpeg,,,,
uploads/sites/2/2025/11/2147770870-e1763292893626-1080x250.jpg,uploads/sites/2/2025/11/2147770870-e1763292893626-1080x250.jpg,32806,dd9962a9ef1201d121127484da64f7ef7b854e1f9f6382b26bd214e20b673053,image/jpeg,,,,
uploads/sites/2/2025/11/2151930388.jpg,uploads/sites/2/2025/11/2151930388.jpg,913581,03c0c8e5eadcaecb8ced3e62dc4a49c00e09257e139aee7e680071fe21ecd076,image/jpeg,,,,
uploads/sites/2/2025/11/logo-980x245.png,uploads/sites/2/2025/11/logo-980x245.png,80889,fffe8953c6cbd96ebeb663d60d4ed8ec48bcef072dcacf6746a5b0944029aa55,image/png,,,,
uploads/sites/2/2025/11/banner-wc-001-510x382.webp,uploads/sites/2/2025/11/banner-wc-001-510x382.webp,39164,11404b8f80a2782e1d7e1543a85c7f07fdeaadf8e0bbf8067de2df970c7d869a,image/webp,,,,
uploads/sites/2/2025/11/29376-400x284.jpg,uploads/sites/2/2025/11/29376-400x284.jpg,18611,e65b5afecead64232eda7c24c72bfa9e49ab3f3af8a317f57d778a9d641f33b5,image/jpeg,,,,
uploads/sites/2/2025/11/6914-150x150.jpg,uploads/sites/2/2025/11/6914-150x150.jpg,5296,ed8932862f68a8827a30ad0cc7ab526fbefbeeac36248831de74bc3c33ed5f1f,image/jpeg,,,,
uploads/sites/2/2025/11/584-1080x675.jpg,uploads/sites/2/2025/11/584-1080x675.jpg,91861,8b6ed48db893b74b490c857f3b74feedc3f6d447432198a5e0731127c06d0af7,image/jpeg,,,,
uploads/sites/2/2025/11/6914-980x654.jpg,uploads/sites/2/2025/11/6914-980x654.jpg,106035,de04284451ea7e8689fb53ef5b2c816d1d53d331ebbc26a047c9cb2d03b8239b,image/jpeg,,,,
uploads/sites/2/2025/11/129014-500x500.jpg,uploads/sites/2/2025/11/129014-500x500.jpg,13688,b6ca95d554150a2ae39f89daa1beabe0c1bbf5df02dacd826311369c6305b489,image/jpeg,,,,
uploads/sites/2/2025/11/584-150x150.jpg,uploads/sites/2/2025/11/584-150x150.jpg,7311,ce807536454d12defd621696ef2793df98b3aa8c4a3299c536715c00ac8cd2f5,image/jpeg,,,,
uploads/sites/2/2025/11/559-1280x853.jpg,uploads/sites/2/2025/11/559-1280x853.jpg,235755,2002fe51adf41926cd67ef5a2104ae79718dc6a34aa941b2bf9a50f150c05355,image/jpeg,,,,
uploads/sites/2/2025/11/129014-300x400.jpg,uploads/sites/2/2025/11/129014-300x400.jpg,8386,cbeca2920fdbfb22057587d149875eebba00c335e1c01bfc5132d8cf68275ac6,image/jpeg,,,,
uploads/sites/2/2025/11/cropped-favicon-150x150.png,uploads/sites/2/2025/11/cropped-favicon-150x150.png,18396,ed256d4aedacccda10a442aa0e71d4b13671976f2360ed9df3d0e32701993105,image/png,,,,
uploads/sites/2/2025/11/559-1024x682.jpg,uploads/sites/2/2025/11/559-1024x682.jpg,161972,e236aaa01406e119990020bf32fb8164595aeebac9cb23ec3cea53666d5c9a77,image/jpeg,,,,
uploads/sites/2/2025/11/2733704_12016.jpg,uploads/sites/2/2025/11/2733704_12016.jpg,11813467,8f7f263804c590b894da95ff4477c34aa140dd2e5c821b80cef3706704592ddc,image/jpeg,,,,
uploads/sites/2/2025/11/Google-Forms-Logo-768x192.png,uploads/sites/2/2025/11/Google-Forms-Logo-768x192.png,44939,1ed7ae4fdc37512989d79a67ebf8ebb7946ea6c4cfd109b7baf2e1d75af0e6c8,image/png,,,,
uploads/sites/2/2025/11/logo-150x150.png,uploads/sites/2/2025/11/logo-150x150.png,4322,69a928a87c08761fd2df94bab1d2edcb81b6c85dc86f5eb33a1f77a6720d09d4,image/png,,,,
uploads/sites/2/2025/11/2149035698-500x500.jpg,uploads/sites/2/2025/11/2149035698-500x500.jpg,49949,7d577f1ec9764bd26fd39a694195f1b5b2df0775bbe1e3327bcddff343c9279a,image/jpeg,,,,
uploads/sites/2/2025/11/people-taking-part-high-protocol-event-150x150.jpg,uploads/sites/2/2025/11/people-taking-part-high-protocol-event-150x150.jpg,5423,a2955f56eb4817d0ef2c945599639cd5b6c84634c02ca91790d3be1e82a333f6,image/jpeg,,,,
uploads/sites/2/2025/11/2150951473-100x100.jpg,uploads/sites/2/2025/11/2150951473-100x100.jpg,4030,7ce18a208f62fc49391d6204709fc301db5a3f9448350b145c993f2ee674244f,image/jpeg,,,,
uploads/sites/2/2025/11/2147770870-e1763292893626-400x284.jpg,uploads/sites/2/2025/11/2147770870-e1763292893626-400x284.jpg,14919,0f74fe4b3424c64809b53c5caa79c2af667e2bfb84aad32cc40440923c227bf0,image/jpeg,,,,
uploads/sites/2/2025/11/120044-980x714.jpg,uploads/sites/2/2025/11/120044-980x714.jpg,106269,d1e2f0d6f458b477958ee67b31cc7cda31ac4c1805fe7be3667b2e8582e01933,image/jpeg,,,,
uploads/sites/2/2025/11/19692-e1763294820786-400x516.jpg,uploads/sites/2/2025/11/19692-e1763294820786-400x516.jpg,10908,6dd43984e61eb3b2e262f8070d6ebbceeeaa0238a03e5269fdc62ce448470902,image/jpeg,,,,
uploads/sites/2/2025/11/2149758877-1536x1025.jpg,uploads/sites/2/2025/11/2149758877-1536x1025.jpg,304463,b9e20ab3a90f32715b2d2b1380d64b76488651026c2747665ccd72e32183eb0a,image/jpeg,,,,
uploads/sites/2/2025/11/people-taking-part-high-protocol-event-300x168.jpg,uploads/sites/2/2025/11/people-taking-part-high-protocol-event-300x168.jpg,9623,58c5f2498970c2176e8ea5a4243765362f43ece529f8d130ab5c63e24729a077,image/jpeg,,,,
uploads/sites/2/2025/11/29680-500x500.jpg,uploads/sites/2/2025/11/29680-500x500.jpg,31793,8d9305141f4ec63a4445ecc3f8450f2f7a9a328ed7898c5171077112133dd12a,image/jpeg,,,,
uploads/sites/2/2025/11/584-1536x1024.jpg,uploads/sites/2/2025/11/584-1536x1024.jpg,165940,88cda2c17afda1fefac3f9d2b5065456ae9decd444fe9cc94bd9bfd9c72ce195,image/jpeg,,,,
uploads/sites/2/2025/11/2149758877-300x200.jpg,uploads/sites/2/2025/11/2149758877-300x200.jpg,17930,99993c6390c46abbfce0d8ebd73c55be0ab836345780eceb1345326770dd737a,image/jpeg,,,,
uploads/sites/2/2025/11/120044-400x516.jpg,uploads/sites/2/2025/11/120044-400x516.jpg,40110,d183372237e2d1a361d159ba9e4fff636661db40ad977e7cd12bb8131bae5392,image/jpeg,,,,
uploads/sites/2/2025/11/helping-each-other-scaled-1-400x284.jpg,uploads/sites/2/2025/11/helping-each-other-scaled-1-400x284.jpg,12749,2664ce18ce267dff9ba8c533c3dc10ee0e739c19c4d789411dbcd597421de685,image/jpeg,,,,
uploads/sites/2/2025/11/120044-300x300.jpg,uploads/sites/2/2025/11/120044-300x300.jpg,21726,65d0eee52d78adaceb549a29f6703ebb25c425b949b5518575f1b3bab485bc33,image/jpeg,,,,
uploads/sites/2/2025/11/2149758877-1080x721.jpg,uploads/sites/2/2025/11/2149758877-1080x721.jpg,163239,79ee59485d0cb56737dd8cff9475ea1cd923580306be142334203de05ed45a7d,image/jpeg,,,,
uploads/sites/2/2025/11/2151930388-400x516.jpg,uploads/sites/2/2025/11/2151930388-400x516.jpg,24188,591ef06d7e90cf84e355cf36b9c2c6d6afe2dc4d418f7de35d1944ea5eebbea1,image/jpeg,,,,
uploads/sites/2/2025/11/29680-600x343.jpg,uploads/sites/2/2025/11/29680-600x343.jpg,26049,c14dc045890ab66816dd9dae10fc3ac4c2e7762a7932e2d4363801be97962a96,image/jpeg,,,,
uploads/sites/2/2025/11/2151118274-980x653.jpg,uploads/sites/2/2025/11/2151118274-980x653.jpg,88291,43cd9c68af04c963aa3d52d7a06e8a7a7082f28537b583a25a45cbc3b5543cd8,image/jpeg,,,,
uploads/sites/2/2025/11/143021-e1763291423474-1280x465.jpg,uploads/sites/2/2025/11/143021-e1763291423474-1280x465.jpg,53215,b555253e4c60ec0182b76df851cde2ebd998dbc6082910187584dacd1c1c7b48,image/jpeg,,,,
uploads/sites/2/2025/11/129014-1536x1024.jpg,uploads/sites/2/2025/11/129014-1536x1024.jpg,60390,a5c9216ecb3bdba3b6ea6bb34879c5165f4ff1cc0b3e518d3f93419a568a0428,image/jpeg,,,,
uploads/sites/2/2025/11/2151118274-500x500.jpg,uploads/sites/2/2025/11/2151118274-500x500.jpg,42793,a39b13e7784ac72f55bf64b027541abcfe745abbfc2daff53c4bf4fbe1c0c93b,image/jpeg,,,,
uploads/sites/2/2025/11/143021-e1763291423474-768x279.jpg,uploads/sites/2/2025/11/143021-e1763291423474-768x279.jpg,22458,e00ed1117de2a0f34ad18bb2fc5b9d9704b2287fad38ef1e681be21e12df46f7,image/jpeg,,,,
uploads/sites/2/2025/11/2150951473-400x284.jpg,uploads/sites/2/2025/11/2150951473-400x284.jpg,21117,66cbf2e192220f51f92833c4c689a32f9f92956d750c4d80a09e47230c4b60df,image/jpeg,,,,
uploads/sites/2/2025/11/2149035698-1080x675.jpg,uploads/sites/2/2025/11/2149035698-1080x675.jpg,134769,510c3d529cad2907b965018109415c111d68326690d8b7cc2f003ce76eca9fd0,image/jpeg,,,,
uploads/sites/2/2025/11/banner-wc-001-400x250.webp,uploads/sites/2/2025/11/banner-wc-001-400x250.webp,21616,79f965e6cf21bc492e608b6762a33232aa42920c49e025dff4969ef57c06dd07,image/webp,,,,
uploads/sites/2/2025/11/logo-510x300.png,uploads/sites/2/2025/11/logo-510x300.png,13711,573bb698dc02b5745ccc644649b8ab3f4794b47456ccc0d68b099ecab4b5186f,image/png,,,,
uploads/sites/2/2025/11/2148101442-1-e1763294562253-400x284.jpg,uploads/sites/2/2025/11/2148101442-1-e1763294562253-400x284.jpg,19645,b39570f058df331f45bab1e5a3dd3174db1a99d3e4ad297dbd5aef766b2327e6,image/jpeg,,,,
uploads/sites/2/2025/11/2151118274-391x260.jpg,uploads/sites/2/2025/11/2151118274-391x260.jpg,20751,4c7efb5f8c173caca04307604f286d0c7f85fe918ef28d899c8c8280e53efa94,image/jpeg,,,,
uploads/sites/2/2025/11/2149035698-400x250.jpg,uploads/sites/2/2025/11/2149035698-400x250.jpg,22812,93ea04fcd621d164482dc57295de154db3574f291bcbcf2e2c941d494b66d63b,image/jpeg,,,,
uploads/sites/2/2025/11/29680-474x324.jpg,uploads/sites/2/2025/11/29680-474x324.jpg,21579,8b086eff317f8f19acbccae341b9245414446c70701d6f934f2418da5972b166,image/jpeg,,,,
uploads/sites/2/2025/11/2733704_12016-480x342.jpg,uploads/sites/2/2025/11/2733704_12016-480x342.jpg,32128,e1b4b6b4b4c9ed85810343cea5c848e27854e2e2ef23cb75893f35132b139e59,image/jpeg,,,,
uploads/sites/2/2025/11/2149758877-1280x854.jpg,uploads/sites/2/2025/11/2149758877-1280x854.jpg,220688,1687abd2d4b0f7f054cb87267a2632c7ef76a1a02bf7b23202122cb2921c970c,image/jpeg,,,,
uploads/sites/2/2025/11/129014-300x300.jpg,uploads/sites/2/2025/11/129014-300x300.jpg,6364,fdbf5ef0a66601f88e9ea012787c72372f9e0f7d699d29435c37860819e15ea7,image/jpeg,,,,
uploads/sites/2/2025/11/banner-wc-001-980x653.webp,uploads/sites/2/2025/11/banner-wc-001-980x653.webp,114636,fc8dc8f3c62e882378e0351d887e904f66edea0ddd09bfd4f87ee96101c95ad6,image/webp,,,,
uploads/sites/2/2025/11/6914-474x324.jpg,uploads/sites/2/2025/11/6914-474x324.jpg,30138,ae07fc9c5effb0ec09e1ce1a5b06d237c01d12bb13b21d0adac6d94b558d0e50,image/jpeg,,,,
uploads/sites/2/2025/11/2149035698-480x320.jpg,uploads/sites/2/2025/11/2149035698-480x320.jpg,32462,62962c2c44c6c55f2d803c0a50a1a07ed600019df2c473d0937d9ceb1465a29a,image/jpeg,,,,
uploads/sites/2/2025/11/29680-1024x585.jpg,uploads/sites/2/2025/11/29680-1024x585.jpg,60466,b96c69508881ac8525a728a66f80112eceb07993b5c7252eb0fe3e5cb788a712,image/jpeg,,,,
uploads/sites/2/2025/11/2148101442-1-e1763294562253-300x96.jpg,uploads/sites/2/2025/11/2148101442-1-e1763294562253-300x96.jpg,6929,676c5c9b9d7a9ceffad3602220ac105f7aa9a82c5c50d50eab97752d735122bc,image/jpeg,,,,
uploads/sites/2/2025/11/6914-500x500.jpg,uploads/sites/2/2025/11/6914-500x500.jpg,44996,69b09f0f35512349f7c778e78424b597ece8de03d9c68a3facd427c3b2adf378,image/jpeg,,,,
uploads/sites/2/2025/11/559-480x320.jpg,uploads/sites/2/2025/11/559-480x320.jpg,41430,16b4e1227ee4f15cda91532c1a86f7947bc468916872312263527e51adfabd4e,image/jpeg,,,,
uploads/sites/2/2025/11/2151118274-1536x1024.jpg,uploads/sites/2/2025/11/2151118274-1536x1024.jpg,176653,dabe7fc2ac704c43c7b1abbb9badc81df17e17e41fe87a00473b89606d2ebd83,image/jpeg,,,,
uploads/sites/2/2025/11/6914-400x250.jpg,uploads/sites/2/2025/11/6914-400x250.jpg,20180,f88ae1687b04c063db5d803e8e6e02396156e15089c9cbdcc8e827792ce85cea,image/jpeg,,,,
uploads/sites/2/2025/11/people-taking-part-high-protocol-event-300x300.jpg,uploads/sites/2/2025/11/people-taking-part-high-protocol-event-300x300.jpg,14049,ec20e6d7b5476826683046a16fb0117427420929089f659de03cf3d952e6f964,image/jpeg,,,,
uploads/sites/2/2025/11/29680-400x516.jpg,uploads/sites/2/2025/11/29680-400x516.jpg,27138,72d4079068f70a14c7f7adc448f75e9e5a08bc85a94e4ea9b2a562c77f392cfd,image/jpeg,,,,
uploads/sites/2/2025/11/banner-wc-001-480x320.webp,uploads/sites/2/2025/11/banner-wc-001-480x320.webp,30804,e0253d033feb9b254ab990d5ef9458a6879d3688e73b38d4383f67df0262c69f,image/webp,,,,
uploads/sites/2/2025/11/119749.jpg,uploads/sites/2/2025/11/119749.jpg,1218306,4583103e9a207858a5c8e416001b1fc1078c4f2c93133aaa96d82fc6707f46da,image/jpeg,,,,
uploads/sites/2/2025/11/banner-wc-001-300x200.webp,uploads/sites/2/2025/11/banner-wc-001-300x200.webp,13806,57a8fa81c4bde0735cc365e5aa11d231bd57815d5c3b0276a048e2cde9949cd4,image/webp,,,,
uploads/sites/2/2025/11/559-400x516.jpg,uploads/sites/2/2025/11/559-400x516.jpg,49112,ba7915de030711e74585cb78b838c863f3dfc95d14590bb320ce16fe04be0fb0,image/jpeg,,,,
uploads/sites/2/2025/11/2147770870-e1763292893626-980x227.jpg,uploads/sites/2/2025/11/2147770870-e1763292893626-980x227.jpg,28264,970c88a1c96a19d764f995f9b9910c4d8131c7dd15c8a0c077228a523cee5257,image/jpeg,,,,
uploads/sites/2/2025/11/120044-300x400.jpg,uploads/sites/2/2025/11/120044-300x400.jpg,26168,a7d1416692d4f0d56f4f9f96ae2537e54936c32ec58c3f5640a64f9a07afdc85,image/jpeg,,,,
uploads/sites/2/2025/11/119749-150x150.jpg,uploads/sites/2/2025/11/119749-150x150.jpg,7529,8a6b765bee79e6b964fcdefa829b8a8f15f6dba6f0a71e792d833b971fafd5f2,image/jpeg,,,,
uploads/sites/2/2025/11/2148938724-e1763294084270-768x223.jpg,uploads/sites/2/2025/11/2148938724-e1763294084270-768x223.jpg,28429,5699dc0877d38d18d76e9a35715199ed14d29192e2ef238d724ce8b1fe683a23,image/jpeg,,,,
uploads/sites/2/2025/11/helping-each-other-scaled-1-768x344.jpg,uploads/sites/2/2025/11/helping-each-other-scaled-1-768x344.jpg,26598,251be904e19755e0093764dc3f5b220910aad3af58250d17f2d30f3dffe99b3e,image/jpeg,,,,
uploads/sites/2/2025/11/2151930384-510x382.jpg,uploads/sites/2/2025/11/2151930384-510x382.jpg,39197,91e1b9016d7a77bdfd683f68685c514ad599525651cca8702bdc2d8d352783c9,image/jpeg,,,,
uploads/sites/2/2025/11/2150951473-480x269.jpg,uploads/sites/2/2025/11/2150951473-480x269.jpg,23153,ecb119485389b67c05436040da3990b26d513b883b8d4d9b06f25a404b25b9a4,image/jpeg,,,,
uploads/sites/2/2025/11/29680-400x250.jpg,uploads/sites/2/2025/11/29680-400x250.jpg,15031,cd8f70d24f70540b2f1f33fce4859f5cfe1a654f7f1a89581732dbb6108af315,image/jpeg,,,,
uploads/sites/2/2025/11/29680-400x284.jpg,uploads/sites/2/2025/11/29680-400x284.jpg,16972,a1493054914fb179daf994fef05c2cdfa65d341d36061e0daca9aa8f5c8fbab8,image/jpeg,,,,
uploads/sites/2/2025/11/people-taking-part-high-protocol-event-400x250.jpg,uploads/sites/2/2025/11/people-taking-part-high-protocol-event-400x250.jpg,15281,5d64c29332706d0fd4ae75727fb71afbdd37dc5ed20bc371cb89cd97d32a181c,image/jpeg,,,,
uploads/sites/2/2025/11/cropped-favicon-400x512.png,uploads/sites/2/2025/11/cropped-favicon-400x512.png,94118,27f71b834c022777623543e0c06c878cb8d6f0f0d9ac4b1026c5fa07337a9c5f,image/png,,,,
uploads/sites/2/2025/11/143021-e1763291423474-1080x393.jpg,uploads/sites/2/2025/11/143021-e1763291423474-1080x393.jpg,39670,4648d2373a4b3859e7373d43d32c72fbadcdcb82884ab15dd85a9a887a811825,image/jpeg,,,,
uploads/sites/2/2025/11/6914-400x284.jpg,uploads/sites/2/2025/11/6914-400x284.jpg,22650,327c2df229861129fb13f1c35356af69c3cd37770110a497d54779e9c61a0ecf,image/jpeg,,,,
uploads/sites/2/2025/11/2733704_12016-300x400.jpg,uploads/sites/2/2025/11/2733704_12016-300x400.jpg,24251,c2e28f5df6513f1cea36a447a3da283c7b5cf98c86b22b358e3fa35b60f9df10,image/jpeg,,,,
uploads/sites/2/2025/11/29680-300x400.jpg,uploads/sites/2/2025/11/29680-300x400.jpg,17602,fa195057700d676fbe3556275d42f347501373ec444d56830c177aad7fff40ce,image/jpeg,,,,
uploads/sites/2/2025/11/119749-500x500.jpg,uploads/sites/2/2025/11/119749-500x500.jpg,45601,9852149627ac576d1f04627d631883c94d7f81c411c161fb16df31976ae4a445,image/jpeg,,,,
uploads/sites/2/2025/11/2733704_12016-400x516.jpg,uploads/sites/2/2025/11/2733704_12016-400x516.jpg,36281,f7ae5cee333b6231acc9f8a154e4222c75f3160445c3496497091a4b2e0e2a8d,image/jpeg,,,,
uploads/sites/2/2025/11/cropped-favicon.png,uploads/sites/2/2025/11/cropped-favicon.png,110642,df210711106a3cdffb6cb3fd6530bda5429bc43139e96acf6f3e73b178d438dd,image/png,,,,
uploads/sites/2/2025/11/2151118274-400x284.jpg,uploads/sites/2/2025/11/2151118274-400x284.jpg,23274,f88b68294217d770ae3ba7fd986531de3d296942f696ce0c84458cd97506aeab,image/jpeg,,,,
uploads/sites/2/2025/11/helping-each-other-scaled-1-2048x916.jpg,uploads/sites/2/2025/11/helping-each-other-scaled-1-2048x916.jpg,183404,990568bddc0031225f2bdef7eb3a605586325035fb6780191f8d8bb58aa60732,image/jpeg,,,,
uploads/sites/2/2025/11/29376-980x653.jpg,uploads/sites/2/2025/11/29376-980x653.jpg,63298,0aa2d18b8fe2e24a21f23a1dfc7b869e08d98dc53701200b838850d528195748,image/jpeg,,,,
uploads/sites/2/2025/11/29376-768x512.jpg,uploads/sites/2/2025/11/29376-768x512.jpg,44293,b81b8e03610b04bab20cf00d3e94f1c74903496b123ec4260a4335ea7ccbba6d,image/jpeg,,,,
uploads/sites/2/2025/11/2149035698-1024x682.jpg,uploads/sites/2/2025/11/2149035698-1024x682.jpg,127453,8745b161a3d0c1e0649096440245383202a4c3667abe88caac6e8969fa660ede,image/jpeg,,,,
uploads/sites/2/2025/11/2147770870-e1763292893626-1280x296.jpg,uploads/sites/2/2025/11/2147770870-e1763292893626-1280x296.jpg,42999,9d9448f97351dfa9090e0e86954a87479c75aed1fe7cfc0e7fcefc99021e3d46,image/jpeg,,,,
uploads/sites/2/2025/11/people-taking-part-high-protocol-event-474x324.jpg,uploads/sites/2/2025/11/people-taking-part-high-protocol-event-474x324.jpg,21034,2742d0243053d2cef35e05937a6a837d360bf7f6dc8fa8f23f81008c993b662b,image/jpeg,,,,
uploads/sites/2/2025/11/banner-wc-001-e1763484626801-300x139.webp,uploads/sites/2/2025/11/banner-wc-001-e1763484626801-300x139.webp,10610,a7303432734b1280641a3f91897d2fb41ccac955710b563b580f551a41ce64db,image/webp,,,,
uploads/sites/2/2025/11/129014-400x284.jpg,uploads/sites/2/2025/11/129014-400x284.jpg,7168,17e7307ffecd4a0428b75bc08e69c6e0d1b8454cdc61e0537809d08847f45c8b,image/jpeg,,,,
uploads/sites/2/2025/11/2151118274-1080x720.jpg,uploads/sites/2/2025/11/2151118274-1080x720.jpg,102497,30dfe9f74a0de11396799054f26e6d34d2646f8eb1d75864170b17349ef6a245,image/jpeg,,,,
uploads/sites/2/2025/11/129014.jpg,uploads/sites/2/2025/11/129014.jpg,417758,9ee2338cbce4746670206a0504a6f0d87b3ef7dbd29a772d979abdd05e019a28,image/jpeg,,,,
uploads/sites/2/2025/11/6914-300x400.jpg,uploads/sites/2/2025/11/6914-300x400.jpg,22791,3c34e513796cc5c58d23f03c2f839810dd1251d293be778e474b3642242d47dc,image/jpeg,,,,
uploads/sites/2/2025/11/2148101442-1-e1763294562253-1080x640.jpg,uploads/sites/2/2025/11/2148101442-1-e1763294562253-1080x640.jpg,89143,d11b633a1f9ec435df2cb54361d2895424081d9ad29ea99e4c2d04700a2a43f0,image/jpeg,,,,
uploads/sites/2/2025/11/2733704_12016-1536x1095.jpg,uploads/sites/2/2025/11/2733704_12016-1536x1095.jpg,194153,64eb7a8376bbe23f1205f71d4cbe841ab828c0572014d07075f2cb0305f93fc6,image/jpeg,,,,
uploads/sites/2/2025/11/19692-e1763294820786-1280x392.jpg,uploads/sites/2/2025/11/19692-e1763294820786-1280x392.jpg,27326,43de1ec800ae6878aa8c8db15fcc1f69be23204449f40ec5168bcb791dac5c3b,image/jpeg,,,,
uploads/sites/2/2025/11/2149758877-474x324.jpg,uploads/sites/2/2025/11/2149758877-474x324.jpg,39668,faf2f0446bf574f230df86a9a6da5245c7648a190dcf98d2d5c7fc83a97519d0,image/jpeg,,,,
uploads/sites/2/2025/11/584-400x516.jpg,uploads/sites/2/2025/11/584-400x516.jpg,33099,003ccb7a46d0fa4f5c4e373b8f812ae6df19886c330e328f458be311e9dd661c,image/jpeg,,,,
uploads/sites/2/2025/11/6914-1280x854.jpg,uploads/sites/2/2025/11/6914-1280x854.jpg,166821,c9a31fa0342d4610cddd3ba3e09c471f59c9c9ea786104fb15b6f29ba62ec4fd,image/jpeg,,,,
uploads/sites/2/2025/11/129014-600x400.jpg,uploads/sites/2/2025/11/129014-600x400.jpg,12587,8b35b5d7ec61654c7a47a6efda6d6292cddfaf7041340b7dafc99df1384debfc,image/jpeg,,,,
uploads/sites/2/2025/11/Google-Forms-Logo-510x382.png,uploads/sites/2/2025/11/Google-Forms-Logo-510x382.png,31313,2d88b79ebf02adf4d82ca46ddc72dbee23c9ef650817502a5f80daccf494afd9,image/png,,,,
uploads/sites/2/2025/11/29680.jpg,uploads/sites/2/2025/11/29680.jpg,702574,568becb9033e554dcd2cf4bf5605622b1145adbd9f364e57d03da3a61fade568,image/jpeg,,,,
uploads/sites/2/2025/11/2151118274.jpg,uploads/sites/2/2025/11/2151118274.jpg,1307616,cbaf1e9dcb179de7abd7f5bdb0afea4e71271a0148eb1cad5b5b9b3783e52b9d,image/jpeg,,,,
uploads/sites/2/2025/11/584-510x382.jpg,uploads/sites/2/2025/11/584-510x382.jpg,34594,59a60148afca493499cbb5f550edf0539cb6d66fd78ecd601a60d2d3f35f4bbe,image/jpeg,,,,
uploads/sites/2/2025/11/2733704_12016-474x324.jpg,uploads/sites/2/2025/11/2733704_12016-474x324.jpg,31101,95d2f9701ddd88fc0ed435e1f61432ca0df25eeb68824b549477ab4dbf4b3185,image/jpeg,,,,
uploads/sites/2/2025/11/2149758877-1080x675.jpg,uploads/sites/2/2025/11/2149758877-1080x675.jpg,153766,65f3e649aaf8f39af1d2d762449e5f982329ecee7438952d5abd809e2f15481e,image/jpeg,,,,
uploads/sites/2/2025/11/123795-300x400.jpg,uploads/sites/2/2025/11/123795-300x400.jpg,19837,e08576d9f1dec4391b3d5ec6c00c371e4f61a796e678f102742a59b06889fedc,image/jpeg,,,,
uploads/sites/2/2025/11/96081-1280x720.jpg,uploads/sites/2/2025/11/96081-1280x720.jpg,81201,ad4e45738d513c5defec732cbb9eb1f8ef64075a5ea4e01f797f4ce8d5d434bf,image/jpeg,,,,
uploads/sites/2/2025/11/people-taking-part-high-protocol-event-1024x574.jpg,uploads/sites/2/2025/11/people-taking-part-high-protocol-event-1024x574.jpg,54030,d87d9244ac67d36c2815f88dec2d845c8f657ea102814d0436b1897d456b44b9,image/jpeg,,,,
uploads/sites/2/2025/11/120044-1024x746.jpg,uploads/sites/2/2025/11/120044-1024x746.jpg,113199,8f9b3aa58a90f614f80785f9c03c38939f43af66e2f5dbe765f8d715d90221f2,image/jpeg,,,,
uploads/sites/2/2025/11/143021-e1763291423474-1024x372.jpg,uploads/sites/2/2025/11/143021-e1763291423474-1024x372.jpg,36419,1510f9114dd5e5550a7e863fae9f5686092d5a5e8e6eec6c5f878c3fdc557787,image/jpeg,,,,
uploads/sites/2/2025/11/helping-each-other-scaled-1-510x382.jpg,uploads/sites/2/2025/11/helping-each-other-scaled-1-510x382.jpg,21537,b44f77138d484f97f88e62aecab0fe8f5df30e69e49ee5175846f94b3b748cff,image/jpeg,,,,
uploads/sites/2/2025/11/119749-300x400.jpg,uploads/sites/2/2025/11/119749-300x400.jpg,24805,e4c271160dc4eafa3f27021fdee1fd2a70b745766a0507d5f4987a88f42247b3,image/jpeg,,,,
uploads/sites/2/2025/11/123795-100x100.jpg,uploads/sites/2/2025/11/123795-100x100.jpg,3747,43f6f65dd5328d9c66bece4206932b9f49aa9e50c1e86ef3ed0998849ba1921c,image/jpeg,,,,
uploads/sites/2/2025/11/29680-1080x617.jpg,uploads/sites/2/2025/11/29680-1080x617.jpg,65959,a63433f16cfc6a3fd2ef657db82db6ff16856dc8e9663f1d6cfc676d49f75c23,image/jpeg,,,,
uploads/sites/2/2025/11/2151930388-1024x512.jpg,uploads/sites/2/2025/11/2151930388-1024x512.jpg,66444,052cb4c494bc228bcd5e7743f3203b94508858c3d47fe41621327d4de53f9c8a,image/jpeg,,,,
uploads/sites/2/2025/11/2148938724-e1763294084270-1080x313.jpg,uploads/sites/2/2025/11/2148938724-e1763294084270-1080x313.jpg,53256,a3e8948f1580fc59f59c1e17268deb17a7439874dbe0a9911593e43420d51197,image/jpeg,,,,
uploads/sites/2/2025/11/120044-480x350.jpg,uploads/sites/2/2025/11/120044-480x350.jpg,35639,96d54d6586cb6c22fa5c9d1e8e06e0b7344ae4e39f2308764c3f2a56fc7550ef,image/jpeg,,,,
uploads/sites/2/2025/11/people-taking-part-high-protocol-event.jpg,uploads/sites/2/2025/11/people-taking-part-high-protocol-event.jpg,563086,8f2f6803a69c05187e1f282a43e14150b46224fbc896a41ba76589fd0a6677fd,image/jpeg,,,,
uploads/sites/2/2025/11/120044-150x150.jpg,uploads/sites/2/2025/11/120044-150x150.jpg,7698,0fcf08602ac5f637abf7142a9d946221195ad676d5a51e47afb2790aaa52164a,image/jpeg,,,,
uploads/sites/2/2025/11/2733704_12016-400x250.jpg,uploads/sites/2/2025/11/2733704_12016-400x250.jpg,23205,c1da78af04303dcc0365dc995f93e4f9a64cd0245f203772c585579e7bfcc780,image/jpeg,,,,
uploads/sites/2/2025/11/2149035698.jpg,uploads/sites/2/2025/11/2149035698.jpg,2950451,ce20675a25724ed34454e36ee2b6873fef0557be5131f13b7d48aeb7d390f7ff,image/jpeg,,,,
uploads/sites/2/2025/11/banner-wc-001-1080x720.webp,uploads/sites/2/2025/11/banner-wc-001-1080x720.webp,134344,bf0e4d97882b6ce1ca58198c009e8d3a093b5463594f4526234ce263130cc928,image/webp,,,,
uploads/sites/2/2025/11/143021-e1763291423474-980x356.jpg,uploads/sites/2/2025/11/143021-e1763291423474-980x356.jpg,33961,32c2d06e1778b76e99fc6bbdaf589a4500eecf79f909b798425f455a1163d2cd,image/jpeg,,,,
uploads/sites/2/2025/11/2150951473-1536x861.jpg,uploads/sites/2/2025/11/2150951473-1536x861.jpg,122346,5b716353199e32e4129e2b0b22b4976507c239a215a77c0417c973257ed08b48,image/jpeg,,,,
uploads/sites/2/2025/11/2733704_12016-300x300.jpg,uploads/sites/2/2025/11/2733704_12016-300x300.jpg,21751,507f16494cd19a2488fe4b7c5b5cf190496b9e345d3ed65f0987668ce472111c,image/jpeg,,,,
uploads/sites/2/2025/11/2149758877-1024x684.jpg,uploads/sites/2/2025/11/2149758877-1024x684.jpg,148613,0483596312fa0056dac9236005cf07c8c8d27728f7f64b6e67bd3e5cbd61af7d,image/jpeg,,,,
uploads/sites/2/2025/11/129014-768x512.jpg,uploads/sites/2/2025/11/129014-768x512.jpg,18432,80bed644d74919c4b1ade7e780417459a66f47809d5b768315fbcc3c5f3e340a,image/jpeg,,,,
uploads/sites/2/2025/11/559-1080x720.jpg,uploads/sites/2/2025/11/559-1080x720.jpg,177632,9398c1ca2e4f4fbc6770401ff3aa58a4447fa741056ad9f1c0e72aff3477c562,image/jpeg,,,,
uploads/sites/2/2025/11/2147770870-e1763292893626-1080x463.jpg,uploads/sites/2/2025/11/2147770870-e1763292893626-1080x463.jpg,59904,5facd3db00eb9f9810d51b375d13f31883ce87c8dfff3f9a779deade642e2d13,image/jpeg,,,,
uploads/sites/2/2025/11/123795-980x654.jpg,uploads/sites/2/2025/11/123795-980x654.jpg,61588,1e6e8749486ed2d11477ca93ef21cf3d43133d1c9507caee535d5c7a3644539a,image/jpeg,,,,
uploads/sites/2/2025/11/96081.jpg,uploads/sites/2/2025/11/96081.jpg,1067959,88b785f4ee2c0faafed0bf35de18a2b146e032550f9c373209ed26200a9ca50a,image/jpeg,,,,
uploads/sites/2/2025/11/2151930388-768x384.jpg,uploads/sites/2/2025/11/2151930388-768x384.jpg,42162,dca046e802275a2a0da01b10d9ebdeeb6fca9b26e78e6324075d0bfda4cae456,image/jpeg,,,,
uploads/sites/2/2025/11/banner-wc-001-e1763484626801-1080x595.webp,uploads/sites/2/2025/11/banner-wc-001-e1763484626801-1080x595.webp,170584,56877cc6fab0944c725c8e2488168f86b3bad08fe2ba647b5c0db4762ad681ec,image/webp,,,,
uploads/sites/2/2025/11/29680-300x171.jpg,uploads/sites/2/2025/11/29680-300x171.jpg,8801,ed65dd3b5e798c4162505292d19c81d4fe842960d3e14b7f0e699fd37eeb64bc,image/jpeg,,,,
uploads/sites/2/2025/11/2151118274-300x200.jpg,uploads/sites/2/2025/11/2151118274-300x200.jpg,13484,d6f51b3a57a1edb0589f433779a348fc344b57c08502a0b490fff6732bd33c41,image/jpeg,,,,
uploads/sites/2/2025/11/2148101442-1-e1763294562253-1536x492.jpg,uploads/sites/2/2025/11/2148101442-1-e1763294562253-1536x492.jpg,99289,ec295e0618946fcc93258349f93b4b0d1e2dca36e667bc76952bcc00b5b99ca6,image/jpeg,,,,
uploads/sites/2/2025/11/143021-e1763291423474-400x284.jpg,uploads/sites/2/2025/11/143021-e1763291423474-400x284.jpg,14080,9fe859b21c522014cba72c53b63bdc478cd0c1b896c53f47de78c4974ee14325,image/jpeg,,,,
uploads/sites/2/2025/11/2149035698-1280x853.jpg,uploads/sites/2/2025/11/2149035698-1280x853.jpg,188874,2a2a99cf064112f943f371f68966560c437746418a0baba4e674cae159005aa1,image/jpeg,,,,
uploads/sites/2/2025/11/logo-1080x270.png,uploads/sites/2/2025/11/logo-1080x270.png,94239,be40637a1fcd510df5410673b36f88ee1ce13bc7e0a3f7c3dca9983aeeee5e5a,image/png,,,,
uploads/sites/2/2025/11/143021-e1763291423474-480x174.jpg,uploads/sites/2/2025/11/143021-e1763291423474-480x174.jpg,11193,3004cf0d217eaa4a7ebe73b01aeeb78ee7a96726ced25f210719a00f8d445dc8,image/jpeg,,,,
uploads/sites/2/2025/11/2148101442-1-e1763294562253-1280x410.jpg,uploads/sites/2/2025/11/2148101442-1-e1763294562253-1280x410.jpg,73931,c3a753a8a64a235736ceaf8189204b98e564c3613f87d54197fa43b27e779650,image/jpeg,,,,
uploads/sites/2/2025/11/120044-1080x787.jpg,uploads/sites/2/2025/11/120044-1080x787.jpg,122618,4715c524234528e2049feaa3c04f1e7f9e00974a7c966c8b3dd22e88ee83bc1a,image/jpeg,,,,
uploads/sites/2/2025/11/helping-each-other-scaled-1.jpg,uploads/sites/2/2025/11/helping-each-other-scaled-1.jpg,311830,5698bda9900349a9e058bcd0c5ad0631f0e9d463020dda9c143ce400c5f970f7,image/jpeg,,,,
uploads/sites/2/2025/11/123795-1536x1025.jpg,uploads/sites/2/2025/11/123795-1536x1025.jpg,120468,3f3b8247270fe76277f949698fce404942c48aed7297f5a040d61f1e3323b4a2,image/jpeg,,,,
uploads/sites/2/2025/11/Google-Forms-Logo-1280x320.png,uploads/sites/2/2025/11/Google-Forms-Logo-1280x320.png,81838,5999302f5b593b7a1e5c12d7152b70500f96166dd8d636293720d0b2569c2f96,image/png,,,,
uploads/sites/2/2025/11/2733704_12016-500x500.jpg,uploads/sites/2/2025/11/2733704_12016-500x500.jpg,46384,6c18f22d0fbd79578fae6209b425edaeac5d2565cce9eaa2be2a0fd5d1b0cb5c,image/jpeg,,,,
uploads/sites/2/2025/11/2148101442-1-e1763294562253-400x516.jpg,uploads/sites/2/2025/11/2148101442-1-e1763294562253-400x516.jpg,28008,9f9b7e49590dc5fa08fcfb8024eec1898554220bcc76812475f583726e42d43f,image/jpeg,,,,
uploads/sites/2/2025/11/129014-391x260.jpg,uploads/sites/2/2025/11/129014-391x260.jpg,6714,0d0e2e65f45bdefe7a4ae767a47dfb0c306e3e2840d5088e6bad2f55848d0f81,image/jpeg,,,,
uploads/sites/2/2025/11/584-480x320.jpg,uploads/sites/2/2025/11/584-480x320.jpg,28424,4e00cae22d2156c9a36487822a1406a81cf816e8e87ffd6fb873df60bde2c523,image/jpeg,,,,
uploads/sites/2/2025/11/2149035698-100x100.jpg,uploads/sites/2/2025/11/2149035698-100x100.jpg,3691,8ecd8a0f9f940af8bf8d323f727e0a281db83892f22bbbd3bb8b9f2c866b44a4,image/jpeg,,,,
uploads/sites/2/2025/11/helping-each-other-scaled-1-980x438.jpg,uploads/sites/2/2025/11/helping-each-other-scaled-1-980x438.jpg,42943,a17d2371e78f15adb27d9a778c28310bf4123228a00568bfe67b3b4cad334d1a,image/jpeg,,,,
uploads/sites/2/2025/11/96081-150x150.jpg,uploads/sites/2/2025/11/96081-150x150.jpg,6192,5614f4dafb411c8859c0f7db8419b344dfc936a1b689017b349d4328af400be1,image/jpeg,,,,
uploads/sites/2/2025/11/banner-wc-001-e1763484626801-400x284.webp,uploads/sites/2/2025/11/banner-wc-001-e1763484626801-400x284.webp,28108,bce6878a96cef0fa5dc63784ff7637764c93047fdfe8fa57b5ea1d9318488218,image/webp,,,,
uploads/sites/2/2025/11/6914-300x300.jpg,uploads/sites/2/2025/11/6914-300x300.jpg,18071,0303539c43e7d550aabde5fd8153d60413fdd02ce0f6dfd6934efea73255cf46,image/jpeg,,,,
uploads/sites/2/2025/11/Google-Forms-Logo.png,uploads/sites/2/2025/11/Google-Forms-Logo.png,96658,0e09ae2f4a8511399ba1cf2b2d8f3ab35bd0ce2584adf7487baf8aa9e5675561,image/png,,,,
uploads/sites/2/2025/11/2149035698-510x382.jpg,uploads/sites/2/2025/11/2149035698-510x382.jpg,40290,309130ff8ce18279ff6d3c34551639f5e91af8b4ceb059290289aebe393dfbb9,image/jpeg,,,,
uploads/sites/2/2025/11/Google-Forms-Logo-980x245.png,uploads/sites/2/2025/11/Google-Forms-Logo-980x245.png,62794,ea4f3cac87f5ab791713058cb7d91534509f9999cd78a62e8142ee0e36d41bee,image/png,,,,
uploads/sites/2/2025/11/120044-400x284.jpg,uploads/sites/2/2025/11/120044-400x284.jpg,26802,1e61bd93fcd000f28357d465c0b77693a0984273517d34f355323ee1f618c889,image/jpeg,,,,
uploads/sites/2/2025/11/96081-400x250.jpg,uploads/sites/2/2025/11/96081-400x250.jpg,14495,f32e0168f276cf6c6fcc502e1d9415c99ee668ab19f170f2e6dde231ac58ca53,image/jpeg,,,,
uploads/sites/2/2025/11/2733704_12016-600x428.jpg,uploads/sites/2/2025/11/2733704_12016-600x428.jpg,45038,ecfff86a96cc56a31cdbb985d344ad455b34aa7e6969f1c8b2c0a60836b71aa9,image/jpeg,,,,
uploads/sites/2/2025/11/logo-480x120.png,uploads/sites/2/2025/11/logo-480x120.png,28482,3b9d18f90c33ca67cf5d30e929d838b550663fe4ce1eb0f7c1e5e4e86f2d1e5d,image/png,,,,
uploads/sites/2/2025/11/584-768x512.jpg,uploads/sites/2/2025/11/584-768x512.jpg,56407,6535175718e4206c14806944483883147f5e07c1129c640414988acc2a8f6f39,image/jpeg,,,,
uploads/sites/2/2025/11/2733704_12016-2880x1800.jpg,uploads/sites/2/2025/11/2733704_12016-2880x1800.jpg,499057,d841577df56581f1a051d4a7524f482bcd630b74ee90e56c80e746b3b7ba9d19,image/jpeg,,,,
uploads/sites/2/2025/11/people-taking-part-high-protocol-event-400x516.jpg,uploads/sites/2/2025/11/people-taking-part-high-protocol-event-400x516.jpg,25238,42134d1e41946fb50a178ef7d34aac6d3b7a0c0425af7981578f1a86b5495756,image/jpeg,,,,
uploads/sites/2/2025/11/29680-480x274.jpg,uploads/sites/2/2025/11/29680-480x274.jpg,18488,0902897ea533154b0fa759d4d7d9689eeeac959be563e7da92415837150a0002,image/jpeg,,,,
uploads/sites/2/2025/11/helping-each-other-scaled-1-400x250.jpg,uploads/sites/2/2025/11/helping-each-other-scaled-1-400x250.jpg,11308,feb6df74f5c23c33ca4073f929a7574b69b27154f29eebc214034c2b09f6c0d8,image/jpeg,,,,
uploads/sites/2/2025/11/119749-391x260.jpg,uploads/sites/2/2025/11/119749-391x260.jpg,23206,05027cf7d197aa027d2b699d37b848aea5066fa75ed0830f79c421d461e143bd,image/jpeg,,,,
uploads/sites/2/2025/11/6914-391x260.jpg,uploads/sites/2/2025/11/6914-391x260.jpg,20522,4e74ec9f27e7fec5031066178a705ded059d7e0e484b48a73407af8b77873160,image/jpeg,,,,
uploads/sites/2/2025/11/119749-100x100.jpg,uploads/sites/2/2025/11/119749-100x100.jpg,4325,227adc817d6ba151cd4645b0fb55ecf3c80324f0e7e63fad853223472c5d184c,image/jpeg,,,,
uploads/sites/2/2025/11/29376-1024x682.jpg,uploads/sites/2/2025/11/29376-1024x682.jpg,67480,08d27b36e94cff7fd9691f4910ebff0699006d19fe4c8eaac0261182c77e562b,image/jpeg,,,,
uploads/sites/2/2025/11/Google-Forms-Logo-1536x384.png,uploads/sites/2/2025/11/Google-Forms-Logo-1536x384.png,108876,b086cec3e09173c4be881f4fed72104795896fa6b39087e87928b0620c6d5ceb,image/png,,,,
uploads/sites/2/2025/11/banner-wc-001-e1763484626801-150x150.webp,uploads/sites/2/2025/11/banner-wc-001-e1763484626801-150x150.webp,6288,5b387c4e0e8050e44814fd289cde2eda76f63f171ede4009d819f35de04d3aa3,image/webp,,,,
uploads/sites/2/2025/11/Google-Forms-Logo-400x250.png,uploads/sites/2/2025/11/Google-Forms-Logo-400x250.png,21410,d4b3c304e8be2d3b38804d6446d6831c954e725f6542f2b7bd0b158804ba921a,image/png,,,,
uploads/sites/2/2025/11/2148938724-e1763294084270-1536x445.jpg,uploads/sites/2/2025/11/2148938724-e1763294084270-1536x445.jpg,102328,02108c83d384685c006fe600142d21c95a2f6928f89d8028d95eea8936242210,image/jpeg,,,,
uploads/sites/2/2025/11/cropped-favicon-180x180.png,uploads/sites/2/2025/11/cropped-favicon-180x180.png,25068,41859540c2fe0f10b39174a5bf843ecbee006d1fffc811d00502857130adfa62,image/png,,,,
uploads/sites/2/2025/11/Google-Forms-Logo-150x150.png,uploads/sites/2/2025/11/Google-Forms-Logo-150x150.png,7285,4ec36f87b192539d83894b140ceb419c7e7765fee6f2f993427976c27f4d19ec,image/png,,,,
uploads/sites/2/2025/11/Google-Forms-Logo-1080x270.png,uploads/sites/2/2025/11/Google-Forms-Logo-1080x270.png,70063,eacfe24205211013dcd18c1a968b74552a2b5f628ee72876d417dea8f7acc51b,image/png,,,,
uploads/sites/2/2025/11/banner-wc-001-e1763484626801.webp,uploads/sites/2/2025/11/banner-wc-001-e1763484626801.webp,198602,f37beacb12dcc6e550c5e123cf980301c8b64f6c1415a50428518511259a74a0,image/webp,,,,
uploads/sites/2/2025/11/2147770870-e1763292893626-768x178.jpg,uploads/sites/2/2025/11/2147770870-e1763292893626-768x178.jpg,19031,86ab764e65d37974e8ed3a1361cfdec13e479cb502623b99b49c287e5cba0cc8,image/jpeg,,,,
uploads/sites/2/2025/11/143021-e1763291423474-510x382.jpg,uploads/sites/2/2025/11/143021-e1763291423474-510x382.jpg,21764,51af2b3e140042a9b36a5595fec3ae88d4e5a9edd50c4c87b9fd61f7aa61c11b,image/jpeg,,,,
uploads/sites/2/2025/11/559-768x512.jpg,uploads/sites/2/2025/11/559-768x512.jpg,97587,8a286b8922c17dfdb8e86d1527b063b9ce38b26c6006fe4d0dbc832fe273b1c2,image/jpeg,,,,
uploads/sites/2/2025/11/2149758877-100x100.jpg,uploads/sites/2/2025/11/2149758877-100x100.jpg,4209,e42661f93bb1a56db507ac071ea9d5fbab8c9d7bb77d04570ede4be48c916f1b,image/jpeg,,,,
uploads/sites/2/2025/11/2149758877.jpg,uploads/sites/2/2025/11/2149758877.jpg,2350480,5be94cc9f3c9190dfa50f325452f9593f25280c621b8bd17a94155ac30771554,image/jpeg,,,,
uploads/sites/2/2025/11/584-400x250.jpg,uploads/sites/2/2025/11/584-400x250.jpg,21246,a653d4186c0312be175d89321008d9360cf25940cfef97614315e2ef807e4799,image/jpeg,,,,
uploads/sites/2/2025/11/2149758877-480x320.jpg,uploads/sites/2/2025/11/2149758877-480x320.jpg,38961,bd8e9955fa57876b09e11a03d8db6b912621df5cc2aae7bc0bb7c930e5daf4ba,image/jpeg,,,,
uploads/sites/2/2025/11/120044-1280x932.jpg,uploads/sites/2/2025/11/120044-1280x932.jpg,156779,30187602a69feef773a697870c39524e218077a784f92b3aa626bc94a99cfe55,image/jpeg,,,,
uploads/sites/2/2025/11/2151930384-300x150.jpg,uploads/sites/2/2025/11/2151930384-300x150.jpg,13761,8d3c4f3dc28815beb37cd618f1bdfdbece41d6537805f342b3a91eddc8d1f64f,image/jpeg,,,,
uploads/sites/2/2025/11/2148938724-e1763294084270.jpg,uploads/sites/2/2025/11/2148938724-e1763294084270.jpg,191660,485b7998d5aa2f9f66f5dd313ab85d7b7d9a3d2cbae583143943150c54a0a239,image/jpeg,,,,
uploads/sites/2/2025/11/129014-510x382.jpg,uploads/sites/2/2025/11/129014-510x382.jpg,10687,2899e03ba4b6751e702b5b4cb9dc0b05536381dfe69790f783e4fab9882cc75d,image/jpeg,,,,
uploads/sites/2/2025/11/logo-400x250.png,uploads/sites/2/2025/11/logo-400x250.png,14879,be706df1074154ea3f99454344e941e9cc6f7ab9baab76483c751a330b10b483,image/png,,,,
uploads/sites/2/2025/11/banner-wc-001.webp,uploads/sites/2/2025/11/banner-wc-001.webp,144704,19262b45f1a6072f6435c7123daa5f7f5471b584a4a4bbbc2c1d8c14e4ad48b3,image/webp,,,,
uploads/sites/2/2025/11/96081-1024x576.jpg,uploads/sites/2/2025/11/96081-1024x576.jpg,55050,b996b957f9b5ca7955c6726f924a661dc7387cdbdb1795f746679aa1919e3030,image/jpeg,,,,
uploads/sites/2/2025/11/2151930384-400x516.jpg,uploads/sites/2/2025/11/2151930384-400x516.jpg,36805,efb35bd1ac59c1368bf5ad6562c620b56f95034048be7478dbecaf60d717943d,image/jpeg,,,,
uploads/sites/2/2025/11/logo.png,uploads/sites/2/2025/11/logo.png,98720,e060ea3b52588002a2fdde02bb5b1206d2c36febbfebddd484237f8faaf63ad0,image/png,,,,
uploads/sites/2/2025/11/2147770870-e1763292893626-480x111.jpg,uploads/sites/2/2025/11/2147770870-e1763292893626-480x111.jpg,9300,2fa06686afa4680bf698e1117e515295f33a4b700cb981320b3747624edea4ae,image/jpeg,,,,
uploads/sites/2/2025/11/2148101442-1-e1763294562253-150x150.jpg,uploads/sites/2/2025/11/2148101442-1-e1763294562253-150x150.jpg,5554,43a7abb14d388226249b3e8d9874dbd25fde84c08274d2f6642941f763f58193,image/jpeg,,,,
uploads/sites/2/2025/11/2151930388-980x490.jpg,uploads/sites/2/2025/11/2151930388-980x490.jpg,62599,369e712a8d8d4f5b2c233b38a94c220d4507bb74486a722d4af3ba5504f9173d,image/jpeg,,,,
uploads/sites/2/2025/11/banner-wc-001-e1763484626801-980x551.webp,uploads/sites/2/2025/11/banner-wc-001-e1763484626801-980x551.webp,121758,7d3be7799ea978cbf809a90aca1d0de63552a5672234821b934cabf45a49c845,image/webp,,,,
uploads/sites/2/2025/11/banner-wc-001-e1763484626801-480x270.webp,uploads/sites/2/2025/11/banner-wc-001-e1763484626801-480x270.webp,32152,fefb86a1d3da6befd0cf063c90670be48b8cd4e339a543afb991f129979e0f83,image/webp,,,,
uploads/sites/2/2025/11/logo-400x284.png,uploads/sites/2/2025/11/logo-400x284.png,15207,100b505ac6e20f5b3e8c6c3f30c0973b4f2843e62f2013ca5db105e30fcdb4b1,image/png,,,,
uploads/sites/2/2025/11/banner-wc-001-1024x682.webp,uploads/sites/2/2025/11/banner-wc-001-1024x682.webp,123874,eec43ca920b40c39a1ff502080bb77eb5ebadc8e833da70a27d7ec60d74df69c,image/webp,,,,
uploads/sites/2/2025/11/19692-e1763294820786-400x284.jpg,uploads/sites/2/2025/11/19692-e1763294820786-400x284.jpg,9237,aee6ad4d351db373d7975b870efba0bd48b5c1f054a1e9bf7f6c553d5f864984,image/jpeg,,,,
uploads/sites/2/2025/11/2151930388-1080x675.jpg,uploads/sites/2/2025/11/2151930388-1080x675.jpg,85892,a1b37b18e7bb78809773dadbab9ce87f7622c4226f84136f8ec9f6e1d3e05b15,image/jpeg,,,,
uploads/sites/2/2025/11/96081-1080x608.jpg,uploads/sites/2/2025/11/96081-1080x608.jpg,60314,f8b2c0e08561151da0601dffe8e0921cdf626a86b41b5367388e2653b38111c3,image/jpeg,,,,
uploads/sites/2/2025/11/584-1280x853.jpg,uploads/sites/2/2025/11/584-1280x853.jpg,123974,04096c3a964a9ee487ec0ca911f4d0419a25522f3e78024091f139455600a1f5,image/jpeg,,,,
uploads/sites/2/2025/11/119749-1280x853.jpg,uploads/sites/2/2025/11/119749-1280x853.jpg,136903,db767ce986ab1b1f8f99fc41249288822b81883a843e5e0609dcf9ff3b5d2843,image/jpeg,,,,
uploads/sites/2/2025/11/143021-e1763291423474-150x150.jpg,uploads/sites/2/2025/11/143021-e1763291423474-150x150.jpg,4041,67ea07e9e615cfa829edcc023b96ba83127762599797f533e7d96721f2a05dff,image/jpeg,,,,
uploads/sites/2/2025/11/2151930384-400x250.jpg,uploads/sites/2/2025/11/2151930384-400x250.jpg,24138,569f778bbc177f6fc45c3c8d488e7cd950f405a78685e474554df14aa3bbed17,image/jpeg,,,,
uploads/sites/2/2025/11/6914-510x382.jpg,uploads/sites/2/2025/11/6914-510x382.jpg,36891,eeec5ca1b18f35d0a9b7c05a19a5bdd0ab5d4c04aba06b99850dd1dbd4558b5e,image/jpeg,,,,
uploads/sites/2/2025/11/29376-510x382.jpg,uploads/sites/2/2025/11/29376-510x382.jpg,26953,8bfe3ce68283eca68e57f9e97c5787ab820319d6f4b4a6cdfc7ac9181ba555a6,image/jpeg,,,,
uploads/sites/2/2025/11/129014-480x320.jpg,uploads/sites/2/2025/11/129014-480x320.jpg,8897,663ed608e683164bf7a92d919c5c24a8dc52557b5877bcee930d95262e478f58,image/jpeg,,,,
uploads/sites/2/2025/11/2150951473-400x516.jpg,uploads/sites/2/2025/11/2150951473-400x516.jpg,30262,4e4573f84982c4268ef6589fa37f0796135f4dedb87abf7b24c90f65f2de6979,image/jpeg,,,,
uploads/sites/2/2025/11/29680-1280x732.jpg,uploads/sites/2/2025/11/29680-1280x732.jpg,86467,eac0df3311a300879d97bc68dab74616288ecf947e1927952e6a4e97d4bcc011,image/jpeg,,,,
uploads/sites/2/2025/11/6914-1536x1025.jpg,uploads/sites/2/2025/11/6914-1536x1025.jpg,227141,c35c190be21d0a778606a35765067adc378c8000d5a0ed45252f0621990338be,image/jpeg,,,,
uploads/sites/2/2025/11/19692-e1763294820786-400x250.jpg,uploads/sites/2/2025/11/19692-e1763294820786-400x250.jpg,9000,67ea866d69ab1e0baa1764f9902fd851dc962a60227518462e69b149cdcf4acd,image/jpeg,,,,
uploads/sites/2/2025/11/banner-wc-001-400x516.webp,uploads/sites/2/2025/11/banner-wc-001-400x516.webp,41450,5d184791d1c212f7da2642f1781a03ee6c8aab3798aeb00bd23fc50c2f16f424,image/webp,,,,
uploads/sites/2/2025/11/29376.jpg,uploads/sites/2/2025/11/29376.jpg,1166132,94d05aaab42c337ec696935fee116e713102d28392b8007192d33344a31945c8,image/jpeg,,,,
uploads/sites/2/2025/11/96081-768x432.jpg,uploads/sites/2/2025/11/96081-768x432.jpg,33870,c2dd0ecae5d95fbba5c3bd4a2c02ef1dce5b60d22a13f60427481a42f952f1c7,image/jpeg,,,,
uploads/sites/2/2025/11/2150951473.jpg,uploads/sites/2/2025/11/2150951473.jpg,1381592,0bd62de9f2a0aff6f9b4614d3b29dccbaaaf7b6ff4c2bb7edda6e429fe33dddd,image/jpeg,,,,
uploads/sites/2/2025/11/favicon-150x150.png,uploads/sites/2/2025/11/favicon-150x150.png,17766,0737cead2be6b73905288a705eca8e0c775ef8e5e030ee2b94d5d4a6ef44b5cd,image/png,,,,
uploads/sites/2/2025/11/29376-300x200.jpg,uploads/sites/2/2025/11/29376-300x200.jpg,11999,2abdbeeb9fde06d9f606e5f14dc3e1c5ce41a26833741af9d0bcb607a7118f9b,image/jpeg,,,,
uploads/sites/2/2025/11/2147770870-e1763292893626-400x250.jpg,uploads/sites/2/2025/11/2147770870-e1763292893626-400x250.jpg,14110,4a7c8ea5a5576038b4e55bac60f922d8b20798c1bca332ac6b07aea52fb8c582,image/jpeg,,,,
uploads/sites/2/2025/11/6914-100x100.jpg,uploads/sites/2/2025/11/6914-100x100.jpg,2818,2d02f9ed34addb063a52b7ea560894eb3a043f63c1079bc2ab777a205cd79c33,image/jpeg,,,,
uploads/sites/2/2025/11/people-taking-part-high-protocol-event-480x269.jpg,uploads/sites/2/2025/11/people-taking-part-high-protocol-event-480x269.jpg,18295,ce2a0ed7c19dc8b7d42fcb4832548cbf00ea5d14779a089b2c494b66bd56f621,image/jpeg,,,,
uploads/sites/2/2025/11/people-taking-part-high-protocol-event-391x260.jpg,uploads/sites/2/2025/11/people-taking-part-high-protocol-event-391x260.jpg,15732,e6137490e673eef48a0d9412ff2952a2477154c408e0692622de6851b2d43548,image/jpeg,,,,
uploads/sites/2/2025/11/people-taking-part-high-protocol-event-1280x717.jpg,uploads/sites/2/2025/11/people-taking-part-high-protocol-event-1280x717.jpg,75599,63c7368fccbeec57d6da2dd931210a90f60ba2ec3db278a3e392476794eec55d,image/jpeg,,,,
uploads/sites/2/2025/11/123795-1080x721.jpg,uploads/sites/2/2025/11/123795-1080x721.jpg,71587,b927bc91a4c957ae3da3282f6a31b24a411c7db0ec99c60c5d7f1d69e8366606,image/jpeg,,,,
uploads/sites/2/2025/11/2151930388-1080x540.jpg,uploads/sites/2/2025/11/2151930388-1080x540.jpg,72581,3108a003722133206b37ad4c633535739536132ffac5f6253c8c391cca2c00bf,image/jpeg,,,,
uploads/sites/2/2025/11/2148938724-e1763294084270-1280x371.jpg,uploads/sites/2/2025/11/2148938724-e1763294084270-1280x371.jpg,72883,7f0b6597029266ea79e99db2db3c1bc58be3c7e55b840ed60c40ec782f5f7236,image/jpeg,,,,
uploads/sites/2/2025/11/123795-1024x684.jpg,uploads/sites/2/2025/11/123795-1024x684.jpg,65522,60461d6c0565af222abfa08a031ea1b388a3b3d9985656e5fbda7f168531eedd,image/jpeg,,,,
uploads/sites/2/2025/11/29680-510x382.jpg,uploads/sites/2/2025/11/29680-510x382.jpg,26175,b6d51a3418653dfcb619d0ad52233f9381b323917ebbeede5f3f2447fdc75264,image/jpeg,,,,
uploads/sites/2/2025/11/favicon-270x250.png,uploads/sites/2/2025/11/favicon-270x250.png,47073,75ee252ccf10c8bbdac03d2488aa092dd8848cf786da09b782a9d5d35b6d73aa,image/png,,,,
uploads/sites/2/2025/11/helping-each-other-scaled-1-1536x687.jpg,uploads/sites/2/2025/11/helping-each-other-scaled-1-1536x687.jpg,106006,2dc3bfb5b250b932f0d3387e1ba35b27a74e5e873cb8375d650d23f66775b8e4,image/jpeg,,,,
uploads/sites/2/2025/11/2149035698-400x284.jpg,uploads/sites/2/2025/11/2149035698-400x284.jpg,25120,03d07886122e3206f10ec9713a72e6200fe1ec6b5f0aada8ebedccddc61698c3,image/jpeg,,,,
uploads/sites/2/2025/11/19692-e1763294820786-1536x471.jpg,uploads/sites/2/2025/11/19692-e1763294820786-1536x471.jpg,35772,b805a6318aace08a4f4d7afde8b2374ef0bcea2aae57a6557903ed7cca4ae735,image/jpeg,,,,
uploads/sites/2/2025/11/2151930384-980x490.jpg,uploads/sites/2/2025/11/2151930384-980x490.jpg,86712,64fe8acf9c654167a0f5f44bacfe4a20ce834140f5d51158b85e57fc9137838a,image/jpeg,,,,
uploads/sites/2/2025/11/2733704_12016-150x150.jpg,uploads/sites/2/2025/11/2733704_12016-150x150.jpg,7932,70b8a804bdf722be7ba8f888691b771c0e8c4f7a8d20c27a030f69c4724db5b6,image/jpeg,,,,
uploads/sites/2/2025/11/2151930384-480x240.jpg,uploads/sites/2/2025/11/2151930384-480x240.jpg,28047,4fd419daa627f42bbf7f5f70b632708b632c68f7153f7330e5a603e59d7007b2,image/jpeg,,,,
uploads/sites/2/2025/11/2150951473-510x382.jpg,uploads/sites/2/2025/11/2150951473-510x382.jpg,30297,c2b57dec457bd5c3208d34a2de2c6b4c788b8d2cee83b4291c38cc106863eb67,image/jpeg,,,,
uploads/sites/2/2025/11/2150951473-1080x675.jpg,uploads/sites/2/2025/11/2150951473-1080x675.jpg,79487,8ff59b0c66182a4ab3d97c85a39e80fba7d90049d8e5c20f02e16cd2a149a6db,image/jpeg,,,,
uploads/sites/2/2025/11/559-150x150.jpg,uploads/sites/2/2025/11/559-150x150.jpg,7505,7689b049c53ccc5571199a02594d37cc5d11e9c6430f600c36ae39e83ef3698e,image/jpeg,,,,
uploads/sites/2/2025/11/2733704_12016-1280x912.jpg,uploads/sites/2/2025/11/2733704_12016-1280x912.jpg,144858,2e8b5f9e13d1ea9137beb43cce19ca7d6750412acf45d0742a840423498c0872,image/jpeg,,,,
uploads/sites/2/2025/11/2150951473-980x549.jpg,uploads/sites/2/2025/11/2150951473-980x549.jpg,63933,c72f468c2431870ac7eae4bf7b0e9bb264f082b65ed32b5853e178039221c9ea,image/jpeg,,,,
uploads/sites/2/2025/11/2149758877-500x500.jpg,uploads/sites/2/2025/11/2149758877-500x500.jpg,53931,1bc8cce601e629dfbf2d74155a2b9ee1060957763ad4db1f465240df39ec15dc,image/jpeg,,,,
uploads/sites/2/2025/11/123795-510x382.jpg,uploads/sites/2/2025/11/123795-510x382.jpg,26765,badc778c213428b372b4cbf51142d8d8fc3a6ffac843445d4206d407eb32d051,image/jpeg,,,,
uploads/sites/2/2025/11/2148101442-1-e1763294562253-400x250.jpg,uploads/sites/2/2025/11/2148101442-1-e1763294562253-400x250.jpg,17977,27c45b753fa79d26f425441b1f8a4d41ec42c7303463b2536ad986cb6f1273ab,image/jpeg,,,,
uploads/sites/2/2025/11/2151930384-150x150.jpg,uploads/sites/2/2025/11/2151930384-150x150.jpg,6990,04c002ca474b2e1613cdee9e6b1eec42c0732798b82d12cfe6f2db2319c32872,image/jpeg,,,,
uploads/sites/2/2025/11/logo-1024x256.png,uploads/sites/2/2025/11/logo-1024x256.png,86848,1f15785372081d851694ea4a0c473f8de9a097814adb8c712632ceb79e7c2e22,image/png,,,,
uploads/sites/2/2025/11/people-taking-part-high-protocol-event-768x430.jpg,uploads/sites/2/2025/11/people-taking-part-high-protocol-event-768x430.jpg,35572,4db0b0911b1d71faa6baed7f2b16781110a8daf23ac08a85b4cf52d75e9140c2,image/jpeg,,,,
uploads/sites/2/2025/11/2148101442-1-e1763294562253.jpg,uploads/sites/2/2025/11/2148101442-1-e1763294562253.jpg,158603,a8b1bcc07bb9b81e1e2a3253a73c8f9cabb7bbc0b93ad3ecf68b4f3cae388d26,image/jpeg,,,,
uploads/sites/2/2025/11/123795-150x150.jpg,uploads/sites/2/2025/11/123795-150x150.jpg,6339,87a07db4fb337d89726cbaa3e7d3589cde98bab6a7357957b01fca5b783033c1,image/jpeg,,,,
uploads/sites/2/2025/11/2151930388-480x240.jpg,uploads/sites/2/2025/11/2151930388-480x240.jpg,19905,7ae0d7efb521b04c726a6f23dec02f1067aff8b36fecba5f0e1e2eb58b570aa4,image/jpeg,,,,
uploads/sites/2/2025/11/119749-768x512.jpg,uploads/sites/2/2025/11/119749-768x512.jpg,63874,9096d1dcb18574c63b16486672ffe33bdd78b7e797af4adb523995a9dfc3cfcd,image/jpeg,,,,
uploads/sites/2/2025/11/2149035698-300x200.jpg,uploads/sites/2/2025/11/2149035698-300x200.jpg,14518,a8aeb41888054850009b25c909e0dcce8235aa0f8e92ed8dd2d4410c631ee53e,image/jpeg,,,,
uploads/sites/2/2025/11/Google-Forms-Logo-300x75.png,uploads/sites/2/2025/11/Google-Forms-Logo-300x75.png,13638,989450ee877f7ae035794d40004554ba90e89aae73ba3cdce037085df00efb38,image/png,,,,
uploads/sites/2/2025/11/143021-e1763291423474-1080x675.jpg,uploads/sites/2/2025/11/143021-e1763291423474-1080x675.jpg,63893,dd2eb1557daf35c5c2ec2fa7f77334f805a6f686a39b18f835e54cb5d8a36560,image/jpeg,,,,
uploads/sites/2/2025/11/129014-474x324.jpg,uploads/sites/2/2025/11/129014-474x324.jpg,8981,562a24263736514d93e2e3c40c3562cc85f5eb7948a8caf8e304b588f95fd1da,image/jpeg,,,,
uploads/sites/2/2025/11/2148101442-1-e1763294562253-510x382.jpg,uploads/sites/2/2025/11/2148101442-1-e1763294562253-510x382.jpg,29808,821e168c3f5dbf8a9e6f6acd28604cfd184f68f138c18ad72cf25096ef90b333,image/jpeg,,,,
uploads/sites/2/2025/11/2148101442-1-e1763294562253-1080x346.jpg,uploads/sites/2/2025/11/2148101442-1-e1763294562253-1080x346.jpg,56361,e512dd99df94d5ea35b74da52630b79de01e171cb3285b5b2e7049fa984692a5,image/jpeg,,,,
uploads/sites/2/2025/11/143021-e1763291423474-1536x558.jpg,uploads/sites/2/2025/11/143021-e1763291423474-1536x558.jpg,71432,bfa6f02c28d70d7da947dba0a04d62cc9e73cd8f3d026fe5bc6ba8c9f422b52b,image/jpeg,,,,
uploads/sites/2/2025/11/119749-1080x675.jpg,uploads/sites/2/2025/11/119749-1080x675.jpg,102095,3d72b112bada0cc2a8b6f33bd6f36b2e0ce56a1f218e8dad9c169f0a64618d07,image/jpeg,,,,
uploads/sites/2/2025/11/129014-100x100.jpg,uploads/sites/2/2025/11/129014-100x100.jpg,1839,46f8818dd06f12788f44cf8ea32b7e45291924db6a01db64ce5729f77bc4d4be,image/jpeg,,,,
uploads/sites/2/2025/11/2149758877-391x260.jpg,uploads/sites/2/2025/11/2149758877-391x260.jpg,27752,464ef3af04a2ce753f1dc1afbecb550b0d74b3494a2823d46928611288cff6e1,image/jpeg,,,,
uploads/sites/2/2025/11/119749-1536x1024.jpg,uploads/sites/2/2025/11/119749-1536x1024.jpg,178187,d96b48164cf57c2e2d59b760aa073c9800fbf3e7cec204903d7a9502c97ba776,image/jpeg,,,,
uploads/sites/2/2025/11/120044-600x437.jpg,uploads/sites/2/2025/11/120044-600x437.jpg,50163,40cf980c26b76f35e42bea7cc9e98653e74509b3c5958456ef4aa4dc20efbc54,image/jpeg,,,,
uploads/sites/2/2025/11/559.jpg,uploads/sites/2/2025/11/559.jpg,1640766,95f07596585d9e24cb09572a1ab8e7ae1f2102450b729a5e70411dde7c9ca94c,image/jpeg,,,,
uploads/sites/2/2025/11/Google-Forms-Logo-1080x400.png,uploads/sites/2/2025/11/Google-Forms-Logo-1080x400.png,49436,3677fb6434cf600368721bcb9dfa631825d7a49804c78b279dd9f1ea92623e01,image/png,,,,
uploads/sites/2/2025/11/2150951473-150x150.jpg,uploads/sites/2/2025/11/2150951473-150x150.jpg,6840,0f1d52802fbdfc88165b74533063c75378234600575a7e544f4c782317a31a66,image/jpeg,,,,
uploads/sites/2/2025/11/2151118274-1080x675.jpg,uploads/sites/2/2025/11/2151118274-1080x675.jpg,98485,d71f218bf76b361a0cafdb29562c57bf305b98550d0063d76b7dae1bba74334c,image/jpeg,,,,
uploads/sites/2/2025/11/2149758877-300x400.jpg,uploads/sites/2/2025/11/2149758877-300x400.jpg,27108,c3704c7c0e5c426bec7ad4b9398bb7d78269c37cb8082913e960179e69acc2c5,image/jpeg,,,,
uploads/sites/2/2025/11/2147770870-e1763292893626-150x150.jpg,uploads/sites/2/2025/11/2147770870-e1763292893626-150x150.jpg,4198,995bf0e9433b7fd66161130be8cab423cdb4c68fcc320489f4a048f624f9d7b4,image/jpeg,,,,
uploads/sites/2/2025/11/2151118274-400x250.jpg,uploads/sites/2/2025/11/2151118274-400x250.jpg,20656,6abe533e30ba2670a8de2d4f122ef621c176f7ae6f069749449418d25e22142b,image/jpeg,,,,
uploads/sites/2/2025/11/banner-wc-001-e1763484626801-1080x502.webp,uploads/sites/2/2025/11/banner-wc-001-e1763484626801-1080x502.webp,123110,8bc3a07eae9a16c21e38a5e243927e110864e58cc96e35b2b3c9117c670cf94a,image/webp,,,,
uploads/sites/2/2025/11/Google-Forms-Logo-480x120.png,uploads/sites/2/2025/11/Google-Forms-Logo-480x120.png,24818,3b1e351abea0eb7ced846c0faf74801869dab82dd1db25452ad7a955ae166ecc,image/png,,,,
uploads/sites/2/2025/11/people-taking-part-high-protocol-event-100x100.jpg,uploads/sites/2/2025/11/people-taking-part-high-protocol-event-100x100.jpg,3262,6bb158516dcdf84f4103ef06ad657090bd5c9edc322559b2bdac6ef67b78dc02,image/jpeg,,,,
uploads/sites/2/2025/11/119749-510x382.jpg,uploads/sites/2/2025/11/119749-510x382.jpg,37634,1176375900f4fd6576926708d68c66fae956a274989df3f83618815779e5a252,image/jpeg,,,,
uploads/sites/2/2025/11/2151118274-150x150.jpg,uploads/sites/2/2025/11/2151118274-150x150.jpg,6435,f61b5aab8fa50ae6430faf5ae5c6e7ec2bf330c5b1b488d1caffe836d0408a2b,image/jpeg,,,,
uploads/sites/2/2025/11/119749-1080x720.jpg,uploads/sites/2/2025/11/119749-1080x720.jpg,105620,2c60c69be4c6b3fd5b3e7ea9c30c00dff0ce6d5ff5cfeab0c7f734e7b8afcd70,image/jpeg,,,,
uploads/sites/2/2025/11/2148101442-1-e1763294562253-1024x328.jpg,uploads/sites/2/2025/11/2148101442-1-e1763294562253-1024x328.jpg,51485,b2e0accf6e3cc1f503d7843507b210f7c843ddf5d5adfe2ac99e20058649dd79,image/jpeg,,,,
uploads/sites/2/2025/11/19692-e1763294820786-480x147.jpg,uploads/sites/2/2025/11/19692-e1763294820786-480x147.jpg,7641,9bbac09972e49d08c6fe8e6920b1b8e1e676acd78eac72efd6f525c98c89dcaf,image/jpeg,,,,
uploads/sites/2/2025/11/29376-1536x1024.jpg,uploads/sites/2/2025/11/29376-1536x1024.jpg,123498,9cc158da895d3e211a1e339cd5c9db9fa3d4a367157614e2965af86e82745a48,image/jpeg,,,,
uploads/sites/2/2025/11/29680-980x560.jpg,uploads/sites/2/2025/11/29680-980x560.jpg,56407,e9768f24a32bf29402bed0fb616f3874d6e2c42bf742744d04d2e6ddadaa69a1,image/jpeg,,,,
uploads/sites/2/2025/11/2150951473-300x400.jpg,uploads/sites/2/2025/11/2150951473-300x400.jpg,20870,921996f651be0b8546704436a9f4c9478367cac9d45521d67c0f7e15113ea05c,image/jpeg,,,,
uploads/sites/2/2025/11/143021-e1763291423474-300x109.jpg,uploads/sites/2/2025/11/143021-e1763291423474-300x109.jpg,5771,5cf52c76cb40ad8e05deb9917786fc117786d49e698c2498bebc7e58b3b1614e,image/jpeg,,,,
uploads/sites/2/2025/11/19692-e1763294820786-1080x613.jpg,uploads/sites/2/2025/11/19692-e1763294820786-1080x613.jpg,33456,7c290c0556fb3a10d0f455f911199dcf30b3e347921d3b8eb8323ae35b09c444,image/jpeg,,,,
uploads/sites/2/2025/11/96081-400x284.jpg,uploads/sites/2/2025/11/96081-400x284.jpg,16525,9ae2d4f22678d55a8b5fdbf431757c2bed31741ec06a9acbdce12e76dbc04b4f,image/jpeg,,,,
uploads/sites/2/2025/11/2733704_12016-100x100.jpg,uploads/sites/2/2025/11/2733704_12016-100x100.jpg,4586,63e7f7daeb9df2920e5311f86bea74983244cea1ba1cc64e42ba5152ff86062e,image/jpeg,,,,
uploads/sites/2/2025/11/2151118274-300x300.jpg,uploads/sites/2/2025/11/2151118274-300x300.jpg,19092,bc2c9723598ebaa75756a0e1b9f9fea97ffe7fd9a99fa791e4cad32d156d08de,image/jpeg,,,,
uploads/sites/2/2025/11/2149035698-600x400.jpg,uploads/sites/2/2025/11/2149035698-600x400.jpg,48752,bdf0a40524521e7d6d6b4f21cecc45b438d3334cf2185af771db2aeae3a29428,image/jpeg,,,,
uploads/sites/2/2025/11/120044-1536x1119.jpg,uploads/sites/2/2025/11/120044-1536x1119.jpg,203735,9654830cc162688ad1d938091bd0e90b6cd4bcec64620feb506939ae7f8133f7,image/jpeg,,,,
uploads/sites/2/2025/11/2151930384-400x284.jpg,uploads/sites/2/2025/11/2151930384-400x284.jpg,25876,df378f267c30a12c1d0b6d180762beea8909e429159f865fbc5404d896fdeede,image/jpeg,,,,
uploads/sites/2/2025/11/120044-100x100.jpg,uploads/sites/2/2025/11/120044-100x100.jpg,4441,5728df648ac55a5341fad60af2693eff0e824e9a6a9a0bfb3b6e333508b15b0e,image/jpeg,,,,
uploads/sites/2/2025/11/logo-1080x300.png,uploads/sites/2/2025/11/logo-1080x300.png,80089,b0e4d6e7664512cd0dca820db40cadc365bd9b4b082c286557dca9e924ce826e,image/png,,,,
uploads/sites/2/2025/11/2150951473-400x250.jpg,uploads/sites/2/2025/11/2150951473-400x250.jpg,19649,22c7a716c28549b3693b1c4ba8eea5003f419ba863f5f58dec247d3745d3d146,image/jpeg,,,,
uploads/sites/2/2025/11/19692-e1763294820786-1080x331.jpg,uploads/sites/2/2025/11/19692-e1763294820786-1080x331.jpg,21712,151e58163624e4d6c766031c856eb929fc96fc1bf672e5e812b3ea76ae22c691,image/jpeg,,,,
uploads/sites/2/2025/11/zapper-100x100.png,uploads/sites/2/2025/11/zapper-100x100.png,11978,71faad3e0841bb2dea299b70a5a6ed639bdcde1b4b15bc9a3f88b185402681de,image/png,,,,
uploads/sites/2/2025/11/129014-300x200.jpg,uploads/sites/2/2025/11/129014-300x200.jpg,4679,23b6a59264a44e4147e2df99abbdc56ff59cffb32d0b3cec0aeff576205ae023,image/jpeg,,,,
uploads/sites/2/2025/11/2148938724-e1763294084270-150x150.jpg,uploads/sites/2/2025/11/2148938724-e1763294084270-150x150.jpg,4143,175df53893455c1f2d38132e50c3f07d1394362f4f88118e79b5acfd25a5f09e,image/jpeg,,,,
uploads/sites/2/2025/11/559-300x200.jpg,uploads/sites/2/2025/11/559-300x200.jpg,17720,e62ca09ed731d7d3c483152a3b66487a8d2fdc739bda0bb1130437bb0b040897,image/jpeg,,,,
uploads/sites/2/2025/11/2148101442-1-e1763294562253-768x246.jpg,uploads/sites/2/2025/11/2148101442-1-e1763294562253-768x246.jpg,32141,f9e8250077b507577e737c883c6b83a0b1be643a82fab1f95a2dcf778f63cc49,image/jpeg,,,,
uploads/sites/2/2025/11/559-980x653.jpg,uploads/sites/2/2025/11/559-980x653.jpg,150687,179fd1548c5d1ef1da2fdf2ae00472f34269c45a8672ffa6f19264282d44aa1b,image/jpeg,,,,
uploads/sites/2/2025/11/143021-e1763291423474-400x516.jpg,uploads/sites/2/2025/11/143021-e1763291423474-400x516.jpg,18807,dc484291f7465be7706770509a221c13d54b857551ad1bbccfcce062350ead91,image/jpeg,,,,
uploads/sites/2/2025/11/cropped-favicon-192x192.png,uploads/sites/2/2025/11/cropped-favicon-192x192.png,28001,f96ad99099bb6396439160336a80393d7b58581603254100c5641b4fce37cc23,image/png,,,,
uploads/sites/2/2025/11/120044-474x324.jpg,uploads/sites/2/2025/11/120044-474x324.jpg,33868,012ec63beac947213c0a46c2f776a60175bd0d28e95f85fdc783745a241e81e2,image/jpeg,,,,
uploads/sites/2/2025/11/2149035698-150x150.jpg,uploads/sites/2/2025/11/2149035698-150x150.jpg,6358,231df9b48f3663b9dafe7ccd75217c2979556f6c5bf21e5ef613d9302c5945fe,image/jpeg,,,,
uploads/sites/2/2025/11/banner-wc-001-e1763484626801-768x357.webp,uploads/sites/2/2025/11/banner-wc-001-e1763484626801-768x357.webp,67780,2b5a147ffa355c12fb8ef7e5176527cc584d699af3ea18545d4e983d0fa4e29f,image/webp,,,,
uploads/sites/2/2025/11/cropped-favicon-300x300.png,uploads/sites/2/2025/11/cropped-favicon-300x300.png,60758,b51337ab4a2a193b20a6a7a8d13fa1a76c2ade1d75a400d056123ed820aed1fa,image/png,,,,
uploads/sites/2/2025/11/2151930384-1080x675.jpg,uploads/sites/2/2025/11/2151930384-1080x675.jpg,111919,4592740884f4ca0bf416b462603b85067778455b8f9e1cfe8eb9f7cc72b9f289,image/jpeg,,,,
uploads/sites/2/2025/11/96081-1536x864.jpg,uploads/sites/2/2025/11/96081-1536x864.jpg,112174,fa6f86931818b8a911160e52016d0854a60ec07d74ae02879f07da42a2f6f954,image/jpeg,,,,
uploads/sites/2/2025/11/584-980x653.jpg,uploads/sites/2/2025/11/584-980x653.jpg,81723,42f71540c58b5b22afef51ce9b59ce582299761adb079651e7d1659110e33063,image/jpeg,,,,
uploads/sites/2/2025/11/2148938724-e1763294084270-400x284.jpg,uploads/sites/2/2025/11/2148938724-e1763294084270-400x284.jpg,16215,13fa30f9311fd64088f8e007be2bb49c190490d5bf8a0a316186efaa5ed66455,image/jpeg,,,,
uploads/sites/2/2025/11/6914-768x513.jpg,uploads/sites/2/2025/11/6914-768x513.jpg,70067,33b582cd0cf7bc0f8c38451d3e90667aedfc8f586e4814da2799214385ea55dc,image/jpeg,,,,
uploads/sites/2/2025/11/logo-400x300.png,uploads/sites/2/2025/11/logo-400x300.png,10799,82d5bb09e03d7d973d238c7fa92b027df3fa155e13a28b3a152fbdfcf7179ded,image/png,,,,
uploads/sites/2/2025/11/2151930384.jpg,uploads/sites/2/2025/11/2151930384.jpg,1454018,0ea188deadec4850d2b3e5662e89c6c1e976ae47b58e98bf44f24215d11c6d49,image/jpeg,,,,
uploads/sites/2/2025/11/29376-150x150.jpg,uploads/sites/2/2025/11/29376-150x150.jpg,6005,792353e5f4c0f18b93bab1777084c8a0a6689321133ac4b2243a670327fd0c2f,image/jpeg,,,,
uploads/sites/2/2025/11/2148101442-1-e1763294562253-980x314.jpg,uploads/sites/2/2025/11/2148101442-1-e1763294562253-980x314.jpg,48310,9a53490ae7e82645a56dd2b758cd676c49fb6a345ecf6092fea66d8150b1d8d0,image/jpeg,,,,
uploads/sites/2/2025/11/129014-980x653.jpg,uploads/sites/2/2025/11/129014-980x653.jpg,27735,d5ddaa62f864edf98aef2cf200bbd7e93e5a4bb808ec21bb2b302f5c0887dd52,image/jpeg,,,,
uploads/sites/2/2025/11/123795-1280x854.jpg,uploads/sites/2/2025/11/123795-1280x854.jpg,91616,ae932de0d84568cebd2aebae56dc129a3bfaf0234357e438270fb22ce756b01d,image/jpeg,,,,
uploads/sites/2/2025/11/119749-400x516.jpg,uploads/sites/2/2025/11/119749-400x516.jpg,37241,a0630aba399c6cb10028c0364b324790483336ac8a765fc043397efc0cb2b8bd,image/jpeg,,,,
uploads/sites/2/2025/11/2151118274-100x100.jpg,uploads/sites/2/2025/11/2151118274-100x100.jpg,3651,a71a47b3263857bdbc6c14623871722abb20ee69844f010f87bc1ab4110fe666,image/jpeg,,,,
uploads/sites/2/2025/11/helping-each-other-scaled-1-150x150.jpg,uploads/sites/2/2025/11/helping-each-other-scaled-1-150x150.jpg,3248,98fe356932035cb96e32a29e6594f3b12e9d22341e73660035b7c2de2f5d3645,image/jpeg,,,,
uploads/sites/2/2025/11/banner-wc-001-e1763484626801-510x382.webp,uploads/sites/2/2025/11/banner-wc-001-e1763484626801-510x382.webp,47620,7bd2fff78fb9cf708822dbb5d6d89aef3e740f90607da6b8fe2a8ff37573003a,image/webp,,,,
uploads/sites/2/2025/11/2733704_12016-400x284.jpg,uploads/sites/2/2025/11/2733704_12016-400x284.jpg,24528,7038525dbbbd47ea4998f83d705193b88a494363af03a94343861676e9edf65e,image/jpeg,,,,
uploads/sites/2/2025/11/2151118274-1280x853.jpg,uploads/sites/2/2025/11/2151118274-1280x853.jpg,133366,42c0267ef555aa4d101f7c11fb7fe1d3bd8bb0e1d732ff6ca2b03a2d0c26342a,image/jpeg,,,,
uploads/sites/2/2025/11/2149758877-600x401.jpg,uploads/sites/2/2025/11/2149758877-600x401.jpg,57773,c9f85225f98ed9865c41885d9ff63465f6a997140831efe0a2bbb58c1117d44d,image/jpeg,,,,
uploads/sites/2/2025/11/2149035698-768x512.jpg,uploads/sites/2/2025/11/2149035698-768x512.jpg,75854,e34a8c268c84dc99705f37c19aeac988643eddada7fb6be03d2cc4aad48696ca,image/jpeg,,,,
uploads/sites/2/2025/11/19692-e1763294820786-980x300.jpg,uploads/sites/2/2025/11/19692-e1763294820786-980x300.jpg,18923,d46ec31b75f7c48ee4467e68d80eb259e6a47a1aa81e520809de0b2aac208051,image/jpeg,,,,
uploads/sites/2/2025/11/2151930384-768x384.jpg,uploads/sites/2/2025/11/2151930384-768x384.jpg,58825,1bb1741d24ba56f6688a39fe95c588903eb9a918888731c41e8c8041f24b7328,image/jpeg,,,,
uploads/sites/2/2025/11/119749-300x200.jpg,uploads/sites/2/2025/11/119749-300x200.jpg,15717,b0929218115d2bb92b17a52e39f94d004228e0838c2d5b553abea96d0c5c0721,image/jpeg,,,,
uploads/sites/2/2025/11/120044-768x559.jpg,uploads/sites/2/2025/11/120044-768x559.jpg,72912,2c4be0a22d1346fa7e12ea2dadee63b309ec66f3eac15d9b6d5d3c7d9e8fd441,image/jpeg,,,,
uploads/sites/2/2025/11/6914-480x320.jpg,uploads/sites/2/2025/11/6914-480x320.jpg,29527,43ae8194c68194f3236074c7c15b7627babf4f0a4ad0ee09f5fbf805c85c5de6,image/jpeg,,,,
uploads/sites/2/2025/11/29376-480x320.jpg,uploads/sites/2/2025/11/29376-480x320.jpg,22771,cf8a81dd2d2d4a0b7134572b943fb82d8ed8abbf89f0f90396fb04b45cc29d56,image/jpeg,,,,
uploads/sites/2/2025/11/people-taking-part-high-protocol-event-600x336.jpg,uploads/sites/2/2025/11/people-taking-part-high-protocol-event-600x336.jpg,25023,04ed417ac8d227fe7739777f39bd2cbe2f274181c09dc715529367040e09efe8,image/jpeg,,,,
uploads/sites/2/2025/11/129014-1080x675.jpg,uploads/sites/2/2025/11/129014-1080x675.jpg,32120,f447e2a8fbb4660ef9013308b2fcff3c202d6ba1c96126f60cbecf24c725c3fc,image/jpeg,,,,
uploads/sites/2/2025/11/2151118274-300x400.jpg,uploads/sites/2/2025/11/2151118274-300x400.jpg,22833,af792ee07ebde6ad197fbe24e449ce5c2c27c20126b74a1713ba501cb814c403,image/jpeg,,,,
uploads/sites/2/2025/11/2151118274-1024x682.jpg,uploads/sites/2/2025/11/2151118274-1024x682.jpg,94736,c8d9161bbfa8d70bc3ed82b305039dc5ec3d3c18bd2ab2590e55bf3e74b1681c,image/jpeg,,,,
uploads/sites/2/2025/11/2150951473-1080x605.jpg,uploads/sites/2/2025/11/2150951473-1080x605.jpg,73143,a1c5e58000591699849301c1f07df7ebe54064eb365abeaeb9179ccf14445b31,image/jpeg,,,,
uploads/sites/2/2025/11/2148938724-e1763294084270-1024x297.jpg,uploads/sites/2/2025/11/2148938724-e1763294084270-1024x297.jpg,48031,d9e427c1adef214bfff56e5ead000affe3c6d6d9e7243565a0ca90a6e57fa9c7,image/jpeg,,,,
uploads/sites/2/2025/11/119749-300x300.jpg,uploads/sites/2/2025/11/119749-300x300.jpg,21180,60a2a84e51c76d6d781a8cba8ebce8741bd875d6fcacd4cc74c72f0ccfecade6,image/jpeg,,,,
uploads/sites/2/2025/11/123795-500x500.jpg,uploads/sites/2/2025/11/123795-500x500.jpg,33592,9396675e5b1fba60d7bdd0d333c9d5ab03df0b405220f53ddff3acb0b6fd00d8,image/jpeg,,,,
uploads/sites/2/2025/11/helping-each-other-scaled-1-400x516.jpg,uploads/sites/2/2025/11/helping-each-other-scaled-1-400x516.jpg,23120,8de891d89241c1fbca641cc6200cc1476ae3727d09f1e49919cbf5c6af51e3c9,image/jpeg,,,,
uploads/sites/2/2025/11/banner-wc-001-1080x675.webp,uploads/sites/2/2025/11/banner-wc-001-1080x675.webp,128052,9048b779e757fa51db715736443c1cc9e8286c28039ab063bfd6c0dcb8f5dd53,image/webp,,,,
uploads/sites/2/2025/11/584-1080x720.jpg,uploads/sites/2/2025/11/584-1080x720.jpg,94555,936cca84291bc64908e5b879622b9e1001fb6cb6b44586d731a79723b75340ac,image/jpeg,,,,
uploads/sites/2/2025/11/2151118274-474x324.jpg,uploads/sites/2/2025/11/2151118274-474x324.jpg,28944,cf56d8e6c90bc1b30548efcae450694ed1d0306386d079221fd2febf63adca42,image/jpeg,,,,
uploads/sites/2/2025/11/2733704_12016-scaled.jpg,uploads/sites/2/2025/11/2733704_12016-scaled.jpg,449855,a673ed98e8bba3c5ea9b26a71a7a709603dca8f5aef3a80568cee4b08b3cc84e,image/jpeg,,,,
uploads/sites/2/2025/11/2151930388-400x284.jpg,uploads/sites/2/2025/11/2151930388-400x284.jpg,18979,325212ba0febc0bbae3a08bb4ea799a03617bd8edc19bfe50e545ac074b237ea,image/jpeg,,,,
uploads/sites/2/2025/11/2151930388-510x382.jpg,uploads/sites/2/2025/11/2151930388-510x382.jpg,28775,ced62420b1aced4d2c5f44817257709137e7c68ed319f4f48ce75286ea820560,image/jpeg,,,,
uploads/sites/2/2025/11/120044-1080x675.jpg,uploads/sites/2/2025/11/120044-1080x675.jpg,108893,0582f29c5ec93f0c6db88f9fbfd695909f250ac1da6f229525e77d3425cca134,image/jpeg,,,,
uploads/sites/2/2025/11/143021-e1763291423474.jpg,uploads/sites/2/2025/11/143021-e1763291423474.jpg,123019,4fd6ed2027a1377dbd710f4920dd886ba35b4ba8747c86a2f95682bb7a227253,image/jpeg,,,,
uploads/sites/2/2025/11/120044-500x500.jpg,uploads/sites/2/2025/11/120044-500x500.jpg,47539,ec580c45c43e5b58447ef5ed838dfb93ea5f6acde24fd5d775c03b0442a294da,image/jpeg,,,,
uploads/sites/2/2025/11/people-taking-part-high-protocol-event-980x549.jpg,uploads/sites/2/2025/11/people-taking-part-high-protocol-event-980x549.jpg,51231,ea95b2c708542cbb5fb429604b73c6734b968751b8756f11a8b122ec4d62db17,image/jpeg,,,,
uploads/sites/2/2025/11/2151118274-600x400.jpg,uploads/sites/2/2025/11/2151118274-600x400.jpg,40633,fa4459394a75a883a6de04b67acd533270dfa7fb3b3ecf63b8c2fa90645fb6f9,image/jpeg,,,,
uploads/sites/2/2025/11/2148101442-1-e1763294562253-480x154.jpg,uploads/sites/2/2025/11/2148101442-1-e1763294562253-480x154.jpg,14960,db320ac6d2682120ef8ee8f20d3f03f1179650571683671d4c16d434a4eb605b,image/jpeg,,,,
uploads/sites/2/2025/11/2151118274-510x382.jpg,uploads/sites/2/2025/11/2151118274-510x382.jpg,36182,597de0fe25070c95e636ceb89110352c777bbe372241ccaddeecc698054f0df3,image/jpeg,,,,
uploads/sites/2/2025/11/123795-480x320.jpg,uploads/sites/2/2025/11/123795-480x320.jpg,21729,4a74d48702b45a29cbb4c0eee107661a127bef4f97d5bbd9817b156593ccec71,image/jpeg,,,,
uploads/sites/2/2025/11/2149758877-150x150.jpg,uploads/sites/2/2025/11/2149758877-150x150.jpg,7323,a549468f5c9a7f11fadd6dfe4d6e80fd51551322f2ab81fb651f0d229ebc52b1,image/jpeg,,,,
uploads/sites/2/2025/11/29680-391x260.jpg,uploads/sites/2/2025/11/29680-391x260.jpg,15421,855d63e106fadaa3d00624e05bc056079d5fadc748da3d8bc6434ccbe38531f2,image/jpeg,,,,
uploads/sites/2/2025/11/2147770870-e1763292893626-510x382.jpg,uploads/sites/2/2025/11/2147770870-e1763292893626-510x382.jpg,22252,61147e32a26a6513675b4733b04bdb2e58c15e85ea21319127179ba300c1472a,image/jpeg,,,,
uploads/sites/2/2025/11/cropped-favicon-510x382.png,uploads/sites/2/2025/11/cropped-favicon-510x382.png,103842,bdb1ee46d22524387a901c7b7c31a9c14622e8dc96c59dc3d9880fdc58e7fd0b,image/png,,,,
uploads/sites/2/2025/11/cropped-favicon-270x270.png,uploads/sites/2/2025/11/cropped-favicon-270x270.png,53693,b0beb7b1b9919f718ea2fadd330d44d72d2df6dade52af35473352dff48b3249,image/png,,,,
uploads/sites/2/2025/11/2150951473-500x500.jpg,uploads/sites/2/2025/11/2150951473-500x500.jpg,35937,29e8181ef29667334b95890fa365a645c96a0dd3dd7bcad6df8287b0486aa01b,image/jpeg,,,,
uploads/sites/2/2025/11/584-1024x682.jpg,uploads/sites/2/2025/11/584-1024x682.jpg,87272,0e95d3fbec47a5532c26dcf3d68f0e15eac3864794462c55769c8afd4c01c782,image/jpeg,,,,
uploads/sites/2/2025/11/96081-400x516.jpg,uploads/sites/2/2025/11/96081-400x516.jpg,27905,de102246ef35fc48a55181870e8f43dc3874b3bf5ff424e2dea97452aba3dd39,image/jpeg,,,,
uploads/sites/2/2025/11/2150951473-391x260.jpg,uploads/sites/2/2025/11/2150951473-391x260.jpg,19970,95c916d47eda0a633cf7b9db8a7a03e5d65f63876eefe94ac64b4085213cb020,image/jpeg,,,,
uploads/sites/2/2025/11/2148938724-e1763294084270-980x284.jpg,uploads/sites/2/2025/11/2148938724-e1763294084270-980x284.jpg,44507,a9a59ad692447d55942eaee00550a40fb75f0633e897505c28e6ea877bba9616,image/jpeg,,,,
uploads/sites/2/2025/11/559-1080x675.jpg,uploads/sites/2/2025/11/559-1080x675.jpg,171689,0a5ba451de50a8b8c823cb12b7f6039cd39d10402c8ae25f7be2d2b81e6de648,image/jpeg,,,,
uploads/sites/2/2025/11/2151930388-1280x640.jpg,uploads/sites/2/2025/11/2151930388-1280x640.jpg,94215,317d141d9bb12fd5df674ed874f05ae792ed5c527e5ad93e7bcc8bd9243e8ab5,image/jpeg,,,,
uploads/sites/2/2025/11/2151930388-400x250.jpg,uploads/sites/2/2025/11/2151930388-400x250.jpg,18038,a42447677d791fc47ee0bbf531ae38814323d433dfbb5fb44076e8ae8bb36c02,image/jpeg,,,,
uploads/sites/2/2025/11/2733704_12016-1024x730.jpg,uploads/sites/2/2025/11/2733704_12016-1024x730.jpg,102419,a0e6dd94b3238f9177eb0b76c7f33c9cc2a16818f5a1d2ab8a0851b594d170cf,image/jpeg,,,,
uploads/sites/2/2025/11/123795-600x401.jpg,uploads/sites/2/2025/11/123795-600x401.jpg,30403,55a035830b14907609ebc85b295e554444c1981fbc3ae978576f1aa1fd5bd332,image/jpeg,,,,
uploads/sites/2/2025/11/129014-1080x720.jpg,uploads/sites/2/2025/11/129014-1080x720.jpg,32625,550d45037e513e431d8849ab0fb88c06f7e7b6f8d18a359efb269c55d7912e27,image/jpeg,,,,
uploads/sites/2/2025/11/2733704_12016-1080x675.jpg,uploads/sites/2/2025/11/2733704_12016-1080x675.jpg,103816,063a82c58016b0e1401fbfc124657436ea918fb88cca161ce7bf979983a465d7,image/jpeg,,,,
uploads/sites/2/2025/11/Google-Forms-Logo-400x400.png,uploads/sites/2/2025/11/Google-Forms-Logo-400x400.png,18366,2efd26258e466e47c9a27bc7e213e48f1f78e3518430ec52d0d7f74bf8143257,image/png,,,,
uploads/sites/2/2025/11/2148938724-e1763294084270-400x250.jpg,uploads/sites/2/2025/11/2148938724-e1763294084270-400x250.jpg,14507,fb5233c47f0bf2e36dcd2adf45ffd0c9663818a64d9ce1222f7a0eb533d657b5,image/jpeg,,,,
uploads/sites/2/2025/11/2147770870-e1763292893626-300x69.jpg,uploads/sites/2/2025/11/2147770870-e1763292893626-300x69.jpg,4878,e97be3bb27be60434c2055664a15a37ca76281170d387120ae59a68ed86768df,image/jpeg,,,,
uploads/sites/2/2025/11/2149758877-510x382.jpg,uploads/sites/2/2025/11/2149758877-510x382.jpg,47538,a5f391773b0702821da137fc164682937a3ba52e05f1e13d749b5b65845655e4,image/jpeg,,,,
uploads/sites/2/2025/11/logo-300x75.png,uploads/sites/2/2025/11/logo-300x75.png,14367,1f3da3c13a9840e676716d75da7422ceb851f84b2e9d8aba856a8c5a719c6d84,image/png,,,,
uploads/sites/2/2025/11/2150951473-300x300.jpg,uploads/sites/2/2025/11/2150951473-300x300.jpg,17669,758fc2b03b562c2ff0349a6403276e060733aff1613a77903cf83c40a1f14f09,image/jpeg,,,,
uploads/sites/2/2025/11/123795-400x250.jpg,uploads/sites/2/2025/11/123795-400x250.jpg,16641,e13484e16475b53d71f48c5daf3d73ddcc7443704a9f5847ba49c69cf49a3ab5,image/jpeg,,,,
uploads/sites/2/2025/11/6914.jpg,uploads/sites/2/2025/11/6914.jpg,1809046,b752c7fe5390b18170a21333a8f762da73e283ab48abf4ba0982680d43f02c53,image/jpeg,,,,
uploads/sites/2/2025/11/584-400x284.jpg,uploads/sites/2/2025/11/584-400x284.jpg,23097,d2aea07d6964ef2653c274b1bd04108d12390e7bad15d31886051fccf7388078,image/jpeg,,,,
uploads/sites/2/2025/11/2148938724-e1763294084270-400x516.jpg,uploads/sites/2/2025/11/2148938724-e1763294084270-400x516.jpg,23494,819f25efaae21f08552e4b76712bfe836fd17e6a7116523ab07b722c74ece684,image/jpeg,,,,
uploads/sites/2/2025/11/6914-600x401.jpg,uploads/sites/2/2025/11/6914-600x401.jpg,45478,6c1dd146df54f3c5963d92d03de215a2da3246fce5bcdc80581d54a32a15303a,image/jpeg,,,,
uploads/sites/2/2025/11/helping-each-other-scaled-1-1080x483.jpg,uploads/sites/2/2025/11/helping-each-other-scaled-1-1080x483.jpg,52253,4d251aa938306363cf3782d9a0a32267439162a0422a0b63e73a5674431000a9,image/jpeg,,,,
uploads/sites/2/2025/11/2147770870-e1763292893626-400x463.jpg,uploads/sites/2/2025/11/2147770870-e1763292893626-400x463.jpg,19747,59a71534f69076fd4abe96fd94feb8aec1b440a463b2b9aeed729d57f6aef306,image/jpeg,,,,
uploads/sites/2/2025/11/120044-400x250.jpg,uploads/sites/2/2025/11/120044-400x250.jpg,24272,e95b8188cb272202298530966db88a6aa0181ba9d56277e96e1d4573035624e0,image/jpeg,,,,
uploads/sites/2/2025/11/helping-each-other-scaled-1-1024x458.jpg,uploads/sites/2/2025/11/helping-each-other-scaled-1-1024x458.jpg,47143,52b167996e528f3d8726757c1a34fa9520f4ce36519709049a7ff56e15c7bf9d,image/jpeg,,,,
uploads/sites/2/2025/11/2149758877-768x513.jpg,uploads/sites/2/2025/11/2149758877-768x513.jpg,88350,96c427cd8eb8605835c6604e36e21c149548b8d1be385c21f7f0643dc7a2dc6b,image/jpeg,,,,
uploads/sites/2/2025/11/people-taking-part-high-protocol-event-500x500.jpg,uploads/sites/2/2025/11/people-taking-part-high-protocol-event-500x500.jpg,29423,bf4b0d24e676510e0fed88f807bc8cd07006efc653abd830061fe4a2046ca6e8,image/jpeg,,,,
uploads/sites/2/2025/11/123795-391x260.jpg,uploads/sites/2/2025/11/123795-391x260.jpg,16470,fcd70b3112f7c1293d52bb68bf11497c5474b6de0f4b0df3801b019567a0b1b0,image/jpeg,,,,
uploads/sites/2/2025/11/2149035698-400x516.jpg,uploads/sites/2/2025/11/2149035698-400x516.jpg,40561,c55c28d19df18361920506c027049c1f05ecb354418f9b792273f61bc6b94ee2,image/jpeg,,,,
uploads/sites/2/2025/11/119749-474x324.jpg,uploads/sites/2/2025/11/119749-474x324.jpg,32145,6f5040db42573c9f223ef1924f8af9092172a5e514213a656a683ee2e7281128,image/jpeg,,,,
uploads/sites/2/2025/11/2733704_12016-2048x1459.jpg,uploads/sites/2/2025/11/2733704_12016-2048x1459.jpg,311377,cf35fb6c6e01b1dde9ddb03a80614ed6a7f5aa3fb92fe678e5da285824fa92f2,image/jpeg,,,,
uploads/sites/2/2025/11/96081-1080x675.jpg,uploads/sites/2/2025/11/96081-1080x675.jpg,68591,960727a566294d5dbcee94cf191afbc0cade993ced4e5cfa151da0d165f6ea08,image/jpeg,,,,
uploads/sites/2/2025/11/cropped-favicon-400x250.png,uploads/sites/2/2025/11/cropped-favicon-400x250.png,66044,11aa64e359358dfeee317c9de0ce570adb6279361ad4cb5695bc78fdd341826d,image/png,,,,
uploads/sites/2/2025/11/29376-400x516.jpg,uploads/sites/2/2025/11/29376-400x516.jpg,25557,0e0f6d88b329e5dd7ee4837dbb663e13e647d1eb4ff530fc4df704d4c979c535,image/jpeg,,,,
uploads/sites/2/2025/11/29680-1536x878.jpg,uploads/sites/2/2025/11/29680-1536x878.jpg,115224,eb647844e073f908346cf1ec18f9cfc043092a840a7969d6211365e39c51a62a,image/jpeg,,,,
uploads/sites/2/2025/11/favicon.png,uploads/sites/2/2025/11/favicon.png,48244,f5d430889ce2151b288dcbb7d01eef450ccfe87172684a86f09037000e015741,image/png,,,,
uploads/sites/2/2025/11/banner-wc-001-e1763484626801-1024x476.webp,uploads/sites/2/2025/11/banner-wc-001-e1763484626801-1024x476.webp,113418,e6a3bb04568347073fdc6ca27fb2b91728e0edf367eaf49809f4a3b5cec372ec,image/webp,,,,
uploads/sites/2/2025/11/cropped-favicon-32x32.png,uploads/sites/2/2025/11/cropped-favicon-32x32.png,2193,5307f4b1b2ead2f3560d0ad455a1fa8eb7965fb50c504aee4aea5d7d3b6ef08e,image/png,,,,
uploads/sites/2/2025/11/people-taking-part-high-protocol-event-510x382.jpg,uploads/sites/2/2025/11/people-taking-part-high-protocol-event-510x382.jpg,24530,208c3b023843606504eaf09d1c46a6b9857a7ec41025b8099f63bf6d5b741726,image/jpeg,,,,
uploads/sites/2/2025/11/2149035698-980x653.jpg,uploads/sites/2/2025/11/2149035698-980x653.jpg,118361,d7fea70784fc892f50ef3e8f91b991c8aac4846e1b864e9bc6c2e7311315f12f,image/jpeg,,,,
uploads/sites/2/2025/11/2151930388-300x150.jpg,uploads/sites/2/2025/11/2151930388-300x150.jpg,9390,15fe8c18c15b274a3658b28113023e3bff0061a33f1eb4671e2c42a3d319bd76,image/jpeg,,,,
uploads/sites/2/2025/11/19692-e1763294820786-300x92.jpg,uploads/sites/2/2025/11/19692-e1763294820786-300x92.jpg,4406,f9271bc35b55adade4430247640fb0692f256fee3836a0baedfbb8928a248c5a,image/jpeg,,,,
uploads/sites/2/2025/11/120044-510x382.jpg,uploads/sites/2/2025/11/120044-510x382.jpg,39725,71a8daa50f0d4151d39d8d79920a0b6c77b188eb1b0194c3505c168e0158787a,image/jpeg,,,,
uploads/sites/2/2025/11/helping-each-other-scaled-1-1080x675.jpg,uploads/sites/2/2025/11/helping-each-other-scaled-1-1080x675.jpg,80422,e06929ca55cafd00f2f6f153e36ccf774952e3e1c8ba35b539369c845a2d2681,image/jpeg,,,,
uploads/sites/2/2025/11/2149035698-1536x1024.jpg,uploads/sites/2/2025/11/2149035698-1536x1024.jpg,259139,47aa2c0a37eab31c6046436fa4e5e7b0a72d8dfd6c21a4e037bfb8b28caefed4,image/jpeg,,,,
uploads/sites/2/2025/11/29376-400x250.jpg,uploads/sites/2/2025/11/29376-400x250.jpg,17256,f12b846b21ef94c03a16b57fc0bdcb4148a359640babc6b36ec03deba81b5478,image/jpeg,,,,
uploads/sites/2/2025/11/29376-1080x675.jpg,uploads/sites/2/2025/11/29376-1080x675.jpg,69747,175a1467732a4cef457a91854a78d9837c3963de14da5fd516f5089c5ef4457f,image/jpeg,,,,
uploads/sites/2/2025/11/2147770870-e1763292893626-1536x356.jpg,uploads/sites/2/2025/11/2147770870-e1763292893626-1536x356.jpg,58932,677bca7b9cb05116a133605fd7d641b55f59be4a08e110901b2bd4ce1d330b1e,image/jpeg,,,,
uploads/sites/2/2025/11/people-taking-part-high-protocol-event-1080x605.jpg,uploads/sites/2/2025/11/people-taking-part-high-protocol-event-1080x605.jpg,58623,a410ce8d8f6f565b57550c20f99fc130e101f5879704823fc525f31992b70a0a,image/jpeg,,,,
uploads/sites/2/2025/11/19692-e1763294820786-768x235.jpg,uploads/sites/2/2025/11/19692-e1763294820786-768x235.jpg,13857,f9b08f23f3b757e4e387a6d280934a7e99695de5048a49ff0b804751d6540cb5,image/jpeg,,,,
uploads/sites/2/2025/11/143021-e1763291423474-400x250.jpg,uploads/sites/2/2025/11/143021-e1763291423474-400x250.jpg,12918,c241fcfc4675895589b5edfdc060814867814387cbafbc340ddac37a8c29f725,image/jpeg,,,,
uploads/sites/2/woocommerce-placeholder.webp,uploads/sites/2/woocommerce-placeholder.webp,9892,019e9beec61c9ee5b6009335c7846816452e1e3b420d2bb9e50327681dfade19,image/webp,,,,
uploads/sites/2/woocommerce-placeholder-980x980.webp,uploads/sites/2/woocommerce-placeholder-980x980.webp,5650,484db8a8d1dc7739e7bb62835c8fb22fdda40eb1367e2b434d966856fa6ac865,image/webp,,,,
uploads/sites/2/woocommerce-placeholder-400x250.webp,uploads/sites/2/woocommerce-placeholder-400x250.webp,1778,6aa956b2e8da9e135a0ea9b941873714082949979bf580611fc46ceca2b670e3,image/webp,,,,
uploads/sites/2/woocommerce-placeholder-500x500.webp,uploads/sites/2/woocommerce-placeholder-500x500.webp,2408,071e8190faff78a1122a47d15ffcd1a9a14885e60c7e9d5d097ed859db96c4a5,image/webp,,,,
uploads/sites/2/mec/qr_2a0d134913e38e4929a0cf65bb831328.png,uploads/sites/2/mec/qr_2a0d134913e38e4929a0cf65bb831328.png,398,3a1091da63aaa6a40c34f3f0f8a53c52361eba5cd2a760a120a94cde37eef998,image/png,,,,
uploads/sites/2/woocommerce-placeholder-400x516.webp,uploads/sites/2/woocommerce-placeholder-400x516.webp,2372,5602fdae2210b6f92dab613936356fd75be5ee2887732278fb0d03abe190d13d,image/webp,,,,
uploads/sites/2/woocommerce-placeholder-300x400.webp,uploads/sites/2/woocommerce-placeholder-300x400.webp,1776,8571587f079d82fd28f4486091853ec78cffce86d2f385b56e9b7dadc9b6bfdb,image/webp,,,,
uploads/sites/2/woocommerce-placeholder-480x480.webp,uploads/sites/2/woocommerce-placeholder-480x480.webp,2284,a19a74b330831213d4676facc50758c2125e54f24e9cfb7a114e2b6bc8bc9f3b,image/webp,,,,
uploads/sites/2/woocommerce-placeholder-391x260.webp,uploads/sites/2/woocommerce-placeholder-391x260.webp,1688,bdb40c83630025e8d31b9e92f8cc686b00c13148bf05aacbf2a425efb8f946cd,image/webp,,,,
uploads/sites/2/sb-instagram-feed-images/593584788_787310647693725_1250609722397700380_nthumb.webp,uploads/sites/2/sb-instagram-feed-images/593584788_787310647693725_1250609722397700380_nthumb.webp,7354,a4466bda2c7de706d32ec8ff7a08a5d082cc41d1a75833d4636b633a05ff9555,image/webp,,,,
uploads/sites/2/sb-instagram-feed-images/608630183_812972548460868_7047037920410949525_nthumb.webp,uploads/sites/2/sb-instagram-feed-images/608630183_812972548460868_7047037920410949525_nthumb.webp,7346,73d757fc471cb1a3a6ec8f496208bdc3300d6258eb2679a25af13d0295e46530,image/webp,,,,
uploads/sites/2/sb-instagram-feed-images/608551749_812976318460491_5173290714937949447_nfull.webp,uploads/sites/2/sb-instagram-feed-images/608551749_812976318460491_5173290714937949447_nfull.webp,60412,55ca425078a87b7e31500d724a73a813ee5acab0ecd5bd82b9d9c3dbd683bbba,image/webp,,,,
uploads/sites/2/sb-instagram-feed-images/608551749_812976318460491_5173290714937949447_nthumb.webp,uploads/sites/2/sb-instagram-feed-images/608551749_812976318460491_5173290714937949447_nthumb.webp,7384,f194d04ca47d0b09b04cc68218130da4205b74198f5c791b8dd0aa5e22f714e1,image/webp,,,,
uploads/sites/2/sb-instagram-feed-images/593549474_787313724360084_1948991563762021431_nfull.webp,uploads/sites/2/sb-instagram-feed-images/593549474_787313724360084_1948991563762021431_nfull.webp,61814,cc2d634957829d4c00b2810aeb86223a3308c16f9ce14cd9f89c0c91080ac112,image/webp,,,,
uploads/sites/2/sb-instagram-feed-images/577037379_764608886630568_2911455089428611361_nthumb.webp,uploads/sites/2/sb-instagram-feed-images/577037379_764608886630568_2911455089428611361_nthumb.webp,5672,5b776f41a2464fc02764708115eef31b4dd9fcd7425787e17a34c1aa8454d0fe,image/webp,,,,
uploads/sites/2/sb-instagram-feed-images/593584788_787310647693725_1250609722397700380_nfull.webp,uploads/sites/2/sb-instagram-feed-images/593584788_787310647693725_1250609722397700380_nfull.webp,68488,cc4bbaac55f403bee6432545743e176be63153f3e625a479540634cf87ba7011,image/webp,,,,
uploads/sites/2/sb-instagram-feed-images/608179276_812973985127391_3760769988619696812_nthumb.webp,uploads/sites/2/sb-instagram-feed-images/608179276_812973985127391_3760769988619696812_nthumb.webp,7354,a4466bda2c7de706d32ec8ff7a08a5d082cc41d1a75833d4636b633a05ff9555,image/webp,,,,
uploads/sites/2/sb-instagram-feed-images/593556342_787312141026909_8073462661998577269_nthumb.webp,uploads/sites/2/sb-instagram-feed-images/593556342_787312141026909_8073462661998577269_nthumb.webp,5148,fa6880d3438af08c6e3b569a18101fd72a5085822f08463369a1d292115527f2,image/webp,,,,
uploads/sites/2/sb-instagram-feed-images/597819883_793519487072841_3488067921230909216_nthumb.webp,uploads/sites/2/sb-instagram-feed-images/597819883_793519487072841_3488067921230909216_nthumb.webp,5102,293284836ef5c4688ac19a86eedfddc3a598a6634504efb361a436631490d265,image/webp,,,,
uploads/sites/2/sb-instagram-feed-images/610593146_812973185127471_1692554607536333379_nfull.webp,uploads/sites/2/sb-instagram-feed-images/610593146_812973185127471_1692554607536333379_nfull.webp,24692,020c87b925722e2d8c76d4ef79d53e7a6c3bc6327698103fa17f6901ba136d56,image/webp,,,,
uploads/sites/2/sb-instagram-feed-images/593549133_787309424360514_3372655412900093002_nfull.webp,uploads/sites/2/sb-instagram-feed-images/593549133_787309424360514_3372655412900093002_nfull.webp,51064,1310c9705c74eb8b31a0f53fbc9eea13650ac86c2d8859e2404af68858990ae1,image/webp,,,,
uploads/sites/2/sb-instagram-feed-images/593549474_787313724360084_1948991563762021431_nlow.webp,uploads/sites/2/sb-instagram-feed-images/593549474_787313724360084_1948991563762021431_nlow.webp,20784,80924dc9659fb8a0d8a48691f2c4817eabc83e3fe3d14350384dc1d83708e9fe,image/webp,,,,
uploads/sites/2/sb-instagram-feed-images/608294783_812972181794238_1496276118884282343_nthumb.webp,uploads/sites/2/sb-instagram-feed-images/608294783_812972181794238_1496276118884282343_nthumb.webp,7360,806ffc6ae680693adeb4fbd12926247c4b0c8be1b57fb14533dd5eae23ad2f24,image/webp,,,,
uploads/sites/2/sb-instagram-feed-images/608630183_812972548460868_7047037920410949525_nlow.webp,uploads/sites/2/sb-instagram-feed-images/608630183_812972548460868_7047037920410949525_nlow.webp,21086,7b72a78fa1385fae8b0a6e7dddc231d969de98d695a53b291cabbd8b8ac63eae,image/webp,,,,
uploads/sites/2/sb-instagram-feed-images/593607050_787311104360346_5318491147991651343_nfull.webp,uploads/sites/2/sb-instagram-feed-images/593607050_787311104360346_5318491147991651343_nfull.webp,36934,a8b38e65e17f878b74c127b4bad0507fbeb0a04b885a3ce0ffae3aae8a1c9f37,image/webp,,,,
uploads/sites/2/sb-instagram-feed-images/593613941_787308047693985_3927696901260650123_nlow.webp,uploads/sites/2/sb-instagram-feed-images/593613941_787308047693985_3927696901260650123_nlow.webp,28844,e48ba0118db0d7feec9a46860ab4cd8cba1a61bfc9e57b6fb30b0a7c0a551ef4,image/webp,,,,
uploads/sites/2/sb-instagram-feed-images/597819883_793519487072841_3488067921230909216_nlow.webp,uploads/sites/2/sb-instagram-feed-images/597819883_793519487072841_3488067921230909216_nlow.webp,14800,c70e388dfa9d2d3d597782f48b13221ef87cbf5d7c130e372a31cab9a97f95d0,image/webp,,,,
uploads/sites/2/sb-instagram-feed-images/607834278_812971761794280_6767985579358978702_nlow.webp,uploads/sites/2/sb-instagram-feed-images/607834278_812971761794280_6767985579358978702_nlow.webp,11580,e3a7b2141ef7ece2b95e315189c3a9cd6415b2b407ff609fd2c333ca13a58249,image/webp,,,,
uploads/sites/2/sb-instagram-feed-images/576841506_764608203297303_5722128038555760562_nthumb.webp,uploads/sites/2/sb-instagram-feed-images/576841506_764608203297303_5722128038555760562_nthumb.webp,5634,2a92491e3c670b8203b4d0832e205a6976190b8f1313e93e61c018e5424532c1,image/webp,,,,
uploads/sites/2/sb-instagram-feed-images/610593146_812973185127471_1692554607536333379_nthumb.webp,uploads/sites/2/sb-instagram-feed-images/610593146_812973185127471_1692554607536333379_nthumb.webp,3756,93abb185f6cd4b616637c30ea7b9ef9620f8d5124cd901eceff9e9253fc9791e,image/webp,,,,
uploads/sites/2/sb-instagram-feed-images/593556342_787312141026909_8073462661998577269_nlow.webp,uploads/sites/2/sb-instagram-feed-images/593556342_787312141026909_8073462661998577269_nlow.webp,15070,c2e0b84ac3137b4b67d0e35d784d70eca95d0fa771c46215b67b9901a623c95b,image/webp,,,,
uploads/sites/2/sb-instagram-feed-images/608294783_812972181794238_1496276118884282343_nfull.webp,uploads/sites/2/sb-instagram-feed-images/608294783_812972181794238_1496276118884282343_nfull.webp,69180,f0d8bc10894516149a3f1b0713a956f668a9875c38da6288961989854b2954fb,image/webp,,,,
uploads/sites/2/sb-instagram-feed-images/593556342_787312141026909_8073462661998577269_nfull.webp,uploads/sites/2/sb-instagram-feed-images/593556342_787312141026909_8073462661998577269_nfull.webp,35192,c7224f5a69c3e3cc82ebb2658537015812675ffe19590e03623edcf8bb92a047,image/webp,,,,
uploads/sites/2/sb-instagram-feed-images/593581185_787311581026965_3566903646340898158_nthumb.webp,uploads/sites/2/sb-instagram-feed-images/593581185_787311581026965_3566903646340898158_nthumb.webp,7540,7d44017fed2d54df636a8f8e48778ef19f8ee018e10d29fe61e9ede7dd431efa,image/webp,,,,
uploads/sites/2/sb-instagram-feed-images/610593146_812973185127471_1692554607536333379_nlow.webp,uploads/sites/2/sb-instagram-feed-images/610593146_812973185127471_1692554607536333379_nlow.webp,10272,82827fa66cdfa0e0e1cf4ade2386c3de1d502c40ac09fbff9329783b1ec827d3,image/webp,,,,
uploads/sites/2/sb-instagram-feed-images/594370525_787307521027371_5176399419254150308_nthumb.webp,uploads/sites/2/sb-instagram-feed-images/594370525_787307521027371_5176399419254150308_nthumb.webp,6620,53d63cf4fc98c1157f66cce2019a0effc1e22fc43246c030387c7f36ff75b85a,image/webp,,,,
uploads/sites/2/sb-instagram-feed-images/593738341_787313231026800_834217797732194552_nfull.webp,uploads/sites/2/sb-instagram-feed-images/593738341_787313231026800_834217797732194552_nfull.webp,33948,18ff6a0c83098a7f380bbd262ff11228c319ac366f84eb792fb4aeaed87cb817,image/webp,,,,
uploads/sites/2/sb-instagram-feed-images/608630183_812972548460868_7047037920410949525_nfull.webp,uploads/sites/2/sb-instagram-feed-images/608630183_812972548460868_7047037920410949525_nfull.webp,50980,c45891751844ae9b279a7be12efe90a3543a6b0bb5bbc54f5ca25826cae677aa,image/webp,,,,
uploads/sites/2/sb-instagram-feed-images/577037379_764608886630568_2911455089428611361_nfull.webp,uploads/sites/2/sb-instagram-feed-images/577037379_764608886630568_2911455089428611361_nfull.webp,60950,8e6e2dc5ee1e0aa18e2a10da983fd4f35cbcce129b821932e2bd01ecf964a4f8,image/webp,,,,
uploads/sites/2/sb-instagram-feed-images/593549133_787309424360514_3372655412900093002_nlow.webp,uploads/sites/2/sb-instagram-feed-images/593549133_787309424360514_3372655412900093002_nlow.webp,16930,2933a1f7f6c25089457035c74581b0ebd404178c03fed37e9945ec802591866d,image/webp,,,,
uploads/sites/2/sb-instagram-feed-images/576841506_764608203297303_5722128038555760562_nlow.webp,uploads/sites/2/sb-instagram-feed-images/576841506_764608203297303_5722128038555760562_nlow.webp,15202,3b151b071603edf7abd40640862ca636e79ca1361ef138c2598c2039cb7fd0bd,image/webp,,,,
uploads/sites/2/sb-instagram-feed-images/593549133_787309424360514_3372655412900093002_nthumb.webp,uploads/sites/2/sb-instagram-feed-images/593549133_787309424360514_3372655412900093002_nthumb.webp,4858,66fc2dff1eb7373e5e7d2c5d901333e7759352e972f45c641adef7f56c83c6b2,image/webp,,,,
uploads/sites/2/sb-instagram-feed-images/608179276_812973985127391_3760769988619696812_nlow.webp,uploads/sites/2/sb-instagram-feed-images/608179276_812973985127391_3760769988619696812_nlow.webp,23020,8ec1e745c932f669c3ca7de7a8bcb52994e6a061450af116f593c8d7f577981e,image/webp,,,,
uploads/sites/2/sb-instagram-feed-images/593584788_787310647693725_1250609722397700380_nlow.webp,uploads/sites/2/sb-instagram-feed-images/593584788_787310647693725_1250609722397700380_nlow.webp,23020,8ec1e745c932f669c3ca7de7a8bcb52994e6a061450af116f593c8d7f577981e,image/webp,,,,
uploads/sites/2/sb-instagram-feed-images/592591003_787308517693938_2130517689158270100_nfull.webp,uploads/sites/2/sb-instagram-feed-images/592591003_787308517693938_2130517689158270100_nfull.webp,32138,313dacf24208c617849c596b1a8bc3296296d0bb56b60ac947495325cd1e3a9c,image/webp,,,,
uploads/sites/2/sb-instagram-feed-images/593581185_787311581026965_3566903646340898158_nfull.webp,uploads/sites/2/sb-instagram-feed-images/593581185_787311581026965_3566903646340898158_nfull.webp,86472,8d83d8591fceed9b3bd89028039961af93fec515951aeeaf660e0316b6f0e26d,image/webp,,,,
uploads/sites/2/sb-instagram-feed-images/593738341_787313231026800_834217797732194552_nlow.webp,uploads/sites/2/sb-instagram-feed-images/593738341_787313231026800_834217797732194552_nlow.webp,15202,3b151b071603edf7abd40640862ca636e79ca1361ef138c2598c2039cb7fd0bd,image/webp,,,,
uploads/sites/2/sb-instagram-feed-images/592591003_787308517693938_2130517689158270100_nthumb.webp,uploads/sites/2/sb-instagram-feed-images/592591003_787308517693938_2130517689158270100_nthumb.webp,4630,0638c2bb9bc970bf3be79c4936fbbfabe8bc388270131f7ca17b553fa13b124c,image/webp,,,,
uploads/sites/2/sb-instagram-feed-images/608551749_812976318460491_5173290714937949447_nlow.webp,uploads/sites/2/sb-instagram-feed-images/608551749_812976318460491_5173290714937949447_nlow.webp,22844,d01ebd10beb728abe961045a258cf8fea6cdd450018a6249d0adf8f1f370e284,image/webp,,,,
uploads/sites/2/sb-instagram-feed-images/608891289_812973615127428_1289378813644017485_nfull.webp,uploads/sites/2/sb-instagram-feed-images/608891289_812973615127428_1289378813644017485_nfull.webp,65812,1df8ae5a81c91a49cf46adef7ccc67c43ed7777c2c6232ccef70de7187fc53c8,image/webp,,,,
uploads/sites/2/sb-instagram-feed-images/608294783_812972181794238_1496276118884282343_nlow.webp,uploads/sites/2/sb-instagram-feed-images/608294783_812972181794238_1496276118884282343_nlow.webp,26686,c67cbca9179fe5c91bb272b9c6a4ab26845b93786a3c76864b5f366490b19272,image/webp,,,,
uploads/sites/2/sb-instagram-feed-images/593613941_787308047693985_3927696901260650123_nthumb.webp,uploads/sites/2/sb-instagram-feed-images/593613941_787308047693985_3927696901260650123_nthumb.webp,8122,5c913ca4aba5460a7ea9615c42dc2b282b8b3fbd45c1823275eb1197221ad4b3,image/webp,,,,
uploads/sites/2/sb-instagram-feed-images/594370525_787307521027371_5176399419254150308_nlow.webp,uploads/sites/2/sb-instagram-feed-images/594370525_787307521027371_5176399419254150308_nlow.webp,22520,aed281df116b2b27e5f1791c1d7b186ea06bc219512de02a805c33e4e525843e,image/webp,,,,
uploads/sites/2/sb-instagram-feed-images/608943319_812975698460553_3105975572325333987_nfull.webp,uploads/sites/2/sb-instagram-feed-images/608943319_812975698460553_3105975572325333987_nfull.webp,117450,ad26ac2398bfe9dd15a803e683a317733085c4a4c997ff1ea3e47703db8ae847,image/webp,,,,
uploads/sites/2/sb-instagram-feed-images/594370525_787307521027371_5176399419254150308_nfull.webp,uploads/sites/2/sb-instagram-feed-images/594370525_787307521027371_5176399419254150308_nfull.webp,60252,9794e241b051ea51eb7c6ad7fee6b9520364c40272661207b1a60fee5b01ce62,image/webp,,,,
uploads/sites/2/sb-instagram-feed-images/607834278_812971761794280_6767985579358978702_nthumb.webp,uploads/sites/2/sb-instagram-feed-images/607834278_812971761794280_6767985579358978702_nthumb.webp,3340,b0c2282a8dfd579cea4059ea6b882c43c5611df6cb59b4d3ec28926565d80772,image/webp,,,,
uploads/sites/2/sb-instagram-feed-images/608943319_812975698460553_3105975572325333987_nthumb.webp,uploads/sites/2/sb-instagram-feed-images/608943319_812975698460553_3105975572325333987_nthumb.webp,10328,5ed3f87d82dba6765dd0af864ad9e6e134ac99d4dcdbdbe51b0242761e74ed35,image/webp,,,,
uploads/sites/2/sb-instagram-feed-images/607834278_812971761794280_6767985579358978702_nfull.webp,uploads/sites/2/sb-instagram-feed-images/607834278_812971761794280_6767985579358978702_nfull.webp,34938,921b63a57d7fe345073748b2ba5d6cbac09725e0179a4486a09b9f0d5cc04ec0,image/webp,,,,
uploads/sites/2/sb-instagram-feed-images/593549474_787313724360084_1948991563762021431_nthumb.webp,uploads/sites/2/sb-instagram-feed-images/593549474_787313724360084_1948991563762021431_nthumb.webp,5244,c7885f6e51147d10f878722ef7b2b9f67c2f7745f704b613ca602a671b80ccf4,image/webp,,,,
uploads/sites/2/sb-instagram-feed-images/593613941_787308047693985_3927696901260650123_nfull.webp,uploads/sites/2/sb-instagram-feed-images/593613941_787308047693985_3927696901260650123_nfull.webp,78744,664f41afc5444f5f22680b0de16adec3eec6313826d924154ae92847cfba151a,image/webp,,,,
uploads/sites/2/sb-instagram-feed-images/576841506_764608203297303_5722128038555760562_nfull.webp,uploads/sites/2/sb-instagram-feed-images/576841506_764608203297303_5722128038555760562_nfull.webp,33948,18ff6a0c83098a7f380bbd262ff11228c319ac366f84eb792fb4aeaed87cb817,image/webp,,,,
uploads/sites/2/sb-instagram-feed-images/592591003_787308517693938_2130517689158270100_nlow.webp,uploads/sites/2/sb-instagram-feed-images/592591003_787308517693938_2130517689158270100_nlow.webp,12956,6e05b3884cfb3378688813938aae084c65467e0345639ef7c0793231957fc664,image/webp,,,,
uploads/sites/2/sb-instagram-feed-images/608891289_812973615127428_1289378813644017485_nthumb.webp,uploads/sites/2/sb-instagram-feed-images/608891289_812973615127428_1289378813644017485_nthumb.webp,9072,a8730cb6dadc1128e46a423b0bc44eb1a6b3d7d0e0390f23374ef228db205f6d,image/webp,,,,
uploads/sites/2/sb-instagram-feed-images/593607050_787311104360346_5318491147991651343_nthumb.webp,uploads/sites/2/sb-instagram-feed-images/593607050_787311104360346_5318491147991651343_nthumb.webp,6238,4ba50ba97aa0b07d83da0e6a74642c0f45507747bae2cdf85f16a99be99806bb,image/webp,,,,
uploads/sites/2/sb-instagram-feed-images/608179276_812973985127391_3760769988619696812_nfull.webp,uploads/sites/2/sb-instagram-feed-images/608179276_812973985127391_3760769988619696812_nfull.webp,68488,cc4bbaac55f403bee6432545743e176be63153f3e625a479540634cf87ba7011,image/webp,,,,
uploads/sites/2/sb-instagram-feed-images/597819883_793519487072841_3488067921230909216_nfull.webp,uploads/sites/2/sb-instagram-feed-images/597819883_793519487072841_3488067921230909216_nfull.webp,40118,1e1804d8068ea6cd14ddd67c85a747c105006be00a5a3e31e2476208abb5c82c,image/webp,,,,
uploads/sites/2/sb-instagram-feed-images/593738341_787313231026800_834217797732194552_nthumb.webp,uploads/sites/2/sb-instagram-feed-images/593738341_787313231026800_834217797732194552_nthumb.webp,5634,2a92491e3c670b8203b4d0832e205a6976190b8f1313e93e61c018e5424532c1,image/webp,,,,
uploads/sites/2/sb-instagram-feed-images/593607050_787311104360346_5318491147991651343_nlow.webp,uploads/sites/2/sb-instagram-feed-images/593607050_787311104360346_5318491147991651343_nlow.webp,16742,b9a721fa21be7665ccd133db52cca02d4e1b4a45ffa61e24efef5f7b476151d3,image/webp,,,,
uploads/sites/2/sb-instagram-feed-images/577037379_764608886630568_2911455089428611361_nlow.webp,uploads/sites/2/sb-instagram-feed-images/577037379_764608886630568_2911455089428611361_nlow.webp,19048,952a8e09a8556e434e48fb065e3a91b47f10f639c572a18cfe82108eeb4335b0,image/webp,,,,
uploads/sites/2/sb-instagram-feed-images/narcoticsanonymouscapetown.webp,uploads/sites/2/sb-instagram-feed-images/narcoticsanonymouscapetown.webp,7424,5867ef2ff8026dfbfa26e416b072252270fe79dfff9596d797ce4d8121c5e9ec,image/webp,,,,
uploads/sites/2/sb-instagram-feed-images/593581185_787311581026965_3566903646340898158_nlow.webp,uploads/sites/2/sb-instagram-feed-images/593581185_787311581026965_3566903646340898158_nlow.webp,26804,9bb58456555d2c6bec62df21f8953b803e0eadfe567f1cb41c3bda9c51a43968,image/webp,,,,
uploads/sites/2/sb-instagram-feed-images/608943319_812975698460553_3105975572325333987_nlow.webp,uploads/sites/2/sb-instagram-feed-images/608943319_812975698460553_3105975572325333987_nlow.webp,39308,05f760ffcd8b897ef283552a611240966cb41b6993993649908e404fa1217d86,image/webp,,,,
uploads/sites/2/sb-instagram-feed-images/608891289_812973615127428_1289378813644017485_nlow.webp,uploads/sites/2/sb-instagram-feed-images/608891289_812973615127428_1289378813644017485_nlow.webp,27774,78376f8ef7f7082b8af580eb47516442e1d398c45aeedfddc9cb106f94d894e7,image/webp,,,,
uploads/sites/5/2025/11/zapper-150x150.png,uploads/sites/5/2025/11/zapper-150x150.png,19183,2cc608d5a7008b752f9e37ec904b808ad58a7934b2f1ca97d5b5903dce179b1b,image/png,,,,
uploads/sites/5/2025/11/29376-1280x853.jpg,uploads/sites/5/2025/11/29376-1280x853.jpg,93942,685caeb713d62dc638531ee9e252aa99bafbcac688b2a565dc9eeff9e970eaf1,image/jpeg,,,,
uploads/sites/5/2025/11/helping-each-other-scaled-1-480x215.jpg,uploads/sites/5/2025/11/helping-each-other-scaled-1-480x215.jpg,11265,96158d315c27f94b4a278677ea8baf4b5b2eaa9f077e5e47801d0e2bfac1988f,image/jpeg,,,,
uploads/sites/5/2025/11/2733704_12016-scaled-1.jpg,uploads/sites/5/2025/11/2733704_12016-scaled-1.jpg,449855,a673ed98e8bba3c5ea9b26a71a7a709603dca8f5aef3a80568cee4b08b3cc84e,image/jpeg,,,,
uploads/sites/5/2025/11/29680-1080x675.jpg,uploads/sites/5/2025/11/29680-1080x675.jpg,72307,b881de4e4b8a2f4f512c0862f2d0139731aa791d0affb3011c6767cccecf4681,image/jpeg,,,,
uploads/sites/5/2025/11/120044.jpg,uploads/sites/5/2025/11/120044.jpg,1580502,b5cd0535e771cc3c5391f80bfbfbacf776874c039cdbf2adee87127b62133185,image/jpeg,,,,
uploads/sites/5/2025/11/96081-474x324.jpg,uploads/sites/5/2025/11/96081-474x324.jpg,20365,da3ac407f4cb361d5552ed1b4f0e94423c5292ceeea33a33ae788d695ccb05ed,image/jpeg,,,,
uploads/sites/5/2025/11/home-banner-500x500.jpg,uploads/sites/5/2025/11/home-banner-500x500.jpg,66011,9b00375558d108190814c5e2b6450b78b3b13074c4a06a4f53aa190a211489f0,image/jpeg,,,,
uploads/sites/5/2025/11/29680-150x150.jpg,uploads/sites/5/2025/11/29680-150x150.jpg,4965,041849bc38364118411b2173ff34feb6ea7bb8aece47e9f9505201af13feb490,image/jpeg,,,,
uploads/sites/5/2025/11/120044-300x219.jpg,uploads/sites/5/2025/11/120044-300x219.jpg,17598,c542d1a7d4b03fce6b943c4984a25c64faa48593ba84c86a8f1f2d02e3750a96,image/jpeg,,,,
uploads/sites/5/2025/11/123795-474x324.jpg,uploads/sites/5/2025/11/123795-474x324.jpg,22291,705c88c7b0e214210bec4b0a45c4fce1405cb161896ebee70f38b600b85227d2,image/jpeg,,,,
uploads/sites/5/2025/11/584.jpg,uploads/sites/5/2025/11/584.jpg,1174390,811e4790e81520fc1b5394026d8d3a814090af9a72b1d3d75bca2d995c250bb0,image/jpeg,,,,
uploads/sites/5/2025/11/123795-768x513.jpg,uploads/sites/5/2025/11/123795-768x513.jpg,43047,1f96db5a21c08cf1a3ac1824a9cff961def32096f4dbae24df08095e92093249,image/jpeg,,,,
uploads/sites/5/2025/11/123795-400x284.jpg,uploads/sites/5/2025/11/123795-400x284.jpg,18031,203eddeec8f1da86d4163326826bbf9fe9deee2098e86b56a257043ef836e79c,image/jpeg,,,,
uploads/sites/5/2025/11/96081-500x500.jpg,uploads/sites/5/2025/11/96081-500x500.jpg,32528,94c2ef6de11d506b6303612715588d7de1caba503dd285e7d0592a1bf3dbb01c,image/jpeg,,,,
uploads/sites/5/2025/11/2150951473-1280x717.jpg,uploads/sites/5/2025/11/2150951473-1280x717.jpg,92948,35a7989b49921ef74a260e0a66b09410102fffed7b039111238e096733fa367d,image/jpeg,,,,
uploads/sites/5/2025/11/na-safety-510x382.jpg,uploads/sites/5/2025/11/na-safety-510x382.jpg,67296,e108aac1e12569404e92b2221e258b3fd61ddc4667c52cd5343566d09fc83688,image/jpeg,,,,
uploads/sites/5/2025/11/29680-768x439.jpg,uploads/sites/5/2025/11/29680-768x439.jpg,38404,c6819945648f71e645154641892bd0e4f22a5f1c7c4f8c63dd96cbd6f9054925,image/jpeg,,,,
uploads/sites/5/2025/11/zapper.png,uploads/sites/5/2025/11/zapper.png,17587,8874197e3371b0db1e36140d727897d673ca7af9077a32f0839bdfad922592b2,image/png,,,,
uploads/sites/5/2025/11/129014-400x516.jpg,uploads/sites/5/2025/11/129014-400x516.jpg,12384,6fd35a4cfe571644563049d42925ff2c93f61de9b6546e622f4fe0b6c2ee30a4,image/jpeg,,,,
uploads/sites/5/2025/11/2151118274-400x516.jpg,uploads/sites/5/2025/11/2151118274-400x516.jpg,34611,bc0a6c3ab2322d9b32f25d2d8d194caf270648fea669519380e357d8723b6886,image/jpeg,,,,
uploads/sites/5/2025/11/584-300x300.jpg,uploads/sites/5/2025/11/584-300x300.jpg,19608,de9c74430b0cd470c7fdc52c32c2fc7dc6345cdbd60aeeaf7ebb9335555d70d4,image/jpeg,,,,
uploads/sites/5/2025/11/584-300x200.jpg,uploads/sites/5/2025/11/584-300x200.jpg,14469,aab28945a61fa19e076a3b5a32c99ecca8701390e5bb9a061d544d0d96da1c46,image/jpeg,,,,
uploads/sites/5/2025/11/7173-474x324.jpg,uploads/sites/5/2025/11/7173-474x324.jpg,9594,051b1648bfbde1ffbedca629032299b1c83aac678132a8b1ca6bc2b0f45ed3d0,image/jpeg,,,,
uploads/sites/5/2025/11/banner-wc-001-e1763484626801-400x516.webp,uploads/sites/5/2025/11/banner-wc-001-e1763484626801-400x516.webp,48834,77046704cd7ca52dc24991bef81e1f59deac32b299da6981518dadf40e7068c4,image/webp,,,,
uploads/sites/5/2025/11/2151118274-768x512.jpg,uploads/sites/5/2025/11/2151118274-768x512.jpg,60122,8206b075cfdcfb714ce90bdc0cc832a6e12cf44ccd7d47ca41465c9ef0d3ef95,image/jpeg,,,,
uploads/sites/5/2025/11/123795-300x200.jpg,uploads/sites/5/2025/11/123795-300x200.jpg,11237,c922eea6803d0f82bcfd645e98f12334bc9127c0f9b5c1b561438eb620f9ab71,image/jpeg,,,,
uploads/sites/5/2025/11/129014-1024x682.jpg,uploads/sites/5/2025/11/129014-1024x682.jpg,29745,fc0bb0778941a5f5e22fc0caaa4f2d9b286084d1de820e203dfe8410dfd9934b,image/jpeg,,,,
uploads/sites/5/2025/11/2150951473-474x324.jpg,uploads/sites/5/2025/11/2150951473-474x324.jpg,26394,f3bb3cebd4ff0abf4ada26c32aad1819d39c89c20cb3ed83c9920f1779594c0a,image/jpeg,,,,
uploads/sites/5/2025/11/7173-400x250.jpg,uploads/sites/5/2025/11/7173-400x250.jpg,7176,49f0122ae6d69f1c2e8114d0b3203326d43ab21c7806907dfbdf929112113371,image/jpeg,,,,
uploads/sites/5/2025/11/129014-400x250.jpg,uploads/sites/5/2025/11/129014-400x250.jpg,6768,c98b313b7f5eae9758552c743f00b3cb70445b26338abc49c92b57e9bb4e3418,image/jpeg,,,,
uploads/sites/5/2025/11/123795.jpg,uploads/sites/5/2025/11/123795.jpg,1028069,372d28dc7a82aed9e7330555e2957572d868127d20b858808169ea9cbc1348d0,image/jpeg,,,,
uploads/sites/5/2025/11/29376-1080x720.jpg,uploads/sites/5/2025/11/29376-1080x720.jpg,72749,1405275e3de6b937f29197d2ba49a1e00eea576963fb8437d7c9059535bf0b0e,image/jpeg,,,,
uploads/sites/5/2025/11/96081-980x551.jpg,uploads/sites/5/2025/11/96081-980x551.jpg,51272,343026743b3ba90b10495d27f12fb26218062f5bf304f14ca6959ef18f8f67ee,image/jpeg,,,,
uploads/sites/5/2025/11/helping-each-other-scaled-1-1280x573.jpg,uploads/sites/5/2025/11/helping-each-other-scaled-1-1280x573.jpg,72401,e75617473b0ddf49429d2ea1788d7707ac11f842cc7136ca5f349108bd59f6e9,image/jpeg,,,,
uploads/sites/5/2025/11/120044-391x260.jpg,uploads/sites/5/2025/11/120044-391x260.jpg,24475,55469b041bf02e4eb09f49f274d2f8b8bf6f514a9af152d0bac86b0ce6c924b3,image/jpeg,,,,
uploads/sites/5/2025/11/2733704_12016-scaled-1-2560x1800.jpg,uploads/sites/5/2025/11/2733704_12016-scaled-1-2560x1800.jpg,456893,31eef9e27990a3a6b54b18b65844ce6da5a810463b446a67386fcef23d42e7d2,image/jpeg,,,,
uploads/sites/5/2025/11/home-banner.jpg,uploads/sites/5/2025/11/home-banner.jpg,456198,dcc28df33435b94728d524ce1818f9d8b2b7cd2bebab8126c539ca593a35f5ed,image/jpeg,,,,
uploads/sites/5/2025/11/123795-1080x675.jpg,uploads/sites/5/2025/11/123795-1080x675.jpg,69242,a907393847efeae26c15aad46bda08179264c34e3992f231782d8e45279a5497,image/jpeg,,,,
uploads/sites/5/2025/11/129014-150x150.jpg,uploads/sites/5/2025/11/129014-150x150.jpg,2731,971b62dda6b2bdd422b3e5dee9b880cc563c11fb991b4076a0b2e000e1f551b1,image/jpeg,,,,
uploads/sites/5/2025/11/2151930388-391x260.jpg,uploads/sites/5/2025/11/2151930388-391x260.jpg,18027,f97ccdf48a8eb3cc9c35ab61159066f202e0b7bfb8209c91cb6a1483aa685b1a,image/jpeg,,,,
uploads/sites/5/2025/11/banner-wc-001-e1763484626801-400x250.webp,uploads/sites/5/2025/11/banner-wc-001-e1763484626801-400x250.webp,24904,853b4f07ceffe7fa1b2f1bb838762a004d30260157f689453967568e74c15912,image/webp,,,,
uploads/sites/5/2025/11/banner-wc-001-e1763484626801-480x223.webp,uploads/sites/5/2025/11/banner-wc-001-e1763484626801-480x223.webp,25634,432c83c17a7a370af3883f06d38fe02e69077fa14a0aa265f5ce0d1091e1237a,image/webp,,,,
uploads/sites/5/2025/11/logo-768x192.png,uploads/sites/5/2025/11/logo-768x192.png,56607,9f065618e9582e901534ef2dbd5a078ef2068426c5e7bfeb8c64b2e4842d7878,image/png,,,,
uploads/sites/5/2025/11/2147770870-e1763292893626-300x300.jpg,uploads/sites/5/2025/11/2147770870-e1763292893626-300x300.jpg,11493,b9211c58d97d093dfa55f22e6928ed643c703619edf674bd556df569cc8e47ab,image/jpeg,,,,
uploads/sites/5/2025/11/123795-400x516.jpg,uploads/sites/5/2025/11/123795-400x516.jpg,29037,ef9917031f7d1354ab3b048747832644fcea6eb19cd5e6256806e9123ad44643,image/jpeg,,,,
uploads/sites/5/2025/11/123795-300x300.jpg,uploads/sites/5/2025/11/123795-300x300.jpg,16611,670ba7da4f672f75bc500511ac0efc4cfa81fdfe2e0f45b5e49aa139bf2f543c,image/jpeg,,,,
uploads/sites/5/2025/11/2150951473-300x168.jpg,uploads/sites/5/2025/11/2150951473-300x168.jpg,12052,55a89079641d91981e30626dc2d4863801f667bd58739f1a31949ca51353fe63,image/jpeg,,,,
uploads/sites/5/2025/11/home-banner-1080x648.jpg,uploads/sites/5/2025/11/home-banner-1080x648.jpg,158421,c07894de4493f02c24ef1cb544fc7d12e7a3897ab8fbe1b828aa56fd721b8f23,image/jpeg,,,,
uploads/sites/5/2025/11/2147770870-e1763292893626.jpg,uploads/sites/5/2025/11/2147770870-e1763292893626.jpg,96863,c71a509defbafd7a832e856784fa9e21aef61eea6b6ce8b540428269f7c12fb9,image/jpeg,,,,
uploads/sites/5/2025/11/2147770870-e1763292893626-1024x237.jpg,uploads/sites/5/2025/11/2147770870-e1763292893626-1024x237.jpg,29966,6d98d5534b824091854a5cc88a609b6e073ee13754c8b1768ec23f4f1ffbcefe,image/jpeg,,,,
uploads/sites/5/2025/11/2150951473-1024x574.jpg,uploads/sites/5/2025/11/2150951473-1024x574.jpg,67482,c3850b9e7bbcd7efebec857d1bde974cd73a98c211bec522690eead2155277a1,image/jpeg,,,,
uploads/sites/5/2025/11/559-400x250.jpg,uploads/sites/5/2025/11/559-400x250.jpg,29024,bda0ff7a9dbb7cf21522bf9956d07ade7e79455a5c1d14dcad11c913015b232a,image/jpeg,,,,
uploads/sites/5/2025/11/559-510x382.jpg,uploads/sites/5/2025/11/559-510x382.jpg,52186,e12444d039dfa2ff5e596b796ffab3d91d6036b1ea64b78a9e5d245d06886484,image/jpeg,,,,
uploads/sites/5/2025/11/2733704_12016-scaled-1-474x324.jpg,uploads/sites/5/2025/11/2733704_12016-scaled-1-474x324.jpg,30978,540bc007858521bd77ca5494a88912de23776d0e7c3314942a2b56fb9ae5fcd0,image/jpeg,,,,
uploads/sites/5/2025/11/helping-each-other-scaled-1-300x134.jpg,uploads/sites/5/2025/11/helping-each-other-scaled-1-300x134.jpg,5382,233be30068fc7d0b40ec991dce88027f6dbd42cf8088002cbd857b2a5532a233,image/jpeg,,,,
uploads/sites/5/2025/11/29680-300x300.jpg,uploads/sites/5/2025/11/29680-300x300.jpg,14220,22c52b6b759088c46bb5d6fcfd361368884d54f168fac8b4618572290df661dc,image/jpeg,,,,
uploads/sites/5/2025/11/na-safety-400x250.jpg,uploads/sites/5/2025/11/na-safety-400x250.jpg,37834,b064dda94d71aac407c97364e9894cbdd1cc053c557cd1f34b7ea2ed2e21be23,image/jpeg,,,,
uploads/sites/5/2025/11/559-400x284.jpg,uploads/sites/5/2025/11/559-400x284.jpg,31697,9cf96ac4da4960f6d588a70348c67dba314b8dad8e7b16c3de1cbde38894a379,image/jpeg,,,,
uploads/sites/5/2025/11/home-banner-768x461.jpg,uploads/sites/5/2025/11/home-banner-768x461.jpg,89721,a75d60af82c943e96e16256e30862454e18e61eb37f873d113be9da25cd28666,image/jpeg,,,,
uploads/sites/5/2025/11/home-banner-400x250.jpg,uploads/sites/5/2025/11/home-banner-400x250.jpg,29194,0291ba4e2800e37aaa16eb51c745a8379b299d48a527566b671c5927320333d5,image/jpeg,,,,
uploads/sites/5/2025/11/na-safety-904x675.jpg,uploads/sites/5/2025/11/na-safety-904x675.jpg,179786,1bc15a1cebf57bb46a519708e6ea792dacb3bdef4501231eb7e6523cd2e92ba0,image/jpeg,,,,
uploads/sites/5/2025/11/129014-1280x853.jpg,uploads/sites/5/2025/11/129014-1280x853.jpg,43938,bf6a76a821f170636380c26251d66c4f77183b88b9b8b776738f9d204a61bf7a,image/jpeg,,,,
uploads/sites/5/2025/11/2150951473-768x430.jpg,uploads/sites/5/2025/11/2150951473-768x430.jpg,44772,8fa8e44d928d0d58318cf8ff5690d2e095ea657eb75ead58514e65e0bd6c8b1c,image/jpeg,,,,
uploads/sites/5/2025/11/96081-300x169.jpg,uploads/sites/5/2025/11/96081-300x169.jpg,8820,2cda19bb5fc040c3a6b5873a83e3b13ddd19e394280df49536e8930eda8b163d,image/jpeg,,,,
uploads/sites/5/2025/11/559-1536x1024.jpg,uploads/sites/5/2025/11/559-1536x1024.jpg,316550,c4fb313af1e8bd67ac7dc9ff6ce10b8b75972e1f31037b15f9535a24876007e0,image/jpeg,,,,
uploads/sites/5/2025/11/2733704_12016-scaled-1-1080x770.jpg,uploads/sites/5/2025/11/2733704_12016-scaled-1-1080x770.jpg,109868,a0967865597fbf2d58bba0412871e76acb72404f572c23b0f7d3de0f6d56c05d,image/jpeg,,,,
uploads/sites/5/2025/11/2151930388-150x150.jpg,uploads/sites/5/2025/11/2151930388-150x150.jpg,5066,3a7bf071f9b836a2643ea75870d0cad5bd1389bd5b8dbfac853ab45d01c96c34,image/jpeg,,,,
uploads/sites/5/2025/11/2151118274-480x320.jpg,uploads/sites/5/2025/11/2151118274-480x320.jpg,28415,f3d78425d20831dfbb5a93239b5ebde557af5e189bea1d62cba959c0ae896f5a,image/jpeg,,,,
uploads/sites/5/2025/11/96081-480x270.jpg,uploads/sites/5/2025/11/96081-480x270.jpg,16579,b4af8b8fca5ff24f08d424478bb3f177ec58e4c1871e0579d1b4127bb1d14a3b,image/jpeg,,,,
uploads/sites/5/2025/11/na-safety-212x300.jpg,uploads/sites/5/2025/11/na-safety-212x300.jpg,24348,8740cdd33f0e0cf7bb070b1d319dcc573fa07e085fff0a40f5d5e3fedc028187,image/jpeg,,,,
uploads/sites/5/2025/11/96081-510x382.jpg,uploads/sites/5/2025/11/96081-510x382.jpg,24863,8b0ce7752cb93b340e1f3b7307c7729752680caf42eeb2630614e1ee4b87a33f,image/jpeg,,,,
uploads/sites/5/2025/11/2733704_12016-scaled-1-500x500.jpg,uploads/sites/5/2025/11/2733704_12016-scaled-1-500x500.jpg,45994,601b9ef01a1ff6a879ee0914256ce0400b100a5d60e1ce673c3744bc4d9b057d,image/jpeg,,,,
uploads/sites/5/2025/11/2147770870-e1763292893626-1080x250.jpg,uploads/sites/5/2025/11/2147770870-e1763292893626-1080x250.jpg,32806,dd9962a9ef1201d121127484da64f7ef7b854e1f9f6382b26bd214e20b673053,image/jpeg,,,,
uploads/sites/5/2025/11/2151930388.jpg,uploads/sites/5/2025/11/2151930388.jpg,913581,03c0c8e5eadcaecb8ced3e62dc4a49c00e09257e139aee7e680071fe21ecd076,image/jpeg,,,,
uploads/sites/5/2025/11/logo-980x245.png,uploads/sites/5/2025/11/logo-980x245.png,80889,fffe8953c6cbd96ebeb663d60d4ed8ec48bcef072dcacf6746a5b0944029aa55,image/png,,,,
uploads/sites/5/2025/11/29376-400x284.jpg,uploads/sites/5/2025/11/29376-400x284.jpg,18611,e65b5afecead64232eda7c24c72bfa9e49ab3f3af8a317f57d778a9d641f33b5,image/jpeg,,,,
uploads/sites/5/2025/11/banner-wc-001-e1763484626801-980x456.webp,uploads/sites/5/2025/11/banner-wc-001-e1763484626801-980x456.webp,104462,80eb47469c163c496a00929331c47587c59a98a7c2a72dc0b2cad1b45cf86864,image/webp,,,,
uploads/sites/5/2025/11/584-1080x675.jpg,uploads/sites/5/2025/11/584-1080x675.jpg,91861,8b6ed48db893b74b490c857f3b74feedc3f6d447432198a5e0731127c06d0af7,image/jpeg,,,,
uploads/sites/5/2025/11/129014-500x500.jpg,uploads/sites/5/2025/11/129014-500x500.jpg,13688,b6ca95d554150a2ae39f89daa1beabe0c1bbf5df02dacd826311369c6305b489,image/jpeg,,,,
uploads/sites/5/2025/11/584-150x150.jpg,uploads/sites/5/2025/11/584-150x150.jpg,7311,ce807536454d12defd621696ef2793df98b3aa8c4a3299c536715c00ac8cd2f5,image/jpeg,,,,
uploads/sites/5/2025/11/559-1280x853.jpg,uploads/sites/5/2025/11/559-1280x853.jpg,235755,2002fe51adf41926cd67ef5a2104ae79718dc6a34aa941b2bf9a50f150c05355,image/jpeg,,,,
uploads/sites/5/2025/11/129014-300x400.jpg,uploads/sites/5/2025/11/129014-300x400.jpg,8386,cbeca2920fdbfb22057587d149875eebba00c335e1c01bfc5132d8cf68275ac6,image/jpeg,,,,
uploads/sites/5/2025/11/cropped-favicon-150x150.png,uploads/sites/5/2025/11/cropped-favicon-150x150.png,18396,ed256d4aedacccda10a442aa0e71d4b13671976f2360ed9df3d0e32701993105,image/png,,,,
uploads/sites/5/2025/11/559-1024x682.jpg,uploads/sites/5/2025/11/559-1024x682.jpg,161972,e236aaa01406e119990020bf32fb8164595aeebac9cb23ec3cea53666d5c9a77,image/jpeg,,,,
uploads/sites/5/2025/11/home-banner-474x324.jpg,uploads/sites/5/2025/11/home-banner-474x324.jpg,43507,5e97a8ec0a52bd936e74630738bc9e1d89aa607b1f899e32c2b3ccabb0be57b4,image/jpeg,,,,
uploads/sites/5/2025/11/7173-1080x675.jpg,uploads/sites/5/2025/11/7173-1080x675.jpg,30634,0a1343a2d7ea4d1f45e86bd7ac9ca45370367ad4d7aada82f4ac6fa94867cfe1,image/jpeg,,,,
uploads/sites/5/2025/11/logo-150x150.png,uploads/sites/5/2025/11/logo-150x150.png,4322,69a928a87c08761fd2df94bab1d2edcb81b6c85dc86f5eb33a1f77a6720d09d4,image/png,,,,
uploads/sites/5/2025/11/home-banner-1536x922.jpg,uploads/sites/5/2025/11/home-banner-1536x922.jpg,277324,5b1d841850a6fe17439a58c16d91dfdcf202f39add3f621520848c20ab8a87ff,image/jpeg,,,,
uploads/sites/5/2025/11/2147770870-e1763292893626-400x284.jpg,uploads/sites/5/2025/11/2147770870-e1763292893626-400x284.jpg,14919,0f74fe4b3424c64809b53c5caa79c2af667e2bfb84aad32cc40440923c227bf0,image/jpeg,,,,
uploads/sites/5/2025/11/120044-980x714.jpg,uploads/sites/5/2025/11/120044-980x714.jpg,106269,d1e2f0d6f458b477958ee67b31cc7cda31ac4c1805fe7be3667b2e8582e01933,image/jpeg,,,,
uploads/sites/5/2025/11/29680-500x500.jpg,uploads/sites/5/2025/11/29680-500x500.jpg,31793,8d9305141f4ec63a4445ecc3f8450f2f7a9a328ed7898c5171077112133dd12a,image/jpeg,,,,
uploads/sites/5/2025/11/584-1536x1024.jpg,uploads/sites/5/2025/11/584-1536x1024.jpg,165940,88cda2c17afda1fefac3f9d2b5065456ae9decd444fe9cc94bd9bfd9c72ce195,image/jpeg,,,,
uploads/sites/5/2025/11/120044-400x516.jpg,uploads/sites/5/2025/11/120044-400x516.jpg,40110,d183372237e2d1a361d159ba9e4fff636661db40ad977e7cd12bb8131bae5392,image/jpeg,,,,
uploads/sites/5/2025/11/helping-each-other-scaled-1-400x284.jpg,uploads/sites/5/2025/11/helping-each-other-scaled-1-400x284.jpg,12749,2664ce18ce267dff9ba8c533c3dc10ee0e739c19c4d789411dbcd597421de685,image/jpeg,,,,
uploads/sites/5/2025/11/120044-300x300.jpg,uploads/sites/5/2025/11/120044-300x300.jpg,21726,65d0eee52d78adaceb549a29f6703ebb25c425b949b5518575f1b3bab485bc33,image/jpeg,,,,
uploads/sites/5/2025/11/2151930388-400x516.jpg,uploads/sites/5/2025/11/2151930388-400x516.jpg,24188,591ef06d7e90cf84e355cf36b9c2c6d6afe2dc4d418f7de35d1944ea5eebbea1,image/jpeg,,,,
uploads/sites/5/2025/11/143021-e1763291423474-391x260.jpg,uploads/sites/5/2025/11/143021-e1763291423474-391x260.jpg,13121,8bcd8fea65a08abb5e9d8f735f3bed9db400001b7118809d719332fb9a81d993,image/jpeg,,,,
uploads/sites/5/2025/11/2151118274-980x653.jpg,uploads/sites/5/2025/11/2151118274-980x653.jpg,88291,43cd9c68af04c963aa3d52d7a06e8a7a7082f28537b583a25a45cbc3b5543cd8,image/jpeg,,,,
uploads/sites/5/2025/11/na-safety-768x1087.jpg,uploads/sites/5/2025/11/na-safety-768x1087.jpg,211037,809f987387f81e9685837861dc6a21c897641ae66ce9db4eee78d6977490d675,image/jpeg,,,,
uploads/sites/5/2025/11/143021-e1763291423474-1280x465.jpg,uploads/sites/5/2025/11/143021-e1763291423474-1280x465.jpg,53215,b555253e4c60ec0182b76df851cde2ebd998dbc6082910187584dacd1c1c7b48,image/jpeg,,,,
uploads/sites/5/2025/11/129014-1536x1024.jpg,uploads/sites/5/2025/11/129014-1536x1024.jpg,60390,a5c9216ecb3bdba3b6ea6bb34879c5165f4ff1cc0b3e518d3f93419a568a0428,image/jpeg,,,,
uploads/sites/5/2025/11/2733704_12016-scaled-1-1024x730.jpg,uploads/sites/5/2025/11/2733704_12016-scaled-1-1024x730.jpg,101054,e0f96b0641524e485ee1f4f280d9ca17951fa8958240b8d29ebedea51b67ab96,image/jpeg,,,,
uploads/sites/5/2025/11/2151118274-500x500.jpg,uploads/sites/5/2025/11/2151118274-500x500.jpg,42793,a39b13e7784ac72f55bf64b027541abcfe745abbfc2daff53c4bf4fbe1c0c93b,image/jpeg,,,,
uploads/sites/5/2025/11/143021-e1763291423474-768x279.jpg,uploads/sites/5/2025/11/143021-e1763291423474-768x279.jpg,22458,e00ed1117de2a0f34ad18bb2fc5b9d9704b2287fad38ef1e681be21e12df46f7,image/jpeg,,,,
uploads/sites/5/2025/11/2733704_12016-scaled-1-768x547.jpg,uploads/sites/5/2025/11/2733704_12016-scaled-1-768x547.jpg,65061,a64594fc547c081042ea977cde12b235ff0b5d56653f8e47759dbf4b34ee6830,image/jpeg,,,,
uploads/sites/5/2025/11/2150951473-400x284.jpg,uploads/sites/5/2025/11/2150951473-400x284.jpg,21117,66cbf2e192220f51f92833c4c689a32f9f92956d750c4d80a09e47230c4b60df,image/jpeg,,,,
uploads/sites/5/2025/11/29376-300x400.jpg,uploads/sites/5/2025/11/29376-300x400.jpg,17181,8c4fc1ea3645f79a21f094bdc1aad75a53bd5de532f2fe13dea88f00a1c5e6df,image/jpeg,,,,
uploads/sites/5/2025/11/logo-510x300.png,uploads/sites/5/2025/11/logo-510x300.png,13711,573bb698dc02b5745ccc644649b8ab3f4794b47456ccc0d68b099ecab4b5186f,image/png,,,,
uploads/sites/5/2025/11/cropped-favicon-474x324.png,uploads/sites/5/2025/11/cropped-favicon-474x324.png,87514,2dba3260eaad561c08a790cb47380063895566b751f41df9ff958a4ee921cb76,image/png,,,,
uploads/sites/5/2025/11/2151118274-391x260.jpg,uploads/sites/5/2025/11/2151118274-391x260.jpg,20751,4c7efb5f8c173caca04307604f286d0c7f85fe918ef28d899c8c8280e53efa94,image/jpeg,,,,
uploads/sites/5/2025/11/29680-474x324.jpg,uploads/sites/5/2025/11/29680-474x324.jpg,21579,8b086eff317f8f19acbccae341b9245414446c70701d6f934f2418da5972b166,image/jpeg,,,,
uploads/sites/5/2025/11/home-banner-300x400.jpg,uploads/sites/5/2025/11/home-banner-300x400.jpg,34847,4c0d224679746e886f7526f0a06504f69f0eb5fdb5146a922ea3c20adeb45324,image/jpeg,,,,
uploads/sites/5/2025/11/banner-wc-001-e1763484626801-300x300.webp,uploads/sites/5/2025/11/banner-wc-001-e1763484626801-300x300.webp,22910,31a1a6808682ab37ff206194ea5dfd709ffd7b66f1096608750de009d29d86bb,image/webp,,,,
uploads/sites/5/2025/11/banner-wc-001-e1763484626801-500x500.webp,uploads/sites/5/2025/11/banner-wc-001-e1763484626801-500x500.webp,59020,1202828d758311d0e164f4b9dea412b5966315eac52206ff075912e6d219c234,image/webp,,,,
uploads/sites/5/2025/11/129014-300x300.jpg,uploads/sites/5/2025/11/129014-300x300.jpg,6364,fdbf5ef0a66601f88e9ea012787c72372f9e0f7d699d29435c37860819e15ea7,image/jpeg,,,,
uploads/sites/5/2025/11/7173-1280x853.jpg,uploads/sites/5/2025/11/7173-1280x853.jpg,41346,fa6026c0c16e5085b4c3533ae41e8ce854f92b885f838b1a829f5397f7e98c6b,image/jpeg,,,,
uploads/sites/5/2025/11/29680-1024x585.jpg,uploads/sites/5/2025/11/29680-1024x585.jpg,60466,b96c69508881ac8525a728a66f80112eceb07993b5c7252eb0fe3e5cb788a712,image/jpeg,,,,
uploads/sites/5/2025/11/home-banner-510x382.jpg,uploads/sites/5/2025/11/home-banner-510x382.jpg,53541,e4cb947c40406d85dab2ec2f3fa8c5a2dd618781598aae4930f23cd1dd6a420d,image/jpeg,,,,
uploads/sites/5/2025/11/559-480x320.jpg,uploads/sites/5/2025/11/559-480x320.jpg,41430,16b4e1227ee4f15cda91532c1a86f7947bc468916872312263527e51adfabd4e,image/jpeg,,,,
uploads/sites/5/2025/11/2151118274-1536x1024.jpg,uploads/sites/5/2025/11/2151118274-1536x1024.jpg,176653,dabe7fc2ac704c43c7b1abbb9badc81df17e17e41fe87a00473b89606d2ebd83,image/jpeg,,,,
uploads/sites/5/2025/11/na-safety-300x300.jpg,uploads/sites/5/2025/11/na-safety-300x300.jpg,35621,31dde37d25580e2563e517a08fffb55890a84dfa8341e808458c8dd2adc634a0,image/jpeg,,,,
uploads/sites/5/2025/11/559-500x500.jpg,uploads/sites/5/2025/11/559-500x500.jpg,61348,c6be9a35ea50aa0689bc502db67346d1e22afdbd18432c2a7c35b4ac7eccf956,image/jpeg,,,,
uploads/sites/5/2025/11/2151930388-474x324.jpg,uploads/sites/5/2025/11/2151930388-474x324.jpg,24870,d5777050c69b6acace6197a60afd90256d2d213df3db585232547ce1401d8152,image/jpeg,,,,
uploads/sites/5/2025/11/na-safety.jpg,uploads/sites/5/2025/11/na-safety.jpg,237001,dc734faa1d7544f5c4e2dd596be1f05ae6441e4ba4277f3c79968870a608c8a8,image/jpeg,,,,
uploads/sites/5/2025/11/29680-400x516.jpg,uploads/sites/5/2025/11/29680-400x516.jpg,27138,72d4079068f70a14c7f7adc448f75e9e5a08bc85a94e4ea9b2a562c77f392cfd,image/jpeg,,,,
uploads/sites/5/2025/11/2733704_12016-scaled-1-400x516.jpg,uploads/sites/5/2025/11/2733704_12016-scaled-1-400x516.jpg,35966,7fd8dea9b043c337003ec62b0064640e2b570218c6d22a656df93ef140282c46,image/jpeg,,,,
uploads/sites/5/2025/11/2733704_12016-scaled-1-300x300.jpg,uploads/sites/5/2025/11/2733704_12016-scaled-1-300x300.jpg,21665,d9f6af2dcffdc0e68ef8a72f0e8929e84b5426342e72645d61e087339047d455,image/jpeg,,,,
uploads/sites/5/2025/11/559-400x516.jpg,uploads/sites/5/2025/11/559-400x516.jpg,49112,ba7915de030711e74585cb78b838c863f3dfc95d14590bb320ce16fe04be0fb0,image/jpeg,,,,
uploads/sites/5/2025/11/2147770870-e1763292893626-980x227.jpg,uploads/sites/5/2025/11/2147770870-e1763292893626-980x227.jpg,28264,970c88a1c96a19d764f995f9b9910c4d8131c7dd15c8a0c077228a523cee5257,image/jpeg,,,,
uploads/sites/5/2025/11/2733704_12016-scaled-1-150x150.jpg,uploads/sites/5/2025/11/2733704_12016-scaled-1-150x150.jpg,7917,54d4594b8b8251eab2489d214022ef7d1c8075ed5ebdef62a49a77c0a672257d,image/jpeg,,,,
uploads/sites/5/2025/11/120044-300x400.jpg,uploads/sites/5/2025/11/120044-300x400.jpg,26168,a7d1416692d4f0d56f4f9f96ae2537e54936c32ec58c3f5640a64f9a07afdc85,image/jpeg,,,,
uploads/sites/5/2025/11/helping-each-other-scaled-1-768x344.jpg,uploads/sites/5/2025/11/helping-each-other-scaled-1-768x344.jpg,26598,251be904e19755e0093764dc3f5b220910aad3af58250d17f2d30f3dffe99b3e,image/jpeg,,,,
uploads/sites/5/2025/11/banner-wc-001-e1763484626801-300x400.webp,uploads/sites/5/2025/11/banner-wc-001-e1763484626801-300x400.webp,30174,b1f814119d7b95f83dc1a40867ac499058157057257b8d578b93c014da079df9,image/webp,,,,
uploads/sites/5/2025/11/2150951473-480x269.jpg,uploads/sites/5/2025/11/2150951473-480x269.jpg,23153,ecb119485389b67c05436040da3990b26d513b883b8d4d9b06f25a404b25b9a4,image/jpeg,,,,
uploads/sites/5/2025/11/29680-400x250.jpg,uploads/sites/5/2025/11/29680-400x250.jpg,15031,cd8f70d24f70540b2f1f33fce4859f5cfe1a654f7f1a89581732dbb6108af315,image/jpeg,,,,
uploads/sites/5/2025/11/29680-400x284.jpg,uploads/sites/5/2025/11/29680-400x284.jpg,16972,a1493054914fb179daf994fef05c2cdfa65d341d36061e0daca9aa8f5c8fbab8,image/jpeg,,,,
uploads/sites/5/2025/11/na-safety-300x400.jpg,uploads/sites/5/2025/11/na-safety-300x400.jpg,43178,f9f15bae944f592b7a941864b73b373b72d7c4a04660fabde84ab4b0c4b8f2c1,image/jpeg,,,,
uploads/sites/5/2025/11/143021-e1763291423474-1080x393.jpg,uploads/sites/5/2025/11/143021-e1763291423474-1080x393.jpg,39670,4648d2373a4b3859e7373d43d32c72fbadcdcb82884ab15dd85a9a887a811825,image/jpeg,,,,
uploads/sites/5/2025/11/29680-300x400.jpg,uploads/sites/5/2025/11/29680-300x400.jpg,17602,fa195057700d676fbe3556275d42f347501373ec444d56830c177aad7fff40ce,image/jpeg,,,,
uploads/sites/5/2025/11/7173-400x516.jpg,uploads/sites/5/2025/11/7173-400x516.jpg,12397,630ebed807b1b18a023b93de7fbba98550ce3b268ca629badcf050993a434d94,image/jpeg,,,,
uploads/sites/5/2025/11/2733704_12016-scaled-1-1536x1094.jpg,uploads/sites/5/2025/11/2733704_12016-scaled-1-1536x1094.jpg,189096,8bdf4fa171e785c567377c9b378cbc55dea7030c073741420af97230fe5df282,image/jpeg,,,,
uploads/sites/5/2025/11/cropped-favicon.png,uploads/sites/5/2025/11/cropped-favicon.png,110642,df210711106a3cdffb6cb3fd6530bda5429bc43139e96acf6f3e73b178d438dd,image/png,,,,
uploads/sites/5/2025/11/7173-510x382.jpg,uploads/sites/5/2025/11/7173-510x382.jpg,11298,ad3c337d08229bb067933866a76286828adb6864647a35342eb0ed4ce12b38c1,image/jpeg,,,,
uploads/sites/5/2025/11/2151118274-400x284.jpg,uploads/sites/5/2025/11/2151118274-400x284.jpg,23274,f88b68294217d770ae3ba7fd986531de3d296942f696ce0c84458cd97506aeab,image/jpeg,,,,
uploads/sites/5/2025/11/helping-each-other-scaled-1-2048x916.jpg,uploads/sites/5/2025/11/helping-each-other-scaled-1-2048x916.jpg,183404,990568bddc0031225f2bdef7eb3a605586325035fb6780191f8d8bb58aa60732,image/jpeg,,,,
uploads/sites/5/2025/11/29376-980x653.jpg,uploads/sites/5/2025/11/29376-980x653.jpg,63298,0aa2d18b8fe2e24a21f23a1dfc7b869e08d98dc53701200b838850d528195748,image/jpeg,,,,
uploads/sites/5/2025/11/143021-e1763291423474-500x500.jpg,uploads/sites/5/2025/11/143021-e1763291423474-500x500.jpg,23981,f58041217fb0120ed30ef814b9256f4dcd4ab862c6e35e7017dda15056610d2d,image/jpeg,,,,
uploads/sites/5/2025/11/29376-768x512.jpg,uploads/sites/5/2025/11/29376-768x512.jpg,44293,b81b8e03610b04bab20cf00d3e94f1c74903496b123ec4260a4335ea7ccbba6d,image/jpeg,,,,
uploads/sites/5/2025/11/7173-400x284.jpg,uploads/sites/5/2025/11/7173-400x284.jpg,7759,84bc49b9a584bf2c23922dcab814a9c04df16e3ea506542fab88bac132214176,image/jpeg,,,,
uploads/sites/5/2025/11/2147770870-e1763292893626-1280x296.jpg,uploads/sites/5/2025/11/2147770870-e1763292893626-1280x296.jpg,42999,9d9448f97351dfa9090e0e86954a87479c75aed1fe7cfc0e7fcefc99021e3d46,image/jpeg,,,,
uploads/sites/5/2025/11/banner-wc-001-e1763484626801-300x139.webp,uploads/sites/5/2025/11/banner-wc-001-e1763484626801-300x139.webp,10608,74ac3e596a932de3b31268b87b87160cb02e0f2fa1edb552b9183b45404a70d3,image/webp,,,,
uploads/sites/5/2025/11/129014-400x284.jpg,uploads/sites/5/2025/11/129014-400x284.jpg,7168,17e7307ffecd4a0428b75bc08e69c6e0d1b8454cdc61e0537809d08847f45c8b,image/jpeg,,,,
uploads/sites/5/2025/11/2151118274-1080x720.jpg,uploads/sites/5/2025/11/2151118274-1080x720.jpg,102497,30dfe9f74a0de11396799054f26e6d34d2646f8eb1d75864170b17349ef6a245,image/jpeg,,,,
uploads/sites/5/2025/11/129014.jpg,uploads/sites/5/2025/11/129014.jpg,417758,9ee2338cbce4746670206a0504a6f0d87b3ef7dbd29a772d979abdd05e019a28,image/jpeg,,,,
uploads/sites/5/2025/11/home-banner-400x516.jpg,uploads/sites/5/2025/11/home-banner-400x516.jpg,54089,0d93d40d6655583175eccdc6fc15e48f9278de6489461cd1d0f4c5d3a4c51806,image/jpeg,,,,
uploads/sites/5/2025/11/na-safety-723x1024.jpg,uploads/sites/5/2025/11/na-safety-723x1024.jpg,192277,c9a61990934391a458faaa66b482a1569043370bfb90ecc766091760acbe2287,image/jpeg,,,,
uploads/sites/5/2025/11/584-400x516.jpg,uploads/sites/5/2025/11/584-400x516.jpg,33099,003ccb7a46d0fa4f5c4e373b8f812ae6df19886c330e328f458be311e9dd661c,image/jpeg,,,,
uploads/sites/5/2025/11/29680.jpg,uploads/sites/5/2025/11/29680.jpg,702574,568becb9033e554dcd2cf4bf5605622b1145adbd9f364e57d03da3a61fade568,image/jpeg,,,,
uploads/sites/5/2025/11/2733704_12016-scaled-1-1280x912.jpg,uploads/sites/5/2025/11/2733704_12016-scaled-1-1280x912.jpg,146474,438a1caa49b07c8ff9132e6d373a6cab3867c43c0e272978b9d6f06e32a4b6c4,image/jpeg,,,,
uploads/sites/5/2025/11/2151118274.jpg,uploads/sites/5/2025/11/2151118274.jpg,1307616,cbaf1e9dcb179de7abd7f5bdb0afea4e71271a0148eb1cad5b5b9b3783e52b9d,image/jpeg,,,,
uploads/sites/5/2025/11/584-510x382.jpg,uploads/sites/5/2025/11/584-510x382.jpg,34594,59a60148afca493499cbb5f550edf0539cb6d66fd78ecd601a60d2d3f35f4bbe,image/jpeg,,,,
uploads/sites/5/2025/11/123795-300x400.jpg,uploads/sites/5/2025/11/123795-300x400.jpg,19837,e08576d9f1dec4391b3d5ec6c00c371e4f61a796e678f102742a59b06889fedc,image/jpeg,,,,
uploads/sites/5/2025/11/2147770870-e1763292893626-500x463.jpg,uploads/sites/5/2025/11/2147770870-e1763292893626-500x463.jpg,25317,1eb8e4ecb020b8b65fbad4e7c8b94beada6fa19f12e049e8a0a9e0cc8eeb0023,image/jpeg,,,,
uploads/sites/5/2025/11/96081-1280x720.jpg,uploads/sites/5/2025/11/96081-1280x720.jpg,81201,ad4e45738d513c5defec732cbb9eb1f8ef64075a5ea4e01f797f4ce8d5d434bf,image/jpeg,,,,
uploads/sites/5/2025/11/120044-1024x746.jpg,uploads/sites/5/2025/11/120044-1024x746.jpg,113199,8f9b3aa58a90f614f80785f9c03c38939f43af66e2f5dbe765f8d715d90221f2,image/jpeg,,,,
uploads/sites/5/2025/11/143021-e1763291423474-1024x372.jpg,uploads/sites/5/2025/11/143021-e1763291423474-1024x372.jpg,36419,1510f9114dd5e5550a7e863fae9f5686092d5a5e8e6eec6c5f878c3fdc557787,image/jpeg,,,,
uploads/sites/5/2025/11/helping-each-other-scaled-1-510x382.jpg,uploads/sites/5/2025/11/helping-each-other-scaled-1-510x382.jpg,21537,b44f77138d484f97f88e62aecab0fe8f5df30e69e49ee5175846f94b3b748cff,image/jpeg,,,,
uploads/sites/5/2025/11/96081-300x400.jpg,uploads/sites/5/2025/11/96081-300x400.jpg,18820,9b262766cfa7d976d7740f5828ae45d83215d429f859b148e7d2b25764e2c777,image/jpeg,,,,
uploads/sites/5/2025/11/29680-1080x617.jpg,uploads/sites/5/2025/11/29680-1080x617.jpg,65959,a63433f16cfc6a3fd2ef657db82db6ff16856dc8e9663f1d6cfc676d49f75c23,image/jpeg,,,,
uploads/sites/5/2025/11/7173-500x500.jpg,uploads/sites/5/2025/11/7173-500x500.jpg,13953,34ee6469966c5a2b8fc7789b83eb73fdc22443167688bf02c7dc8c1fbd1266db,image/jpeg,,,,
uploads/sites/5/2025/11/2151930388-1024x512.jpg,uploads/sites/5/2025/11/2151930388-1024x512.jpg,66444,052cb4c494bc228bcd5e7743f3203b94508858c3d47fe41621327d4de53f9c8a,image/jpeg,,,,
uploads/sites/5/2025/11/120044-480x350.jpg,uploads/sites/5/2025/11/120044-480x350.jpg,35639,96d54d6586cb6c22fa5c9d1e8e06e0b7344ae4e39f2308764c3f2a56fc7550ef,image/jpeg,,,,
uploads/sites/5/2025/11/120044-150x150.jpg,uploads/sites/5/2025/11/120044-150x150.jpg,7698,0fcf08602ac5f637abf7142a9d946221195ad676d5a51e47afb2790aaa52164a,image/jpeg,,,,
uploads/sites/5/2025/11/2151930388-300x300.jpg,uploads/sites/5/2025/11/2151930388-300x300.jpg,14236,3e52140803362a8851658bf92a6a5ccdcf2a27a9858ed3ae3264bd5b0fbe9386,image/jpeg,,,,
uploads/sites/5/2025/11/143021-e1763291423474-980x356.jpg,uploads/sites/5/2025/11/143021-e1763291423474-980x356.jpg,33961,32c2d06e1778b76e99fc6bbdaf589a4500eecf79f909b798425f455a1163d2cd,image/jpeg,,,,
uploads/sites/5/2025/11/2150951473-1536x861.jpg,uploads/sites/5/2025/11/2150951473-1536x861.jpg,122346,5b716353199e32e4129e2b0b22b4976507c239a215a77c0417c973257ed08b48,image/jpeg,,,,
uploads/sites/5/2025/11/7173-480x320.jpg,uploads/sites/5/2025/11/7173-480x320.jpg,9434,203065e0dbfcdb961b63705d316cd84d64a79ff984775b9d318c8afde3d2abc5,image/jpeg,,,,
uploads/sites/5/2025/11/129014-768x512.jpg,uploads/sites/5/2025/11/129014-768x512.jpg,18432,80bed644d74919c4b1ade7e780417459a66f47809d5b768315fbcc3c5f3e340a,image/jpeg,,,,
uploads/sites/5/2025/11/logo-391x260.png,uploads/sites/5/2025/11/logo-391x260.png,14473,2448cce5d7d8ccf4ca67a92c29ee9de58f2331d85c28b1c33ef98b57c3f68edb,image/png,,,,
uploads/sites/5/2025/11/559-1080x720.jpg,uploads/sites/5/2025/11/559-1080x720.jpg,177632,9398c1ca2e4f4fbc6770401ff3aa58a4447fa741056ad9f1c0e72aff3477c562,image/jpeg,,,,
uploads/sites/5/2025/11/2147770870-e1763292893626-1080x463.jpg,uploads/sites/5/2025/11/2147770870-e1763292893626-1080x463.jpg,59904,5facd3db00eb9f9810d51b375d13f31883ce87c8dfff3f9a779deade642e2d13,image/jpeg,,,,
uploads/sites/5/2025/11/123795-980x654.jpg,uploads/sites/5/2025/11/123795-980x654.jpg,61588,1e6e8749486ed2d11477ca93ef21cf3d43133d1c9507caee535d5c7a3644539a,image/jpeg,,,,
uploads/sites/5/2025/11/96081.jpg,uploads/sites/5/2025/11/96081.jpg,1067959,88b785f4ee2c0faafed0bf35de18a2b146e032550f9c373209ed26200a9ca50a,image/jpeg,,,,
uploads/sites/5/2025/11/2151930388-768x384.jpg,uploads/sites/5/2025/11/2151930388-768x384.jpg,42162,dca046e802275a2a0da01b10d9ebdeeb6fca9b26e78e6324075d0bfda4cae456,image/jpeg,,,,
uploads/sites/5/2025/11/banner-wc-001-e1763484626801-1080x595.webp,uploads/sites/5/2025/11/banner-wc-001-e1763484626801-1080x595.webp,169526,da4410ae6519cfd69869c27575e43132d0940741b3795fa56b822ce38556a49a,image/webp,,,,
uploads/sites/5/2025/11/29680-300x171.jpg,uploads/sites/5/2025/11/29680-300x171.jpg,8801,ed65dd3b5e798c4162505292d19c81d4fe842960d3e14b7f0e699fd37eeb64bc,image/jpeg,,,,
uploads/sites/5/2025/11/2151118274-300x200.jpg,uploads/sites/5/2025/11/2151118274-300x200.jpg,13484,d6f51b3a57a1edb0589f433779a348fc344b57c08502a0b490fff6732bd33c41,image/jpeg,,,,
uploads/sites/5/2025/11/29376-300x300.jpg,uploads/sites/5/2025/11/29376-300x300.jpg,15152,da511de3ad07930f031cb82a29e8359cba66111a653cd0b9ca8694a3e1a96582,image/jpeg,,,,
uploads/sites/5/2025/11/7173-300x300.jpg,uploads/sites/5/2025/11/7173-300x300.jpg,6847,981d2707b0931d4074c08adcee2572b933acd342839e522ea227889a4746dfac,image/jpeg,,,,
uploads/sites/5/2025/11/143021-e1763291423474-400x284.jpg,uploads/sites/5/2025/11/143021-e1763291423474-400x284.jpg,14080,9fe859b21c522014cba72c53b63bdc478cd0c1b896c53f47de78c4974ee14325,image/jpeg,,,,
uploads/sites/5/2025/11/2733704_12016-scaled-1-480x342.jpg,uploads/sites/5/2025/11/2733704_12016-scaled-1-480x342.jpg,32051,fb5beb61c3516246124182667e0bb91e3dee1750a50a4a3953834150b91f8b88,image/jpeg,,,,
uploads/sites/5/2025/11/logo-1080x270.png,uploads/sites/5/2025/11/logo-1080x270.png,94239,be40637a1fcd510df5410673b36f88ee1ce13bc7e0a3f7c3dca9983aeeee5e5a,image/png,,,,
uploads/sites/5/2025/11/143021-e1763291423474-480x174.jpg,uploads/sites/5/2025/11/143021-e1763291423474-480x174.jpg,11193,3004cf0d217eaa4a7ebe73b01aeeb78ee7a96726ced25f210719a00f8d445dc8,image/jpeg,,,,
uploads/sites/5/2025/11/120044-1080x787.jpg,uploads/sites/5/2025/11/120044-1080x787.jpg,122618,4715c524234528e2049feaa3c04f1e7f9e00974a7c966c8b3dd22e88ee83bc1a,image/jpeg,,,,
uploads/sites/5/2025/11/helping-each-other-scaled-1.jpg,uploads/sites/5/2025/11/helping-each-other-scaled-1.jpg,311830,5698bda9900349a9e058bcd0c5ad0631f0e9d463020dda9c143ce400c5f970f7,image/jpeg,,,,
uploads/sites/5/2025/11/123795-1536x1025.jpg,uploads/sites/5/2025/11/123795-1536x1025.jpg,120468,3f3b8247270fe76277f949698fce404942c48aed7297f5a040d61f1e3323b4a2,image/jpeg,,,,
uploads/sites/5/2025/11/129014-391x260.jpg,uploads/sites/5/2025/11/129014-391x260.jpg,6714,0d0e2e65f45bdefe7a4ae767a47dfb0c306e3e2840d5088e6bad2f55848d0f81,image/jpeg,,,,
uploads/sites/5/2025/11/96081-300x300.jpg,uploads/sites/5/2025/11/96081-300x300.jpg,15490,e594275481c2373e0ff4e106716c9a2d47ea8292f29066fb4c72a4ae01fc4854,image/jpeg,,,,
uploads/sites/5/2025/11/logo-300x300.png,uploads/sites/5/2025/11/logo-300x300.png,8699,be2678da4b8f337e0247070067140b685a25f8de9cea1979a2f89fee61200787,image/png,,,,
uploads/sites/5/2025/11/584-480x320.jpg,uploads/sites/5/2025/11/584-480x320.jpg,28424,4e00cae22d2156c9a36487822a1406a81cf816e8e87ffd6fb873df60bde2c523,image/jpeg,,,,
uploads/sites/5/2025/11/559-300x400.jpg,uploads/sites/5/2025/11/559-300x400.jpg,30809,9c541dc9e6a0768eedde8ae12da3c99076f9d9c467016a8417df93fe465b2880,image/jpeg,,,,
uploads/sites/5/2025/11/helping-each-other-scaled-1-980x438.jpg,uploads/sites/5/2025/11/helping-each-other-scaled-1-980x438.jpg,42943,a17d2371e78f15adb27d9a778c28310bf4123228a00568bfe67b3b4cad334d1a,image/jpeg,,,,
uploads/sites/5/2025/11/96081-150x150.jpg,uploads/sites/5/2025/11/96081-150x150.jpg,6192,5614f4dafb411c8859c0f7db8419b344dfc936a1b689017b349d4328af400be1,image/jpeg,,,,
uploads/sites/5/2025/11/cropped-favicon-500x500.png,uploads/sites/5/2025/11/cropped-favicon-500x500.png,119326,68c76536f8258ed74ca871b443bd3eee88df938fb38bc809bc9caeeaa145c639,image/png,,,,
uploads/sites/5/2025/11/banner-wc-001-e1763484626801-400x284.webp,uploads/sites/5/2025/11/banner-wc-001-e1763484626801-400x284.webp,28092,1a4977ba8fa7fb7b99602fdaf4a7bcfe2e9cc1d41e5d1c8aad120a4657d1a9c7,image/webp,,,,
uploads/sites/5/2025/11/na-safety-500x500.jpg,uploads/sites/5/2025/11/na-safety-500x500.jpg,84051,1b31d66581863b5c1460e34364f1ad6c9cf09570d0fad3688b6bea63ce27ed38,image/jpeg,,,,
uploads/sites/5/2025/11/2733704_12016-scaled-1-510x382.jpg,uploads/sites/5/2025/11/2733704_12016-scaled-1-510x382.jpg,36971,237471717e8ddcbfe064da7b8e48c9e2fb306f5fe2b20f38ba6a4f3bbe54dafd,image/jpeg,,,,
uploads/sites/5/2025/11/120044-400x284.jpg,uploads/sites/5/2025/11/120044-400x284.jpg,26802,1e61bd93fcd000f28357d465c0b77693a0984273517d34f355323ee1f618c889,image/jpeg,,,,
uploads/sites/5/2025/11/96081-400x250.jpg,uploads/sites/5/2025/11/96081-400x250.jpg,14495,f32e0168f276cf6c6fcc502e1d9415c99ee668ab19f170f2e6dde231ac58ca53,image/jpeg,,,,
uploads/sites/5/2025/11/logo-480x120.png,uploads/sites/5/2025/11/logo-480x120.png,28482,3b9d18f90c33ca67cf5d30e929d838b550663fe4ce1eb0f7c1e5e4e86f2d1e5d,image/png,,,,
uploads/sites/5/2025/11/2733704_12016-scaled-1-391x260.jpg,uploads/sites/5/2025/11/2733704_12016-scaled-1-391x260.jpg,23326,9d5ae20e42f30421449d823699cd7a68ed3c65fe88d50fca9ee36304a06cd46c,image/jpeg,,,,
uploads/sites/5/2025/11/home-banner-300x300.jpg,uploads/sites/5/2025/11/home-banner-300x300.jpg,27678,3d68abd148aa5cd05802a0126909315c2b13d4d9308078b5abcbf27c0201c391,image/jpeg,,,,
uploads/sites/5/2025/11/584-768x512.jpg,uploads/sites/5/2025/11/584-768x512.jpg,56407,6535175718e4206c14806944483883147f5e07c1129c640414988acc2a8f6f39,image/jpeg,,,,
uploads/sites/5/2025/11/584-500x500.jpg,uploads/sites/5/2025/11/584-500x500.jpg,40805,5e3529b474db5336d35ca057d186942ed3121c2626352bd27713695f826ad229,image/jpeg,,,,
uploads/sites/5/2025/11/559-391x260.jpg,uploads/sites/5/2025/11/559-391x260.jpg,28626,17cd4cc8ba91f6b40cdbeb6d5d6ce3086a9716779343763deb842c9e6b05cf90,image/jpeg,,,,
uploads/sites/5/2025/11/29680-480x274.jpg,uploads/sites/5/2025/11/29680-480x274.jpg,18488,0902897ea533154b0fa759d4d7d9689eeeac959be563e7da92415837150a0002,image/jpeg,,,,
uploads/sites/5/2025/11/helping-each-other-scaled-1-400x250.jpg,uploads/sites/5/2025/11/helping-each-other-scaled-1-400x250.jpg,11308,feb6df74f5c23c33ca4073f929a7574b69b27154f29eebc214034c2b09f6c0d8,image/jpeg,,,,
uploads/sites/5/2025/11/na-safety-400x516.jpg,uploads/sites/5/2025/11/na-safety-400x516.jpg,70661,d427935aba7f56a5281e405418c4f7c1013a412275cde10232cd185954ca0eb9,image/jpeg,,,,
uploads/sites/5/2025/11/96081-391x260.jpg,uploads/sites/5/2025/11/96081-391x260.jpg,15082,749d16af53dce0ad39041267135580179f6d1a0ba48abd869b9b12c2dcf00113,image/jpeg,,,,
uploads/sites/5/2025/11/29376-1024x682.jpg,uploads/sites/5/2025/11/29376-1024x682.jpg,67480,08d27b36e94cff7fd9691f4910ebff0699006d19fe4c8eaac0261182c77e562b,image/jpeg,,,,
uploads/sites/5/2025/11/7173.jpg,uploads/sites/5/2025/11/7173.jpg,438286,e9f00a3f922fa53327ec9eacd071d89f7ea8f2d40b3fb5d0d8f5caa3cec0dacb,image/jpeg,,,,
uploads/sites/5/2025/11/helping-each-other-scaled-1-300x400.jpg,uploads/sites/5/2025/11/helping-each-other-scaled-1-300x400.jpg,13391,fbdf4ab43eac8ef224b167ec27dcee6fa2d50e5fa5aaafe11853202ee871c427,image/jpeg,,,,
uploads/sites/5/2025/11/559-300x300.jpg,uploads/sites/5/2025/11/559-300x300.jpg,24806,f5861cb74216b170f48337a284db4f9f6f1a5d7400cb7ddbda76b5d562fb72cf,image/jpeg,,,,
uploads/sites/5/2025/11/2733704_12016-scaled-1-300x400.jpg,uploads/sites/5/2025/11/2733704_12016-scaled-1-300x400.jpg,24075,bdd81aa43e2180578b849a6d4d3a54ce46e30014cdcfb71f947a4b622bb74aa3,image/jpeg,,,,
uploads/sites/5/2025/11/helping-each-other-scaled-1-300x300.jpg,uploads/sites/5/2025/11/helping-each-other-scaled-1-300x300.jpg,10118,d5a947cdce3729d8ef358e095a0e1dfbc59517d97ca16a0ae48596a53e9f8932,image/jpeg,,,,
uploads/sites/5/2025/11/7173-1024x682.jpg,uploads/sites/5/2025/11/7173-1024x682.jpg,28868,3172f9d54c2e77068d71d7b2835e963646cabed9daeb31f48c668e5300351bd7,image/jpeg,,,,
uploads/sites/5/2025/11/banner-wc-001-e1763484626801-150x150.webp,uploads/sites/5/2025/11/banner-wc-001-e1763484626801-150x150.webp,6202,2e016f8c32b3c88cee979d7b12c2efeada97d62dc1c0c0fa825a930787a7c05f,image/webp,,,,
uploads/sites/5/2025/11/29376-474x324.jpg,uploads/sites/5/2025/11/29376-474x324.jpg,23191,bc4f6d5219274be22bc26b8e4b0cb901c5cf58c32dcc008b62663205403b71d7,image/jpeg,,,,
uploads/sites/5/2025/11/cropped-favicon-180x180.png,uploads/sites/5/2025/11/cropped-favicon-180x180.png,25068,41859540c2fe0f10b39174a5bf843ecbee006d1fffc811d00502857130adfa62,image/png,,,,
uploads/sites/5/2025/11/banner-wc-001-e1763484626801.webp,uploads/sites/5/2025/11/banner-wc-001-e1763484626801.webp,198602,f37beacb12dcc6e550c5e123cf980301c8b64f6c1415a50428518511259a74a0,image/webp,,,,
uploads/sites/5/2025/11/2147770870-e1763292893626-768x178.jpg,uploads/sites/5/2025/11/2147770870-e1763292893626-768x178.jpg,19031,86ab764e65d37974e8ed3a1361cfdec13e479cb502623b99b49c287e5cba0cc8,image/jpeg,,,,
uploads/sites/5/2025/11/143021-e1763291423474-510x382.jpg,uploads/sites/5/2025/11/143021-e1763291423474-510x382.jpg,21764,51af2b3e140042a9b36a5595fec3ae88d4e5a9edd50c4c87b9fd61f7aa61c11b,image/jpeg,,,,
uploads/sites/5/2025/11/na-safety-150x150.jpg,uploads/sites/5/2025/11/na-safety-150x150.jpg,9807,0881626133eb4493045b61d4ebe8ec1b0f74ec45167dcd5000a688e69ccceb1b,image/jpeg,,,,
uploads/sites/5/2025/11/559-768x512.jpg,uploads/sites/5/2025/11/559-768x512.jpg,97587,8a286b8922c17dfdb8e86d1527b063b9ce38b26c6006fe4d0dbc832fe273b1c2,image/jpeg,,,,
uploads/sites/5/2025/11/7173-1536x1024.jpg,uploads/sites/5/2025/11/7173-1536x1024.jpg,55923,235d938392fc1c8a72b14130bb4c299be9437d0c3b57717363987fe1b856306d,image/jpeg,,,,
uploads/sites/5/2025/11/584-400x250.jpg,uploads/sites/5/2025/11/584-400x250.jpg,21246,a653d4186c0312be175d89321008d9360cf25940cfef97614315e2ef807e4799,image/jpeg,,,,
uploads/sites/5/2025/11/7173-1080x720.jpg,uploads/sites/5/2025/11/7173-1080x720.jpg,31425,d26502a205cb8b2dda687dbb8cde0e7e55ff92e2e3b270a9dc389077373b8bed,image/jpeg,,,,
uploads/sites/5/2025/11/120044-1280x932.jpg,uploads/sites/5/2025/11/120044-1280x932.jpg,156779,30187602a69feef773a697870c39524e218077a784f92b3aa626bc94a99cfe55,image/jpeg,,,,
uploads/sites/5/2025/11/7173-768x512.jpg,uploads/sites/5/2025/11/7173-768x512.jpg,18684,d614b7938abc6a13667816fb6b42ae760ec21495b47fd84445300e8878849099,image/jpeg,,,,
uploads/sites/5/2025/11/129014-510x382.jpg,uploads/sites/5/2025/11/129014-510x382.jpg,10687,2899e03ba4b6751e702b5b4cb9dc0b05536381dfe69790f783e4fab9882cc75d,image/jpeg,,,,
uploads/sites/5/2025/11/logo-400x250.png,uploads/sites/5/2025/11/logo-400x250.png,14879,be706df1074154ea3f99454344e941e9cc6f7ab9baab76483c751a330b10b483,image/png,,,,
uploads/sites/5/2025/11/96081-1024x576.jpg,uploads/sites/5/2025/11/96081-1024x576.jpg,55050,b996b957f9b5ca7955c6726f924a661dc7387cdbdb1795f746679aa1919e3030,image/jpeg,,,,
uploads/sites/5/2025/11/logo.png,uploads/sites/5/2025/11/logo.png,98720,e060ea3b52588002a2fdde02bb5b1206d2c36febbfebddd484237f8faaf63ad0,image/png,,,,
uploads/sites/5/2025/11/helping-each-other-scaled-1-391x260.jpg,uploads/sites/5/2025/11/helping-each-other-scaled-1-391x260.jpg,11513,7a60b8aabc16bc78820ca5a111106afcf61eb47671a76d182b7acd5068b55a98,image/jpeg,,,,
uploads/sites/5/2025/11/2147770870-e1763292893626-480x111.jpg,uploads/sites/5/2025/11/2147770870-e1763292893626-480x111.jpg,9300,2fa06686afa4680bf698e1117e515295f33a4b700cb981320b3747624edea4ae,image/jpeg,,,,
uploads/sites/5/2025/11/2151930388-980x490.jpg,uploads/sites/5/2025/11/2151930388-980x490.jpg,62599,369e712a8d8d4f5b2c233b38a94c220d4507bb74486a722d4af3ba5504f9173d,image/jpeg,,,,
uploads/sites/5/2025/11/home-banner-150x150.jpg,uploads/sites/5/2025/11/home-banner-150x150.jpg,8059,9a54216b367cfc405237ae40caeda0be1ead43fc24655d414372b80a3b857fc6,image/jpeg,,,,
uploads/sites/5/2025/11/logo-400x284.png,uploads/sites/5/2025/11/logo-400x284.png,15207,100b505ac6e20f5b3e8c6c3f30c0973b4f2843e62f2013ca5db105e30fcdb4b1,image/png,,,,
uploads/sites/5/2025/11/7173-300x400.jpg,uploads/sites/5/2025/11/7173-300x400.jpg,8543,ec697fe8aaa6b07f5e5d2b2b8bb25edd4a7ad20aa2cbac8189a74384d98ba91c,image/jpeg,,,,
uploads/sites/5/2025/11/2151930388-1080x675.jpg,uploads/sites/5/2025/11/2151930388-1080x675.jpg,85892,a1b37b18e7bb78809773dadbab9ce87f7622c4226f84136f8ec9f6e1d3e05b15,image/jpeg,,,,
uploads/sites/5/2025/11/96081-1080x608.jpg,uploads/sites/5/2025/11/96081-1080x608.jpg,60314,f8b2c0e08561151da0601dffe8e0921cdf626a86b41b5367388e2653b38111c3,image/jpeg,,,,
uploads/sites/5/2025/11/2733704_12016-scaled-1-300x214.jpg,uploads/sites/5/2025/11/2733704_12016-scaled-1-300x214.jpg,16095,c6942afef67ec4ce1617b1e3216feac62fea1afeb0a8d335f2fc5901b4570d82,image/jpeg,,,,
uploads/sites/5/2025/11/584-1280x853.jpg,uploads/sites/5/2025/11/584-1280x853.jpg,123974,04096c3a964a9ee487ec0ca911f4d0419a25522f3e78024091f139455600a1f5,image/jpeg,,,,
uploads/sites/5/2025/11/143021-e1763291423474-150x150.jpg,uploads/sites/5/2025/11/143021-e1763291423474-150x150.jpg,4041,67ea07e9e615cfa829edcc023b96ba83127762599797f533e7d96721f2a05dff,image/jpeg,,,,
uploads/sites/5/2025/11/29376-510x382.jpg,uploads/sites/5/2025/11/29376-510x382.jpg,26953,8bfe3ce68283eca68e57f9e97c5787ab820319d6f4b4a6cdfc7ac9181ba555a6,image/jpeg,,,,
uploads/sites/5/2025/11/129014-480x320.jpg,uploads/sites/5/2025/11/129014-480x320.jpg,8897,663ed608e683164bf7a92d919c5c24a8dc52557b5877bcee930d95262e478f58,image/jpeg,,,,
uploads/sites/5/2025/11/2150951473-400x516.jpg,uploads/sites/5/2025/11/2150951473-400x516.jpg,30262,4e4573f84982c4268ef6589fa37f0796135f4dedb87abf7b24c90f65f2de6979,image/jpeg,,,,
uploads/sites/5/2025/11/29680-1280x732.jpg,uploads/sites/5/2025/11/29680-1280x732.jpg,86467,eac0df3311a300879d97bc68dab74616288ecf947e1927952e6a4e97d4bcc011,image/jpeg,,,,
uploads/sites/5/2025/11/29376.jpg,uploads/sites/5/2025/11/29376.jpg,1166132,94d05aaab42c337ec696935fee116e713102d28392b8007192d33344a31945c8,image/jpeg,,,,
uploads/sites/5/2025/11/96081-768x432.jpg,uploads/sites/5/2025/11/96081-768x432.jpg,33870,c2dd0ecae5d95fbba5c3bd4a2c02ef1dce5b60d22a13f60427481a42f952f1c7,image/jpeg,,,,
uploads/sites/5/2025/11/2150951473.jpg,uploads/sites/5/2025/11/2150951473.jpg,1381592,0bd62de9f2a0aff6f9b4614d3b29dccbaaaf7b6ff4c2bb7edda6e429fe33dddd,image/jpeg,,,,
uploads/sites/5/2025/11/favicon-150x150.png,uploads/sites/5/2025/11/favicon-150x150.png,17766,0737cead2be6b73905288a705eca8e0c775ef8e5e030ee2b94d5d4a6ef44b5cd,image/png,,,,
uploads/sites/5/2025/11/29376-300x200.jpg,uploads/sites/5/2025/11/29376-300x200.jpg,11999,2abdbeeb9fde06d9f606e5f14dc3e1c5ce41a26833741af9d0bcb607a7118f9b,image/jpeg,,,,
uploads/sites/5/2025/11/logo-500x300.png,uploads/sites/5/2025/11/logo-500x300.png,13270,b0483ad421a54fccc72c7f8dce0e0085ee9a9102306f68e0ddcf86b8a7744819,image/png,,,,
uploads/sites/5/2025/11/2147770870-e1763292893626-400x250.jpg,uploads/sites/5/2025/11/2147770870-e1763292893626-400x250.jpg,14110,4a7c8ea5a5576038b4e55bac60f922d8b20798c1bca332ac6b07aea52fb8c582,image/jpeg,,,,
uploads/sites/5/2025/11/123795-1080x721.jpg,uploads/sites/5/2025/11/123795-1080x721.jpg,71587,b927bc91a4c957ae3da3282f6a31b24a411c7db0ec99c60c5d7f1d69e8366606,image/jpeg,,,,
uploads/sites/5/2025/11/2151930388-1080x540.jpg,uploads/sites/5/2025/11/2151930388-1080x540.jpg,72581,3108a003722133206b37ad4c633535739536132ffac5f6253c8c391cca2c00bf,image/jpeg,,,,
uploads/sites/5/2025/11/home-banner-980x588.jpg,uploads/sites/5/2025/11/home-banner-980x588.jpg,136037,eeb39ffb8942052d06314970e75c96129621d6c042a55bf2a6d9f93e93639c98,image/jpeg,,,,
uploads/sites/5/2025/11/123795-1024x684.jpg,uploads/sites/5/2025/11/123795-1024x684.jpg,65522,60461d6c0565af222abfa08a031ea1b388a3b3d9985656e5fbda7f168531eedd,image/jpeg,,,,
uploads/sites/5/2025/11/29680-510x382.jpg,uploads/sites/5/2025/11/29680-510x382.jpg,26175,b6d51a3418653dfcb619d0ad52233f9381b323917ebbeede5f3f2447fdc75264,image/jpeg,,,,
uploads/sites/5/2025/11/helping-each-other-scaled-1-1536x687.jpg,uploads/sites/5/2025/11/helping-each-other-scaled-1-1536x687.jpg,106006,2dc3bfb5b250b932f0d3387e1ba35b27a74e5e873cb8375d650d23f66775b8e4,image/jpeg,,,,
uploads/sites/5/2025/11/2151930388-500x500.jpg,uploads/sites/5/2025/11/2151930388-500x500.jpg,31600,90066ad5c3840c9712ebf813d793492ef9b9fb7c26f9b5b23d98f4fca3d62ca9,image/jpeg,,,,
uploads/sites/5/2025/11/2733704_12016-scaled-1-400x284.jpg,uploads/sites/5/2025/11/2733704_12016-scaled-1-400x284.jpg,24468,10dd6b8a80176ab0b6c43ecbd05b40781ae641c35b02ba0339784493fb3efc20,image/jpeg,,,,
uploads/sites/5/2025/11/584-300x400.jpg,uploads/sites/5/2025/11/584-300x400.jpg,22229,2a725f26c1b26bb22fa3e00e6b2d7d776a65a0de93270929bd74355bf1162ca3,image/jpeg,,,,
uploads/sites/5/2025/11/home-banner-400x284.jpg,uploads/sites/5/2025/11/home-banner-400x284.jpg,33019,d72d606f1ae358bdf163efe76fb05ad1582ab83772f352e94a1af8af41ca29aa,image/jpeg,,,,
uploads/sites/5/2025/11/7173-391x260.jpg,uploads/sites/5/2025/11/7173-391x260.jpg,7263,6a999dc12e11e62ae9cf4c7eea1567df5f3cf97a15e1fff3a10c44292b39e249,image/jpeg,,,,
uploads/sites/5/2025/11/7173-300x200.jpg,uploads/sites/5/2025/11/7173-300x200.jpg,5127,5068188457d8daafc48003bfbcc1bfc1db958e552378b85d50213cfadded5a45,image/jpeg,,,,
uploads/sites/5/2025/11/2150951473-510x382.jpg,uploads/sites/5/2025/11/2150951473-510x382.jpg,30297,c2b57dec457bd5c3208d34a2de2c6b4c788b8d2cee83b4291c38cc106863eb67,image/jpeg,,,,
uploads/sites/5/2025/11/2150951473-1080x675.jpg,uploads/sites/5/2025/11/2150951473-1080x675.jpg,79487,8ff59b0c66182a4ab3d97c85a39e80fba7d90049d8e5c20f02e16cd2a149a6db,image/jpeg,,,,
uploads/sites/5/2025/11/559-150x150.jpg,uploads/sites/5/2025/11/559-150x150.jpg,7505,7689b049c53ccc5571199a02594d37cc5d11e9c6430f600c36ae39e83ef3698e,image/jpeg,,,,
uploads/sites/5/2025/11/2150951473-980x549.jpg,uploads/sites/5/2025/11/2150951473-980x549.jpg,63933,c72f468c2431870ac7eae4bf7b0e9bb264f082b65ed32b5853e178039221c9ea,image/jpeg,,,,
uploads/sites/5/2025/11/123795-510x382.jpg,uploads/sites/5/2025/11/123795-510x382.jpg,26765,badc778c213428b372b4cbf51142d8d8fc3a6ffac843445d4206d407eb32d051,image/jpeg,,,,
uploads/sites/5/2025/11/logo-1024x256.png,uploads/sites/5/2025/11/logo-1024x256.png,86848,1f15785372081d851694ea4a0c473f8de9a097814adb8c712632ceb79e7c2e22,image/png,,,,
uploads/sites/5/2025/11/123795-150x150.jpg,uploads/sites/5/2025/11/123795-150x150.jpg,6339,87a07db4fb337d89726cbaa3e7d3589cde98bab6a7357957b01fca5b783033c1,image/jpeg,,,,
uploads/sites/5/2025/11/2151930388-480x240.jpg,uploads/sites/5/2025/11/2151930388-480x240.jpg,19905,7ae0d7efb521b04c726a6f23dec02f1067aff8b36fecba5f0e1e2eb58b570aa4,image/jpeg,,,,
uploads/sites/5/2025/11/143021-e1763291423474-1080x675.jpg,uploads/sites/5/2025/11/143021-e1763291423474-1080x675.jpg,63893,dd2eb1557daf35c5c2ec2fa7f77334f805a6f686a39b18f835e54cb5d8a36560,image/jpeg,,,,
uploads/sites/5/2025/11/129014-474x324.jpg,uploads/sites/5/2025/11/129014-474x324.jpg,8981,562a24263736514d93e2e3c40c3562cc85f5eb7948a8caf8e304b588f95fd1da,image/jpeg,,,,
uploads/sites/5/2025/11/143021-e1763291423474-1536x558.jpg,uploads/sites/5/2025/11/143021-e1763291423474-1536x558.jpg,71432,bfa6f02c28d70d7da947dba0a04d62cc9e73cd8f3d026fe5bc6ba8c9f422b52b,image/jpeg,,,,
uploads/sites/5/2025/11/na-safety-391x260.jpg,uploads/sites/5/2025/11/na-safety-391x260.jpg,39988,caf16e630794cf5c105b873c4f19bb3ce0aa638360b27df678de9f6dfbddcdd5,image/jpeg,,,,
uploads/sites/5/2025/11/559.jpg,uploads/sites/5/2025/11/559.jpg,1640766,95f07596585d9e24cb09572a1ab8e7ae1f2102450b729a5e70411dde7c9ca94c,image/jpeg,,,,
uploads/sites/5/2025/11/na-safety-474x324.jpg,uploads/sites/5/2025/11/na-safety-474x324.jpg,55849,bfad90a0c4552ae992494684c188ac3d2c260a327b252b4a1f7bf0b95f405375,image/jpeg,,,,
uploads/sites/5/2025/11/2147770870-e1763292893626-391x260.jpg,uploads/sites/5/2025/11/2147770870-e1763292893626-391x260.jpg,14024,1ac80ad5c9717a91fb78d72a5367ce4cecbb6606f0267d140b9f2ad06d930cc7,image/jpeg,,,,
uploads/sites/5/2025/11/559-474x324.jpg,uploads/sites/5/2025/11/559-474x324.jpg,41922,13c4d065af017836bb40d546065391f2c3ceaf4990c4c9662df4c83f41e728ca,image/jpeg,,,,
uploads/sites/5/2025/11/143021-e1763291423474-474x324.jpg,uploads/sites/5/2025/11/143021-e1763291423474-474x324.jpg,18011,04f7c7be7ff01df29eceabdc1ce594a2519bb52d35629a503f0691b9eb8db2fe,image/jpeg,,,,
uploads/sites/5/2025/11/2150951473-150x150.jpg,uploads/sites/5/2025/11/2150951473-150x150.jpg,6840,0f1d52802fbdfc88165b74533063c75378234600575a7e544f4c782317a31a66,image/jpeg,,,,
uploads/sites/5/2025/11/banner-wc-001-e1763484626801-474x324.webp,uploads/sites/5/2025/11/banner-wc-001-e1763484626801-474x324.webp,37710,715b7d7f52ecdac8b8da977d28df9f3644f34f0349a5ed544d09f4d38d5298df,image/webp,,,,
uploads/sites/5/2025/11/2151118274-1080x675.jpg,uploads/sites/5/2025/11/2151118274-1080x675.jpg,98485,d71f218bf76b361a0cafdb29562c57bf305b98550d0063d76b7dae1bba74334c,image/jpeg,,,,
uploads/sites/5/2025/11/7173-150x150.jpg,uploads/sites/5/2025/11/7173-150x150.jpg,2962,2d4f531c9d83e0049d13eb6ec46322b8e4651129b2e44df96375ace0b7be21df,image/jpeg,,,,
uploads/sites/5/2025/11/2147770870-e1763292893626-150x150.jpg,uploads/sites/5/2025/11/2147770870-e1763292893626-150x150.jpg,4198,995bf0e9433b7fd66161130be8cab423cdb4c68fcc320489f4a048f624f9d7b4,image/jpeg,,,,
uploads/sites/5/2025/11/2151118274-400x250.jpg,uploads/sites/5/2025/11/2151118274-400x250.jpg,20656,6abe533e30ba2670a8de2d4f122ef621c176f7ae6f069749449418d25e22142b,image/jpeg,,,,
uploads/sites/5/2025/11/banner-wc-001-e1763484626801-1080x502.webp,uploads/sites/5/2025/11/banner-wc-001-e1763484626801-1080x502.webp,121970,ac40f467290f9cd37c0ae45e1cb56d4cdfb6b3fe0bebbe6a9760118426649ff2,image/webp,,,,
uploads/sites/5/2025/11/home-banner-391x260.jpg,uploads/sites/5/2025/11/home-banner-391x260.jpg,29894,316871fd85d4c15d449e5fdec88278b7836acd020435d5d20fb0b47079008e29,image/jpeg,,,,
uploads/sites/5/2025/11/2151930388-300x400.jpg,uploads/sites/5/2025/11/2151930388-300x400.jpg,15978,33fa2d3565be5c841297d9bc68e0cc73e7b33e639e065ccf18b3a40ade662a95,image/jpeg,,,,
uploads/sites/5/2025/11/2151118274-150x150.jpg,uploads/sites/5/2025/11/2151118274-150x150.jpg,6435,f61b5aab8fa50ae6430faf5ae5c6e7ec2bf330c5b1b488d1caffe836d0408a2b,image/jpeg,,,,
uploads/sites/5/2025/11/29376-500x500.jpg,uploads/sites/5/2025/11/29376-500x500.jpg,31147,2dd03f65971542d4cc2e4998211d58fda4b410fceffa387fb9e4772fea747651,image/jpeg,,,,
uploads/sites/5/2025/11/29376-1536x1024.jpg,uploads/sites/5/2025/11/29376-1536x1024.jpg,123498,9cc158da895d3e211a1e339cd5c9db9fa3d4a367157614e2965af86e82745a48,image/jpeg,,,,
uploads/sites/5/2025/11/29680-980x560.jpg,uploads/sites/5/2025/11/29680-980x560.jpg,56407,e9768f24a32bf29402bed0fb616f3874d6e2c42bf742744d04d2e6ddadaa69a1,image/jpeg,,,,
uploads/sites/5/2025/11/2150951473-300x400.jpg,uploads/sites/5/2025/11/2150951473-300x400.jpg,20870,921996f651be0b8546704436a9f4c9478367cac9d45521d67c0f7e15113ea05c,image/jpeg,,,,
uploads/sites/5/2025/11/143021-e1763291423474-300x109.jpg,uploads/sites/5/2025/11/143021-e1763291423474-300x109.jpg,5771,5cf52c76cb40ad8e05deb9917786fc117786d49e698c2498bebc7e58b3b1614e,image/jpeg,,,,
uploads/sites/5/2025/11/96081-400x284.jpg,uploads/sites/5/2025/11/96081-400x284.jpg,16525,9ae2d4f22678d55a8b5fdbf431757c2bed31741ec06a9acbdce12e76dbc04b4f,image/jpeg,,,,
uploads/sites/5/2025/11/2151118274-300x300.jpg,uploads/sites/5/2025/11/2151118274-300x300.jpg,19092,bc2c9723598ebaa75756a0e1b9f9fea97ffe7fd9a99fa791e4cad32d156d08de,image/jpeg,,,,
uploads/sites/5/2025/11/7173-980x653.jpg,uploads/sites/5/2025/11/7173-980x653.jpg,27117,192bd020324b8bb8ca913771b6ab47b418d9a42c6a4a1a6f97f59d955b321546,image/jpeg,,,,
uploads/sites/5/2025/11/584-391x260.jpg,uploads/sites/5/2025/11/584-391x260.jpg,21372,a1d37f519437c7bfa860a28ddd49a1600b27180c0e1444d9cd42c87b4fcc6481,image/jpeg,,,,
uploads/sites/5/2025/11/29376-391x260.jpg,uploads/sites/5/2025/11/29376-391x260.jpg,17508,e65d38c6205198a80b56965adf24f6cd6888936d04b080a800815e3dad5a1e3a,image/jpeg,,,,
uploads/sites/5/2025/11/2733704_12016-scaled-1-2048x1459.jpg,uploads/sites/5/2025/11/2733704_12016-scaled-1-2048x1459.jpg,296068,a9d9158f2df8701925ae88e32a90c3f2778af9452b44a4f4c2d0b74ed26f7f56,image/jpeg,,,,
uploads/sites/5/2025/11/120044-1536x1119.jpg,uploads/sites/5/2025/11/120044-1536x1119.jpg,203735,9654830cc162688ad1d938091bd0e90b6cd4bcec64620feb506939ae7f8133f7,image/jpeg,,,,
uploads/sites/5/2025/11/logo-1080x300.png,uploads/sites/5/2025/11/logo-1080x300.png,80089,b0e4d6e7664512cd0dca820db40cadc365bd9b4b082c286557dca9e924ce826e,image/png,,,,
uploads/sites/5/2025/11/home-banner-300x180.jpg,uploads/sites/5/2025/11/home-banner-300x180.jpg,17015,68bf7b3be0717f47dc670cfcc32540a90a95baf283cb11893709b724f26cf0dc,image/jpeg,,,,
uploads/sites/5/2025/11/2150951473-400x250.jpg,uploads/sites/5/2025/11/2150951473-400x250.jpg,19649,22c7a716c28549b3693b1c4ba8eea5003f419ba863f5f58dec247d3745d3d146,image/jpeg,,,,
uploads/sites/5/2025/11/129014-300x200.jpg,uploads/sites/5/2025/11/129014-300x200.jpg,4679,23b6a59264a44e4147e2df99abbdc56ff59cffb32d0b3cec0aeff576205ae023,image/jpeg,,,,
uploads/sites/5/2025/11/559-300x200.jpg,uploads/sites/5/2025/11/559-300x200.jpg,17720,e62ca09ed731d7d3c483152a3b66487a8d2fdc739bda0bb1130437bb0b040897,image/jpeg,,,,
uploads/sites/5/2025/11/559-980x653.jpg,uploads/sites/5/2025/11/559-980x653.jpg,150687,179fd1548c5d1ef1da2fdf2ae00472f34269c45a8672ffa6f19264282d44aa1b,image/jpeg,,,,
uploads/sites/5/2025/11/143021-e1763291423474-400x516.jpg,uploads/sites/5/2025/11/143021-e1763291423474-400x516.jpg,18807,dc484291f7465be7706770509a221c13d54b857551ad1bbccfcce062350ead91,image/jpeg,,,,
uploads/sites/5/2025/11/cropped-favicon-192x192.png,uploads/sites/5/2025/11/cropped-favicon-192x192.png,28001,f96ad99099bb6396439160336a80393d7b58581603254100c5641b4fce37cc23,image/png,,,,
uploads/sites/5/2025/11/120044-474x324.jpg,uploads/sites/5/2025/11/120044-474x324.jpg,33868,012ec63beac947213c0a46c2f776a60175bd0d28e95f85fdc783745a241e81e2,image/jpeg,,,,
uploads/sites/5/2025/11/banner-wc-001-e1763484626801-768x357.webp,uploads/sites/5/2025/11/banner-wc-001-e1763484626801-768x357.webp,67010,baaaa3015829ab3e4e5a14f95fa0999340288b5808a6ff619a0cbb678a8ea39a,image/webp,,,,
uploads/sites/5/2025/11/cropped-favicon-300x300.png,uploads/sites/5/2025/11/cropped-favicon-300x300.png,60758,b51337ab4a2a193b20a6a7a8d13fa1a76c2ade1d75a400d056123ed820aed1fa,image/png,,,,
uploads/sites/5/2025/11/96081-1536x864.jpg,uploads/sites/5/2025/11/96081-1536x864.jpg,112174,fa6f86931818b8a911160e52016d0854a60ec07d74ae02879f07da42a2f6f954,image/jpeg,,,,
uploads/sites/5/2025/11/584-980x653.jpg,uploads/sites/5/2025/11/584-980x653.jpg,81723,42f71540c58b5b22afef51ce9b59ce582299761adb079651e7d1659110e33063,image/jpeg,,,,
uploads/sites/5/2025/11/favicon-270x260.png,uploads/sites/5/2025/11/favicon-270x260.png,47697,302cd7b234423b93bf32aff7d13906b7642bfd5961592efdfecd18037c0a8d02,image/png,,,,
uploads/sites/5/2025/11/logo-400x300.png,uploads/sites/5/2025/11/logo-400x300.png,10799,82d5bb09e03d7d973d238c7fa92b027df3fa155e13a28b3a152fbdfcf7179ded,image/png,,,,
uploads/sites/5/2025/11/29376-150x150.jpg,uploads/sites/5/2025/11/29376-150x150.jpg,6005,792353e5f4c0f18b93bab1777084c8a0a6689321133ac4b2243a670327fd0c2f,image/jpeg,,,,
uploads/sites/5/2025/11/na-safety-400x284.jpg,uploads/sites/5/2025/11/na-safety-400x284.jpg,43094,51886be465340f6df000f9dbc15a015e11668249d2174187c24842877b85649e,image/jpeg,,,,
uploads/sites/5/2025/11/129014-980x653.jpg,uploads/sites/5/2025/11/129014-980x653.jpg,27735,d5ddaa62f864edf98aef2cf200bbd7e93e5a4bb808ec21bb2b302f5c0887dd52,image/jpeg,,,,
uploads/sites/5/2025/11/123795-1280x854.jpg,uploads/sites/5/2025/11/123795-1280x854.jpg,91616,ae932de0d84568cebd2aebae56dc129a3bfaf0234357e438270fb22ce756b01d,image/jpeg,,,,
uploads/sites/5/2025/11/143021-e1763291423474-300x300.jpg,uploads/sites/5/2025/11/143021-e1763291423474-300x300.jpg,10421,5efcfee9750828e45a48592b467e38790a5ec2fe56250c64cbf989ccecd8f86b,image/jpeg,,,,
uploads/sites/5/2025/11/helping-each-other-scaled-1-150x150.jpg,uploads/sites/5/2025/11/helping-each-other-scaled-1-150x150.jpg,3248,98fe356932035cb96e32a29e6594f3b12e9d22341e73660035b7c2de2f5d3645,image/jpeg,,,,
uploads/sites/5/2025/11/banner-wc-001-e1763484626801-510x382.webp,uploads/sites/5/2025/11/banner-wc-001-e1763484626801-510x382.webp,46860,08174c515e00a79934f811b619ba3f882e3ab7c66e669f69235a9cdb5fc40f7b,image/webp,,,,
uploads/sites/5/2025/11/2733704_12016-scaled-1-980x698.jpg,uploads/sites/5/2025/11/2733704_12016-scaled-1-980x698.jpg,94638,0621b8decbc4f2d5289d2f880d3373e8d37e9bbd117391fee51fcbd6d0a2d2e0,image/jpeg,,,,
uploads/sites/5/2025/11/2151118274-1280x853.jpg,uploads/sites/5/2025/11/2151118274-1280x853.jpg,133366,42c0267ef555aa4d101f7c11fb7fe1d3bd8bb0e1d732ff6ca2b03a2d0c26342a,image/jpeg,,,,
uploads/sites/5/2025/11/120044-768x559.jpg,uploads/sites/5/2025/11/120044-768x559.jpg,72912,2c4be0a22d1346fa7e12ea2dadee63b309ec66f3eac15d9b6d5d3c7d9e8fd441,image/jpeg,,,,
uploads/sites/5/2025/11/cropped-favicon-391x260.png,uploads/sites/5/2025/11/cropped-favicon-391x260.png,66603,d315b2bbd1dc3251f5c2dc133db6bbdf0e9b8cd2c15544a92f09b57b739f5e59,image/png,,,,
uploads/sites/5/2025/11/na-safety-480x680.jpg,uploads/sites/5/2025/11/na-safety-480x680.jpg,99584,01bed97cfddebf78eacb9a3c428451a40b50f433967a2376e59f9d83f130299f,image/jpeg,,,,
uploads/sites/5/2025/11/29376-480x320.jpg,uploads/sites/5/2025/11/29376-480x320.jpg,22771,cf8a81dd2d2d4a0b7134572b943fb82d8ed8abbf89f0f90396fb04b45cc29d56,image/jpeg,,,,
uploads/sites/5/2025/11/129014-1080x675.jpg,uploads/sites/5/2025/11/129014-1080x675.jpg,32120,f447e2a8fbb4660ef9013308b2fcff3c202d6ba1c96126f60cbecf24c725c3fc,image/jpeg,,,,
uploads/sites/5/2025/11/2151118274-300x400.jpg,uploads/sites/5/2025/11/2151118274-300x400.jpg,22833,af792ee07ebde6ad197fbe24e449ce5c2c27c20126b74a1713ba501cb814c403,image/jpeg,,,,
uploads/sites/5/2025/11/2151118274-1024x682.jpg,uploads/sites/5/2025/11/2151118274-1024x682.jpg,94736,c8d9161bbfa8d70bc3ed82b305039dc5ec3d3c18bd2ab2590e55bf3e74b1681c,image/jpeg,,,,
uploads/sites/5/2025/11/2150951473-1080x605.jpg,uploads/sites/5/2025/11/2150951473-1080x605.jpg,73143,a1c5e58000591699849301c1f07df7ebe54064eb365abeaeb9179ccf14445b31,image/jpeg,,,,
uploads/sites/5/2025/11/123795-500x500.jpg,uploads/sites/5/2025/11/123795-500x500.jpg,33592,9396675e5b1fba60d7bdd0d333c9d5ab03df0b405220f53ddff3acb0b6fd00d8,image/jpeg,,,,
uploads/sites/5/2025/11/helping-each-other-scaled-1-400x516.jpg,uploads/sites/5/2025/11/helping-each-other-scaled-1-400x516.jpg,23120,8de891d89241c1fbca641cc6200cc1476ae3727d09f1e49919cbf5c6af51e3c9,image/jpeg,,,,
uploads/sites/5/2025/11/584-1080x720.jpg,uploads/sites/5/2025/11/584-1080x720.jpg,94555,936cca84291bc64908e5b879622b9e1001fb6cb6b44586d731a79723b75340ac,image/jpeg,,,,
uploads/sites/5/2025/11/2151118274-474x324.jpg,uploads/sites/5/2025/11/2151118274-474x324.jpg,28944,cf56d8e6c90bc1b30548efcae450694ed1d0306386d079221fd2febf63adca42,image/jpeg,,,,
uploads/sites/5/2025/11/cropped-favicon-300x400.png,uploads/sites/5/2025/11/cropped-favicon-300x400.png,75236,09198c641f9e88e5118ff61031e6662c39f381b7424ef0ed5611a6e87e6b3402,image/png,,,,
uploads/sites/5/2025/11/2151930388-400x284.jpg,uploads/sites/5/2025/11/2151930388-400x284.jpg,18979,325212ba0febc0bbae3a08bb4ea799a03617bd8edc19bfe50e545ac074b237ea,image/jpeg,,,,
uploads/sites/5/2025/11/2151930388-510x382.jpg,uploads/sites/5/2025/11/2151930388-510x382.jpg,28775,ced62420b1aced4d2c5f44817257709137e7c68ed319f4f48ce75286ea820560,image/jpeg,,,,
uploads/sites/5/2025/11/120044-1080x675.jpg,uploads/sites/5/2025/11/120044-1080x675.jpg,108893,0582f29c5ec93f0c6db88f9fbfd695909f250ac1da6f229525e77d3425cca134,image/jpeg,,,,
uploads/sites/5/2025/11/143021-e1763291423474.jpg,uploads/sites/5/2025/11/143021-e1763291423474.jpg,123019,4fd6ed2027a1377dbd710f4920dd886ba35b4ba8747c86a2f95682bb7a227253,image/jpeg,,,,
uploads/sites/5/2025/11/banner-wc-001-e1763484626801-391x260.webp,uploads/sites/5/2025/11/banner-wc-001-e1763484626801-391x260.webp,25222,907bcd03666d65b9b1f461a55c7dc2a9b0bb6bc04f96dd7e78983011cb7c7e03,image/webp,,,,
uploads/sites/5/2025/11/120044-500x500.jpg,uploads/sites/5/2025/11/120044-500x500.jpg,47539,ec580c45c43e5b58447ef5ed838dfb93ea5f6acde24fd5d775c03b0442a294da,image/jpeg,,,,
uploads/sites/5/2025/11/2151118274-510x382.jpg,uploads/sites/5/2025/11/2151118274-510x382.jpg,36182,597de0fe25070c95e636ceb89110352c777bbe372241ccaddeecc698054f0df3,image/jpeg,,,,
uploads/sites/5/2025/11/123795-480x320.jpg,uploads/sites/5/2025/11/123795-480x320.jpg,21729,4a74d48702b45a29cbb4c0eee107661a127bef4f97d5bbd9817b156593ccec71,image/jpeg,,,,
uploads/sites/5/2025/11/29680-391x260.jpg,uploads/sites/5/2025/11/29680-391x260.jpg,15421,855d63e106fadaa3d00624e05bc056079d5fadc748da3d8bc6434ccbe38531f2,image/jpeg,,,,
uploads/sites/5/2025/11/2147770870-e1763292893626-510x382.jpg,uploads/sites/5/2025/11/2147770870-e1763292893626-510x382.jpg,22252,61147e32a26a6513675b4733b04bdb2e58c15e85ea21319127179ba300c1472a,image/jpeg,,,,
uploads/sites/5/2025/11/cropped-favicon-270x270.png,uploads/sites/5/2025/11/cropped-favicon-270x270.png,53693,b0beb7b1b9919f718ea2fadd330d44d72d2df6dade52af35473352dff48b3249,image/png,,,,
uploads/sites/5/2025/11/2150951473-500x500.jpg,uploads/sites/5/2025/11/2150951473-500x500.jpg,35937,29e8181ef29667334b95890fa365a645c96a0dd3dd7bcad6df8287b0486aa01b,image/jpeg,,,,
uploads/sites/5/2025/11/logo-474x300.png,uploads/sites/5/2025/11/logo-474x300.png,12588,673dad9ec0274db922d0872c6439434f7bb59b539c7baba2272e273005d766d3,image/png,,,,
uploads/sites/5/2025/11/584-1024x682.jpg,uploads/sites/5/2025/11/584-1024x682.jpg,87272,0e95d3fbec47a5532c26dcf3d68f0e15eac3864794462c55769c8afd4c01c782,image/jpeg,,,,
uploads/sites/5/2025/11/96081-400x516.jpg,uploads/sites/5/2025/11/96081-400x516.jpg,27905,de102246ef35fc48a55181870e8f43dc3874b3bf5ff424e2dea97452aba3dd39,image/jpeg,,,,
uploads/sites/5/2025/11/2150951473-391x260.jpg,uploads/sites/5/2025/11/2150951473-391x260.jpg,19970,95c916d47eda0a633cf7b9db8a7a03e5d65f63876eefe94ac64b4085213cb020,image/jpeg,,,,
uploads/sites/5/2025/11/559-1080x675.jpg,uploads/sites/5/2025/11/559-1080x675.jpg,171689,0a5ba451de50a8b8c823cb12b7f6039cd39d10402c8ae25f7be2d2b81e6de648,image/jpeg,,,,
uploads/sites/5/2025/11/2151930388-1280x640.jpg,uploads/sites/5/2025/11/2151930388-1280x640.jpg,94215,317d141d9bb12fd5df674ed874f05ae792ed5c527e5ad93e7bcc8bd9243e8ab5,image/jpeg,,,,
uploads/sites/5/2025/11/2151930388-400x250.jpg,uploads/sites/5/2025/11/2151930388-400x250.jpg,18038,a42447677d791fc47ee0bbf531ae38814323d433dfbb5fb44076e8ae8bb36c02,image/jpeg,,,,
uploads/sites/5/2025/11/129014-1080x720.jpg,uploads/sites/5/2025/11/129014-1080x720.jpg,32625,550d45037e513e431d8849ab0fb88c06f7e7b6f8d18a359efb269c55d7912e27,image/jpeg,,,,
uploads/sites/5/2025/11/2733704_12016-scaled-1-1080x675.jpg,uploads/sites/5/2025/11/2733704_12016-scaled-1-1080x675.jpg,102052,47ec56aa521d75eb60995d0e240b586012060283a7cbf210c376749dc68a56d5,image/jpeg,,,,
uploads/sites/5/2025/11/2147770870-e1763292893626-300x69.jpg,uploads/sites/5/2025/11/2147770870-e1763292893626-300x69.jpg,4878,e97be3bb27be60434c2055664a15a37ca76281170d387120ae59a68ed86768df,image/jpeg,,,,
uploads/sites/5/2025/11/logo-300x75.png,uploads/sites/5/2025/11/logo-300x75.png,14367,1f3da3c13a9840e676716d75da7422ceb851f84b2e9d8aba856a8c5a719c6d84,image/png,,,,
uploads/sites/5/2025/11/2150951473-300x300.jpg,uploads/sites/5/2025/11/2150951473-300x300.jpg,17669,758fc2b03b562c2ff0349a6403276e060733aff1613a77903cf83c40a1f14f09,image/jpeg,,,,
uploads/sites/5/2025/11/home-banner-480x288.jpg,uploads/sites/5/2025/11/home-banner-480x288.jpg,38774,9b5095955dc002190575df3e79140487c3c4e233af7b59094f369dd6342d1117,image/jpeg,,,,
uploads/sites/5/2025/11/123795-400x250.jpg,uploads/sites/5/2025/11/123795-400x250.jpg,16641,e13484e16475b53d71f48c5daf3d73ddcc7443704a9f5847ba49c69cf49a3ab5,image/jpeg,,,,
uploads/sites/5/2025/11/584-400x284.jpg,uploads/sites/5/2025/11/584-400x284.jpg,23097,d2aea07d6964ef2653c274b1bd04108d12390e7bad15d31886051fccf7388078,image/jpeg,,,,
uploads/sites/5/2025/11/home-banner-1024x614.jpg,uploads/sites/5/2025/11/home-banner-1024x614.jpg,145233,132381b80cd955223a38639f01e853261f130d574df12adb767af0fd5d894eea,image/jpeg,,,,
uploads/sites/5/2025/11/143021-e1763291423474-300x400.jpg,uploads/sites/5/2025/11/143021-e1763291423474-300x400.jpg,11949,d758bce9cd610870cd2b684ecbff5b8632ca8a58476748266c6f9292700c94f7,image/jpeg,,,,
uploads/sites/5/2025/11/helping-each-other-scaled-1-1080x483.jpg,uploads/sites/5/2025/11/helping-each-other-scaled-1-1080x483.jpg,52253,4d251aa938306363cf3782d9a0a32267439162a0422a0b63e73a5674431000a9,image/jpeg,,,,
uploads/sites/5/2025/11/2147770870-e1763292893626-400x463.jpg,uploads/sites/5/2025/11/2147770870-e1763292893626-400x463.jpg,19747,59a71534f69076fd4abe96fd94feb8aec1b440a463b2b9aeed729d57f6aef306,image/jpeg,,,,
uploads/sites/5/2025/11/2733704_12016-scaled-1-400x250.jpg,uploads/sites/5/2025/11/2733704_12016-scaled-1-400x250.jpg,23149,c88c32b1622e216e77e795753367140d08860d8607b747379b3dcf5e151217a8,image/jpeg,,,,
uploads/sites/5/2025/11/120044-400x250.jpg,uploads/sites/5/2025/11/120044-400x250.jpg,24272,e95b8188cb272202298530966db88a6aa0181ba9d56277e96e1d4573035624e0,image/jpeg,,,,
uploads/sites/5/2025/11/helping-each-other-scaled-1-1024x458.jpg,uploads/sites/5/2025/11/helping-each-other-scaled-1-1024x458.jpg,47143,52b167996e528f3d8726757c1a34fa9520f4ce36519709049a7ff56e15c7bf9d,image/jpeg,,,,
uploads/sites/5/2025/11/123795-391x260.jpg,uploads/sites/5/2025/11/123795-391x260.jpg,16470,fcd70b3112f7c1293d52bb68bf11497c5474b6de0f4b0df3801b019567a0b1b0,image/jpeg,,,,
uploads/sites/5/2025/11/home-banner-1280x768.jpg,uploads/sites/5/2025/11/home-banner-1280x768.jpg,211725,b2ccca6856fb05f32fda606bee25f02b6db23b17a05469ef396993afe46bdad0,image/jpeg,,,,
uploads/sites/5/2025/11/helping-each-other-scaled-1-500x500.jpg,uploads/sites/5/2025/11/helping-each-other-scaled-1-500x500.jpg,28430,812afa44ac4faafba425428b8f7aefadae4f72655e49d39f73b9c6d6a200101b,image/jpeg,,,,
uploads/sites/5/2025/11/96081-1080x675.jpg,uploads/sites/5/2025/11/96081-1080x675.jpg,68591,960727a566294d5dbcee94cf191afbc0cade993ced4e5cfa151da0d165f6ea08,image/jpeg,,,,
uploads/sites/5/2025/11/29376-400x516.jpg,uploads/sites/5/2025/11/29376-400x516.jpg,25557,0e0f6d88b329e5dd7ee4837dbb663e13e647d1eb4ff530fc4df704d4c979c535,image/jpeg,,,,
uploads/sites/5/2025/11/29680-1536x878.jpg,uploads/sites/5/2025/11/29680-1536x878.jpg,115224,eb647844e073f908346cf1ec18f9cfc043092a840a7969d6211365e39c51a62a,image/jpeg,,,,
uploads/sites/5/2025/11/favicon.png,uploads/sites/5/2025/11/favicon.png,48244,f5d430889ce2151b288dcbb7d01eef450ccfe87172684a86f09037000e015741,image/png,,,,
uploads/sites/5/2025/11/banner-wc-001-e1763484626801-1024x476.webp,uploads/sites/5/2025/11/banner-wc-001-e1763484626801-1024x476.webp,111622,dd209e9d3f60cda280e9e0dce5e8c079846429cf86ec1887878491e952b08b28,image/webp,,,,
uploads/sites/5/2025/11/cropped-favicon-32x32.png,uploads/sites/5/2025/11/cropped-favicon-32x32.png,2193,5307f4b1b2ead2f3560d0ad455a1fa8eb7965fb50c504aee4aea5d7d3b6ef08e,image/png,,,,
uploads/sites/5/2025/11/2151930388-300x150.jpg,uploads/sites/5/2025/11/2151930388-300x150.jpg,9390,15fe8c18c15b274a3658b28113023e3bff0061a33f1eb4671e2c42a3d319bd76,image/jpeg,,,,
uploads/sites/5/2025/11/helping-each-other-scaled-1-474x324.jpg,uploads/sites/5/2025/11/helping-each-other-scaled-1-474x324.jpg,17186,ed9eaeb158e815eed9fbbf23e7326aca02982f5545d2630a5abf0b4ffa14d94b,image/jpeg,,,,
uploads/sites/5/2025/11/120044-510x382.jpg,uploads/sites/5/2025/11/120044-510x382.jpg,39725,71a8daa50f0d4151d39d8d79920a0b6c77b188eb1b0194c3505c168e0158787a,image/jpeg,,,,
uploads/sites/5/2025/11/2147770870-e1763292893626-474x324.jpg,uploads/sites/5/2025/11/2147770870-e1763292893626-474x324.jpg,19342,22a433e09c45e023d291e3bf8cfdd3ccc2cf44a0b85b70b50a0b8c43e29bd731,image/jpeg,,,,
uploads/sites/5/2025/11/helping-each-other-scaled-1-1080x675.jpg,uploads/sites/5/2025/11/helping-each-other-scaled-1-1080x675.jpg,80422,e06929ca55cafd00f2f6f153e36ccf774952e3e1c8ba35b539369c845a2d2681,image/jpeg,,,,
uploads/sites/5/2025/11/home-banner-1080x675.jpg,uploads/sites/5/2025/11/home-banner-1080x675.jpg,163514,4fac8685564dc51edd6219a4f568690f6444aa94614e136c75f0cbbc4312fe06,image/jpeg,,,,
uploads/sites/5/2025/11/2147770870-e1763292893626-300x400.jpg,uploads/sites/5/2025/11/2147770870-e1763292893626-300x400.jpg,13164,0f1b8ac90383ccff3f4db6d410253a82135aa5574096a171b49d1e45ec10e2c5,image/jpeg,,,,
uploads/sites/5/2025/11/29376-400x250.jpg,uploads/sites/5/2025/11/29376-400x250.jpg,17256,f12b846b21ef94c03a16b57fc0bdcb4148a359640babc6b36ec03deba81b5478,image/jpeg,,,,
uploads/sites/5/2025/11/29376-1080x675.jpg,uploads/sites/5/2025/11/29376-1080x675.jpg,69747,175a1467732a4cef457a91854a78d9837c3963de14da5fd516f5089c5ef4457f,image/jpeg,,,,
uploads/sites/5/2025/11/584-474x324.jpg,uploads/sites/5/2025/11/584-474x324.jpg,28928,8f10101405c184b766bfa3024d1138bdc14964f09eb032ee2bb3085245712956,image/jpeg,,,,
uploads/sites/5/2025/11/2147770870-e1763292893626-1536x356.jpg,uploads/sites/5/2025/11/2147770870-e1763292893626-1536x356.jpg,58932,677bca7b9cb05116a133605fd7d641b55f59be4a08e110901b2bd4ce1d330b1e,image/jpeg,,,,
uploads/sites/5/2025/11/143021-e1763291423474-400x250.jpg,uploads/sites/5/2025/11/143021-e1763291423474-400x250.jpg,12918,c241fcfc4675895589b5edfdc060814867814387cbafbc340ddac37a8c29f725,image/jpeg,,,,
uploads/sites/3/2025/11/zapper-150x150.png,uploads/sites/3/2025/11/zapper-150x150.png,19183,2cc608d5a7008b752f9e37ec904b808ad58a7934b2f1ca97d5b5903dce179b1b,image/png,,,,
uploads/sites/3/2025/11/29376-1280x853.jpg,uploads/sites/3/2025/11/29376-1280x853.jpg,93942,685caeb713d62dc638531ee9e252aa99bafbcac688b2a565dc9eeff9e970eaf1,image/jpeg,,,,
uploads/sites/3/2025/11/helping-each-other-scaled-1-480x215.jpg,uploads/sites/3/2025/11/helping-each-other-scaled-1-480x215.jpg,11265,96158d315c27f94b4a278677ea8baf4b5b2eaa9f077e5e47801d0e2bfac1988f,image/jpeg,,,,
uploads/sites/3/2025/11/2733704_12016-scaled-1.jpg,uploads/sites/3/2025/11/2733704_12016-scaled-1.jpg,449855,a673ed98e8bba3c5ea9b26a71a7a709603dca8f5aef3a80568cee4b08b3cc84e,image/jpeg,,,,
uploads/sites/3/2025/11/29680-1080x675.jpg,uploads/sites/3/2025/11/29680-1080x675.jpg,72307,b881de4e4b8a2f4f512c0862f2d0139731aa791d0affb3011c6767cccecf4681,image/jpeg,,,,
uploads/sites/3/2025/11/120044.jpg,uploads/sites/3/2025/11/120044.jpg,1580502,b5cd0535e771cc3c5391f80bfbfbacf776874c039cdbf2adee87127b62133185,image/jpeg,,,,
uploads/sites/3/2025/11/home-banner-500x500.jpg,uploads/sites/3/2025/11/home-banner-500x500.jpg,61276,93a0772f5744d10e061710d872b7ebb64337a9b841287fb4162a5d8b86bf36c6,image/jpeg,,,,
uploads/sites/3/2025/11/29680-150x150.jpg,uploads/sites/3/2025/11/29680-150x150.jpg,4965,041849bc38364118411b2173ff34feb6ea7bb8aece47e9f9505201af13feb490,image/jpeg,,,,
uploads/sites/3/2025/11/120044-300x219.jpg,uploads/sites/3/2025/11/120044-300x219.jpg,17598,c542d1a7d4b03fce6b943c4984a25c64faa48593ba84c86a8f1f2d02e3750a96,image/jpeg,,,,
uploads/sites/3/2025/11/123795-474x324.jpg,uploads/sites/3/2025/11/123795-474x324.jpg,22291,705c88c7b0e214210bec4b0a45c4fce1405cb161896ebee70f38b600b85227d2,image/jpeg,,,,
uploads/sites/3/2025/11/584.jpg,uploads/sites/3/2025/11/584.jpg,1174390,811e4790e81520fc1b5394026d8d3a814090af9a72b1d3d75bca2d995c250bb0,image/jpeg,,,,
uploads/sites/3/2025/11/123795-768x513.jpg,uploads/sites/3/2025/11/123795-768x513.jpg,43047,1f96db5a21c08cf1a3ac1824a9cff961def32096f4dbae24df08095e92093249,image/jpeg,,,,
uploads/sites/3/2025/11/123795-400x284.jpg,uploads/sites/3/2025/11/123795-400x284.jpg,18031,203eddeec8f1da86d4163326826bbf9fe9deee2098e86b56a257043ef836e79c,image/jpeg,,,,
uploads/sites/3/2025/11/2150951473-1280x717.jpg,uploads/sites/3/2025/11/2150951473-1280x717.jpg,92948,35a7989b49921ef74a260e0a66b09410102fffed7b039111238e096733fa367d,image/jpeg,,,,
uploads/sites/3/2025/11/29680-768x439.jpg,uploads/sites/3/2025/11/29680-768x439.jpg,38404,c6819945648f71e645154641892bd0e4f22a5f1c7c4f8c63dd96cbd6f9054925,image/jpeg,,,,
uploads/sites/3/2025/11/zapper.png,uploads/sites/3/2025/11/zapper.png,17587,8874197e3371b0db1e36140d727897d673ca7af9077a32f0839bdfad922592b2,image/png,,,,
uploads/sites/3/2025/11/129014-400x516.jpg,uploads/sites/3/2025/11/129014-400x516.jpg,12384,6fd35a4cfe571644563049d42925ff2c93f61de9b6546e622f4fe0b6c2ee30a4,image/jpeg,,,,
uploads/sites/3/2025/11/2151118274-400x516.jpg,uploads/sites/3/2025/11/2151118274-400x516.jpg,34611,bc0a6c3ab2322d9b32f25d2d8d194caf270648fea669519380e357d8723b6886,image/jpeg,,,,
uploads/sites/3/2025/11/584-300x300.jpg,uploads/sites/3/2025/11/584-300x300.jpg,19608,de9c74430b0cd470c7fdc52c32c2fc7dc6345cdbd60aeeaf7ebb9335555d70d4,image/jpeg,,,,
uploads/sites/3/2025/11/584-300x200.jpg,uploads/sites/3/2025/11/584-300x200.jpg,14469,aab28945a61fa19e076a3b5a32c99ecca8701390e5bb9a061d544d0d96da1c46,image/jpeg,,,,
uploads/sites/3/2025/11/banner-wc-001-e1763484626801-400x516.webp,uploads/sites/3/2025/11/banner-wc-001-e1763484626801-400x516.webp,48834,77046704cd7ca52dc24991bef81e1f59deac32b299da6981518dadf40e7068c4,image/webp,,,,
uploads/sites/3/2025/11/2151118274-768x512.jpg,uploads/sites/3/2025/11/2151118274-768x512.jpg,60122,8206b075cfdcfb714ce90bdc0cc832a6e12cf44ccd7d47ca41465c9ef0d3ef95,image/jpeg,,,,
uploads/sites/3/2025/11/123795-300x200.jpg,uploads/sites/3/2025/11/123795-300x200.jpg,11237,c922eea6803d0f82bcfd645e98f12334bc9127c0f9b5c1b561438eb620f9ab71,image/jpeg,,,,
uploads/sites/3/2025/11/129014-1024x682.jpg,uploads/sites/3/2025/11/129014-1024x682.jpg,29745,fc0bb0778941a5f5e22fc0caaa4f2d9b286084d1de820e203dfe8410dfd9934b,image/jpeg,,,,
uploads/sites/3/2025/11/2150951473-474x324.jpg,uploads/sites/3/2025/11/2150951473-474x324.jpg,26394,f3bb3cebd4ff0abf4ada26c32aad1819d39c89c20cb3ed83c9920f1779594c0a,image/jpeg,,,,
uploads/sites/3/2025/11/129014-400x250.jpg,uploads/sites/3/2025/11/129014-400x250.jpg,6768,c98b313b7f5eae9758552c743f00b3cb70445b26338abc49c92b57e9bb4e3418,image/jpeg,,,,
uploads/sites/3/2025/11/123795.jpg,uploads/sites/3/2025/11/123795.jpg,1028069,372d28dc7a82aed9e7330555e2957572d868127d20b858808169ea9cbc1348d0,image/jpeg,,,,
uploads/sites/3/2025/11/29376-1080x720.jpg,uploads/sites/3/2025/11/29376-1080x720.jpg,72749,1405275e3de6b937f29197d2ba49a1e00eea576963fb8437d7c9059535bf0b0e,image/jpeg,,,,
uploads/sites/3/2025/11/helping-each-other-scaled-1-1280x573.jpg,uploads/sites/3/2025/11/helping-each-other-scaled-1-1280x573.jpg,72401,e75617473b0ddf49429d2ea1788d7707ac11f842cc7136ca5f349108bd59f6e9,image/jpeg,,,,
uploads/sites/3/2025/11/120044-391x260.jpg,uploads/sites/3/2025/11/120044-391x260.jpg,24475,55469b041bf02e4eb09f49f274d2f8b8bf6f514a9af152d0bac86b0ce6c924b3,image/jpeg,,,,
uploads/sites/3/2025/11/2733704_12016-scaled-1-2560x1800.jpg,uploads/sites/3/2025/11/2733704_12016-scaled-1-2560x1800.jpg,456893,31eef9e27990a3a6b54b18b65844ce6da5a810463b446a67386fcef23d42e7d2,image/jpeg,,,,
uploads/sites/3/2025/11/home-banner.jpg,uploads/sites/3/2025/11/home-banner.jpg,484950,4ac8ba6e8c3ae057d2fb20a5d95b088aaadc67a55889176c4a3988265d5c48fb,image/jpeg,,,,
uploads/sites/3/2025/11/123795-1080x675.jpg,uploads/sites/3/2025/11/123795-1080x675.jpg,69242,a907393847efeae26c15aad46bda08179264c34e3992f231782d8e45279a5497,image/jpeg,,,,
uploads/sites/3/2025/11/129014-150x150.jpg,uploads/sites/3/2025/11/129014-150x150.jpg,2731,971b62dda6b2bdd422b3e5dee9b880cc563c11fb991b4076a0b2e000e1f551b1,image/jpeg,,,,
uploads/sites/3/2025/11/2151930388-391x260.jpg,uploads/sites/3/2025/11/2151930388-391x260.jpg,18027,f97ccdf48a8eb3cc9c35ab61159066f202e0b7bfb8209c91cb6a1483aa685b1a,image/jpeg,,,,
uploads/sites/3/2025/11/banner-wc-001-e1763484626801-400x250.webp,uploads/sites/3/2025/11/banner-wc-001-e1763484626801-400x250.webp,24904,853b4f07ceffe7fa1b2f1bb838762a004d30260157f689453967568e74c15912,image/webp,,,,
uploads/sites/3/2025/11/banner-wc-001-e1763484626801-480x223.webp,uploads/sites/3/2025/11/banner-wc-001-e1763484626801-480x223.webp,25634,432c83c17a7a370af3883f06d38fe02e69077fa14a0aa265f5ce0d1091e1237a,image/webp,,,,
uploads/sites/3/2025/11/logo-768x192.png,uploads/sites/3/2025/11/logo-768x192.png,56607,9f065618e9582e901534ef2dbd5a078ef2068426c5e7bfeb8c64b2e4842d7878,image/png,,,,
uploads/sites/3/2025/11/2147770870-e1763292893626-300x300.jpg,uploads/sites/3/2025/11/2147770870-e1763292893626-300x300.jpg,11493,b9211c58d97d093dfa55f22e6928ed643c703619edf674bd556df569cc8e47ab,image/jpeg,,,,
uploads/sites/3/2025/11/123795-400x516.jpg,uploads/sites/3/2025/11/123795-400x516.jpg,29037,ef9917031f7d1354ab3b048747832644fcea6eb19cd5e6256806e9123ad44643,image/jpeg,,,,
uploads/sites/3/2025/11/123795-300x300.jpg,uploads/sites/3/2025/11/123795-300x300.jpg,16611,670ba7da4f672f75bc500511ac0efc4cfa81fdfe2e0f45b5e49aa139bf2f543c,image/jpeg,,,,
uploads/sites/3/2025/11/2150951473-300x168.jpg,uploads/sites/3/2025/11/2150951473-300x168.jpg,12052,55a89079641d91981e30626dc2d4863801f667bd58739f1a31949ca51353fe63,image/jpeg,,,,
uploads/sites/3/2025/11/2147770870-e1763292893626.jpg,uploads/sites/3/2025/11/2147770870-e1763292893626.jpg,96863,c71a509defbafd7a832e856784fa9e21aef61eea6b6ce8b540428269f7c12fb9,image/jpeg,,,,
uploads/sites/3/2025/11/2147770870-e1763292893626-1024x237.jpg,uploads/sites/3/2025/11/2147770870-e1763292893626-1024x237.jpg,29966,6d98d5534b824091854a5cc88a609b6e073ee13754c8b1768ec23f4f1ffbcefe,image/jpeg,,,,
uploads/sites/3/2025/11/2150951473-1024x574.jpg,uploads/sites/3/2025/11/2150951473-1024x574.jpg,67482,c3850b9e7bbcd7efebec857d1bde974cd73a98c211bec522690eead2155277a1,image/jpeg,,,,
uploads/sites/3/2025/11/559-400x250.jpg,uploads/sites/3/2025/11/559-400x250.jpg,29024,bda0ff7a9dbb7cf21522bf9956d07ade7e79455a5c1d14dcad11c913015b232a,image/jpeg,,,,
uploads/sites/3/2025/11/559-510x382.jpg,uploads/sites/3/2025/11/559-510x382.jpg,52186,e12444d039dfa2ff5e596b796ffab3d91d6036b1ea64b78a9e5d245d06886484,image/jpeg,,,,
uploads/sites/3/2025/11/2733704_12016-scaled-1-474x324.jpg,uploads/sites/3/2025/11/2733704_12016-scaled-1-474x324.jpg,30978,540bc007858521bd77ca5494a88912de23776d0e7c3314942a2b56fb9ae5fcd0,image/jpeg,,,,
uploads/sites/3/2025/11/helping-each-other-scaled-1-300x134.jpg,uploads/sites/3/2025/11/helping-each-other-scaled-1-300x134.jpg,5382,233be30068fc7d0b40ec991dce88027f6dbd42cf8088002cbd857b2a5532a233,image/jpeg,,,,
uploads/sites/3/2025/11/29680-300x300.jpg,uploads/sites/3/2025/11/29680-300x300.jpg,14220,22c52b6b759088c46bb5d6fcfd361368884d54f168fac8b4618572290df661dc,image/jpeg,,,,
uploads/sites/3/2025/11/559-400x284.jpg,uploads/sites/3/2025/11/559-400x284.jpg,31697,9cf96ac4da4960f6d588a70348c67dba314b8dad8e7b16c3de1cbde38894a379,image/jpeg,,,,
uploads/sites/3/2025/11/home-banner-768x461.jpg,uploads/sites/3/2025/11/home-banner-768x461.jpg,89300,a5e2644181493845ec89fb22c55571f0c15cb7a9067d7a2cc93038006364307c,image/jpeg,,,,
uploads/sites/3/2025/11/home-banner-400x250.jpg,uploads/sites/3/2025/11/home-banner-400x250.jpg,29241,ceeb42b93d65bd7819fc8716f8d599e7303e59afc10889acf34aaa9243c3a6e1,image/jpeg,,,,
uploads/sites/3/2025/11/129014-1280x853.jpg,uploads/sites/3/2025/11/129014-1280x853.jpg,43938,bf6a76a821f170636380c26251d66c4f77183b88b9b8b776738f9d204a61bf7a,image/jpeg,,,,
uploads/sites/3/2025/11/2150951473-768x430.jpg,uploads/sites/3/2025/11/2150951473-768x430.jpg,44772,8fa8e44d928d0d58318cf8ff5690d2e095ea657eb75ead58514e65e0bd6c8b1c,image/jpeg,,,,
uploads/sites/3/2025/11/559-1536x1024.jpg,uploads/sites/3/2025/11/559-1536x1024.jpg,316550,c4fb313af1e8bd67ac7dc9ff6ce10b8b75972e1f31037b15f9535a24876007e0,image/jpeg,,,,
uploads/sites/3/2025/11/2733704_12016-scaled-1-1080x770.jpg,uploads/sites/3/2025/11/2733704_12016-scaled-1-1080x770.jpg,109868,a0967865597fbf2d58bba0412871e76acb72404f572c23b0f7d3de0f6d56c05d,image/jpeg,,,,
uploads/sites/3/2025/11/2151930388-150x150.jpg,uploads/sites/3/2025/11/2151930388-150x150.jpg,5066,3a7bf071f9b836a2643ea75870d0cad5bd1389bd5b8dbfac853ab45d01c96c34,image/jpeg,,,,
uploads/sites/3/2025/11/2151118274-480x320.jpg,uploads/sites/3/2025/11/2151118274-480x320.jpg,28415,f3d78425d20831dfbb5a93239b5ebde557af5e189bea1d62cba959c0ae896f5a,image/jpeg,,,,
uploads/sites/3/2025/11/2733704_12016-scaled-1-500x500.jpg,uploads/sites/3/2025/11/2733704_12016-scaled-1-500x500.jpg,45994,601b9ef01a1ff6a879ee0914256ce0400b100a5d60e1ce673c3744bc4d9b057d,image/jpeg,,,,
uploads/sites/3/2025/11/2147770870-e1763292893626-1080x250.jpg,uploads/sites/3/2025/11/2147770870-e1763292893626-1080x250.jpg,32806,dd9962a9ef1201d121127484da64f7ef7b854e1f9f6382b26bd214e20b673053,image/jpeg,,,,
uploads/sites/3/2025/11/2151930388.jpg,uploads/sites/3/2025/11/2151930388.jpg,913581,03c0c8e5eadcaecb8ced3e62dc4a49c00e09257e139aee7e680071fe21ecd076,image/jpeg,,,,
uploads/sites/3/2025/11/logo-980x245.png,uploads/sites/3/2025/11/logo-980x245.png,80889,fffe8953c6cbd96ebeb663d60d4ed8ec48bcef072dcacf6746a5b0944029aa55,image/png,,,,
uploads/sites/3/2025/11/29376-400x284.jpg,uploads/sites/3/2025/11/29376-400x284.jpg,18611,e65b5afecead64232eda7c24c72bfa9e49ab3f3af8a317f57d778a9d641f33b5,image/jpeg,,,,
uploads/sites/3/2025/11/banner-wc-001-e1763484626801-980x456.webp,uploads/sites/3/2025/11/banner-wc-001-e1763484626801-980x456.webp,104462,80eb47469c163c496a00929331c47587c59a98a7c2a72dc0b2cad1b45cf86864,image/webp,,,,
uploads/sites/3/2025/11/584-1080x675.jpg,uploads/sites/3/2025/11/584-1080x675.jpg,91861,8b6ed48db893b74b490c857f3b74feedc3f6d447432198a5e0731127c06d0af7,image/jpeg,,,,
uploads/sites/3/2025/11/129014-500x500.jpg,uploads/sites/3/2025/11/129014-500x500.jpg,13688,b6ca95d554150a2ae39f89daa1beabe0c1bbf5df02dacd826311369c6305b489,image/jpeg,,,,
uploads/sites/3/2025/11/584-150x150.jpg,uploads/sites/3/2025/11/584-150x150.jpg,7311,ce807536454d12defd621696ef2793df98b3aa8c4a3299c536715c00ac8cd2f5,image/jpeg,,,,
uploads/sites/3/2025/11/559-1280x853.jpg,uploads/sites/3/2025/11/559-1280x853.jpg,235755,2002fe51adf41926cd67ef5a2104ae79718dc6a34aa941b2bf9a50f150c05355,image/jpeg,,,,
uploads/sites/3/2025/11/129014-300x400.jpg,uploads/sites/3/2025/11/129014-300x400.jpg,8386,cbeca2920fdbfb22057587d149875eebba00c335e1c01bfc5132d8cf68275ac6,image/jpeg,,,,
uploads/sites/3/2025/11/cropped-favicon-150x150.png,uploads/sites/3/2025/11/cropped-favicon-150x150.png,18396,ed256d4aedacccda10a442aa0e71d4b13671976f2360ed9df3d0e32701993105,image/png,,,,
uploads/sites/3/2025/11/559-1024x682.jpg,uploads/sites/3/2025/11/559-1024x682.jpg,161972,e236aaa01406e119990020bf32fb8164595aeebac9cb23ec3cea53666d5c9a77,image/jpeg,,,,
uploads/sites/3/2025/11/home-banner-474x324.jpg,uploads/sites/3/2025/11/home-banner-474x324.jpg,42115,dccb1e0285d709f820ac0bf09fce5c8b9afa3dd4f6f68fb15461beddafb02161,image/jpeg,,,,
uploads/sites/3/2025/11/logo-150x150.png,uploads/sites/3/2025/11/logo-150x150.png,4322,69a928a87c08761fd2df94bab1d2edcb81b6c85dc86f5eb33a1f77a6720d09d4,image/png,,,,
uploads/sites/3/2025/11/home-banner-1536x922.jpg,uploads/sites/3/2025/11/home-banner-1536x922.jpg,292828,8118069d82f1e8df750689f3e083697a2c9b356b4556fbccd773205d864e5440,image/jpeg,,,,
uploads/sites/3/2025/11/2147770870-e1763292893626-400x284.jpg,uploads/sites/3/2025/11/2147770870-e1763292893626-400x284.jpg,14919,0f74fe4b3424c64809b53c5caa79c2af667e2bfb84aad32cc40440923c227bf0,image/jpeg,,,,
uploads/sites/3/2025/11/120044-980x714.jpg,uploads/sites/3/2025/11/120044-980x714.jpg,106269,d1e2f0d6f458b477958ee67b31cc7cda31ac4c1805fe7be3667b2e8582e01933,image/jpeg,,,,
uploads/sites/3/2025/11/29680-500x500.jpg,uploads/sites/3/2025/11/29680-500x500.jpg,31793,8d9305141f4ec63a4445ecc3f8450f2f7a9a328ed7898c5171077112133dd12a,image/jpeg,,,,
uploads/sites/3/2025/11/584-1536x1024.jpg,uploads/sites/3/2025/11/584-1536x1024.jpg,165940,88cda2c17afda1fefac3f9d2b5065456ae9decd444fe9cc94bd9bfd9c72ce195,image/jpeg,,,,
uploads/sites/3/2025/11/120044-400x516.jpg,uploads/sites/3/2025/11/120044-400x516.jpg,40110,d183372237e2d1a361d159ba9e4fff636661db40ad977e7cd12bb8131bae5392,image/jpeg,,,,
uploads/sites/3/2025/11/helping-each-other-scaled-1-400x284.jpg,uploads/sites/3/2025/11/helping-each-other-scaled-1-400x284.jpg,12749,2664ce18ce267dff9ba8c533c3dc10ee0e739c19c4d789411dbcd597421de685,image/jpeg,,,,
uploads/sites/3/2025/11/120044-300x300.jpg,uploads/sites/3/2025/11/120044-300x300.jpg,21726,65d0eee52d78adaceb549a29f6703ebb25c425b949b5518575f1b3bab485bc33,image/jpeg,,,,
uploads/sites/3/2025/11/2151930388-400x516.jpg,uploads/sites/3/2025/11/2151930388-400x516.jpg,24188,591ef06d7e90cf84e355cf36b9c2c6d6afe2dc4d418f7de35d1944ea5eebbea1,image/jpeg,,,,
uploads/sites/3/2025/11/143021-e1763291423474-391x260.jpg,uploads/sites/3/2025/11/143021-e1763291423474-391x260.jpg,13121,8bcd8fea65a08abb5e9d8f735f3bed9db400001b7118809d719332fb9a81d993,image/jpeg,,,,
uploads/sites/3/2025/11/2151118274-980x653.jpg,uploads/sites/3/2025/11/2151118274-980x653.jpg,88291,43cd9c68af04c963aa3d52d7a06e8a7a7082f28537b583a25a45cbc3b5543cd8,image/jpeg,,,,
uploads/sites/3/2025/11/143021-e1763291423474-1280x465.jpg,uploads/sites/3/2025/11/143021-e1763291423474-1280x465.jpg,53215,b555253e4c60ec0182b76df851cde2ebd998dbc6082910187584dacd1c1c7b48,image/jpeg,,,,
uploads/sites/3/2025/11/129014-1536x1024.jpg,uploads/sites/3/2025/11/129014-1536x1024.jpg,60390,a5c9216ecb3bdba3b6ea6bb34879c5165f4ff1cc0b3e518d3f93419a568a0428,image/jpeg,,,,
uploads/sites/3/2025/11/2733704_12016-scaled-1-1024x730.jpg,uploads/sites/3/2025/11/2733704_12016-scaled-1-1024x730.jpg,101054,e0f96b0641524e485ee1f4f280d9ca17951fa8958240b8d29ebedea51b67ab96,image/jpeg,,,,
uploads/sites/3/2025/11/2151118274-500x500.jpg,uploads/sites/3/2025/11/2151118274-500x500.jpg,42793,a39b13e7784ac72f55bf64b027541abcfe745abbfc2daff53c4bf4fbe1c0c93b,image/jpeg,,,,
uploads/sites/3/2025/11/143021-e1763291423474-768x279.jpg,uploads/sites/3/2025/11/143021-e1763291423474-768x279.jpg,22458,e00ed1117de2a0f34ad18bb2fc5b9d9704b2287fad38ef1e681be21e12df46f7,image/jpeg,,,,
uploads/sites/3/2025/11/2733704_12016-scaled-1-768x547.jpg,uploads/sites/3/2025/11/2733704_12016-scaled-1-768x547.jpg,65061,a64594fc547c081042ea977cde12b235ff0b5d56653f8e47759dbf4b34ee6830,image/jpeg,,,,
uploads/sites/3/2025/11/2150951473-400x284.jpg,uploads/sites/3/2025/11/2150951473-400x284.jpg,21117,66cbf2e192220f51f92833c4c689a32f9f92956d750c4d80a09e47230c4b60df,image/jpeg,,,,
uploads/sites/3/2025/11/29376-300x400.jpg,uploads/sites/3/2025/11/29376-300x400.jpg,17181,8c4fc1ea3645f79a21f094bdc1aad75a53bd5de532f2fe13dea88f00a1c5e6df,image/jpeg,,,,
uploads/sites/3/2025/11/logo-510x300.png,uploads/sites/3/2025/11/logo-510x300.png,13711,573bb698dc02b5745ccc644649b8ab3f4794b47456ccc0d68b099ecab4b5186f,image/png,,,,
uploads/sites/3/2025/11/cropped-favicon-474x324.png,uploads/sites/3/2025/11/cropped-favicon-474x324.png,87514,2dba3260eaad561c08a790cb47380063895566b751f41df9ff958a4ee921cb76,image/png,,,,
uploads/sites/3/2025/11/2151118274-391x260.jpg,uploads/sites/3/2025/11/2151118274-391x260.jpg,20751,4c7efb5f8c173caca04307604f286d0c7f85fe918ef28d899c8c8280e53efa94,image/jpeg,,,,
uploads/sites/3/2025/11/29680-474x324.jpg,uploads/sites/3/2025/11/29680-474x324.jpg,21579,8b086eff317f8f19acbccae341b9245414446c70701d6f934f2418da5972b166,image/jpeg,,,,
uploads/sites/3/2025/11/home-banner-300x400.jpg,uploads/sites/3/2025/11/home-banner-300x400.jpg,30530,4546f9fe91e874f3f2250484b968ddd6e9f4e30c1a0bbb591feb021d0de1cc4f,image/jpeg,,,,
uploads/sites/3/2025/11/banner-wc-001-e1763484626801-300x300.webp,uploads/sites/3/2025/11/banner-wc-001-e1763484626801-300x300.webp,22910,31a1a6808682ab37ff206194ea5dfd709ffd7b66f1096608750de009d29d86bb,image/webp,,,,
uploads/sites/3/2025/11/banner-wc-001-e1763484626801-500x500.webp,uploads/sites/3/2025/11/banner-wc-001-e1763484626801-500x500.webp,59020,1202828d758311d0e164f4b9dea412b5966315eac52206ff075912e6d219c234,image/webp,,,,
uploads/sites/3/2025/11/129014-300x300.jpg,uploads/sites/3/2025/11/129014-300x300.jpg,6364,fdbf5ef0a66601f88e9ea012787c72372f9e0f7d699d29435c37860819e15ea7,image/jpeg,,,,
uploads/sites/3/2025/11/29680-1024x585.jpg,uploads/sites/3/2025/11/29680-1024x585.jpg,60466,b96c69508881ac8525a728a66f80112eceb07993b5c7252eb0fe3e5cb788a712,image/jpeg,,,,
uploads/sites/3/2025/11/home-banner-510x382.jpg,uploads/sites/3/2025/11/home-banner-510x382.jpg,51906,a429d3661ae7d6619c53cc3c77fb70f535788cb0bf191bf92af39fc72466be17,image/jpeg,,,,
uploads/sites/3/2025/11/559-480x320.jpg,uploads/sites/3/2025/11/559-480x320.jpg,41430,16b4e1227ee4f15cda91532c1a86f7947bc468916872312263527e51adfabd4e,image/jpeg,,,,
uploads/sites/3/2025/11/2151118274-1536x1024.jpg,uploads/sites/3/2025/11/2151118274-1536x1024.jpg,176653,dabe7fc2ac704c43c7b1abbb9badc81df17e17e41fe87a00473b89606d2ebd83,image/jpeg,,,,
uploads/sites/3/2025/11/559-500x500.jpg,uploads/sites/3/2025/11/559-500x500.jpg,61348,c6be9a35ea50aa0689bc502db67346d1e22afdbd18432c2a7c35b4ac7eccf956,image/jpeg,,,,
uploads/sites/3/2025/11/2151930388-474x324.jpg,uploads/sites/3/2025/11/2151930388-474x324.jpg,24870,d5777050c69b6acace6197a60afd90256d2d213df3db585232547ce1401d8152,image/jpeg,,,,
uploads/sites/3/2025/11/29680-400x516.jpg,uploads/sites/3/2025/11/29680-400x516.jpg,27138,72d4079068f70a14c7f7adc448f75e9e5a08bc85a94e4ea9b2a562c77f392cfd,image/jpeg,,,,
uploads/sites/3/2025/11/2733704_12016-scaled-1-400x516.jpg,uploads/sites/3/2025/11/2733704_12016-scaled-1-400x516.jpg,35966,7fd8dea9b043c337003ec62b0064640e2b570218c6d22a656df93ef140282c46,image/jpeg,,,,
uploads/sites/3/2025/11/2733704_12016-scaled-1-300x300.jpg,uploads/sites/3/2025/11/2733704_12016-scaled-1-300x300.jpg,21665,d9f6af2dcffdc0e68ef8a72f0e8929e84b5426342e72645d61e087339047d455,image/jpeg,,,,
uploads/sites/3/2025/11/559-400x516.jpg,uploads/sites/3/2025/11/559-400x516.jpg,49112,ba7915de030711e74585cb78b838c863f3dfc95d14590bb320ce16fe04be0fb0,image/jpeg,,,,
uploads/sites/3/2025/11/2147770870-e1763292893626-980x227.jpg,uploads/sites/3/2025/11/2147770870-e1763292893626-980x227.jpg,28264,970c88a1c96a19d764f995f9b9910c4d8131c7dd15c8a0c077228a523cee5257,image/jpeg,,,,
uploads/sites/3/2025/11/2733704_12016-scaled-1-150x150.jpg,uploads/sites/3/2025/11/2733704_12016-scaled-1-150x150.jpg,7917,54d4594b8b8251eab2489d214022ef7d1c8075ed5ebdef62a49a77c0a672257d,image/jpeg,,,,
uploads/sites/3/2025/11/120044-300x400.jpg,uploads/sites/3/2025/11/120044-300x400.jpg,26168,a7d1416692d4f0d56f4f9f96ae2537e54936c32ec58c3f5640a64f9a07afdc85,image/jpeg,,,,
uploads/sites/3/2025/11/helping-each-other-scaled-1-768x344.jpg,uploads/sites/3/2025/11/helping-each-other-scaled-1-768x344.jpg,26598,251be904e19755e0093764dc3f5b220910aad3af58250d17f2d30f3dffe99b3e,image/jpeg,,,,
uploads/sites/3/2025/11/banner-wc-001-e1763484626801-300x400.webp,uploads/sites/3/2025/11/banner-wc-001-e1763484626801-300x400.webp,30174,b1f814119d7b95f83dc1a40867ac499058157057257b8d578b93c014da079df9,image/webp,,,,
uploads/sites/3/2025/11/2150951473-480x269.jpg,uploads/sites/3/2025/11/2150951473-480x269.jpg,23153,ecb119485389b67c05436040da3990b26d513b883b8d4d9b06f25a404b25b9a4,image/jpeg,,,,
uploads/sites/3/2025/11/29680-400x250.jpg,uploads/sites/3/2025/11/29680-400x250.jpg,15031,cd8f70d24f70540b2f1f33fce4859f5cfe1a654f7f1a89581732dbb6108af315,image/jpeg,,,,
uploads/sites/3/2025/11/29680-400x284.jpg,uploads/sites/3/2025/11/29680-400x284.jpg,16972,a1493054914fb179daf994fef05c2cdfa65d341d36061e0daca9aa8f5c8fbab8,image/jpeg,,,,
uploads/sites/3/2025/11/143021-e1763291423474-1080x393.jpg,uploads/sites/3/2025/11/143021-e1763291423474-1080x393.jpg,39670,4648d2373a4b3859e7373d43d32c72fbadcdcb82884ab15dd85a9a887a811825,image/jpeg,,,,
uploads/sites/3/2025/11/29680-300x400.jpg,uploads/sites/3/2025/11/29680-300x400.jpg,17602,fa195057700d676fbe3556275d42f347501373ec444d56830c177aad7fff40ce,image/jpeg,,,,
uploads/sites/3/2025/11/2733704_12016-scaled-1-1536x1094.jpg,uploads/sites/3/2025/11/2733704_12016-scaled-1-1536x1094.jpg,189096,8bdf4fa171e785c567377c9b378cbc55dea7030c073741420af97230fe5df282,image/jpeg,,,,
uploads/sites/3/2025/11/cropped-favicon.png,uploads/sites/3/2025/11/cropped-favicon.png,110642,df210711106a3cdffb6cb3fd6530bda5429bc43139e96acf6f3e73b178d438dd,image/png,,,,
uploads/sites/3/2025/11/2151118274-400x284.jpg,uploads/sites/3/2025/11/2151118274-400x284.jpg,23274,f88b68294217d770ae3ba7fd986531de3d296942f696ce0c84458cd97506aeab,image/jpeg,,,,
uploads/sites/3/2025/11/helping-each-other-scaled-1-2048x916.jpg,uploads/sites/3/2025/11/helping-each-other-scaled-1-2048x916.jpg,183404,990568bddc0031225f2bdef7eb3a605586325035fb6780191f8d8bb58aa60732,image/jpeg,,,,
uploads/sites/3/2025/11/29376-980x653.jpg,uploads/sites/3/2025/11/29376-980x653.jpg,63298,0aa2d18b8fe2e24a21f23a1dfc7b869e08d98dc53701200b838850d528195748,image/jpeg,,,,
uploads/sites/3/2025/11/143021-e1763291423474-500x500.jpg,uploads/sites/3/2025/11/143021-e1763291423474-500x500.jpg,23981,f58041217fb0120ed30ef814b9256f4dcd4ab862c6e35e7017dda15056610d2d,image/jpeg,,,,
uploads/sites/3/2025/11/29376-768x512.jpg,uploads/sites/3/2025/11/29376-768x512.jpg,44293,b81b8e03610b04bab20cf00d3e94f1c74903496b123ec4260a4335ea7ccbba6d,image/jpeg,,,,
uploads/sites/3/2025/11/2147770870-e1763292893626-1280x296.jpg,uploads/sites/3/2025/11/2147770870-e1763292893626-1280x296.jpg,42999,9d9448f97351dfa9090e0e86954a87479c75aed1fe7cfc0e7fcefc99021e3d46,image/jpeg,,,,
uploads/sites/3/2025/11/banner-wc-001-e1763484626801-300x139.webp,uploads/sites/3/2025/11/banner-wc-001-e1763484626801-300x139.webp,10608,74ac3e596a932de3b31268b87b87160cb02e0f2fa1edb552b9183b45404a70d3,image/webp,,,,
uploads/sites/3/2025/11/129014-400x284.jpg,uploads/sites/3/2025/11/129014-400x284.jpg,7168,17e7307ffecd4a0428b75bc08e69c6e0d1b8454cdc61e0537809d08847f45c8b,image/jpeg,,,,
uploads/sites/3/2025/11/2151118274-1080x720.jpg,uploads/sites/3/2025/11/2151118274-1080x720.jpg,102497,30dfe9f74a0de11396799054f26e6d34d2646f8eb1d75864170b17349ef6a245,image/jpeg,,,,
uploads/sites/3/2025/11/129014.jpg,uploads/sites/3/2025/11/129014.jpg,417758,9ee2338cbce4746670206a0504a6f0d87b3ef7dbd29a772d979abdd05e019a28,image/jpeg,,,,
uploads/sites/3/2025/11/home-banner-400x516.jpg,uploads/sites/3/2025/11/home-banner-400x516.jpg,49271,85a0f145cbb3fa80b09d3a8d6171c9ace1c07e367197842d258aa7785244496b,image/jpeg,,,,
uploads/sites/3/2025/11/584-400x516.jpg,uploads/sites/3/2025/11/584-400x516.jpg,33099,003ccb7a46d0fa4f5c4e373b8f812ae6df19886c330e328f458be311e9dd661c,image/jpeg,,,,
uploads/sites/3/2025/11/29680.jpg,uploads/sites/3/2025/11/29680.jpg,702574,568becb9033e554dcd2cf4bf5605622b1145adbd9f364e57d03da3a61fade568,image/jpeg,,,,
uploads/sites/3/2025/11/2733704_12016-scaled-1-1280x912.jpg,uploads/sites/3/2025/11/2733704_12016-scaled-1-1280x912.jpg,146474,438a1caa49b07c8ff9132e6d373a6cab3867c43c0e272978b9d6f06e32a4b6c4,image/jpeg,,,,
uploads/sites/3/2025/11/2151118274.jpg,uploads/sites/3/2025/11/2151118274.jpg,1307616,cbaf1e9dcb179de7abd7f5bdb0afea4e71271a0148eb1cad5b5b9b3783e52b9d,image/jpeg,,,,
uploads/sites/3/2025/11/584-510x382.jpg,uploads/sites/3/2025/11/584-510x382.jpg,34594,59a60148afca493499cbb5f550edf0539cb6d66fd78ecd601a60d2d3f35f4bbe,image/jpeg,,,,
uploads/sites/3/2025/11/123795-300x400.jpg,uploads/sites/3/2025/11/123795-300x400.jpg,19837,e08576d9f1dec4391b3d5ec6c00c371e4f61a796e678f102742a59b06889fedc,image/jpeg,,,,
uploads/sites/3/2025/11/2147770870-e1763292893626-500x463.jpg,uploads/sites/3/2025/11/2147770870-e1763292893626-500x463.jpg,25317,1eb8e4ecb020b8b65fbad4e7c8b94beada6fa19f12e049e8a0a9e0cc8eeb0023,image/jpeg,,,,
uploads/sites/3/2025/11/120044-1024x746.jpg,uploads/sites/3/2025/11/120044-1024x746.jpg,113199,8f9b3aa58a90f614f80785f9c03c38939f43af66e2f5dbe765f8d715d90221f2,image/jpeg,,,,
uploads/sites/3/2025/11/143021-e1763291423474-1024x372.jpg,uploads/sites/3/2025/11/143021-e1763291423474-1024x372.jpg,36419,1510f9114dd5e5550a7e863fae9f5686092d5a5e8e6eec6c5f878c3fdc557787,image/jpeg,,,,
uploads/sites/3/2025/11/helping-each-other-scaled-1-510x382.jpg,uploads/sites/3/2025/11/helping-each-other-scaled-1-510x382.jpg,21537,b44f77138d484f97f88e62aecab0fe8f5df30e69e49ee5175846f94b3b748cff,image/jpeg,,,,
uploads/sites/3/2025/11/29680-1080x617.jpg,uploads/sites/3/2025/11/29680-1080x617.jpg,65959,a63433f16cfc6a3fd2ef657db82db6ff16856dc8e9663f1d6cfc676d49f75c23,image/jpeg,,,,
uploads/sites/3/2025/11/2151930388-1024x512.jpg,uploads/sites/3/2025/11/2151930388-1024x512.jpg,66444,052cb4c494bc228bcd5e7743f3203b94508858c3d47fe41621327d4de53f9c8a,image/jpeg,,,,
uploads/sites/3/2025/11/120044-480x350.jpg,uploads/sites/3/2025/11/120044-480x350.jpg,35639,96d54d6586cb6c22fa5c9d1e8e06e0b7344ae4e39f2308764c3f2a56fc7550ef,image/jpeg,,,,
uploads/sites/3/2025/11/120044-150x150.jpg,uploads/sites/3/2025/11/120044-150x150.jpg,7698,0fcf08602ac5f637abf7142a9d946221195ad676d5a51e47afb2790aaa52164a,image/jpeg,,,,
uploads/sites/3/2025/11/2151930388-300x300.jpg,uploads/sites/3/2025/11/2151930388-300x300.jpg,14236,3e52140803362a8851658bf92a6a5ccdcf2a27a9858ed3ae3264bd5b0fbe9386,image/jpeg,,,,
uploads/sites/3/2025/11/143021-e1763291423474-980x356.jpg,uploads/sites/3/2025/11/143021-e1763291423474-980x356.jpg,33961,32c2d06e1778b76e99fc6bbdaf589a4500eecf79f909b798425f455a1163d2cd,image/jpeg,,,,
uploads/sites/3/2025/11/2150951473-1536x861.jpg,uploads/sites/3/2025/11/2150951473-1536x861.jpg,122346,5b716353199e32e4129e2b0b22b4976507c239a215a77c0417c973257ed08b48,image/jpeg,,,,
uploads/sites/3/2025/11/129014-768x512.jpg,uploads/sites/3/2025/11/129014-768x512.jpg,18432,80bed644d74919c4b1ade7e780417459a66f47809d5b768315fbcc3c5f3e340a,image/jpeg,,,,
uploads/sites/3/2025/11/logo-391x260.png,uploads/sites/3/2025/11/logo-391x260.png,14473,2448cce5d7d8ccf4ca67a92c29ee9de58f2331d85c28b1c33ef98b57c3f68edb,image/png,,,,
uploads/sites/3/2025/11/559-1080x720.jpg,uploads/sites/3/2025/11/559-1080x720.jpg,177632,9398c1ca2e4f4fbc6770401ff3aa58a4447fa741056ad9f1c0e72aff3477c562,image/jpeg,,,,
uploads/sites/3/2025/11/2147770870-e1763292893626-1080x463.jpg,uploads/sites/3/2025/11/2147770870-e1763292893626-1080x463.jpg,59904,5facd3db00eb9f9810d51b375d13f31883ce87c8dfff3f9a779deade642e2d13,image/jpeg,,,,
uploads/sites/3/2025/11/123795-980x654.jpg,uploads/sites/3/2025/11/123795-980x654.jpg,61588,1e6e8749486ed2d11477ca93ef21cf3d43133d1c9507caee535d5c7a3644539a,image/jpeg,,,,
uploads/sites/3/2025/11/2151930388-768x384.jpg,uploads/sites/3/2025/11/2151930388-768x384.jpg,42162,dca046e802275a2a0da01b10d9ebdeeb6fca9b26e78e6324075d0bfda4cae456,image/jpeg,,,,
uploads/sites/3/2025/11/banner-wc-001-e1763484626801-1080x595.webp,uploads/sites/3/2025/11/banner-wc-001-e1763484626801-1080x595.webp,169526,da4410ae6519cfd69869c27575e43132d0940741b3795fa56b822ce38556a49a,image/webp,,,,
uploads/sites/3/2025/11/29680-300x171.jpg,uploads/sites/3/2025/11/29680-300x171.jpg,8801,ed65dd3b5e798c4162505292d19c81d4fe842960d3e14b7f0e699fd37eeb64bc,image/jpeg,,,,
uploads/sites/3/2025/11/2151118274-300x200.jpg,uploads/sites/3/2025/11/2151118274-300x200.jpg,13484,d6f51b3a57a1edb0589f433779a348fc344b57c08502a0b490fff6732bd33c41,image/jpeg,,,,
uploads/sites/3/2025/11/29376-300x300.jpg,uploads/sites/3/2025/11/29376-300x300.jpg,15152,da511de3ad07930f031cb82a29e8359cba66111a653cd0b9ca8694a3e1a96582,image/jpeg,,,,
uploads/sites/3/2025/11/143021-e1763291423474-400x284.jpg,uploads/sites/3/2025/11/143021-e1763291423474-400x284.jpg,14080,9fe859b21c522014cba72c53b63bdc478cd0c1b896c53f47de78c4974ee14325,image/jpeg,,,,
uploads/sites/3/2025/11/2733704_12016-scaled-1-480x342.jpg,uploads/sites/3/2025/11/2733704_12016-scaled-1-480x342.jpg,32051,fb5beb61c3516246124182667e0bb91e3dee1750a50a4a3953834150b91f8b88,image/jpeg,,,,
uploads/sites/3/2025/11/logo-1080x270.png,uploads/sites/3/2025/11/logo-1080x270.png,94239,be40637a1fcd510df5410673b36f88ee1ce13bc7e0a3f7c3dca9983aeeee5e5a,image/png,,,,
uploads/sites/3/2025/11/143021-e1763291423474-480x174.jpg,uploads/sites/3/2025/11/143021-e1763291423474-480x174.jpg,11193,3004cf0d217eaa4a7ebe73b01aeeb78ee7a96726ced25f210719a00f8d445dc8,image/jpeg,,,,
uploads/sites/3/2025/11/120044-1080x787.jpg,uploads/sites/3/2025/11/120044-1080x787.jpg,122618,4715c524234528e2049feaa3c04f1e7f9e00974a7c966c8b3dd22e88ee83bc1a,image/jpeg,,,,
uploads/sites/3/2025/11/helping-each-other-scaled-1.jpg,uploads/sites/3/2025/11/helping-each-other-scaled-1.jpg,311830,5698bda9900349a9e058bcd0c5ad0631f0e9d463020dda9c143ce400c5f970f7,image/jpeg,,,,
uploads/sites/3/2025/11/123795-1536x1025.jpg,uploads/sites/3/2025/11/123795-1536x1025.jpg,120468,3f3b8247270fe76277f949698fce404942c48aed7297f5a040d61f1e3323b4a2,image/jpeg,,,,
uploads/sites/3/2025/11/129014-391x260.jpg,uploads/sites/3/2025/11/129014-391x260.jpg,6714,0d0e2e65f45bdefe7a4ae767a47dfb0c306e3e2840d5088e6bad2f55848d0f81,image/jpeg,,,,
uploads/sites/3/2025/11/logo-300x300.png,uploads/sites/3/2025/11/logo-300x300.png,8699,be2678da4b8f337e0247070067140b685a25f8de9cea1979a2f89fee61200787,image/png,,,,
uploads/sites/3/2025/11/584-480x320.jpg,uploads/sites/3/2025/11/584-480x320.jpg,28424,4e00cae22d2156c9a36487822a1406a81cf816e8e87ffd6fb873df60bde2c523,image/jpeg,,,,
uploads/sites/3/2025/11/559-300x400.jpg,uploads/sites/3/2025/11/559-300x400.jpg,30809,9c541dc9e6a0768eedde8ae12da3c99076f9d9c467016a8417df93fe465b2880,image/jpeg,,,,
uploads/sites/3/2025/11/helping-each-other-scaled-1-980x438.jpg,uploads/sites/3/2025/11/helping-each-other-scaled-1-980x438.jpg,42943,a17d2371e78f15adb27d9a778c28310bf4123228a00568bfe67b3b4cad334d1a,image/jpeg,,,,
uploads/sites/3/2025/11/cropped-favicon-500x500.png,uploads/sites/3/2025/11/cropped-favicon-500x500.png,119326,68c76536f8258ed74ca871b443bd3eee88df938fb38bc809bc9caeeaa145c639,image/png,,,,
uploads/sites/3/2025/11/banner-wc-001-e1763484626801-400x284.webp,uploads/sites/3/2025/11/banner-wc-001-e1763484626801-400x284.webp,28092,1a4977ba8fa7fb7b99602fdaf4a7bcfe2e9cc1d41e5d1c8aad120a4657d1a9c7,image/webp,,,,
uploads/sites/3/2025/11/2733704_12016-scaled-1-510x382.jpg,uploads/sites/3/2025/11/2733704_12016-scaled-1-510x382.jpg,36971,237471717e8ddcbfe064da7b8e48c9e2fb306f5fe2b20f38ba6a4f3bbe54dafd,image/jpeg,,,,
uploads/sites/3/2025/11/120044-400x284.jpg,uploads/sites/3/2025/11/120044-400x284.jpg,26802,1e61bd93fcd000f28357d465c0b77693a0984273517d34f355323ee1f618c889,image/jpeg,,,,
uploads/sites/3/2025/11/logo-480x120.png,uploads/sites/3/2025/11/logo-480x120.png,28482,3b9d18f90c33ca67cf5d30e929d838b550663fe4ce1eb0f7c1e5e4e86f2d1e5d,image/png,,,,
uploads/sites/3/2025/11/2733704_12016-scaled-1-391x260.jpg,uploads/sites/3/2025/11/2733704_12016-scaled-1-391x260.jpg,23326,9d5ae20e42f30421449d823699cd7a68ed3c65fe88d50fca9ee36304a06cd46c,image/jpeg,,,,
uploads/sites/3/2025/11/home-banner-300x300.jpg,uploads/sites/3/2025/11/home-banner-300x300.jpg,25172,14dbabcf3c4c3aa39c43239da26912fc08b74cb49fa26c07b74ab39b8e1aa705,image/jpeg,,,,
uploads/sites/3/2025/11/584-768x512.jpg,uploads/sites/3/2025/11/584-768x512.jpg,56407,6535175718e4206c14806944483883147f5e07c1129c640414988acc2a8f6f39,image/jpeg,,,,
uploads/sites/3/2025/11/584-500x500.jpg,uploads/sites/3/2025/11/584-500x500.jpg,40805,5e3529b474db5336d35ca057d186942ed3121c2626352bd27713695f826ad229,image/jpeg,,,,
uploads/sites/3/2025/11/559-391x260.jpg,uploads/sites/3/2025/11/559-391x260.jpg,28626,17cd4cc8ba91f6b40cdbeb6d5d6ce3086a9716779343763deb842c9e6b05cf90,image/jpeg,,,,
uploads/sites/3/2025/11/29680-480x274.jpg,uploads/sites/3/2025/11/29680-480x274.jpg,18488,0902897ea533154b0fa759d4d7d9689eeeac959be563e7da92415837150a0002,image/jpeg,,,,
uploads/sites/3/2025/11/helping-each-other-scaled-1-400x250.jpg,uploads/sites/3/2025/11/helping-each-other-scaled-1-400x250.jpg,11308,feb6df74f5c23c33ca4073f929a7574b69b27154f29eebc214034c2b09f6c0d8,image/jpeg,,,,
uploads/sites/3/2025/11/29376-1024x682.jpg,uploads/sites/3/2025/11/29376-1024x682.jpg,67480,08d27b36e94cff7fd9691f4910ebff0699006d19fe4c8eaac0261182c77e562b,image/jpeg,,,,
uploads/sites/3/2025/11/helping-each-other-scaled-1-300x400.jpg,uploads/sites/3/2025/11/helping-each-other-scaled-1-300x400.jpg,13391,fbdf4ab43eac8ef224b167ec27dcee6fa2d50e5fa5aaafe11853202ee871c427,image/jpeg,,,,
uploads/sites/3/2025/11/559-300x300.jpg,uploads/sites/3/2025/11/559-300x300.jpg,24806,f5861cb74216b170f48337a284db4f9f6f1a5d7400cb7ddbda76b5d562fb72cf,image/jpeg,,,,
uploads/sites/3/2025/11/2733704_12016-scaled-1-300x400.jpg,uploads/sites/3/2025/11/2733704_12016-scaled-1-300x400.jpg,24075,bdd81aa43e2180578b849a6d4d3a54ce46e30014cdcfb71f947a4b622bb74aa3,image/jpeg,,,,
uploads/sites/3/2025/11/helping-each-other-scaled-1-300x300.jpg,uploads/sites/3/2025/11/helping-each-other-scaled-1-300x300.jpg,10118,d5a947cdce3729d8ef358e095a0e1dfbc59517d97ca16a0ae48596a53e9f8932,image/jpeg,,,,
uploads/sites/3/2025/11/banner-wc-001-e1763484626801-150x150.webp,uploads/sites/3/2025/11/banner-wc-001-e1763484626801-150x150.webp,6202,2e016f8c32b3c88cee979d7b12c2efeada97d62dc1c0c0fa825a930787a7c05f,image/webp,,,,
uploads/sites/3/2025/11/29376-474x324.jpg,uploads/sites/3/2025/11/29376-474x324.jpg,23191,bc4f6d5219274be22bc26b8e4b0cb901c5cf58c32dcc008b62663205403b71d7,image/jpeg,,,,
uploads/sites/3/2025/11/cropped-favicon-180x180.png,uploads/sites/3/2025/11/cropped-favicon-180x180.png,25068,41859540c2fe0f10b39174a5bf843ecbee006d1fffc811d00502857130adfa62,image/png,,,,
uploads/sites/3/2025/11/banner-wc-001-e1763484626801.webp,uploads/sites/3/2025/11/banner-wc-001-e1763484626801.webp,198602,f37beacb12dcc6e550c5e123cf980301c8b64f6c1415a50428518511259a74a0,image/webp,,,,
uploads/sites/3/2025/11/2147770870-e1763292893626-768x178.jpg,uploads/sites/3/2025/11/2147770870-e1763292893626-768x178.jpg,19031,86ab764e65d37974e8ed3a1361cfdec13e479cb502623b99b49c287e5cba0cc8,image/jpeg,,,,
uploads/sites/3/2025/11/143021-e1763291423474-510x382.jpg,uploads/sites/3/2025/11/143021-e1763291423474-510x382.jpg,21764,51af2b3e140042a9b36a5595fec3ae88d4e5a9edd50c4c87b9fd61f7aa61c11b,image/jpeg,,,,
uploads/sites/3/2025/11/559-768x512.jpg,uploads/sites/3/2025/11/559-768x512.jpg,97587,8a286b8922c17dfdb8e86d1527b063b9ce38b26c6006fe4d0dbc832fe273b1c2,image/jpeg,,,,
uploads/sites/3/2025/11/584-400x250.jpg,uploads/sites/3/2025/11/584-400x250.jpg,21246,a653d4186c0312be175d89321008d9360cf25940cfef97614315e2ef807e4799,image/jpeg,,,,
uploads/sites/3/2025/11/120044-1280x932.jpg,uploads/sites/3/2025/11/120044-1280x932.jpg,156779,30187602a69feef773a697870c39524e218077a784f92b3aa626bc94a99cfe55,image/jpeg,,,,
uploads/sites/3/2025/11/129014-510x382.jpg,uploads/sites/3/2025/11/129014-510x382.jpg,10687,2899e03ba4b6751e702b5b4cb9dc0b05536381dfe69790f783e4fab9882cc75d,image/jpeg,,,,
uploads/sites/3/2025/11/logo-400x250.png,uploads/sites/3/2025/11/logo-400x250.png,14879,be706df1074154ea3f99454344e941e9cc6f7ab9baab76483c751a330b10b483,image/png,,,,
uploads/sites/3/2025/11/logo.png,uploads/sites/3/2025/11/logo.png,98720,e060ea3b52588002a2fdde02bb5b1206d2c36febbfebddd484237f8faaf63ad0,image/png,,,,
uploads/sites/3/2025/11/helping-each-other-scaled-1-391x260.jpg,uploads/sites/3/2025/11/helping-each-other-scaled-1-391x260.jpg,11513,7a60b8aabc16bc78820ca5a111106afcf61eb47671a76d182b7acd5068b55a98,image/jpeg,,,,
uploads/sites/3/2025/11/2147770870-e1763292893626-480x111.jpg,uploads/sites/3/2025/11/2147770870-e1763292893626-480x111.jpg,9300,2fa06686afa4680bf698e1117e515295f33a4b700cb981320b3747624edea4ae,image/jpeg,,,,
uploads/sites/3/2025/11/2151930388-980x490.jpg,uploads/sites/3/2025/11/2151930388-980x490.jpg,62599,369e712a8d8d4f5b2c233b38a94c220d4507bb74486a722d4af3ba5504f9173d,image/jpeg,,,,
uploads/sites/3/2025/11/home-banner-150x150.jpg,uploads/sites/3/2025/11/home-banner-150x150.jpg,7924,ebb19f9b3189138f6e85690ff7d2801bc86299e6290e6f7b3f4ba3730c24c1ae,image/jpeg,,,,
uploads/sites/3/2025/11/logo-400x284.png,uploads/sites/3/2025/11/logo-400x284.png,15207,100b505ac6e20f5b3e8c6c3f30c0973b4f2843e62f2013ca5db105e30fcdb4b1,image/png,,,,
uploads/sites/3/2025/11/2151930388-1080x675.jpg,uploads/sites/3/2025/11/2151930388-1080x675.jpg,85892,a1b37b18e7bb78809773dadbab9ce87f7622c4226f84136f8ec9f6e1d3e05b15,image/jpeg,,,,
uploads/sites/3/2025/11/2733704_12016-scaled-1-300x214.jpg,uploads/sites/3/2025/11/2733704_12016-scaled-1-300x214.jpg,16095,c6942afef67ec4ce1617b1e3216feac62fea1afeb0a8d335f2fc5901b4570d82,image/jpeg,,,,
uploads/sites/3/2025/11/584-1280x853.jpg,uploads/sites/3/2025/11/584-1280x853.jpg,123974,04096c3a964a9ee487ec0ca911f4d0419a25522f3e78024091f139455600a1f5,image/jpeg,,,,
uploads/sites/3/2025/11/143021-e1763291423474-150x150.jpg,uploads/sites/3/2025/11/143021-e1763291423474-150x150.jpg,4041,67ea07e9e615cfa829edcc023b96ba83127762599797f533e7d96721f2a05dff,image/jpeg,,,,
uploads/sites/3/2025/11/29376-510x382.jpg,uploads/sites/3/2025/11/29376-510x382.jpg,26953,8bfe3ce68283eca68e57f9e97c5787ab820319d6f4b4a6cdfc7ac9181ba555a6,image/jpeg,,,,
uploads/sites/3/2025/11/129014-480x320.jpg,uploads/sites/3/2025/11/129014-480x320.jpg,8897,663ed608e683164bf7a92d919c5c24a8dc52557b5877bcee930d95262e478f58,image/jpeg,,,,
uploads/sites/3/2025/11/2150951473-400x516.jpg,uploads/sites/3/2025/11/2150951473-400x516.jpg,30262,4e4573f84982c4268ef6589fa37f0796135f4dedb87abf7b24c90f65f2de6979,image/jpeg,,,,
uploads/sites/3/2025/11/29680-1280x732.jpg,uploads/sites/3/2025/11/29680-1280x732.jpg,86467,eac0df3311a300879d97bc68dab74616288ecf947e1927952e6a4e97d4bcc011,image/jpeg,,,,
uploads/sites/3/2025/11/29376.jpg,uploads/sites/3/2025/11/29376.jpg,1166132,94d05aaab42c337ec696935fee116e713102d28392b8007192d33344a31945c8,image/jpeg,,,,
uploads/sites/3/2025/11/2150951473.jpg,uploads/sites/3/2025/11/2150951473.jpg,1381592,0bd62de9f2a0aff6f9b4614d3b29dccbaaaf7b6ff4c2bb7edda6e429fe33dddd,image/jpeg,,,,
uploads/sites/3/2025/11/favicon-150x150.png,uploads/sites/3/2025/11/favicon-150x150.png,17766,0737cead2be6b73905288a705eca8e0c775ef8e5e030ee2b94d5d4a6ef44b5cd,image/png,,,,
uploads/sites/3/2025/11/29376-300x200.jpg,uploads/sites/3/2025/11/29376-300x200.jpg,11999,2abdbeeb9fde06d9f606e5f14dc3e1c5ce41a26833741af9d0bcb607a7118f9b,image/jpeg,,,,
uploads/sites/3/2025/11/logo-500x300.png,uploads/sites/3/2025/11/logo-500x300.png,13270,b0483ad421a54fccc72c7f8dce0e0085ee9a9102306f68e0ddcf86b8a7744819,image/png,,,,
uploads/sites/3/2025/11/2147770870-e1763292893626-400x250.jpg,uploads/sites/3/2025/11/2147770870-e1763292893626-400x250.jpg,14110,4a7c8ea5a5576038b4e55bac60f922d8b20798c1bca332ac6b07aea52fb8c582,image/jpeg,,,,
uploads/sites/3/2025/11/123795-1080x721.jpg,uploads/sites/3/2025/11/123795-1080x721.jpg,71587,b927bc91a4c957ae3da3282f6a31b24a411c7db0ec99c60c5d7f1d69e8366606,image/jpeg,,,,
uploads/sites/3/2025/11/2151930388-1080x540.jpg,uploads/sites/3/2025/11/2151930388-1080x540.jpg,72581,3108a003722133206b37ad4c633535739536132ffac5f6253c8c391cca2c00bf,image/jpeg,,,,
uploads/sites/3/2025/11/home-banner-980x588.jpg,uploads/sites/3/2025/11/home-banner-980x588.jpg,138016,9d31477ab7c45825134c50d814f5948cbb8b430847774f14331feaf5b8a5a7d9,image/jpeg,,,,
uploads/sites/3/2025/11/123795-1024x684.jpg,uploads/sites/3/2025/11/123795-1024x684.jpg,65522,60461d6c0565af222abfa08a031ea1b388a3b3d9985656e5fbda7f168531eedd,image/jpeg,,,,
uploads/sites/3/2025/11/29680-510x382.jpg,uploads/sites/3/2025/11/29680-510x382.jpg,26175,b6d51a3418653dfcb619d0ad52233f9381b323917ebbeede5f3f2447fdc75264,image/jpeg,,,,
uploads/sites/3/2025/11/helping-each-other-scaled-1-1536x687.jpg,uploads/sites/3/2025/11/helping-each-other-scaled-1-1536x687.jpg,106006,2dc3bfb5b250b932f0d3387e1ba35b27a74e5e873cb8375d650d23f66775b8e4,image/jpeg,,,,
uploads/sites/3/2025/11/2151930388-500x500.jpg,uploads/sites/3/2025/11/2151930388-500x500.jpg,31600,90066ad5c3840c9712ebf813d793492ef9b9fb7c26f9b5b23d98f4fca3d62ca9,image/jpeg,,,,
uploads/sites/3/2025/11/2733704_12016-scaled-1-400x284.jpg,uploads/sites/3/2025/11/2733704_12016-scaled-1-400x284.jpg,24468,10dd6b8a80176ab0b6c43ecbd05b40781ae641c35b02ba0339784493fb3efc20,image/jpeg,,,,
uploads/sites/3/2025/11/584-300x400.jpg,uploads/sites/3/2025/11/584-300x400.jpg,22229,2a725f26c1b26bb22fa3e00e6b2d7d776a65a0de93270929bd74355bf1162ca3,image/jpeg,,,,
uploads/sites/3/2025/11/home-banner-400x284.jpg,uploads/sites/3/2025/11/home-banner-400x284.jpg,32023,9660eda76f288c00d37df7e363b4d76c0de775e02921f9b8c171fdddb454148d,image/jpeg,,,,
uploads/sites/3/2025/11/2150951473-510x382.jpg,uploads/sites/3/2025/11/2150951473-510x382.jpg,30297,c2b57dec457bd5c3208d34a2de2c6b4c788b8d2cee83b4291c38cc106863eb67,image/jpeg,,,,
uploads/sites/3/2025/11/2150951473-1080x675.jpg,uploads/sites/3/2025/11/2150951473-1080x675.jpg,79487,8ff59b0c66182a4ab3d97c85a39e80fba7d90049d8e5c20f02e16cd2a149a6db,image/jpeg,,,,
uploads/sites/3/2025/11/559-150x150.jpg,uploads/sites/3/2025/11/559-150x150.jpg,7505,7689b049c53ccc5571199a02594d37cc5d11e9c6430f600c36ae39e83ef3698e,image/jpeg,,,,
uploads/sites/3/2025/11/home-banner-1080x649.jpg,uploads/sites/3/2025/11/home-banner-1080x649.jpg,163118,ac265ae41487f14aba5e9a867a89e0250d48f8374065fe0d9b12ba50cd7658bd,image/jpeg,,,,
uploads/sites/3/2025/11/2150951473-980x549.jpg,uploads/sites/3/2025/11/2150951473-980x549.jpg,63933,c72f468c2431870ac7eae4bf7b0e9bb264f082b65ed32b5853e178039221c9ea,image/jpeg,,,,
uploads/sites/3/2025/11/123795-510x382.jpg,uploads/sites/3/2025/11/123795-510x382.jpg,26765,badc778c213428b372b4cbf51142d8d8fc3a6ffac843445d4206d407eb32d051,image/jpeg,,,,
uploads/sites/3/2025/11/logo-1024x256.png,uploads/sites/3/2025/11/logo-1024x256.png,86848,1f15785372081d851694ea4a0c473f8de9a097814adb8c712632ceb79e7c2e22,image/png,,,,
uploads/sites/3/2025/11/123795-150x150.jpg,uploads/sites/3/2025/11/123795-150x150.jpg,6339,87a07db4fb337d89726cbaa3e7d3589cde98bab6a7357957b01fca5b783033c1,image/jpeg,,,,
uploads/sites/3/2025/11/2151930388-480x240.jpg,uploads/sites/3/2025/11/2151930388-480x240.jpg,19905,7ae0d7efb521b04c726a6f23dec02f1067aff8b36fecba5f0e1e2eb58b570aa4,image/jpeg,,,,
uploads/sites/3/2025/11/143021-e1763291423474-1080x675.jpg,uploads/sites/3/2025/11/143021-e1763291423474-1080x675.jpg,63893,dd2eb1557daf35c5c2ec2fa7f77334f805a6f686a39b18f835e54cb5d8a36560,image/jpeg,,,,
uploads/sites/3/2025/11/129014-474x324.jpg,uploads/sites/3/2025/11/129014-474x324.jpg,8981,562a24263736514d93e2e3c40c3562cc85f5eb7948a8caf8e304b588f95fd1da,image/jpeg,,,,
uploads/sites/3/2025/11/143021-e1763291423474-1536x558.jpg,uploads/sites/3/2025/11/143021-e1763291423474-1536x558.jpg,71432,bfa6f02c28d70d7da947dba0a04d62cc9e73cd8f3d026fe5bc6ba8c9f422b52b,image/jpeg,,,,
uploads/sites/3/2025/11/559.jpg,uploads/sites/3/2025/11/559.jpg,1640766,95f07596585d9e24cb09572a1ab8e7ae1f2102450b729a5e70411dde7c9ca94c,image/jpeg,,,,
uploads/sites/3/2025/11/2147770870-e1763292893626-391x260.jpg,uploads/sites/3/2025/11/2147770870-e1763292893626-391x260.jpg,14024,1ac80ad5c9717a91fb78d72a5367ce4cecbb6606f0267d140b9f2ad06d930cc7,image/jpeg,,,,
uploads/sites/3/2025/11/559-474x324.jpg,uploads/sites/3/2025/11/559-474x324.jpg,41922,13c4d065af017836bb40d546065391f2c3ceaf4990c4c9662df4c83f41e728ca,image/jpeg,,,,
uploads/sites/3/2025/11/143021-e1763291423474-474x324.jpg,uploads/sites/3/2025/11/143021-e1763291423474-474x324.jpg,18011,04f7c7be7ff01df29eceabdc1ce594a2519bb52d35629a503f0691b9eb8db2fe,image/jpeg,,,,
uploads/sites/3/2025/11/home-banner-1024x615.jpg,uploads/sites/3/2025/11/home-banner-1024x615.jpg,148162,591d569152755f68f856ee9df74b74aae95f2f3d42fd3b6a0cf72f965215eaa2,image/jpeg,,,,
uploads/sites/3/2025/11/2150951473-150x150.jpg,uploads/sites/3/2025/11/2150951473-150x150.jpg,6840,0f1d52802fbdfc88165b74533063c75378234600575a7e544f4c782317a31a66,image/jpeg,,,,
uploads/sites/3/2025/11/banner-wc-001-e1763484626801-474x324.webp,uploads/sites/3/2025/11/banner-wc-001-e1763484626801-474x324.webp,37710,715b7d7f52ecdac8b8da977d28df9f3644f34f0349a5ed544d09f4d38d5298df,image/webp,,,,
uploads/sites/3/2025/11/2151118274-1080x675.jpg,uploads/sites/3/2025/11/2151118274-1080x675.jpg,98485,d71f218bf76b361a0cafdb29562c57bf305b98550d0063d76b7dae1bba74334c,image/jpeg,,,,
uploads/sites/3/2025/11/2147770870-e1763292893626-150x150.jpg,uploads/sites/3/2025/11/2147770870-e1763292893626-150x150.jpg,4198,995bf0e9433b7fd66161130be8cab423cdb4c68fcc320489f4a048f624f9d7b4,image/jpeg,,,,
uploads/sites/3/2025/11/2151118274-400x250.jpg,uploads/sites/3/2025/11/2151118274-400x250.jpg,20656,6abe533e30ba2670a8de2d4f122ef621c176f7ae6f069749449418d25e22142b,image/jpeg,,,,
uploads/sites/3/2025/11/banner-wc-001-e1763484626801-1080x502.webp,uploads/sites/3/2025/11/banner-wc-001-e1763484626801-1080x502.webp,121970,ac40f467290f9cd37c0ae45e1cb56d4cdfb6b3fe0bebbe6a9760118426649ff2,image/webp,,,,
uploads/sites/3/2025/11/home-banner-391x260.jpg,uploads/sites/3/2025/11/home-banner-391x260.jpg,29437,20e373b051a7fe014fcd4697b0709dacffa771c272d38a446bc98b151a480091,image/jpeg,,,,
uploads/sites/3/2025/11/2151930388-300x400.jpg,uploads/sites/3/2025/11/2151930388-300x400.jpg,15978,33fa2d3565be5c841297d9bc68e0cc73e7b33e639e065ccf18b3a40ade662a95,image/jpeg,,,,
uploads/sites/3/2025/11/2151118274-150x150.jpg,uploads/sites/3/2025/11/2151118274-150x150.jpg,6435,f61b5aab8fa50ae6430faf5ae5c6e7ec2bf330c5b1b488d1caffe836d0408a2b,image/jpeg,,,,
uploads/sites/3/2025/11/29376-500x500.jpg,uploads/sites/3/2025/11/29376-500x500.jpg,31147,2dd03f65971542d4cc2e4998211d58fda4b410fceffa387fb9e4772fea747651,image/jpeg,,,,
uploads/sites/3/2025/11/29376-1536x1024.jpg,uploads/sites/3/2025/11/29376-1536x1024.jpg,123498,9cc158da895d3e211a1e339cd5c9db9fa3d4a367157614e2965af86e82745a48,image/jpeg,,,,
uploads/sites/3/2025/11/29680-980x560.jpg,uploads/sites/3/2025/11/29680-980x560.jpg,56407,e9768f24a32bf29402bed0fb616f3874d6e2c42bf742744d04d2e6ddadaa69a1,image/jpeg,,,,
uploads/sites/3/2025/11/2150951473-300x400.jpg,uploads/sites/3/2025/11/2150951473-300x400.jpg,20870,921996f651be0b8546704436a9f4c9478367cac9d45521d67c0f7e15113ea05c,image/jpeg,,,,
uploads/sites/3/2025/11/143021-e1763291423474-300x109.jpg,uploads/sites/3/2025/11/143021-e1763291423474-300x109.jpg,5771,5cf52c76cb40ad8e05deb9917786fc117786d49e698c2498bebc7e58b3b1614e,image/jpeg,,,,
uploads/sites/3/2025/11/2151118274-300x300.jpg,uploads/sites/3/2025/11/2151118274-300x300.jpg,19092,bc2c9723598ebaa75756a0e1b9f9fea97ffe7fd9a99fa791e4cad32d156d08de,image/jpeg,,,,
uploads/sites/3/2025/11/584-391x260.jpg,uploads/sites/3/2025/11/584-391x260.jpg,21372,a1d37f519437c7bfa860a28ddd49a1600b27180c0e1444d9cd42c87b4fcc6481,image/jpeg,,,,
uploads/sites/3/2025/11/29376-391x260.jpg,uploads/sites/3/2025/11/29376-391x260.jpg,17508,e65d38c6205198a80b56965adf24f6cd6888936d04b080a800815e3dad5a1e3a,image/jpeg,,,,
uploads/sites/3/2025/11/2733704_12016-scaled-1-2048x1459.jpg,uploads/sites/3/2025/11/2733704_12016-scaled-1-2048x1459.jpg,296068,a9d9158f2df8701925ae88e32a90c3f2778af9452b44a4f4c2d0b74ed26f7f56,image/jpeg,,,,
uploads/sites/3/2025/11/120044-1536x1119.jpg,uploads/sites/3/2025/11/120044-1536x1119.jpg,203735,9654830cc162688ad1d938091bd0e90b6cd4bcec64620feb506939ae7f8133f7,image/jpeg,,,,
uploads/sites/3/2025/11/logo-1080x300.png,uploads/sites/3/2025/11/logo-1080x300.png,80089,b0e4d6e7664512cd0dca820db40cadc365bd9b4b082c286557dca9e924ce826e,image/png,,,,
uploads/sites/3/2025/11/home-banner-300x180.jpg,uploads/sites/3/2025/11/home-banner-300x180.jpg,17597,d701c26fbd623d7535a4752446efbacfcb0e1a664235bdf31c198a6b062d2ab3,image/jpeg,,,,
uploads/sites/3/2025/11/2150951473-400x250.jpg,uploads/sites/3/2025/11/2150951473-400x250.jpg,19649,22c7a716c28549b3693b1c4ba8eea5003f419ba863f5f58dec247d3745d3d146,image/jpeg,,,,
uploads/sites/3/2025/11/129014-300x200.jpg,uploads/sites/3/2025/11/129014-300x200.jpg,4679,23b6a59264a44e4147e2df99abbdc56ff59cffb32d0b3cec0aeff576205ae023,image/jpeg,,,,
uploads/sites/3/2025/11/559-300x200.jpg,uploads/sites/3/2025/11/559-300x200.jpg,17720,e62ca09ed731d7d3c483152a3b66487a8d2fdc739bda0bb1130437bb0b040897,image/jpeg,,,,
uploads/sites/3/2025/11/559-980x653.jpg,uploads/sites/3/2025/11/559-980x653.jpg,150687,179fd1548c5d1ef1da2fdf2ae00472f34269c45a8672ffa6f19264282d44aa1b,image/jpeg,,,,
uploads/sites/3/2025/11/143021-e1763291423474-400x516.jpg,uploads/sites/3/2025/11/143021-e1763291423474-400x516.jpg,18807,dc484291f7465be7706770509a221c13d54b857551ad1bbccfcce062350ead91,image/jpeg,,,,
uploads/sites/3/2025/11/cropped-favicon-192x192.png,uploads/sites/3/2025/11/cropped-favicon-192x192.png,28001,f96ad99099bb6396439160336a80393d7b58581603254100c5641b4fce37cc23,image/png,,,,
uploads/sites/3/2025/11/120044-474x324.jpg,uploads/sites/3/2025/11/120044-474x324.jpg,33868,012ec63beac947213c0a46c2f776a60175bd0d28e95f85fdc783745a241e81e2,image/jpeg,,,,
uploads/sites/3/2025/11/banner-wc-001-e1763484626801-768x357.webp,uploads/sites/3/2025/11/banner-wc-001-e1763484626801-768x357.webp,67010,baaaa3015829ab3e4e5a14f95fa0999340288b5808a6ff619a0cbb678a8ea39a,image/webp,,,,
uploads/sites/3/2025/11/cropped-favicon-300x300.png,uploads/sites/3/2025/11/cropped-favicon-300x300.png,60758,b51337ab4a2a193b20a6a7a8d13fa1a76c2ade1d75a400d056123ed820aed1fa,image/png,,,,
uploads/sites/3/2025/11/584-980x653.jpg,uploads/sites/3/2025/11/584-980x653.jpg,81723,42f71540c58b5b22afef51ce9b59ce582299761adb079651e7d1659110e33063,image/jpeg,,,,
uploads/sites/3/2025/11/favicon-270x260.png,uploads/sites/3/2025/11/favicon-270x260.png,47697,302cd7b234423b93bf32aff7d13906b7642bfd5961592efdfecd18037c0a8d02,image/png,,,,
uploads/sites/3/2025/11/logo-400x300.png,uploads/sites/3/2025/11/logo-400x300.png,10799,82d5bb09e03d7d973d238c7fa92b027df3fa155e13a28b3a152fbdfcf7179ded,image/png,,,,
uploads/sites/3/2025/11/29376-150x150.jpg,uploads/sites/3/2025/11/29376-150x150.jpg,6005,792353e5f4c0f18b93bab1777084c8a0a6689321133ac4b2243a670327fd0c2f,image/jpeg,,,,
uploads/sites/3/2025/11/home-banner-1280x769.jpg,uploads/sites/3/2025/11/home-banner-1280x769.jpg,217536,c0d22e8908d9a2d785fb4d1923a386c969a6447d568d39748cec3aa4305a8d2d,image/jpeg,,,,
uploads/sites/3/2025/11/129014-980x653.jpg,uploads/sites/3/2025/11/129014-980x653.jpg,27735,d5ddaa62f864edf98aef2cf200bbd7e93e5a4bb808ec21bb2b302f5c0887dd52,image/jpeg,,,,
uploads/sites/3/2025/11/123795-1280x854.jpg,uploads/sites/3/2025/11/123795-1280x854.jpg,91616,ae932de0d84568cebd2aebae56dc129a3bfaf0234357e438270fb22ce756b01d,image/jpeg,,,,
uploads/sites/3/2025/11/143021-e1763291423474-300x300.jpg,uploads/sites/3/2025/11/143021-e1763291423474-300x300.jpg,10421,5efcfee9750828e45a48592b467e38790a5ec2fe56250c64cbf989ccecd8f86b,image/jpeg,,,,
uploads/sites/3/2025/11/helping-each-other-scaled-1-150x150.jpg,uploads/sites/3/2025/11/helping-each-other-scaled-1-150x150.jpg,3248,98fe356932035cb96e32a29e6594f3b12e9d22341e73660035b7c2de2f5d3645,image/jpeg,,,,
uploads/sites/3/2025/11/banner-wc-001-e1763484626801-510x382.webp,uploads/sites/3/2025/11/banner-wc-001-e1763484626801-510x382.webp,46860,08174c515e00a79934f811b619ba3f882e3ab7c66e669f69235a9cdb5fc40f7b,image/webp,,,,
uploads/sites/3/2025/11/2733704_12016-scaled-1-980x698.jpg,uploads/sites/3/2025/11/2733704_12016-scaled-1-980x698.jpg,94638,0621b8decbc4f2d5289d2f880d3373e8d37e9bbd117391fee51fcbd6d0a2d2e0,image/jpeg,,,,
uploads/sites/3/2025/11/2151118274-1280x853.jpg,uploads/sites/3/2025/11/2151118274-1280x853.jpg,133366,42c0267ef555aa4d101f7c11fb7fe1d3bd8bb0e1d732ff6ca2b03a2d0c26342a,image/jpeg,,,,
uploads/sites/3/2025/11/120044-768x559.jpg,uploads/sites/3/2025/11/120044-768x559.jpg,72912,2c4be0a22d1346fa7e12ea2dadee63b309ec66f3eac15d9b6d5d3c7d9e8fd441,image/jpeg,,,,
uploads/sites/3/2025/11/cropped-favicon-391x260.png,uploads/sites/3/2025/11/cropped-favicon-391x260.png,66603,d315b2bbd1dc3251f5c2dc133db6bbdf0e9b8cd2c15544a92f09b57b739f5e59,image/png,,,,
uploads/sites/3/2025/11/29376-480x320.jpg,uploads/sites/3/2025/11/29376-480x320.jpg,22771,cf8a81dd2d2d4a0b7134572b943fb82d8ed8abbf89f0f90396fb04b45cc29d56,image/jpeg,,,,
uploads/sites/3/2025/11/129014-1080x675.jpg,uploads/sites/3/2025/11/129014-1080x675.jpg,32120,f447e2a8fbb4660ef9013308b2fcff3c202d6ba1c96126f60cbecf24c725c3fc,image/jpeg,,,,
uploads/sites/3/2025/11/2151118274-300x400.jpg,uploads/sites/3/2025/11/2151118274-300x400.jpg,22833,af792ee07ebde6ad197fbe24e449ce5c2c27c20126b74a1713ba501cb814c403,image/jpeg,,,,
uploads/sites/3/2025/11/2151118274-1024x682.jpg,uploads/sites/3/2025/11/2151118274-1024x682.jpg,94736,c8d9161bbfa8d70bc3ed82b305039dc5ec3d3c18bd2ab2590e55bf3e74b1681c,image/jpeg,,,,
uploads/sites/3/2025/11/2150951473-1080x605.jpg,uploads/sites/3/2025/11/2150951473-1080x605.jpg,73143,a1c5e58000591699849301c1f07df7ebe54064eb365abeaeb9179ccf14445b31,image/jpeg,,,,
uploads/sites/3/2025/11/123795-500x500.jpg,uploads/sites/3/2025/11/123795-500x500.jpg,33592,9396675e5b1fba60d7bdd0d333c9d5ab03df0b405220f53ddff3acb0b6fd00d8,image/jpeg,,,,
uploads/sites/3/2025/11/helping-each-other-scaled-1-400x516.jpg,uploads/sites/3/2025/11/helping-each-other-scaled-1-400x516.jpg,23120,8de891d89241c1fbca641cc6200cc1476ae3727d09f1e49919cbf5c6af51e3c9,image/jpeg,,,,
uploads/sites/3/2025/11/584-1080x720.jpg,uploads/sites/3/2025/11/584-1080x720.jpg,94555,936cca84291bc64908e5b879622b9e1001fb6cb6b44586d731a79723b75340ac,image/jpeg,,,,
uploads/sites/3/2025/11/2151118274-474x324.jpg,uploads/sites/3/2025/11/2151118274-474x324.jpg,28944,cf56d8e6c90bc1b30548efcae450694ed1d0306386d079221fd2febf63adca42,image/jpeg,,,,
uploads/sites/3/2025/11/cropped-favicon-300x400.png,uploads/sites/3/2025/11/cropped-favicon-300x400.png,75236,09198c641f9e88e5118ff61031e6662c39f381b7424ef0ed5611a6e87e6b3402,image/png,,,,
uploads/sites/3/2025/11/2151930388-400x284.jpg,uploads/sites/3/2025/11/2151930388-400x284.jpg,18979,325212ba0febc0bbae3a08bb4ea799a03617bd8edc19bfe50e545ac074b237ea,image/jpeg,,,,
uploads/sites/3/2025/11/2151930388-510x382.jpg,uploads/sites/3/2025/11/2151930388-510x382.jpg,28775,ced62420b1aced4d2c5f44817257709137e7c68ed319f4f48ce75286ea820560,image/jpeg,,,,
uploads/sites/3/2025/11/120044-1080x675.jpg,uploads/sites/3/2025/11/120044-1080x675.jpg,108893,0582f29c5ec93f0c6db88f9fbfd695909f250ac1da6f229525e77d3425cca134,image/jpeg,,,,
uploads/sites/3/2025/11/143021-e1763291423474.jpg,uploads/sites/3/2025/11/143021-e1763291423474.jpg,123019,4fd6ed2027a1377dbd710f4920dd886ba35b4ba8747c86a2f95682bb7a227253,image/jpeg,,,,
uploads/sites/3/2025/11/banner-wc-001-e1763484626801-391x260.webp,uploads/sites/3/2025/11/banner-wc-001-e1763484626801-391x260.webp,25222,907bcd03666d65b9b1f461a55c7dc2a9b0bb6bc04f96dd7e78983011cb7c7e03,image/webp,,,,
uploads/sites/3/2025/11/120044-500x500.jpg,uploads/sites/3/2025/11/120044-500x500.jpg,47539,ec580c45c43e5b58447ef5ed838dfb93ea5f6acde24fd5d775c03b0442a294da,image/jpeg,,,,
uploads/sites/3/2025/11/2151118274-510x382.jpg,uploads/sites/3/2025/11/2151118274-510x382.jpg,36182,597de0fe25070c95e636ceb89110352c777bbe372241ccaddeecc698054f0df3,image/jpeg,,,,
uploads/sites/3/2025/11/123795-480x320.jpg,uploads/sites/3/2025/11/123795-480x320.jpg,21729,4a74d48702b45a29cbb4c0eee107661a127bef4f97d5bbd9817b156593ccec71,image/jpeg,,,,
uploads/sites/3/2025/11/29680-391x260.jpg,uploads/sites/3/2025/11/29680-391x260.jpg,15421,855d63e106fadaa3d00624e05bc056079d5fadc748da3d8bc6434ccbe38531f2,image/jpeg,,,,
uploads/sites/3/2025/11/2147770870-e1763292893626-510x382.jpg,uploads/sites/3/2025/11/2147770870-e1763292893626-510x382.jpg,22252,61147e32a26a6513675b4733b04bdb2e58c15e85ea21319127179ba300c1472a,image/jpeg,,,,
uploads/sites/3/2025/11/cropped-favicon-270x270.png,uploads/sites/3/2025/11/cropped-favicon-270x270.png,53693,b0beb7b1b9919f718ea2fadd330d44d72d2df6dade52af35473352dff48b3249,image/png,,,,
uploads/sites/3/2025/11/2150951473-500x500.jpg,uploads/sites/3/2025/11/2150951473-500x500.jpg,35937,29e8181ef29667334b95890fa365a645c96a0dd3dd7bcad6df8287b0486aa01b,image/jpeg,,,,
uploads/sites/3/2025/11/logo-474x300.png,uploads/sites/3/2025/11/logo-474x300.png,12588,673dad9ec0274db922d0872c6439434f7bb59b539c7baba2272e273005d766d3,image/png,,,,
uploads/sites/3/2025/11/584-1024x682.jpg,uploads/sites/3/2025/11/584-1024x682.jpg,87272,0e95d3fbec47a5532c26dcf3d68f0e15eac3864794462c55769c8afd4c01c782,image/jpeg,,,,
uploads/sites/3/2025/11/2150951473-391x260.jpg,uploads/sites/3/2025/11/2150951473-391x260.jpg,19970,95c916d47eda0a633cf7b9db8a7a03e5d65f63876eefe94ac64b4085213cb020,image/jpeg,,,,
uploads/sites/3/2025/11/559-1080x675.jpg,uploads/sites/3/2025/11/559-1080x675.jpg,171689,0a5ba451de50a8b8c823cb12b7f6039cd39d10402c8ae25f7be2d2b81e6de648,image/jpeg,,,,
uploads/sites/3/2025/11/2151930388-1280x640.jpg,uploads/sites/3/2025/11/2151930388-1280x640.jpg,94215,317d141d9bb12fd5df674ed874f05ae792ed5c527e5ad93e7bcc8bd9243e8ab5,image/jpeg,,,,
uploads/sites/3/2025/11/2151930388-400x250.jpg,uploads/sites/3/2025/11/2151930388-400x250.jpg,18038,a42447677d791fc47ee0bbf531ae38814323d433dfbb5fb44076e8ae8bb36c02,image/jpeg,,,,
uploads/sites/3/2025/11/129014-1080x720.jpg,uploads/sites/3/2025/11/129014-1080x720.jpg,32625,550d45037e513e431d8849ab0fb88c06f7e7b6f8d18a359efb269c55d7912e27,image/jpeg,,,,
uploads/sites/3/2025/11/2733704_12016-scaled-1-1080x675.jpg,uploads/sites/3/2025/11/2733704_12016-scaled-1-1080x675.jpg,102052,47ec56aa521d75eb60995d0e240b586012060283a7cbf210c376749dc68a56d5,image/jpeg,,,,
uploads/sites/3/2025/11/2147770870-e1763292893626-300x69.jpg,uploads/sites/3/2025/11/2147770870-e1763292893626-300x69.jpg,4878,e97be3bb27be60434c2055664a15a37ca76281170d387120ae59a68ed86768df,image/jpeg,,,,
uploads/sites/3/2025/11/logo-300x75.png,uploads/sites/3/2025/11/logo-300x75.png,14367,1f3da3c13a9840e676716d75da7422ceb851f84b2e9d8aba856a8c5a719c6d84,image/png,,,,
uploads/sites/3/2025/11/2150951473-300x300.jpg,uploads/sites/3/2025/11/2150951473-300x300.jpg,17669,758fc2b03b562c2ff0349a6403276e060733aff1613a77903cf83c40a1f14f09,image/jpeg,,,,
uploads/sites/3/2025/11/home-banner-480x288.jpg,uploads/sites/3/2025/11/home-banner-480x288.jpg,38576,2d13316c03582492afe2850b40396a40eee528aa856086adbccfa6f412233296,image/jpeg,,,,
uploads/sites/3/2025/11/123795-400x250.jpg,uploads/sites/3/2025/11/123795-400x250.jpg,16641,e13484e16475b53d71f48c5daf3d73ddcc7443704a9f5847ba49c69cf49a3ab5,image/jpeg,,,,
uploads/sites/3/2025/11/584-400x284.jpg,uploads/sites/3/2025/11/584-400x284.jpg,23097,d2aea07d6964ef2653c274b1bd04108d12390e7bad15d31886051fccf7388078,image/jpeg,,,,
uploads/sites/3/2025/11/143021-e1763291423474-300x400.jpg,uploads/sites/3/2025/11/143021-e1763291423474-300x400.jpg,11949,d758bce9cd610870cd2b684ecbff5b8632ca8a58476748266c6f9292700c94f7,image/jpeg,,,,
uploads/sites/3/2025/11/helping-each-other-scaled-1-1080x483.jpg,uploads/sites/3/2025/11/helping-each-other-scaled-1-1080x483.jpg,52253,4d251aa938306363cf3782d9a0a32267439162a0422a0b63e73a5674431000a9,image/jpeg,,,,
uploads/sites/3/2025/11/2147770870-e1763292893626-400x463.jpg,uploads/sites/3/2025/11/2147770870-e1763292893626-400x463.jpg,19747,59a71534f69076fd4abe96fd94feb8aec1b440a463b2b9aeed729d57f6aef306,image/jpeg,,,,
uploads/sites/3/2025/11/2733704_12016-scaled-1-400x250.jpg,uploads/sites/3/2025/11/2733704_12016-scaled-1-400x250.jpg,23149,c88c32b1622e216e77e795753367140d08860d8607b747379b3dcf5e151217a8,image/jpeg,,,,
uploads/sites/3/2025/11/120044-400x250.jpg,uploads/sites/3/2025/11/120044-400x250.jpg,24272,e95b8188cb272202298530966db88a6aa0181ba9d56277e96e1d4573035624e0,image/jpeg,,,,
uploads/sites/3/2025/11/helping-each-other-scaled-1-1024x458.jpg,uploads/sites/3/2025/11/helping-each-other-scaled-1-1024x458.jpg,47143,52b167996e528f3d8726757c1a34fa9520f4ce36519709049a7ff56e15c7bf9d,image/jpeg,,,,
uploads/sites/3/2025/11/123795-391x260.jpg,uploads/sites/3/2025/11/123795-391x260.jpg,16470,fcd70b3112f7c1293d52bb68bf11497c5474b6de0f4b0df3801b019567a0b1b0,image/jpeg,,,,
uploads/sites/3/2025/11/helping-each-other-scaled-1-500x500.jpg,uploads/sites/3/2025/11/helping-each-other-scaled-1-500x500.jpg,28430,812afa44ac4faafba425428b8f7aefadae4f72655e49d39f73b9c6d6a200101b,image/jpeg,,,,
uploads/sites/3/2025/11/29376-400x516.jpg,uploads/sites/3/2025/11/29376-400x516.jpg,25557,0e0f6d88b329e5dd7ee4837dbb663e13e647d1eb4ff530fc4df704d4c979c535,image/jpeg,,,,
uploads/sites/3/2025/11/29680-1536x878.jpg,uploads/sites/3/2025/11/29680-1536x878.jpg,115224,eb647844e073f908346cf1ec18f9cfc043092a840a7969d6211365e39c51a62a,image/jpeg,,,,
uploads/sites/3/2025/11/favicon.png,uploads/sites/3/2025/11/favicon.png,48244,f5d430889ce2151b288dcbb7d01eef450ccfe87172684a86f09037000e015741,image/png,,,,
uploads/sites/3/2025/11/banner-wc-001-e1763484626801-1024x476.webp,uploads/sites/3/2025/11/banner-wc-001-e1763484626801-1024x476.webp,111622,dd209e9d3f60cda280e9e0dce5e8c079846429cf86ec1887878491e952b08b28,image/webp,,,,
uploads/sites/3/2025/11/cropped-favicon-32x32.png,uploads/sites/3/2025/11/cropped-favicon-32x32.png,2193,5307f4b1b2ead2f3560d0ad455a1fa8eb7965fb50c504aee4aea5d7d3b6ef08e,image/png,,,,
uploads/sites/3/2025/11/2151930388-300x150.jpg,uploads/sites/3/2025/11/2151930388-300x150.jpg,9390,15fe8c18c15b274a3658b28113023e3bff0061a33f1eb4671e2c42a3d319bd76,image/jpeg,,,,
uploads/sites/3/2025/11/helping-each-other-scaled-1-474x324.jpg,uploads/sites/3/2025/11/helping-each-other-scaled-1-474x324.jpg,17186,ed9eaeb158e815eed9fbbf23e7326aca02982f5545d2630a5abf0b4ffa14d94b,image/jpeg,,,,
uploads/sites/3/2025/11/120044-510x382.jpg,uploads/sites/3/2025/11/120044-510x382.jpg,39725,71a8daa50f0d4151d39d8d79920a0b6c77b188eb1b0194c3505c168e0158787a,image/jpeg,,,,
uploads/sites/3/2025/11/2147770870-e1763292893626-474x324.jpg,uploads/sites/3/2025/11/2147770870-e1763292893626-474x324.jpg,19342,22a433e09c45e023d291e3bf8cfdd3ccc2cf44a0b85b70b50a0b8c43e29bd731,image/jpeg,,,,
uploads/sites/3/2025/11/helping-each-other-scaled-1-1080x675.jpg,uploads/sites/3/2025/11/helping-each-other-scaled-1-1080x675.jpg,80422,e06929ca55cafd00f2f6f153e36ccf774952e3e1c8ba35b539369c845a2d2681,image/jpeg,,,,
uploads/sites/3/2025/11/home-banner-1080x675.jpg,uploads/sites/3/2025/11/home-banner-1080x675.jpg,168178,cfe3af941b0fe1c18ed41c1b5bcc0a4e4602629780432d380483293fbd886826,image/jpeg,,,,
uploads/sites/3/2025/11/2147770870-e1763292893626-300x400.jpg,uploads/sites/3/2025/11/2147770870-e1763292893626-300x400.jpg,13164,0f1b8ac90383ccff3f4db6d410253a82135aa5574096a171b49d1e45ec10e2c5,image/jpeg,,,,
uploads/sites/3/2025/11/29376-400x250.jpg,uploads/sites/3/2025/11/29376-400x250.jpg,17256,f12b846b21ef94c03a16b57fc0bdcb4148a359640babc6b36ec03deba81b5478,image/jpeg,,,,
uploads/sites/3/2025/11/29376-1080x675.jpg,uploads/sites/3/2025/11/29376-1080x675.jpg,69747,175a1467732a4cef457a91854a78d9837c3963de14da5fd516f5089c5ef4457f,image/jpeg,,,,
uploads/sites/3/2025/11/584-474x324.jpg,uploads/sites/3/2025/11/584-474x324.jpg,28928,8f10101405c184b766bfa3024d1138bdc14964f09eb032ee2bb3085245712956,image/jpeg,,,,
uploads/sites/3/2025/11/2147770870-e1763292893626-1536x356.jpg,uploads/sites/3/2025/11/2147770870-e1763292893626-1536x356.jpg,58932,677bca7b9cb05116a133605fd7d641b55f59be4a08e110901b2bd4ce1d330b1e,image/jpeg,,,,
uploads/sites/3/2025/11/143021-e1763291423474-400x250.jpg,uploads/sites/3/2025/11/143021-e1763291423474-400x250.jpg,12918,c241fcfc4675895589b5edfdc060814867814387cbafbc340ddac37a8c29f725,image/jpeg,,,,
uploads/sites/4/2026/02/WhatsApp-Image-2026-02-23-at-14.43.50.jpeg,uploads/sites/4/2026/02/WhatsApp-Image-2026-02-23-at-14.43.50.jpeg,262765,5131b1fce6347ed8ed51a2c3fcb3657b7b4279d7b88e7fa3688a7ed8e29c8801,image/jpeg,,,,
uploads/sites/4/2025/11/zapper-150x150.png,uploads/sites/4/2025/11/zapper-150x150.png,19183,2cc608d5a7008b752f9e37ec904b808ad58a7934b2f1ca97d5b5903dce179b1b,image/png,,,,
uploads/sites/4/2025/11/29376-1280x853.jpg,uploads/sites/4/2025/11/29376-1280x853.jpg,93942,685caeb713d62dc638531ee9e252aa99bafbcac688b2a565dc9eeff9e970eaf1,image/jpeg,,,,
uploads/sites/4/2025/11/helping-each-other-scaled-1-480x215.jpg,uploads/sites/4/2025/11/helping-each-other-scaled-1-480x215.jpg,11265,96158d315c27f94b4a278677ea8baf4b5b2eaa9f077e5e47801d0e2bfac1988f,image/jpeg,,,,
uploads/sites/4/2025/11/2733704_12016-scaled-1.jpg,uploads/sites/4/2025/11/2733704_12016-scaled-1.jpg,449855,a673ed98e8bba3c5ea9b26a71a7a709603dca8f5aef3a80568cee4b08b3cc84e,image/jpeg,,,,
uploads/sites/4/2025/11/29680-1080x675.jpg,uploads/sites/4/2025/11/29680-1080x675.jpg,72307,b881de4e4b8a2f4f512c0862f2d0139731aa791d0affb3011c6767cccecf4681,image/jpeg,,,,
uploads/sites/4/2025/11/120044.jpg,uploads/sites/4/2025/11/120044.jpg,1580502,b5cd0535e771cc3c5391f80bfbfbacf776874c039cdbf2adee87127b62133185,image/jpeg,,,,
uploads/sites/4/2025/11/home-banner-500x500.jpg,uploads/sites/4/2025/11/home-banner-500x500.jpg,60385,644aa8248cef88e29f55a1b32b49e996438fe8cadaf30e6489327229022481d9,image/jpeg,,,,
uploads/sites/4/2025/11/29680-150x150.jpg,uploads/sites/4/2025/11/29680-150x150.jpg,4965,041849bc38364118411b2173ff34feb6ea7bb8aece47e9f9505201af13feb490,image/jpeg,,,,
uploads/sites/4/2025/11/120044-300x219.jpg,uploads/sites/4/2025/11/120044-300x219.jpg,17598,c542d1a7d4b03fce6b943c4984a25c64faa48593ba84c86a8f1f2d02e3750a96,image/jpeg,,,,
uploads/sites/4/2025/11/123795-474x324.jpg,uploads/sites/4/2025/11/123795-474x324.jpg,22291,705c88c7b0e214210bec4b0a45c4fce1405cb161896ebee70f38b600b85227d2,image/jpeg,,,,
uploads/sites/4/2025/11/584.jpg,uploads/sites/4/2025/11/584.jpg,1174390,811e4790e81520fc1b5394026d8d3a814090af9a72b1d3d75bca2d995c250bb0,image/jpeg,,,,
uploads/sites/4/2025/11/123795-768x513.jpg,uploads/sites/4/2025/11/123795-768x513.jpg,43047,1f96db5a21c08cf1a3ac1824a9cff961def32096f4dbae24df08095e92093249,image/jpeg,,,,
uploads/sites/4/2025/11/123795-400x284.jpg,uploads/sites/4/2025/11/123795-400x284.jpg,18031,203eddeec8f1da86d4163326826bbf9fe9deee2098e86b56a257043ef836e79c,image/jpeg,,,,
uploads/sites/4/2025/11/2150951473-1280x717.jpg,uploads/sites/4/2025/11/2150951473-1280x717.jpg,92948,35a7989b49921ef74a260e0a66b09410102fffed7b039111238e096733fa367d,image/jpeg,,,,
uploads/sites/4/2025/11/29680-768x439.jpg,uploads/sites/4/2025/11/29680-768x439.jpg,38404,c6819945648f71e645154641892bd0e4f22a5f1c7c4f8c63dd96cbd6f9054925,image/jpeg,,,,
uploads/sites/4/2025/11/19692-400x516.jpg,uploads/sites/4/2025/11/19692-400x516.jpg,16412,7a20b1a7e19a3ea50f010b14299156d691cc697e6782d88543a5db42facbe0a4,image/jpeg,,,,
uploads/sites/4/2025/11/zapper.png,uploads/sites/4/2025/11/zapper.png,17587,8874197e3371b0db1e36140d727897d673ca7af9077a32f0839bdfad922592b2,image/png,,,,
uploads/sites/4/2025/11/129014-400x516.jpg,uploads/sites/4/2025/11/129014-400x516.jpg,12384,6fd35a4cfe571644563049d42925ff2c93f61de9b6546e622f4fe0b6c2ee30a4,image/jpeg,,,,
uploads/sites/4/2025/11/2151118274-400x516.jpg,uploads/sites/4/2025/11/2151118274-400x516.jpg,34611,bc0a6c3ab2322d9b32f25d2d8d194caf270648fea669519380e357d8723b6886,image/jpeg,,,,
uploads/sites/4/2025/11/584-300x300.jpg,uploads/sites/4/2025/11/584-300x300.jpg,19608,de9c74430b0cd470c7fdc52c32c2fc7dc6345cdbd60aeeaf7ebb9335555d70d4,image/jpeg,,,,
uploads/sites/4/2025/11/19692-500x500.jpg,uploads/sites/4/2025/11/19692-500x500.jpg,20364,283c37f85ba61521951565b0e0d8aa56b4dd9687e0e84bd48b010c7a37e14dfc,image/jpeg,,,,
uploads/sites/4/2025/11/584-300x200.jpg,uploads/sites/4/2025/11/584-300x200.jpg,14469,aab28945a61fa19e076a3b5a32c99ecca8701390e5bb9a061d544d0d96da1c46,image/jpeg,,,,
uploads/sites/4/2025/11/banner-wc-001-e1763484626801-400x516.webp,uploads/sites/4/2025/11/banner-wc-001-e1763484626801-400x516.webp,48834,77046704cd7ca52dc24991bef81e1f59deac32b299da6981518dadf40e7068c4,image/webp,,,,
uploads/sites/4/2025/11/2151118274-768x512.jpg,uploads/sites/4/2025/11/2151118274-768x512.jpg,60122,8206b075cfdcfb714ce90bdc0cc832a6e12cf44ccd7d47ca41465c9ef0d3ef95,image/jpeg,,,,
uploads/sites/4/2025/11/123795-300x200.jpg,uploads/sites/4/2025/11/123795-300x200.jpg,11237,c922eea6803d0f82bcfd645e98f12334bc9127c0f9b5c1b561438eb620f9ab71,image/jpeg,,,,
uploads/sites/4/2025/11/129014-1024x682.jpg,uploads/sites/4/2025/11/129014-1024x682.jpg,29745,fc0bb0778941a5f5e22fc0caaa4f2d9b286084d1de820e203dfe8410dfd9934b,image/jpeg,,,,
uploads/sites/4/2025/11/2150951473-474x324.jpg,uploads/sites/4/2025/11/2150951473-474x324.jpg,26394,f3bb3cebd4ff0abf4ada26c32aad1819d39c89c20cb3ed83c9920f1779594c0a,image/jpeg,,,,
uploads/sites/4/2025/11/129014-400x250.jpg,uploads/sites/4/2025/11/129014-400x250.jpg,6768,c98b313b7f5eae9758552c743f00b3cb70445b26338abc49c92b57e9bb4e3418,image/jpeg,,,,
uploads/sites/4/2025/11/123795.jpg,uploads/sites/4/2025/11/123795.jpg,1028069,372d28dc7a82aed9e7330555e2957572d868127d20b858808169ea9cbc1348d0,image/jpeg,,,,
uploads/sites/4/2025/11/29376-1080x720.jpg,uploads/sites/4/2025/11/29376-1080x720.jpg,72749,1405275e3de6b937f29197d2ba49a1e00eea576963fb8437d7c9059535bf0b0e,image/jpeg,,,,
uploads/sites/4/2025/11/19692-150x150.jpg,uploads/sites/4/2025/11/19692-150x150.jpg,4412,c6abc809c282ad3f8131d5c130644509f19ae54de96d165fef5c09c0e6c46b71,image/jpeg,,,,
uploads/sites/4/2025/11/helping-each-other-scaled-1-1280x573.jpg,uploads/sites/4/2025/11/helping-each-other-scaled-1-1280x573.jpg,72401,e75617473b0ddf49429d2ea1788d7707ac11f842cc7136ca5f349108bd59f6e9,image/jpeg,,,,
uploads/sites/4/2025/11/120044-391x260.jpg,uploads/sites/4/2025/11/120044-391x260.jpg,24475,55469b041bf02e4eb09f49f274d2f8b8bf6f514a9af152d0bac86b0ce6c924b3,image/jpeg,,,,
uploads/sites/4/2025/11/2733704_12016-scaled-1-2560x1800.jpg,uploads/sites/4/2025/11/2733704_12016-scaled-1-2560x1800.jpg,456893,31eef9e27990a3a6b54b18b65844ce6da5a810463b446a67386fcef23d42e7d2,image/jpeg,,,,
uploads/sites/4/2025/11/home-banner.jpg,uploads/sites/4/2025/11/home-banner.jpg,162028,538ce1b40d3cec2cab292f1f5913506236c672e282b576e7c080fbc234973f54,image/jpeg,,,,
uploads/sites/4/2025/11/123795-1080x675.jpg,uploads/sites/4/2025/11/123795-1080x675.jpg,69242,a907393847efeae26c15aad46bda08179264c34e3992f231782d8e45279a5497,image/jpeg,,,,
uploads/sites/4/2025/11/129014-150x150.jpg,uploads/sites/4/2025/11/129014-150x150.jpg,2731,971b62dda6b2bdd422b3e5dee9b880cc563c11fb991b4076a0b2e000e1f551b1,image/jpeg,,,,
uploads/sites/4/2025/11/2151930388-391x260.jpg,uploads/sites/4/2025/11/2151930388-391x260.jpg,18027,f97ccdf48a8eb3cc9c35ab61159066f202e0b7bfb8209c91cb6a1483aa685b1a,image/jpeg,,,,
uploads/sites/4/2025/11/banner-wc-001-e1763484626801-400x250.webp,uploads/sites/4/2025/11/banner-wc-001-e1763484626801-400x250.webp,24904,853b4f07ceffe7fa1b2f1bb838762a004d30260157f689453967568e74c15912,image/webp,,,,
uploads/sites/4/2025/11/banner-wc-001-e1763484626801-480x223.webp,uploads/sites/4/2025/11/banner-wc-001-e1763484626801-480x223.webp,25634,432c83c17a7a370af3883f06d38fe02e69077fa14a0aa265f5ce0d1091e1237a,image/webp,,,,
uploads/sites/4/2025/11/logo-768x192.png,uploads/sites/4/2025/11/logo-768x192.png,56607,9f065618e9582e901534ef2dbd5a078ef2068426c5e7bfeb8c64b2e4842d7878,image/png,,,,
uploads/sites/4/2025/11/2147770870-e1763292893626-300x300.jpg,uploads/sites/4/2025/11/2147770870-e1763292893626-300x300.jpg,11493,b9211c58d97d093dfa55f22e6928ed643c703619edf674bd556df569cc8e47ab,image/jpeg,,,,
uploads/sites/4/2025/11/123795-400x516.jpg,uploads/sites/4/2025/11/123795-400x516.jpg,29037,ef9917031f7d1354ab3b048747832644fcea6eb19cd5e6256806e9123ad44643,image/jpeg,,,,
uploads/sites/4/2025/11/123795-300x300.jpg,uploads/sites/4/2025/11/123795-300x300.jpg,16611,670ba7da4f672f75bc500511ac0efc4cfa81fdfe2e0f45b5e49aa139bf2f543c,image/jpeg,,,,
uploads/sites/4/2025/11/2150951473-300x168.jpg,uploads/sites/4/2025/11/2150951473-300x168.jpg,12052,55a89079641d91981e30626dc2d4863801f667bd58739f1a31949ca51353fe63,image/jpeg,,,,
uploads/sites/4/2025/11/cropped-favicon-400x284.png,uploads/sites/4/2025/11/cropped-favicon-400x284.png,73602,fc6310076bd5502aa2cb75701c4bd542441155c8d878bf24fcc6cc1e1e9667b7,image/png,,,,
uploads/sites/4/2025/11/2147770870-e1763292893626.jpg,uploads/sites/4/2025/11/2147770870-e1763292893626.jpg,96863,c71a509defbafd7a832e856784fa9e21aef61eea6b6ce8b540428269f7c12fb9,image/jpeg,,,,
uploads/sites/4/2025/11/2147770870-e1763292893626-1024x237.jpg,uploads/sites/4/2025/11/2147770870-e1763292893626-1024x237.jpg,29966,6d98d5534b824091854a5cc88a609b6e073ee13754c8b1768ec23f4f1ffbcefe,image/jpeg,,,,
uploads/sites/4/2025/11/2150951473-1024x574.jpg,uploads/sites/4/2025/11/2150951473-1024x574.jpg,67482,c3850b9e7bbcd7efebec857d1bde974cd73a98c211bec522690eead2155277a1,image/jpeg,,,,
uploads/sites/4/2025/11/559-400x250.jpg,uploads/sites/4/2025/11/559-400x250.jpg,29024,bda0ff7a9dbb7cf21522bf9956d07ade7e79455a5c1d14dcad11c913015b232a,image/jpeg,,,,
uploads/sites/4/2025/11/559-510x382.jpg,uploads/sites/4/2025/11/559-510x382.jpg,52186,e12444d039dfa2ff5e596b796ffab3d91d6036b1ea64b78a9e5d245d06886484,image/jpeg,,,,
uploads/sites/4/2025/11/2733704_12016-scaled-1-474x324.jpg,uploads/sites/4/2025/11/2733704_12016-scaled-1-474x324.jpg,30978,540bc007858521bd77ca5494a88912de23776d0e7c3314942a2b56fb9ae5fcd0,image/jpeg,,,,
uploads/sites/4/2025/11/helping-each-other-scaled-1-300x134.jpg,uploads/sites/4/2025/11/helping-each-other-scaled-1-300x134.jpg,5382,233be30068fc7d0b40ec991dce88027f6dbd42cf8088002cbd857b2a5532a233,image/jpeg,,,,
uploads/sites/4/2025/11/29680-300x300.jpg,uploads/sites/4/2025/11/29680-300x300.jpg,14220,22c52b6b759088c46bb5d6fcfd361368884d54f168fac8b4618572290df661dc,image/jpeg,,,,
uploads/sites/4/2025/11/559-400x284.jpg,uploads/sites/4/2025/11/559-400x284.jpg,31697,9cf96ac4da4960f6d588a70348c67dba314b8dad8e7b16c3de1cbde38894a379,image/jpeg,,,,
uploads/sites/4/2025/11/home-banner-400x250.jpg,uploads/sites/4/2025/11/home-banner-400x250.jpg,26560,ecf308a854125fa18a17e46f6d51db1134b7e526524be38f4b92928466e09f0b,image/jpeg,,,,
uploads/sites/4/2025/11/cropped-favicon-480x480.png,uploads/sites/4/2025/11/cropped-favicon-480x480.png,115375,3da87c09c8f7c022d541769e2380ba976c5b75333eb8cea99a47a0cd982a6860,image/png,,,,
uploads/sites/4/2025/11/NA-Keytag-Welcome-150x150.jpeg,uploads/sites/4/2025/11/NA-Keytag-Welcome-150x150.jpeg,6402,15f3ac577e001c51781977c42c73b00e0bbce70f4afb886a27930e4b71378e12,image/jpeg,,,,
uploads/sites/4/2025/11/129014-1280x853.jpg,uploads/sites/4/2025/11/129014-1280x853.jpg,43938,bf6a76a821f170636380c26251d66c4f77183b88b9b8b776738f9d204a61bf7a,image/jpeg,,,,
uploads/sites/4/2025/11/2150951473-768x430.jpg,uploads/sites/4/2025/11/2150951473-768x430.jpg,44772,8fa8e44d928d0d58318cf8ff5690d2e095ea657eb75ead58514e65e0bd6c8b1c,image/jpeg,,,,
uploads/sites/4/2025/11/559-1536x1024.jpg,uploads/sites/4/2025/11/559-1536x1024.jpg,316550,c4fb313af1e8bd67ac7dc9ff6ce10b8b75972e1f31037b15f9535a24876007e0,image/jpeg,,,,
uploads/sites/4/2025/11/home-banner-300x169.jpg,uploads/sites/4/2025/11/home-banner-300x169.jpg,14613,607e01557cee70ecd6330b7a2b7132406ea4700ab04e64e6a0972438677c0935,image/jpeg,,,,
uploads/sites/4/2025/11/2733704_12016-scaled-1-1080x770.jpg,uploads/sites/4/2025/11/2733704_12016-scaled-1-1080x770.jpg,109868,a0967865597fbf2d58bba0412871e76acb72404f572c23b0f7d3de0f6d56c05d,image/jpeg,,,,
uploads/sites/4/2025/11/2151930388-150x150.jpg,uploads/sites/4/2025/11/2151930388-150x150.jpg,5066,3a7bf071f9b836a2643ea75870d0cad5bd1389bd5b8dbfac853ab45d01c96c34,image/jpeg,,,,
uploads/sites/4/2025/11/2151118274-480x320.jpg,uploads/sites/4/2025/11/2151118274-480x320.jpg,28415,f3d78425d20831dfbb5a93239b5ebde557af5e189bea1d62cba959c0ae896f5a,image/jpeg,,,,
uploads/sites/4/2025/11/2733704_12016-scaled-1-500x500.jpg,uploads/sites/4/2025/11/2733704_12016-scaled-1-500x500.jpg,45994,601b9ef01a1ff6a879ee0914256ce0400b100a5d60e1ce673c3744bc4d9b057d,image/jpeg,,,,
uploads/sites/4/2025/11/2147770870-e1763292893626-1080x250.jpg,uploads/sites/4/2025/11/2147770870-e1763292893626-1080x250.jpg,32806,dd9962a9ef1201d121127484da64f7ef7b854e1f9f6382b26bd214e20b673053,image/jpeg,,,,
uploads/sites/4/2025/11/2151930388.jpg,uploads/sites/4/2025/11/2151930388.jpg,913581,03c0c8e5eadcaecb8ced3e62dc4a49c00e09257e139aee7e680071fe21ecd076,image/jpeg,,,,
uploads/sites/4/2025/11/logo-980x245.png,uploads/sites/4/2025/11/logo-980x245.png,80889,fffe8953c6cbd96ebeb663d60d4ed8ec48bcef072dcacf6746a5b0944029aa55,image/png,,,,
uploads/sites/4/2025/11/29376-400x284.jpg,uploads/sites/4/2025/11/29376-400x284.jpg,18611,e65b5afecead64232eda7c24c72bfa9e49ab3f3af8a317f57d778a9d641f33b5,image/jpeg,,,,
uploads/sites/4/2025/11/banner-wc-001-e1763484626801-980x456.webp,uploads/sites/4/2025/11/banner-wc-001-e1763484626801-980x456.webp,104462,80eb47469c163c496a00929331c47587c59a98a7c2a72dc0b2cad1b45cf86864,image/webp,,,,
uploads/sites/4/2025/11/584-1080x675.jpg,uploads/sites/4/2025/11/584-1080x675.jpg,91861,8b6ed48db893b74b490c857f3b74feedc3f6d447432198a5e0731127c06d0af7,image/jpeg,,,,
uploads/sites/4/2025/11/129014-500x500.jpg,uploads/sites/4/2025/11/129014-500x500.jpg,13688,b6ca95d554150a2ae39f89daa1beabe0c1bbf5df02dacd826311369c6305b489,image/jpeg,,,,
uploads/sites/4/2025/11/584-150x150.jpg,uploads/sites/4/2025/11/584-150x150.jpg,7311,ce807536454d12defd621696ef2793df98b3aa8c4a3299c536715c00ac8cd2f5,image/jpeg,,,,
uploads/sites/4/2025/11/559-1280x853.jpg,uploads/sites/4/2025/11/559-1280x853.jpg,235755,2002fe51adf41926cd67ef5a2104ae79718dc6a34aa941b2bf9a50f150c05355,image/jpeg,,,,
uploads/sites/4/2025/11/129014-300x400.jpg,uploads/sites/4/2025/11/129014-300x400.jpg,8386,cbeca2920fdbfb22057587d149875eebba00c335e1c01bfc5132d8cf68275ac6,image/jpeg,,,,
uploads/sites/4/2025/11/cropped-favicon-150x150.png,uploads/sites/4/2025/11/cropped-favicon-150x150.png,18396,ed256d4aedacccda10a442aa0e71d4b13671976f2360ed9df3d0e32701993105,image/png,,,,
uploads/sites/4/2025/11/559-1024x682.jpg,uploads/sites/4/2025/11/559-1024x682.jpg,161972,e236aaa01406e119990020bf32fb8164595aeebac9cb23ec3cea53666d5c9a77,image/jpeg,,,,
uploads/sites/4/2025/11/home-banner-474x324.jpg,uploads/sites/4/2025/11/home-banner-474x324.jpg,39643,abc848f8bab2ceb9ab4c8c8d22d9b5e951adfe1a7196879c340e585ef933fd26,image/jpeg,,,,
uploads/sites/4/2025/11/home-banner-768x432.jpg,uploads/sites/4/2025/11/home-banner-768x432.jpg,81991,901c7142bdb16da3d8717bc6c479ee67df1bc59adb653956b983d79e8ff68b5b,image/jpeg,,,,
uploads/sites/4/2025/11/logo-150x150.png,uploads/sites/4/2025/11/logo-150x150.png,4322,69a928a87c08761fd2df94bab1d2edcb81b6c85dc86f5eb33a1f77a6720d09d4,image/png,,,,
uploads/sites/4/2025/11/2147770870-e1763292893626-400x284.jpg,uploads/sites/4/2025/11/2147770870-e1763292893626-400x284.jpg,14919,0f74fe4b3424c64809b53c5caa79c2af667e2bfb84aad32cc40440923c227bf0,image/jpeg,,,,
uploads/sites/4/2025/11/120044-980x714.jpg,uploads/sites/4/2025/11/120044-980x714.jpg,106269,d1e2f0d6f458b477958ee67b31cc7cda31ac4c1805fe7be3667b2e8582e01933,image/jpeg,,,,
uploads/sites/4/2025/11/NA-Keytag-Welcome-300x300.jpeg,uploads/sites/4/2025/11/NA-Keytag-Welcome-300x300.jpeg,16617,e7fa9c999cbb1b15da51bf99f8864b37075b77a8a854c1418595f3beebaa318c,image/jpeg,,,,
uploads/sites/4/2025/11/19692-1080x719.jpg,uploads/sites/4/2025/11/19692-1080x719.jpg,46580,a2306be3de68015d0542eceb42f1a07bca4aabaf02bb688e33d0e2d6191f6298,image/jpeg,,,,
uploads/sites/4/2025/11/19692-300x200.jpg,uploads/sites/4/2025/11/19692-300x200.jpg,7965,0c9a7afa51d46b3d0fcb050dc3813fee7f60114052a3d02557e92f08bb9a5808,image/jpeg,,,,
uploads/sites/4/2025/11/29680-500x500.jpg,uploads/sites/4/2025/11/29680-500x500.jpg,31793,8d9305141f4ec63a4445ecc3f8450f2f7a9a328ed7898c5171077112133dd12a,image/jpeg,,,,
uploads/sites/4/2025/11/19692-1024x681.jpg,uploads/sites/4/2025/11/19692-1024x681.jpg,43199,f4ffdad6166d86480ae3afaf6c5ea325272c0fb675638069b12793989d2c35bc,image/jpeg,,,,
uploads/sites/4/2025/11/584-1536x1024.jpg,uploads/sites/4/2025/11/584-1536x1024.jpg,165940,88cda2c17afda1fefac3f9d2b5065456ae9decd444fe9cc94bd9bfd9c72ce195,image/jpeg,,,,
uploads/sites/4/2025/11/120044-400x516.jpg,uploads/sites/4/2025/11/120044-400x516.jpg,40110,d183372237e2d1a361d159ba9e4fff636661db40ad977e7cd12bb8131bae5392,image/jpeg,,,,
uploads/sites/4/2025/11/helping-each-other-scaled-1-400x284.jpg,uploads/sites/4/2025/11/helping-each-other-scaled-1-400x284.jpg,12749,2664ce18ce267dff9ba8c533c3dc10ee0e739c19c4d789411dbcd597421de685,image/jpeg,,,,
uploads/sites/4/2025/11/120044-300x300.jpg,uploads/sites/4/2025/11/120044-300x300.jpg,21726,65d0eee52d78adaceb549a29f6703ebb25c425b949b5518575f1b3bab485bc33,image/jpeg,,,,
uploads/sites/4/2025/11/2151930388-400x516.jpg,uploads/sites/4/2025/11/2151930388-400x516.jpg,24188,591ef06d7e90cf84e355cf36b9c2c6d6afe2dc4d418f7de35d1944ea5eebbea1,image/jpeg,,,,
uploads/sites/4/2025/11/143021-e1763291423474-391x260.jpg,uploads/sites/4/2025/11/143021-e1763291423474-391x260.jpg,13121,8bcd8fea65a08abb5e9d8f735f3bed9db400001b7118809d719332fb9a81d993,image/jpeg,,,,
uploads/sites/4/2025/11/2151118274-980x653.jpg,uploads/sites/4/2025/11/2151118274-980x653.jpg,88291,43cd9c68af04c963aa3d52d7a06e8a7a7082f28537b583a25a45cbc3b5543cd8,image/jpeg,,,,
uploads/sites/4/2025/11/143021-e1763291423474-1280x465.jpg,uploads/sites/4/2025/11/143021-e1763291423474-1280x465.jpg,53215,b555253e4c60ec0182b76df851cde2ebd998dbc6082910187584dacd1c1c7b48,image/jpeg,,,,
uploads/sites/4/2025/11/129014-1536x1024.jpg,uploads/sites/4/2025/11/129014-1536x1024.jpg,60390,a5c9216ecb3bdba3b6ea6bb34879c5165f4ff1cc0b3e518d3f93419a568a0428,image/jpeg,,,,
uploads/sites/4/2025/11/2733704_12016-scaled-1-1024x730.jpg,uploads/sites/4/2025/11/2733704_12016-scaled-1-1024x730.jpg,101054,e0f96b0641524e485ee1f4f280d9ca17951fa8958240b8d29ebedea51b67ab96,image/jpeg,,,,
uploads/sites/4/2025/11/2151118274-500x500.jpg,uploads/sites/4/2025/11/2151118274-500x500.jpg,42793,a39b13e7784ac72f55bf64b027541abcfe745abbfc2daff53c4bf4fbe1c0c93b,image/jpeg,,,,
uploads/sites/4/2025/11/143021-e1763291423474-768x279.jpg,uploads/sites/4/2025/11/143021-e1763291423474-768x279.jpg,22458,e00ed1117de2a0f34ad18bb2fc5b9d9704b2287fad38ef1e681be21e12df46f7,image/jpeg,,,,
uploads/sites/4/2025/11/2733704_12016-scaled-1-768x547.jpg,uploads/sites/4/2025/11/2733704_12016-scaled-1-768x547.jpg,65061,a64594fc547c081042ea977cde12b235ff0b5d56653f8e47759dbf4b34ee6830,image/jpeg,,,,
uploads/sites/4/2025/11/home-banner-1536x864.jpg,uploads/sites/4/2025/11/home-banner-1536x864.jpg,287850,c722fbc20a03f85d0fc60ace778a6d5698ef144a0afa6703db428a8469a97539,image/jpeg,,,,
uploads/sites/4/2025/11/2150951473-400x284.jpg,uploads/sites/4/2025/11/2150951473-400x284.jpg,21117,66cbf2e192220f51f92833c4c689a32f9f92956d750c4d80a09e47230c4b60df,image/jpeg,,,,
uploads/sites/4/2025/11/29376-300x400.jpg,uploads/sites/4/2025/11/29376-300x400.jpg,17181,8c4fc1ea3645f79a21f094bdc1aad75a53bd5de532f2fe13dea88f00a1c5e6df,image/jpeg,,,,
uploads/sites/4/2025/11/logo-510x300.png,uploads/sites/4/2025/11/logo-510x300.png,13711,573bb698dc02b5745ccc644649b8ab3f4794b47456ccc0d68b099ecab4b5186f,image/png,,,,
uploads/sites/4/2025/11/cropped-favicon-474x324.png,uploads/sites/4/2025/11/cropped-favicon-474x324.png,87514,2dba3260eaad561c08a790cb47380063895566b751f41df9ff958a4ee921cb76,image/png,,,,
uploads/sites/4/2025/11/2151118274-391x260.jpg,uploads/sites/4/2025/11/2151118274-391x260.jpg,20751,4c7efb5f8c173caca04307604f286d0c7f85fe918ef28d899c8c8280e53efa94,image/jpeg,,,,
uploads/sites/4/2025/11/19692-480x319.jpg,uploads/sites/4/2025/11/19692-480x319.jpg,14711,15924657ffdd95d33cd2b76d28c2e71283be30a1df62c8a4ba4182e4bdcfcccc,image/jpeg,,,,
uploads/sites/4/2025/11/29680-474x324.jpg,uploads/sites/4/2025/11/29680-474x324.jpg,21579,8b086eff317f8f19acbccae341b9245414446c70701d6f934f2418da5972b166,image/jpeg,,,,
uploads/sites/4/2025/11/home-banner-300x400.jpg,uploads/sites/4/2025/11/home-banner-300x400.jpg,29781,d735683ffd31cd3e1e54348f860a5784f80b3149a813dc56ecf4f301f19ad248,image/jpeg,,,,
uploads/sites/4/2025/11/banner-wc-001-e1763484626801-300x300.webp,uploads/sites/4/2025/11/banner-wc-001-e1763484626801-300x300.webp,22910,31a1a6808682ab37ff206194ea5dfd709ffd7b66f1096608750de009d29d86bb,image/webp,,,,
uploads/sites/4/2025/11/banner-wc-001-e1763484626801-500x500.webp,uploads/sites/4/2025/11/banner-wc-001-e1763484626801-500x500.webp,59020,1202828d758311d0e164f4b9dea412b5966315eac52206ff075912e6d219c234,image/webp,,,,
uploads/sites/4/2025/11/129014-300x300.jpg,uploads/sites/4/2025/11/129014-300x300.jpg,6364,fdbf5ef0a66601f88e9ea012787c72372f9e0f7d699d29435c37860819e15ea7,image/jpeg,,,,
uploads/sites/4/2025/11/29680-1024x585.jpg,uploads/sites/4/2025/11/29680-1024x585.jpg,60466,b96c69508881ac8525a728a66f80112eceb07993b5c7252eb0fe3e5cb788a712,image/jpeg,,,,
uploads/sites/4/2025/11/home-banner-510x382.jpg,uploads/sites/4/2025/11/home-banner-510x382.jpg,48541,31b57b8c3763f2f645fcbadf71e3ac5309e9e9716240f555234da3f1807763a3,image/jpeg,,,,
uploads/sites/4/2025/11/559-480x320.jpg,uploads/sites/4/2025/11/559-480x320.jpg,41430,16b4e1227ee4f15cda91532c1a86f7947bc468916872312263527e51adfabd4e,image/jpeg,,,,
uploads/sites/4/2025/11/2151118274-1536x1024.jpg,uploads/sites/4/2025/11/2151118274-1536x1024.jpg,176653,dabe7fc2ac704c43c7b1abbb9badc81df17e17e41fe87a00473b89606d2ebd83,image/jpeg,,,,
uploads/sites/4/2025/11/559-500x500.jpg,uploads/sites/4/2025/11/559-500x500.jpg,61348,c6be9a35ea50aa0689bc502db67346d1e22afdbd18432c2a7c35b4ac7eccf956,image/jpeg,,,,
uploads/sites/4/2025/11/2151930388-474x324.jpg,uploads/sites/4/2025/11/2151930388-474x324.jpg,24870,d5777050c69b6acace6197a60afd90256d2d213df3db585232547ce1401d8152,image/jpeg,,,,
uploads/sites/4/2025/11/29680-400x516.jpg,uploads/sites/4/2025/11/29680-400x516.jpg,27138,72d4079068f70a14c7f7adc448f75e9e5a08bc85a94e4ea9b2a562c77f392cfd,image/jpeg,,,,
uploads/sites/4/2025/11/2733704_12016-scaled-1-400x516.jpg,uploads/sites/4/2025/11/2733704_12016-scaled-1-400x516.jpg,35966,7fd8dea9b043c337003ec62b0064640e2b570218c6d22a656df93ef140282c46,image/jpeg,,,,
uploads/sites/4/2025/11/2733704_12016-scaled-1-300x300.jpg,uploads/sites/4/2025/11/2733704_12016-scaled-1-300x300.jpg,21665,d9f6af2dcffdc0e68ef8a72f0e8929e84b5426342e72645d61e087339047d455,image/jpeg,,,,
uploads/sites/4/2025/11/559-400x516.jpg,uploads/sites/4/2025/11/559-400x516.jpg,49112,ba7915de030711e74585cb78b838c863f3dfc95d14590bb320ce16fe04be0fb0,image/jpeg,,,,
uploads/sites/4/2025/11/2147770870-e1763292893626-980x227.jpg,uploads/sites/4/2025/11/2147770870-e1763292893626-980x227.jpg,28264,970c88a1c96a19d764f995f9b9910c4d8131c7dd15c8a0c077228a523cee5257,image/jpeg,,,,
uploads/sites/4/2025/11/2733704_12016-scaled-1-150x150.jpg,uploads/sites/4/2025/11/2733704_12016-scaled-1-150x150.jpg,7917,54d4594b8b8251eab2489d214022ef7d1c8075ed5ebdef62a49a77c0a672257d,image/jpeg,,,,
uploads/sites/4/2025/11/120044-300x400.jpg,uploads/sites/4/2025/11/120044-300x400.jpg,26168,a7d1416692d4f0d56f4f9f96ae2537e54936c32ec58c3f5640a64f9a07afdc85,image/jpeg,,,,
uploads/sites/4/2025/11/helping-each-other-scaled-1-768x344.jpg,uploads/sites/4/2025/11/helping-each-other-scaled-1-768x344.jpg,26598,251be904e19755e0093764dc3f5b220910aad3af58250d17f2d30f3dffe99b3e,image/jpeg,,,,
uploads/sites/4/2025/11/banner-wc-001-e1763484626801-300x400.webp,uploads/sites/4/2025/11/banner-wc-001-e1763484626801-300x400.webp,30174,b1f814119d7b95f83dc1a40867ac499058157057257b8d578b93c014da079df9,image/webp,,,,
uploads/sites/4/2025/11/2150951473-480x269.jpg,uploads/sites/4/2025/11/2150951473-480x269.jpg,23153,ecb119485389b67c05436040da3990b26d513b883b8d4d9b06f25a404b25b9a4,image/jpeg,,,,
uploads/sites/4/2025/11/29680-400x250.jpg,uploads/sites/4/2025/11/29680-400x250.jpg,15031,cd8f70d24f70540b2f1f33fce4859f5cfe1a654f7f1a89581732dbb6108af315,image/jpeg,,,,
uploads/sites/4/2025/11/29680-400x284.jpg,uploads/sites/4/2025/11/29680-400x284.jpg,16972,a1493054914fb179daf994fef05c2cdfa65d341d36061e0daca9aa8f5c8fbab8,image/jpeg,,,,
uploads/sites/4/2025/11/cropped-favicon-400x512.png,uploads/sites/4/2025/11/cropped-favicon-400x512.png,94118,27f71b834c022777623543e0c06c878cb8d6f0f0d9ac4b1026c5fa07337a9c5f,image/png,,,,
uploads/sites/4/2025/11/143021-e1763291423474-1080x393.jpg,uploads/sites/4/2025/11/143021-e1763291423474-1080x393.jpg,39670,4648d2373a4b3859e7373d43d32c72fbadcdcb82884ab15dd85a9a887a811825,image/jpeg,,,,
uploads/sites/4/2025/11/29680-300x400.jpg,uploads/sites/4/2025/11/29680-300x400.jpg,17602,fa195057700d676fbe3556275d42f347501373ec444d56830c177aad7fff40ce,image/jpeg,,,,
uploads/sites/4/2025/11/2733704_12016-scaled-1-1536x1094.jpg,uploads/sites/4/2025/11/2733704_12016-scaled-1-1536x1094.jpg,189096,8bdf4fa171e785c567377c9b378cbc55dea7030c073741420af97230fe5df282,image/jpeg,,,,
uploads/sites/4/2025/11/cropped-favicon.png,uploads/sites/4/2025/11/cropped-favicon.png,110642,df210711106a3cdffb6cb3fd6530bda5429bc43139e96acf6f3e73b178d438dd,image/png,,,,
uploads/sites/4/2025/11/2151118274-400x284.jpg,uploads/sites/4/2025/11/2151118274-400x284.jpg,23274,f88b68294217d770ae3ba7fd986531de3d296942f696ce0c84458cd97506aeab,image/jpeg,,,,
uploads/sites/4/2025/11/helping-each-other-scaled-1-2048x916.jpg,uploads/sites/4/2025/11/helping-each-other-scaled-1-2048x916.jpg,183404,990568bddc0031225f2bdef7eb3a605586325035fb6780191f8d8bb58aa60732,image/jpeg,,,,
uploads/sites/4/2025/11/29376-980x653.jpg,uploads/sites/4/2025/11/29376-980x653.jpg,63298,0aa2d18b8fe2e24a21f23a1dfc7b869e08d98dc53701200b838850d528195748,image/jpeg,,,,
uploads/sites/4/2025/11/143021-e1763291423474-500x500.jpg,uploads/sites/4/2025/11/143021-e1763291423474-500x500.jpg,23981,f58041217fb0120ed30ef814b9256f4dcd4ab862c6e35e7017dda15056610d2d,image/jpeg,,,,
uploads/sites/4/2025/11/29376-768x512.jpg,uploads/sites/4/2025/11/29376-768x512.jpg,44293,b81b8e03610b04bab20cf00d3e94f1c74903496b123ec4260a4335ea7ccbba6d,image/jpeg,,,,
uploads/sites/4/2025/11/19692-1280x852.jpg,uploads/sites/4/2025/11/19692-1280x852.jpg,60094,b556810ef7af3ac5c266ddcf0fadcca96591f60617c9259dd48602c5ee53cada,image/jpeg,,,,
uploads/sites/4/2025/11/2147770870-e1763292893626-1280x296.jpg,uploads/sites/4/2025/11/2147770870-e1763292893626-1280x296.jpg,42999,9d9448f97351dfa9090e0e86954a87479c75aed1fe7cfc0e7fcefc99021e3d46,image/jpeg,,,,
uploads/sites/4/2025/11/banner-wc-001-e1763484626801-300x139.webp,uploads/sites/4/2025/11/banner-wc-001-e1763484626801-300x139.webp,10608,74ac3e596a932de3b31268b87b87160cb02e0f2fa1edb552b9183b45404a70d3,image/webp,,,,
uploads/sites/4/2025/11/NA-Keytag-Welcome-407x324.jpeg,uploads/sites/4/2025/11/NA-Keytag-Welcome-407x324.jpeg,22269,a1590ebf9af4e6f9732a3e04d6de80fab97371ba700a786a5331c4c83e5a2fd8,image/jpeg,,,,
uploads/sites/4/2025/11/129014-400x284.jpg,uploads/sites/4/2025/11/129014-400x284.jpg,7168,17e7307ffecd4a0428b75bc08e69c6e0d1b8454cdc61e0537809d08847f45c8b,image/jpeg,,,,
uploads/sites/4/2025/11/2151118274-1080x720.jpg,uploads/sites/4/2025/11/2151118274-1080x720.jpg,102497,30dfe9f74a0de11396799054f26e6d34d2646f8eb1d75864170b17349ef6a245,image/jpeg,,,,
uploads/sites/4/2025/11/129014.jpg,uploads/sites/4/2025/11/129014.jpg,417758,9ee2338cbce4746670206a0504a6f0d87b3ef7dbd29a772d979abdd05e019a28,image/jpeg,,,,
uploads/sites/4/2025/11/home-banner-400x516.jpg,uploads/sites/4/2025/11/home-banner-400x516.jpg,48955,ad78c568f9af414512f980e39cd8a4b09829cdcafb7fe9c0fc3ea91050d54c38,image/jpeg,,,,
uploads/sites/4/2025/11/584-400x516.jpg,uploads/sites/4/2025/11/584-400x516.jpg,33099,003ccb7a46d0fa4f5c4e373b8f812ae6df19886c330e328f458be311e9dd661c,image/jpeg,,,,
uploads/sites/4/2025/11/home-banner-1280x720.jpg,uploads/sites/4/2025/11/home-banner-1280x720.jpg,210488,a5fb290449aa6a9520403d176f5cdec4918ec98cebef496ca08e48b1bf8291d6,image/jpeg,,,,
uploads/sites/4/2025/11/29680.jpg,uploads/sites/4/2025/11/29680.jpg,702574,568becb9033e554dcd2cf4bf5605622b1145adbd9f364e57d03da3a61fade568,image/jpeg,,,,
uploads/sites/4/2025/11/2733704_12016-scaled-1-1280x912.jpg,uploads/sites/4/2025/11/2733704_12016-scaled-1-1280x912.jpg,146474,438a1caa49b07c8ff9132e6d373a6cab3867c43c0e272978b9d6f06e32a4b6c4,image/jpeg,,,,
uploads/sites/4/2025/11/2151118274.jpg,uploads/sites/4/2025/11/2151118274.jpg,1307616,cbaf1e9dcb179de7abd7f5bdb0afea4e71271a0148eb1cad5b5b9b3783e52b9d,image/jpeg,,,,
uploads/sites/4/2025/11/584-510x382.jpg,uploads/sites/4/2025/11/584-510x382.jpg,34594,59a60148afca493499cbb5f550edf0539cb6d66fd78ecd601a60d2d3f35f4bbe,image/jpeg,,,,
uploads/sites/4/2025/11/123795-300x400.jpg,uploads/sites/4/2025/11/123795-300x400.jpg,19837,e08576d9f1dec4391b3d5ec6c00c371e4f61a796e678f102742a59b06889fedc,image/jpeg,,,,
uploads/sites/4/2025/11/2147770870-e1763292893626-500x463.jpg,uploads/sites/4/2025/11/2147770870-e1763292893626-500x463.jpg,25317,1eb8e4ecb020b8b65fbad4e7c8b94beada6fa19f12e049e8a0a9e0cc8eeb0023,image/jpeg,,,,
uploads/sites/4/2025/11/120044-1024x746.jpg,uploads/sites/4/2025/11/120044-1024x746.jpg,113199,8f9b3aa58a90f614f80785f9c03c38939f43af66e2f5dbe765f8d715d90221f2,image/jpeg,,,,
uploads/sites/4/2025/11/143021-e1763291423474-1024x372.jpg,uploads/sites/4/2025/11/143021-e1763291423474-1024x372.jpg,36419,1510f9114dd5e5550a7e863fae9f5686092d5a5e8e6eec6c5f878c3fdc557787,image/jpeg,,,,
uploads/sites/4/2025/11/helping-each-other-scaled-1-510x382.jpg,uploads/sites/4/2025/11/helping-each-other-scaled-1-510x382.jpg,21537,b44f77138d484f97f88e62aecab0fe8f5df30e69e49ee5175846f94b3b748cff,image/jpeg,,,,
uploads/sites/4/2025/11/29680-1080x617.jpg,uploads/sites/4/2025/11/29680-1080x617.jpg,65959,a63433f16cfc6a3fd2ef657db82db6ff16856dc8e9663f1d6cfc676d49f75c23,image/jpeg,,,,
uploads/sites/4/2025/11/2151930388-1024x512.jpg,uploads/sites/4/2025/11/2151930388-1024x512.jpg,66444,052cb4c494bc228bcd5e7743f3203b94508858c3d47fe41621327d4de53f9c8a,image/jpeg,,,,
uploads/sites/4/2025/11/120044-480x350.jpg,uploads/sites/4/2025/11/120044-480x350.jpg,35639,96d54d6586cb6c22fa5c9d1e8e06e0b7344ae4e39f2308764c3f2a56fc7550ef,image/jpeg,,,,
uploads/sites/4/2025/11/120044-150x150.jpg,uploads/sites/4/2025/11/120044-150x150.jpg,7698,0fcf08602ac5f637abf7142a9d946221195ad676d5a51e47afb2790aaa52164a,image/jpeg,,,,
uploads/sites/4/2025/11/2151930388-300x300.jpg,uploads/sites/4/2025/11/2151930388-300x300.jpg,14236,3e52140803362a8851658bf92a6a5ccdcf2a27a9858ed3ae3264bd5b0fbe9386,image/jpeg,,,,
uploads/sites/4/2025/11/143021-e1763291423474-980x356.jpg,uploads/sites/4/2025/11/143021-e1763291423474-980x356.jpg,33961,32c2d06e1778b76e99fc6bbdaf589a4500eecf79f909b798425f455a1163d2cd,image/jpeg,,,,
uploads/sites/4/2025/11/2150951473-1536x861.jpg,uploads/sites/4/2025/11/2150951473-1536x861.jpg,122346,5b716353199e32e4129e2b0b22b4976507c239a215a77c0417c973257ed08b48,image/jpeg,,,,
uploads/sites/4/2025/11/NA-Keytag-Welcome-400x361.jpeg,uploads/sites/4/2025/11/NA-Keytag-Welcome-400x361.jpeg,24331,911f752a80bb2c571c3aa999a9689f0a166534ffc6d66d66ace44808907aac10,image/jpeg,,,,
uploads/sites/4/2025/11/129014-768x512.jpg,uploads/sites/4/2025/11/129014-768x512.jpg,18432,80bed644d74919c4b1ade7e780417459a66f47809d5b768315fbcc3c5f3e340a,image/jpeg,,,,
uploads/sites/4/2025/11/logo-391x260.png,uploads/sites/4/2025/11/logo-391x260.png,14473,2448cce5d7d8ccf4ca67a92c29ee9de58f2331d85c28b1c33ef98b57c3f68edb,image/png,,,,
uploads/sites/4/2025/11/559-1080x720.jpg,uploads/sites/4/2025/11/559-1080x720.jpg,177632,9398c1ca2e4f4fbc6770401ff3aa58a4447fa741056ad9f1c0e72aff3477c562,image/jpeg,,,,
uploads/sites/4/2025/11/2147770870-e1763292893626-1080x463.jpg,uploads/sites/4/2025/11/2147770870-e1763292893626-1080x463.jpg,59904,5facd3db00eb9f9810d51b375d13f31883ce87c8dfff3f9a779deade642e2d13,image/jpeg,,,,
uploads/sites/4/2025/11/123795-980x654.jpg,uploads/sites/4/2025/11/123795-980x654.jpg,61588,1e6e8749486ed2d11477ca93ef21cf3d43133d1c9507caee535d5c7a3644539a,image/jpeg,,,,
uploads/sites/4/2025/11/2151930388-768x384.jpg,uploads/sites/4/2025/11/2151930388-768x384.jpg,42162,dca046e802275a2a0da01b10d9ebdeeb6fca9b26e78e6324075d0bfda4cae456,image/jpeg,,,,
uploads/sites/4/2025/11/banner-wc-001-e1763484626801-1080x595.webp,uploads/sites/4/2025/11/banner-wc-001-e1763484626801-1080x595.webp,169526,da4410ae6519cfd69869c27575e43132d0940741b3795fa56b822ce38556a49a,image/webp,,,,
uploads/sites/4/2025/11/29680-300x171.jpg,uploads/sites/4/2025/11/29680-300x171.jpg,8801,ed65dd3b5e798c4162505292d19c81d4fe842960d3e14b7f0e699fd37eeb64bc,image/jpeg,,,,
uploads/sites/4/2025/11/2151118274-300x200.jpg,uploads/sites/4/2025/11/2151118274-300x200.jpg,13484,d6f51b3a57a1edb0589f433779a348fc344b57c08502a0b490fff6732bd33c41,image/jpeg,,,,
uploads/sites/4/2025/11/29376-300x300.jpg,uploads/sites/4/2025/11/29376-300x300.jpg,15152,da511de3ad07930f031cb82a29e8359cba66111a653cd0b9ca8694a3e1a96582,image/jpeg,,,,
uploads/sites/4/2025/11/143021-e1763291423474-400x284.jpg,uploads/sites/4/2025/11/143021-e1763291423474-400x284.jpg,14080,9fe859b21c522014cba72c53b63bdc478cd0c1b896c53f47de78c4974ee14325,image/jpeg,,,,
uploads/sites/4/2025/11/2733704_12016-scaled-1-480x342.jpg,uploads/sites/4/2025/11/2733704_12016-scaled-1-480x342.jpg,32051,fb5beb61c3516246124182667e0bb91e3dee1750a50a4a3953834150b91f8b88,image/jpeg,,,,
uploads/sites/4/2025/11/logo-1080x270.png,uploads/sites/4/2025/11/logo-1080x270.png,94239,be40637a1fcd510df5410673b36f88ee1ce13bc7e0a3f7c3dca9983aeeee5e5a,image/png,,,,
uploads/sites/4/2025/11/143021-e1763291423474-480x174.jpg,uploads/sites/4/2025/11/143021-e1763291423474-480x174.jpg,11193,3004cf0d217eaa4a7ebe73b01aeeb78ee7a96726ced25f210719a00f8d445dc8,image/jpeg,,,,
uploads/sites/4/2025/11/120044-1080x787.jpg,uploads/sites/4/2025/11/120044-1080x787.jpg,122618,4715c524234528e2049feaa3c04f1e7f9e00974a7c966c8b3dd22e88ee83bc1a,image/jpeg,,,,
uploads/sites/4/2025/11/helping-each-other-scaled-1.jpg,uploads/sites/4/2025/11/helping-each-other-scaled-1.jpg,311830,5698bda9900349a9e058bcd0c5ad0631f0e9d463020dda9c143ce400c5f970f7,image/jpeg,,,,
uploads/sites/4/2025/11/123795-1536x1025.jpg,uploads/sites/4/2025/11/123795-1536x1025.jpg,120468,3f3b8247270fe76277f949698fce404942c48aed7297f5a040d61f1e3323b4a2,image/jpeg,,,,
uploads/sites/4/2025/11/129014-391x260.jpg,uploads/sites/4/2025/11/129014-391x260.jpg,6714,0d0e2e65f45bdefe7a4ae767a47dfb0c306e3e2840d5088e6bad2f55848d0f81,image/jpeg,,,,
uploads/sites/4/2025/11/logo-300x300.png,uploads/sites/4/2025/11/logo-300x300.png,8699,be2678da4b8f337e0247070067140b685a25f8de9cea1979a2f89fee61200787,image/png,,,,
uploads/sites/4/2025/11/584-480x320.jpg,uploads/sites/4/2025/11/584-480x320.jpg,28424,4e00cae22d2156c9a36487822a1406a81cf816e8e87ffd6fb873df60bde2c523,image/jpeg,,,,
uploads/sites/4/2025/11/559-300x400.jpg,uploads/sites/4/2025/11/559-300x400.jpg,30809,9c541dc9e6a0768eedde8ae12da3c99076f9d9c467016a8417df93fe465b2880,image/jpeg,,,,
uploads/sites/4/2025/11/helping-each-other-scaled-1-980x438.jpg,uploads/sites/4/2025/11/helping-each-other-scaled-1-980x438.jpg,42943,a17d2371e78f15adb27d9a778c28310bf4123228a00568bfe67b3b4cad334d1a,image/jpeg,,,,
uploads/sites/4/2025/11/cropped-favicon-500x500.png,uploads/sites/4/2025/11/cropped-favicon-500x500.png,119326,68c76536f8258ed74ca871b443bd3eee88df938fb38bc809bc9caeeaa145c639,image/png,,,,
uploads/sites/4/2025/11/banner-wc-001-e1763484626801-400x284.webp,uploads/sites/4/2025/11/banner-wc-001-e1763484626801-400x284.webp,28092,1a4977ba8fa7fb7b99602fdaf4a7bcfe2e9cc1d41e5d1c8aad120a4657d1a9c7,image/webp,,,,
uploads/sites/4/2025/11/2733704_12016-scaled-1-510x382.jpg,uploads/sites/4/2025/11/2733704_12016-scaled-1-510x382.jpg,36971,237471717e8ddcbfe064da7b8e48c9e2fb306f5fe2b20f38ba6a4f3bbe54dafd,image/jpeg,,,,
uploads/sites/4/2025/11/19692-300x400.jpg,uploads/sites/4/2025/11/19692-300x400.jpg,11448,2805b4a49c13c3d092b054593e84cb4f9a4a9b0aeed968d4da641e8af7c42f67,image/jpeg,,,,
uploads/sites/4/2025/11/120044-400x284.jpg,uploads/sites/4/2025/11/120044-400x284.jpg,26802,1e61bd93fcd000f28357d465c0b77693a0984273517d34f355323ee1f618c889,image/jpeg,,,,
uploads/sites/4/2025/11/logo-480x120.png,uploads/sites/4/2025/11/logo-480x120.png,28482,3b9d18f90c33ca67cf5d30e929d838b550663fe4ce1eb0f7c1e5e4e86f2d1e5d,image/png,,,,
uploads/sites/4/2025/11/2733704_12016-scaled-1-391x260.jpg,uploads/sites/4/2025/11/2733704_12016-scaled-1-391x260.jpg,23326,9d5ae20e42f30421449d823699cd7a68ed3c65fe88d50fca9ee36304a06cd46c,image/jpeg,,,,
uploads/sites/4/2025/11/home-banner-300x300.jpg,uploads/sites/4/2025/11/home-banner-300x300.jpg,23640,c87c04d369c2ce39dbfc07f44a9757c142f6a36b0b91921a1e485944a2496341,image/jpeg,,,,
uploads/sites/4/2025/11/584-768x512.jpg,uploads/sites/4/2025/11/584-768x512.jpg,56407,6535175718e4206c14806944483883147f5e07c1129c640414988acc2a8f6f39,image/jpeg,,,,
uploads/sites/4/2025/11/584-500x500.jpg,uploads/sites/4/2025/11/584-500x500.jpg,40805,5e3529b474db5336d35ca057d186942ed3121c2626352bd27713695f826ad229,image/jpeg,,,,
uploads/sites/4/2025/11/559-391x260.jpg,uploads/sites/4/2025/11/559-391x260.jpg,28626,17cd4cc8ba91f6b40cdbeb6d5d6ce3086a9716779343763deb842c9e6b05cf90,image/jpeg,,,,
uploads/sites/4/2025/11/29680-480x274.jpg,uploads/sites/4/2025/11/29680-480x274.jpg,18488,0902897ea533154b0fa759d4d7d9689eeeac959be563e7da92415837150a0002,image/jpeg,,,,
uploads/sites/4/2025/11/helping-each-other-scaled-1-400x250.jpg,uploads/sites/4/2025/11/helping-each-other-scaled-1-400x250.jpg,11308,feb6df74f5c23c33ca4073f929a7574b69b27154f29eebc214034c2b09f6c0d8,image/jpeg,,,,
uploads/sites/4/2025/11/29376-1024x682.jpg,uploads/sites/4/2025/11/29376-1024x682.jpg,67480,08d27b36e94cff7fd9691f4910ebff0699006d19fe4c8eaac0261182c77e562b,image/jpeg,,,,
uploads/sites/4/2025/11/helping-each-other-scaled-1-300x400.jpg,uploads/sites/4/2025/11/helping-each-other-scaled-1-300x400.jpg,13391,fbdf4ab43eac8ef224b167ec27dcee6fa2d50e5fa5aaafe11853202ee871c427,image/jpeg,,,,
uploads/sites/4/2025/11/559-300x300.jpg,uploads/sites/4/2025/11/559-300x300.jpg,24806,f5861cb74216b170f48337a284db4f9f6f1a5d7400cb7ddbda76b5d562fb72cf,image/jpeg,,,,
uploads/sites/4/2025/11/2733704_12016-scaled-1-300x400.jpg,uploads/sites/4/2025/11/2733704_12016-scaled-1-300x400.jpg,24075,bdd81aa43e2180578b849a6d4d3a54ce46e30014cdcfb71f947a4b622bb74aa3,image/jpeg,,,,
uploads/sites/4/2025/11/helping-each-other-scaled-1-300x300.jpg,uploads/sites/4/2025/11/helping-each-other-scaled-1-300x300.jpg,10118,d5a947cdce3729d8ef358e095a0e1dfbc59517d97ca16a0ae48596a53e9f8932,image/jpeg,,,,
uploads/sites/4/2025/11/banner-wc-001-e1763484626801-150x150.webp,uploads/sites/4/2025/11/banner-wc-001-e1763484626801-150x150.webp,6202,2e016f8c32b3c88cee979d7b12c2efeada97d62dc1c0c0fa825a930787a7c05f,image/webp,,,,
uploads/sites/4/2025/11/29376-474x324.jpg,uploads/sites/4/2025/11/29376-474x324.jpg,23191,bc4f6d5219274be22bc26b8e4b0cb901c5cf58c32dcc008b62663205403b71d7,image/jpeg,,,,
uploads/sites/4/2025/11/cropped-favicon-180x180.png,uploads/sites/4/2025/11/cropped-favicon-180x180.png,25068,41859540c2fe0f10b39174a5bf843ecbee006d1fffc811d00502857130adfa62,image/png,,,,
uploads/sites/4/2025/11/banner-wc-001-e1763484626801.webp,uploads/sites/4/2025/11/banner-wc-001-e1763484626801.webp,198602,f37beacb12dcc6e550c5e123cf980301c8b64f6c1415a50428518511259a74a0,image/webp,,,,
uploads/sites/4/2025/11/2147770870-e1763292893626-768x178.jpg,uploads/sites/4/2025/11/2147770870-e1763292893626-768x178.jpg,19031,86ab764e65d37974e8ed3a1361cfdec13e479cb502623b99b49c287e5cba0cc8,image/jpeg,,,,
uploads/sites/4/2025/11/143021-e1763291423474-510x382.jpg,uploads/sites/4/2025/11/143021-e1763291423474-510x382.jpg,21764,51af2b3e140042a9b36a5595fec3ae88d4e5a9edd50c4c87b9fd61f7aa61c11b,image/jpeg,,,,
uploads/sites/4/2025/11/559-768x512.jpg,uploads/sites/4/2025/11/559-768x512.jpg,97587,8a286b8922c17dfdb8e86d1527b063b9ce38b26c6006fe4d0dbc832fe273b1c2,image/jpeg,,,,
uploads/sites/4/2025/11/NA-Keytag-Welcome-391x260.jpeg,uploads/sites/4/2025/11/NA-Keytag-Welcome-391x260.jpeg,16239,79d6255909ee9c4642f1366c92ef90676d0681146606d058da31da7bd1891301,image/jpeg,,,,
uploads/sites/4/2025/11/584-400x250.jpg,uploads/sites/4/2025/11/584-400x250.jpg,21246,a653d4186c0312be175d89321008d9360cf25940cfef97614315e2ef807e4799,image/jpeg,,,,
uploads/sites/4/2025/11/120044-1280x932.jpg,uploads/sites/4/2025/11/120044-1280x932.jpg,156779,30187602a69feef773a697870c39524e218077a784f92b3aa626bc94a99cfe55,image/jpeg,,,,
uploads/sites/4/2025/11/home-banner-480x270.jpg,uploads/sites/4/2025/11/home-banner-480x270.jpg,33624,e00280b7a8717261226010c0b50ee45037009ce21d06d7f85ee9660be67845b2,image/jpeg,,,,
uploads/sites/4/2025/11/129014-510x382.jpg,uploads/sites/4/2025/11/129014-510x382.jpg,10687,2899e03ba4b6751e702b5b4cb9dc0b05536381dfe69790f783e4fab9882cc75d,image/jpeg,,,,
uploads/sites/4/2025/11/logo-400x250.png,uploads/sites/4/2025/11/logo-400x250.png,14879,be706df1074154ea3f99454344e941e9cc6f7ab9baab76483c751a330b10b483,image/png,,,,
uploads/sites/4/2025/11/logo.png,uploads/sites/4/2025/11/logo.png,98720,e060ea3b52588002a2fdde02bb5b1206d2c36febbfebddd484237f8faaf63ad0,image/png,,,,
uploads/sites/4/2025/11/helping-each-other-scaled-1-391x260.jpg,uploads/sites/4/2025/11/helping-each-other-scaled-1-391x260.jpg,11513,7a60b8aabc16bc78820ca5a111106afcf61eb47671a76d182b7acd5068b55a98,image/jpeg,,,,
uploads/sites/4/2025/11/2147770870-e1763292893626-480x111.jpg,uploads/sites/4/2025/11/2147770870-e1763292893626-480x111.jpg,9300,2fa06686afa4680bf698e1117e515295f33a4b700cb981320b3747624edea4ae,image/jpeg,,,,
uploads/sites/4/2025/11/2151930388-980x490.jpg,uploads/sites/4/2025/11/2151930388-980x490.jpg,62599,369e712a8d8d4f5b2c233b38a94c220d4507bb74486a722d4af3ba5504f9173d,image/jpeg,,,,
uploads/sites/4/2025/11/home-banner-150x150.jpg,uploads/sites/4/2025/11/home-banner-150x150.jpg,6983,cb05a6b9236a3950b9dee9be70fa754630073952bcc7e963b5374ddc9e998437,image/jpeg,,,,
uploads/sites/4/2025/11/logo-400x284.png,uploads/sites/4/2025/11/logo-400x284.png,15207,100b505ac6e20f5b3e8c6c3f30c0973b4f2843e62f2013ca5db105e30fcdb4b1,image/png,,,,
uploads/sites/4/2025/11/2151930388-1080x675.jpg,uploads/sites/4/2025/11/2151930388-1080x675.jpg,85892,a1b37b18e7bb78809773dadbab9ce87f7622c4226f84136f8ec9f6e1d3e05b15,image/jpeg,,,,
uploads/sites/4/2025/11/2733704_12016-scaled-1-300x214.jpg,uploads/sites/4/2025/11/2733704_12016-scaled-1-300x214.jpg,16095,c6942afef67ec4ce1617b1e3216feac62fea1afeb0a8d335f2fc5901b4570d82,image/jpeg,,,,
uploads/sites/4/2025/11/584-1280x853.jpg,uploads/sites/4/2025/11/584-1280x853.jpg,123974,04096c3a964a9ee487ec0ca911f4d0419a25522f3e78024091f139455600a1f5,image/jpeg,,,,
uploads/sites/4/2025/11/143021-e1763291423474-150x150.jpg,uploads/sites/4/2025/11/143021-e1763291423474-150x150.jpg,4041,67ea07e9e615cfa829edcc023b96ba83127762599797f533e7d96721f2a05dff,image/jpeg,,,,
uploads/sites/4/2025/11/NA-Keytag-Welcome-400x250.jpeg,uploads/sites/4/2025/11/NA-Keytag-Welcome-400x250.jpeg,15934,706cfc20d4dccc976ea40ae11d84f27e5e4c80d8bd8689535283709d0ac892b7,image/jpeg,,,,
uploads/sites/4/2025/11/29376-510x382.jpg,uploads/sites/4/2025/11/29376-510x382.jpg,26953,8bfe3ce68283eca68e57f9e97c5787ab820319d6f4b4a6cdfc7ac9181ba555a6,image/jpeg,,,,
uploads/sites/4/2025/11/129014-480x320.jpg,uploads/sites/4/2025/11/129014-480x320.jpg,8897,663ed608e683164bf7a92d919c5c24a8dc52557b5877bcee930d95262e478f58,image/jpeg,,,,
uploads/sites/4/2025/11/2150951473-400x516.jpg,uploads/sites/4/2025/11/2150951473-400x516.jpg,30262,4e4573f84982c4268ef6589fa37f0796135f4dedb87abf7b24c90f65f2de6979,image/jpeg,,,,
uploads/sites/4/2025/11/29680-1280x732.jpg,uploads/sites/4/2025/11/29680-1280x732.jpg,86467,eac0df3311a300879d97bc68dab74616288ecf947e1927952e6a4e97d4bcc011,image/jpeg,,,,
uploads/sites/4/2025/11/NA-Keytag-Welcome.jpeg,uploads/sites/4/2025/11/NA-Keytag-Welcome.jpeg,18530,052d96950287cf1157509c6212a2f947265978f6a2bdb06d4f66790a16a9a93b,image/jpeg,,,,
uploads/sites/4/2025/11/29376.jpg,uploads/sites/4/2025/11/29376.jpg,1166132,94d05aaab42c337ec696935fee116e713102d28392b8007192d33344a31945c8,image/jpeg,,,,
uploads/sites/4/2025/11/2150951473.jpg,uploads/sites/4/2025/11/2150951473.jpg,1381592,0bd62de9f2a0aff6f9b4614d3b29dccbaaaf7b6ff4c2bb7edda6e429fe33dddd,image/jpeg,,,,
uploads/sites/4/2025/11/favicon-150x150.png,uploads/sites/4/2025/11/favicon-150x150.png,17766,0737cead2be6b73905288a705eca8e0c775ef8e5e030ee2b94d5d4a6ef44b5cd,image/png,,,,
uploads/sites/4/2025/11/29376-300x200.jpg,uploads/sites/4/2025/11/29376-300x200.jpg,11999,2abdbeeb9fde06d9f606e5f14dc3e1c5ce41a26833741af9d0bcb607a7118f9b,image/jpeg,,,,
uploads/sites/4/2025/11/logo-500x300.png,uploads/sites/4/2025/11/logo-500x300.png,13270,b0483ad421a54fccc72c7f8dce0e0085ee9a9102306f68e0ddcf86b8a7744819,image/png,,,,
uploads/sites/4/2025/11/2147770870-e1763292893626-400x250.jpg,uploads/sites/4/2025/11/2147770870-e1763292893626-400x250.jpg,14110,4a7c8ea5a5576038b4e55bac60f922d8b20798c1bca332ac6b07aea52fb8c582,image/jpeg,,,,
uploads/sites/4/2025/11/123795-1080x721.jpg,uploads/sites/4/2025/11/123795-1080x721.jpg,71587,b927bc91a4c957ae3da3282f6a31b24a411c7db0ec99c60c5d7f1d69e8366606,image/jpeg,,,,
uploads/sites/4/2025/11/19692-400x284.jpg,uploads/sites/4/2025/11/19692-400x284.jpg,12047,3165ac16a744a046b23c69f1cd4c3bfe1a7737b63609a41230d0ed61beb8e780,image/jpeg,,,,
uploads/sites/4/2025/11/2151930388-1080x540.jpg,uploads/sites/4/2025/11/2151930388-1080x540.jpg,72581,3108a003722133206b37ad4c633535739536132ffac5f6253c8c391cca2c00bf,image/jpeg,,,,
uploads/sites/4/2025/11/123795-1024x684.jpg,uploads/sites/4/2025/11/123795-1024x684.jpg,65522,60461d6c0565af222abfa08a031ea1b388a3b3d9985656e5fbda7f168531eedd,image/jpeg,,,,
uploads/sites/4/2025/11/29680-510x382.jpg,uploads/sites/4/2025/11/29680-510x382.jpg,26175,b6d51a3418653dfcb619d0ad52233f9381b323917ebbeede5f3f2447fdc75264,image/jpeg,,,,
uploads/sites/4/2025/11/19692-980x652.jpg,uploads/sites/4/2025/11/19692-980x652.jpg,40509,b91dc93400c7d9c1c6c85cf3d24a5c6bf8c7574ec41ef61358aaff01a3eb7f46,image/jpeg,,,,
uploads/sites/4/2025/11/favicon-270x250.png,uploads/sites/4/2025/11/favicon-270x250.png,47073,75ee252ccf10c8bbdac03d2488aa092dd8848cf786da09b782a9d5d35b6d73aa,image/png,,,,
uploads/sites/4/2025/11/helping-each-other-scaled-1-1536x687.jpg,uploads/sites/4/2025/11/helping-each-other-scaled-1-1536x687.jpg,106006,2dc3bfb5b250b932f0d3387e1ba35b27a74e5e873cb8375d650d23f66775b8e4,image/jpeg,,,,
uploads/sites/4/2025/11/19692-474x324.jpg,uploads/sites/4/2025/11/19692-474x324.jpg,15023,ca7252788ec13d651cea9640578afd0d67cb7f6b38dd78f71b1d33e80cb6ba0c,image/jpeg,,,,
uploads/sites/4/2025/11/2151930388-500x500.jpg,uploads/sites/4/2025/11/2151930388-500x500.jpg,31600,90066ad5c3840c9712ebf813d793492ef9b9fb7c26f9b5b23d98f4fca3d62ca9,image/jpeg,,,,
uploads/sites/4/2025/11/2733704_12016-scaled-1-400x284.jpg,uploads/sites/4/2025/11/2733704_12016-scaled-1-400x284.jpg,24468,10dd6b8a80176ab0b6c43ecbd05b40781ae641c35b02ba0339784493fb3efc20,image/jpeg,,,,
uploads/sites/4/2025/11/584-300x400.jpg,uploads/sites/4/2025/11/584-300x400.jpg,22229,2a725f26c1b26bb22fa3e00e6b2d7d776a65a0de93270929bd74355bf1162ca3,image/jpeg,,,,
uploads/sites/4/2025/11/home-banner-400x284.jpg,uploads/sites/4/2025/11/home-banner-400x284.jpg,29549,e4a2fc3d373c5b94d203a02dbb6a11092ce9d57fb1f1dd22605fe1e75665555a,image/jpeg,,,,
uploads/sites/4/2025/11/2150951473-510x382.jpg,uploads/sites/4/2025/11/2150951473-510x382.jpg,30297,c2b57dec457bd5c3208d34a2de2c6b4c788b8d2cee83b4291c38cc106863eb67,image/jpeg,,,,
uploads/sites/4/2025/11/2150951473-1080x675.jpg,uploads/sites/4/2025/11/2150951473-1080x675.jpg,79487,8ff59b0c66182a4ab3d97c85a39e80fba7d90049d8e5c20f02e16cd2a149a6db,image/jpeg,,,,
uploads/sites/4/2025/11/559-150x150.jpg,uploads/sites/4/2025/11/559-150x150.jpg,7505,7689b049c53ccc5571199a02594d37cc5d11e9c6430f600c36ae39e83ef3698e,image/jpeg,,,,
uploads/sites/4/2025/11/NA-Keytag-Welcome-300x361.jpeg,uploads/sites/4/2025/11/NA-Keytag-Welcome-300x361.jpeg,20299,eef543d66ec4ac89841d86a62515c56c8b02902364aac86c0012514c12397275,image/jpeg,,,,
uploads/sites/4/2025/11/2150951473-980x549.jpg,uploads/sites/4/2025/11/2150951473-980x549.jpg,63933,c72f468c2431870ac7eae4bf7b0e9bb264f082b65ed32b5853e178039221c9ea,image/jpeg,,,,
uploads/sites/4/2025/11/123795-510x382.jpg,uploads/sites/4/2025/11/123795-510x382.jpg,26765,badc778c213428b372b4cbf51142d8d8fc3a6ffac843445d4206d407eb32d051,image/jpeg,,,,
uploads/sites/4/2025/11/logo-1024x256.png,uploads/sites/4/2025/11/logo-1024x256.png,86848,1f15785372081d851694ea4a0c473f8de9a097814adb8c712632ceb79e7c2e22,image/png,,,,
uploads/sites/4/2025/11/19692.jpg,uploads/sites/4/2025/11/19692.jpg,783763,15cab201ba8a2f32ed17805f8e3d5a3a1261dd5b5a82231bc8537aa4603e52da,image/jpeg,,,,
uploads/sites/4/2025/11/123795-150x150.jpg,uploads/sites/4/2025/11/123795-150x150.jpg,6339,87a07db4fb337d89726cbaa3e7d3589cde98bab6a7357957b01fca5b783033c1,image/jpeg,,,,
uploads/sites/4/2025/11/2151930388-480x240.jpg,uploads/sites/4/2025/11/2151930388-480x240.jpg,19905,7ae0d7efb521b04c726a6f23dec02f1067aff8b36fecba5f0e1e2eb58b570aa4,image/jpeg,,,,
uploads/sites/4/2025/11/19692-391x260.jpg,uploads/sites/4/2025/11/19692-391x260.jpg,11350,103a37839fe92c6c4a99e62643a105c465c26ba91953e3ae1b6b2b64046e9920,image/jpeg,,,,
uploads/sites/4/2025/11/143021-e1763291423474-1080x675.jpg,uploads/sites/4/2025/11/143021-e1763291423474-1080x675.jpg,63893,dd2eb1557daf35c5c2ec2fa7f77334f805a6f686a39b18f835e54cb5d8a36560,image/jpeg,,,,
uploads/sites/4/2025/11/129014-474x324.jpg,uploads/sites/4/2025/11/129014-474x324.jpg,8981,562a24263736514d93e2e3c40c3562cc85f5eb7948a8caf8e304b588f95fd1da,image/jpeg,,,,
uploads/sites/4/2025/11/home-banner-1024x576.jpg,uploads/sites/4/2025/11/home-banner-1024x576.jpg,144960,1ba23846b544de352d66ee77f4b3bcacd9eaef42c456075c0431a4675fa418bd,image/jpeg,,,,
uploads/sites/4/2025/11/143021-e1763291423474-1536x558.jpg,uploads/sites/4/2025/11/143021-e1763291423474-1536x558.jpg,71432,bfa6f02c28d70d7da947dba0a04d62cc9e73cd8f3d026fe5bc6ba8c9f422b52b,image/jpeg,,,,
uploads/sites/4/2025/11/19692-300x300.jpg,uploads/sites/4/2025/11/19692-300x300.jpg,10237,541f227bba8fe0a5ac3a88f8c04c56b646961d2f6b956be1a5bd9ded6fb08360,image/jpeg,,,,
uploads/sites/4/2025/11/559.jpg,uploads/sites/4/2025/11/559.jpg,1640766,95f07596585d9e24cb09572a1ab8e7ae1f2102450b729a5e70411dde7c9ca94c,image/jpeg,,,,
uploads/sites/4/2025/11/2147770870-e1763292893626-391x260.jpg,uploads/sites/4/2025/11/2147770870-e1763292893626-391x260.jpg,14024,1ac80ad5c9717a91fb78d72a5367ce4cecbb6606f0267d140b9f2ad06d930cc7,image/jpeg,,,,
uploads/sites/4/2025/11/559-474x324.jpg,uploads/sites/4/2025/11/559-474x324.jpg,41922,13c4d065af017836bb40d546065391f2c3ceaf4990c4c9662df4c83f41e728ca,image/jpeg,,,,
uploads/sites/4/2025/11/143021-e1763291423474-474x324.jpg,uploads/sites/4/2025/11/143021-e1763291423474-474x324.jpg,18011,04f7c7be7ff01df29eceabdc1ce594a2519bb52d35629a503f0691b9eb8db2fe,image/jpeg,,,,
uploads/sites/4/2025/11/2150951473-150x150.jpg,uploads/sites/4/2025/11/2150951473-150x150.jpg,6840,0f1d52802fbdfc88165b74533063c75378234600575a7e544f4c782317a31a66,image/jpeg,,,,
uploads/sites/4/2025/11/banner-wc-001-e1763484626801-474x324.webp,uploads/sites/4/2025/11/banner-wc-001-e1763484626801-474x324.webp,37710,715b7d7f52ecdac8b8da977d28df9f3644f34f0349a5ed544d09f4d38d5298df,image/webp,,,,
uploads/sites/4/2025/11/2151118274-1080x675.jpg,uploads/sites/4/2025/11/2151118274-1080x675.jpg,98485,d71f218bf76b361a0cafdb29562c57bf305b98550d0063d76b7dae1bba74334c,image/jpeg,,,,
uploads/sites/4/2025/11/2147770870-e1763292893626-150x150.jpg,uploads/sites/4/2025/11/2147770870-e1763292893626-150x150.jpg,4198,995bf0e9433b7fd66161130be8cab423cdb4c68fcc320489f4a048f624f9d7b4,image/jpeg,,,,
uploads/sites/4/2025/11/2151118274-400x250.jpg,uploads/sites/4/2025/11/2151118274-400x250.jpg,20656,6abe533e30ba2670a8de2d4f122ef621c176f7ae6f069749449418d25e22142b,image/jpeg,,,,
uploads/sites/4/2025/11/banner-wc-001-e1763484626801-1080x502.webp,uploads/sites/4/2025/11/banner-wc-001-e1763484626801-1080x502.webp,121970,ac40f467290f9cd37c0ae45e1cb56d4cdfb6b3fe0bebbe6a9760118426649ff2,image/webp,,,,
uploads/sites/4/2025/11/home-banner-391x260.jpg,uploads/sites/4/2025/11/home-banner-391x260.jpg,26984,387dfc2e7c68076a1f35bb012c4ffc45f2fc30598d4f34627743296f5124e1b4,image/jpeg,,,,
uploads/sites/4/2025/11/2151930388-300x400.jpg,uploads/sites/4/2025/11/2151930388-300x400.jpg,15978,33fa2d3565be5c841297d9bc68e0cc73e7b33e639e065ccf18b3a40ade662a95,image/jpeg,,,,
uploads/sites/4/2025/11/NA-Keytag-Welcome-300x266.jpeg,uploads/sites/4/2025/11/NA-Keytag-Welcome-300x266.jpeg,15088,51bc22534385fac033a8263ddd000c81ef661109a354c7e5941ad36e29377155,image/jpeg,,,,
uploads/sites/4/2025/11/2151118274-150x150.jpg,uploads/sites/4/2025/11/2151118274-150x150.jpg,6435,f61b5aab8fa50ae6430faf5ae5c6e7ec2bf330c5b1b488d1caffe836d0408a2b,image/jpeg,,,,
uploads/sites/4/2025/11/29376-500x500.jpg,uploads/sites/4/2025/11/29376-500x500.jpg,31147,2dd03f65971542d4cc2e4998211d58fda4b410fceffa387fb9e4772fea747651,image/jpeg,,,,
uploads/sites/4/2025/11/29376-1536x1024.jpg,uploads/sites/4/2025/11/29376-1536x1024.jpg,123498,9cc158da895d3e211a1e339cd5c9db9fa3d4a367157614e2965af86e82745a48,image/jpeg,,,,
uploads/sites/4/2025/11/29680-980x560.jpg,uploads/sites/4/2025/11/29680-980x560.jpg,56407,e9768f24a32bf29402bed0fb616f3874d6e2c42bf742744d04d2e6ddadaa69a1,image/jpeg,,,,
uploads/sites/4/2025/11/2150951473-300x400.jpg,uploads/sites/4/2025/11/2150951473-300x400.jpg,20870,921996f651be0b8546704436a9f4c9478367cac9d45521d67c0f7e15113ea05c,image/jpeg,,,,
uploads/sites/4/2025/11/143021-e1763291423474-300x109.jpg,uploads/sites/4/2025/11/143021-e1763291423474-300x109.jpg,5771,5cf52c76cb40ad8e05deb9917786fc117786d49e698c2498bebc7e58b3b1614e,image/jpeg,,,,
uploads/sites/4/2025/11/2151118274-300x300.jpg,uploads/sites/4/2025/11/2151118274-300x300.jpg,19092,bc2c9723598ebaa75756a0e1b9f9fea97ffe7fd9a99fa791e4cad32d156d08de,image/jpeg,,,,
uploads/sites/4/2025/11/584-391x260.jpg,uploads/sites/4/2025/11/584-391x260.jpg,21372,a1d37f519437c7bfa860a28ddd49a1600b27180c0e1444d9cd42c87b4fcc6481,image/jpeg,,,,
uploads/sites/4/2025/11/29376-391x260.jpg,uploads/sites/4/2025/11/29376-391x260.jpg,17508,e65d38c6205198a80b56965adf24f6cd6888936d04b080a800815e3dad5a1e3a,image/jpeg,,,,
uploads/sites/4/2025/11/2733704_12016-scaled-1-2048x1459.jpg,uploads/sites/4/2025/11/2733704_12016-scaled-1-2048x1459.jpg,296068,a9d9158f2df8701925ae88e32a90c3f2778af9452b44a4f4c2d0b74ed26f7f56,image/jpeg,,,,
uploads/sites/4/2025/11/120044-1536x1119.jpg,uploads/sites/4/2025/11/120044-1536x1119.jpg,203735,9654830cc162688ad1d938091bd0e90b6cd4bcec64620feb506939ae7f8133f7,image/jpeg,,,,
uploads/sites/4/2025/11/logo-1080x300.png,uploads/sites/4/2025/11/logo-1080x300.png,80089,b0e4d6e7664512cd0dca820db40cadc365bd9b4b082c286557dca9e924ce826e,image/png,,,,
uploads/sites/4/2025/11/2150951473-400x250.jpg,uploads/sites/4/2025/11/2150951473-400x250.jpg,19649,22c7a716c28549b3693b1c4ba8eea5003f419ba863f5f58dec247d3745d3d146,image/jpeg,,,,
uploads/sites/4/2025/11/129014-300x200.jpg,uploads/sites/4/2025/11/129014-300x200.jpg,4679,23b6a59264a44e4147e2df99abbdc56ff59cffb32d0b3cec0aeff576205ae023,image/jpeg,,,,
uploads/sites/4/2025/11/559-300x200.jpg,uploads/sites/4/2025/11/559-300x200.jpg,17720,e62ca09ed731d7d3c483152a3b66487a8d2fdc739bda0bb1130437bb0b040897,image/jpeg,,,,
uploads/sites/4/2025/11/559-980x653.jpg,uploads/sites/4/2025/11/559-980x653.jpg,150687,179fd1548c5d1ef1da2fdf2ae00472f34269c45a8672ffa6f19264282d44aa1b,image/jpeg,,,,
uploads/sites/4/2025/11/143021-e1763291423474-400x516.jpg,uploads/sites/4/2025/11/143021-e1763291423474-400x516.jpg,18807,dc484291f7465be7706770509a221c13d54b857551ad1bbccfcce062350ead91,image/jpeg,,,,
uploads/sites/4/2025/11/cropped-favicon-192x192.png,uploads/sites/4/2025/11/cropped-favicon-192x192.png,28001,f96ad99099bb6396439160336a80393d7b58581603254100c5641b4fce37cc23,image/png,,,,
uploads/sites/4/2025/11/120044-474x324.jpg,uploads/sites/4/2025/11/120044-474x324.jpg,33868,012ec63beac947213c0a46c2f776a60175bd0d28e95f85fdc783745a241e81e2,image/jpeg,,,,
uploads/sites/4/2025/11/banner-wc-001-e1763484626801-768x357.webp,uploads/sites/4/2025/11/banner-wc-001-e1763484626801-768x357.webp,67010,baaaa3015829ab3e4e5a14f95fa0999340288b5808a6ff619a0cbb678a8ea39a,image/webp,,,,
uploads/sites/4/2025/11/cropped-favicon-300x300.png,uploads/sites/4/2025/11/cropped-favicon-300x300.png,60758,b51337ab4a2a193b20a6a7a8d13fa1a76c2ade1d75a400d056123ed820aed1fa,image/png,,,,
uploads/sites/4/2025/11/584-980x653.jpg,uploads/sites/4/2025/11/584-980x653.jpg,81723,42f71540c58b5b22afef51ce9b59ce582299761adb079651e7d1659110e33063,image/jpeg,,,,
uploads/sites/4/2025/11/favicon-270x260.png,uploads/sites/4/2025/11/favicon-270x260.png,47697,302cd7b234423b93bf32aff7d13906b7642bfd5961592efdfecd18037c0a8d02,image/png,,,,
uploads/sites/4/2025/11/logo-400x300.png,uploads/sites/4/2025/11/logo-400x300.png,10799,82d5bb09e03d7d973d238c7fa92b027df3fa155e13a28b3a152fbdfcf7179ded,image/png,,,,
uploads/sites/4/2025/11/29376-150x150.jpg,uploads/sites/4/2025/11/29376-150x150.jpg,6005,792353e5f4c0f18b93bab1777084c8a0a6689321133ac4b2243a670327fd0c2f,image/jpeg,,,,
uploads/sites/4/2025/11/129014-980x653.jpg,uploads/sites/4/2025/11/129014-980x653.jpg,27735,d5ddaa62f864edf98aef2cf200bbd7e93e5a4bb808ec21bb2b302f5c0887dd52,image/jpeg,,,,
uploads/sites/4/2025/11/123795-1280x854.jpg,uploads/sites/4/2025/11/123795-1280x854.jpg,91616,ae932de0d84568cebd2aebae56dc129a3bfaf0234357e438270fb22ce756b01d,image/jpeg,,,,
uploads/sites/4/2025/11/home-banner-1080x608.jpg,uploads/sites/4/2025/11/home-banner-1080x608.jpg,151608,b4baf1f7d47f828fc90146c7892e0e2f8862e7ac3e815471107d32b484871a1f,image/jpeg,,,,
uploads/sites/4/2025/11/143021-e1763291423474-300x300.jpg,uploads/sites/4/2025/11/143021-e1763291423474-300x300.jpg,10421,5efcfee9750828e45a48592b467e38790a5ec2fe56250c64cbf989ccecd8f86b,image/jpeg,,,,
uploads/sites/4/2025/11/NA-Keytag-Welcome-400x284.jpeg,uploads/sites/4/2025/11/NA-Keytag-Welcome-400x284.jpeg,17820,1553c51548fe7d8262ec137a53dea096a9ed1e8c33b689d03d0f4061500ecd26,image/jpeg,,,,
uploads/sites/4/2025/11/helping-each-other-scaled-1-150x150.jpg,uploads/sites/4/2025/11/helping-each-other-scaled-1-150x150.jpg,3248,98fe356932035cb96e32a29e6594f3b12e9d22341e73660035b7c2de2f5d3645,image/jpeg,,,,
uploads/sites/4/2025/11/banner-wc-001-e1763484626801-510x382.webp,uploads/sites/4/2025/11/banner-wc-001-e1763484626801-510x382.webp,46860,08174c515e00a79934f811b619ba3f882e3ab7c66e669f69235a9cdb5fc40f7b,image/webp,,,,
uploads/sites/4/2025/11/2733704_12016-scaled-1-980x698.jpg,uploads/sites/4/2025/11/2733704_12016-scaled-1-980x698.jpg,94638,0621b8decbc4f2d5289d2f880d3373e8d37e9bbd117391fee51fcbd6d0a2d2e0,image/jpeg,,,,
uploads/sites/4/2025/11/2151118274-1280x853.jpg,uploads/sites/4/2025/11/2151118274-1280x853.jpg,133366,42c0267ef555aa4d101f7c11fb7fe1d3bd8bb0e1d732ff6ca2b03a2d0c26342a,image/jpeg,,,,
uploads/sites/4/2025/11/120044-768x559.jpg,uploads/sites/4/2025/11/120044-768x559.jpg,72912,2c4be0a22d1346fa7e12ea2dadee63b309ec66f3eac15d9b6d5d3c7d9e8fd441,image/jpeg,,,,
uploads/sites/4/2025/11/cropped-favicon-391x260.png,uploads/sites/4/2025/11/cropped-favicon-391x260.png,66603,d315b2bbd1dc3251f5c2dc133db6bbdf0e9b8cd2c15544a92f09b57b739f5e59,image/png,,,,
uploads/sites/4/2025/11/29376-480x320.jpg,uploads/sites/4/2025/11/29376-480x320.jpg,22771,cf8a81dd2d2d4a0b7134572b943fb82d8ed8abbf89f0f90396fb04b45cc29d56,image/jpeg,,,,
uploads/sites/4/2025/11/129014-1080x675.jpg,uploads/sites/4/2025/11/129014-1080x675.jpg,32120,f447e2a8fbb4660ef9013308b2fcff3c202d6ba1c96126f60cbecf24c725c3fc,image/jpeg,,,,
uploads/sites/4/2025/11/2151118274-300x400.jpg,uploads/sites/4/2025/11/2151118274-300x400.jpg,22833,af792ee07ebde6ad197fbe24e449ce5c2c27c20126b74a1713ba501cb814c403,image/jpeg,,,,
uploads/sites/4/2025/11/2151118274-1024x682.jpg,uploads/sites/4/2025/11/2151118274-1024x682.jpg,94736,c8d9161bbfa8d70bc3ed82b305039dc5ec3d3c18bd2ab2590e55bf3e74b1681c,image/jpeg,,,,
uploads/sites/4/2025/11/2150951473-1080x605.jpg,uploads/sites/4/2025/11/2150951473-1080x605.jpg,73143,a1c5e58000591699849301c1f07df7ebe54064eb365abeaeb9179ccf14445b31,image/jpeg,,,,
uploads/sites/4/2025/11/123795-500x500.jpg,uploads/sites/4/2025/11/123795-500x500.jpg,33592,9396675e5b1fba60d7bdd0d333c9d5ab03df0b405220f53ddff3acb0b6fd00d8,image/jpeg,,,,
uploads/sites/4/2025/11/19692-1080x675.jpg,uploads/sites/4/2025/11/19692-1080x675.jpg,44658,95bb266e21870a40013605726428c73225c99374b11a11a908262009af8d5cfc,image/jpeg,,,,
uploads/sites/4/2025/11/helping-each-other-scaled-1-400x516.jpg,uploads/sites/4/2025/11/helping-each-other-scaled-1-400x516.jpg,23120,8de891d89241c1fbca641cc6200cc1476ae3727d09f1e49919cbf5c6af51e3c9,image/jpeg,,,,
uploads/sites/4/2025/11/19692-400x250.jpg,uploads/sites/4/2025/11/19692-400x250.jpg,11356,064afef2995825c5d18999fb0e9382e0cabb6c68983378162773df499e798740,image/jpeg,,,,
uploads/sites/4/2025/11/584-1080x720.jpg,uploads/sites/4/2025/11/584-1080x720.jpg,94555,936cca84291bc64908e5b879622b9e1001fb6cb6b44586d731a79723b75340ac,image/jpeg,,,,
uploads/sites/4/2025/11/2151118274-474x324.jpg,uploads/sites/4/2025/11/2151118274-474x324.jpg,28944,cf56d8e6c90bc1b30548efcae450694ed1d0306386d079221fd2febf63adca42,image/jpeg,,,,
uploads/sites/4/2025/11/cropped-favicon-300x400.png,uploads/sites/4/2025/11/cropped-favicon-300x400.png,75236,09198c641f9e88e5118ff61031e6662c39f381b7424ef0ed5611a6e87e6b3402,image/png,,,,
uploads/sites/4/2025/11/2151930388-400x284.jpg,uploads/sites/4/2025/11/2151930388-400x284.jpg,18979,325212ba0febc0bbae3a08bb4ea799a03617bd8edc19bfe50e545ac074b237ea,image/jpeg,,,,
uploads/sites/4/2025/11/2151930388-510x382.jpg,uploads/sites/4/2025/11/2151930388-510x382.jpg,28775,ced62420b1aced4d2c5f44817257709137e7c68ed319f4f48ce75286ea820560,image/jpeg,,,,
uploads/sites/4/2025/11/home-banner-980x551.jpg,uploads/sites/4/2025/11/home-banner-980x551.jpg,127854,d4b75dd3fc9020d5cb94fecda0509dcb87d07eedd46f2e68132e85628e822bbe,image/jpeg,,,,
uploads/sites/4/2025/11/120044-1080x675.jpg,uploads/sites/4/2025/11/120044-1080x675.jpg,108893,0582f29c5ec93f0c6db88f9fbfd695909f250ac1da6f229525e77d3425cca134,image/jpeg,,,,
uploads/sites/4/2025/11/143021-e1763291423474.jpg,uploads/sites/4/2025/11/143021-e1763291423474.jpg,123019,4fd6ed2027a1377dbd710f4920dd886ba35b4ba8747c86a2f95682bb7a227253,image/jpeg,,,,
uploads/sites/4/2025/11/banner-wc-001-e1763484626801-391x260.webp,uploads/sites/4/2025/11/banner-wc-001-e1763484626801-391x260.webp,25222,907bcd03666d65b9b1f461a55c7dc2a9b0bb6bc04f96dd7e78983011cb7c7e03,image/webp,,,,
uploads/sites/4/2025/11/120044-500x500.jpg,uploads/sites/4/2025/11/120044-500x500.jpg,47539,ec580c45c43e5b58447ef5ed838dfb93ea5f6acde24fd5d775c03b0442a294da,image/jpeg,,,,
uploads/sites/4/2025/11/2151118274-510x382.jpg,uploads/sites/4/2025/11/2151118274-510x382.jpg,36182,597de0fe25070c95e636ceb89110352c777bbe372241ccaddeecc698054f0df3,image/jpeg,,,,
uploads/sites/4/2025/11/123795-480x320.jpg,uploads/sites/4/2025/11/123795-480x320.jpg,21729,4a74d48702b45a29cbb4c0eee107661a127bef4f97d5bbd9817b156593ccec71,image/jpeg,,,,
uploads/sites/4/2025/11/29680-391x260.jpg,uploads/sites/4/2025/11/29680-391x260.jpg,15421,855d63e106fadaa3d00624e05bc056079d5fadc748da3d8bc6434ccbe38531f2,image/jpeg,,,,
uploads/sites/4/2025/11/2147770870-e1763292893626-510x382.jpg,uploads/sites/4/2025/11/2147770870-e1763292893626-510x382.jpg,22252,61147e32a26a6513675b4733b04bdb2e58c15e85ea21319127179ba300c1472a,image/jpeg,,,,
uploads/sites/4/2025/11/cropped-favicon-510x382.png,uploads/sites/4/2025/11/cropped-favicon-510x382.png,103842,bdb1ee46d22524387a901c7b7c31a9c14622e8dc96c59dc3d9880fdc58e7fd0b,image/png,,,,
uploads/sites/4/2025/11/cropped-favicon-270x270.png,uploads/sites/4/2025/11/cropped-favicon-270x270.png,53693,b0beb7b1b9919f718ea2fadd330d44d72d2df6dade52af35473352dff48b3249,image/png,,,,
uploads/sites/4/2025/11/2150951473-500x500.jpg,uploads/sites/4/2025/11/2150951473-500x500.jpg,35937,29e8181ef29667334b95890fa365a645c96a0dd3dd7bcad6df8287b0486aa01b,image/jpeg,,,,
uploads/sites/4/2025/11/logo-474x300.png,uploads/sites/4/2025/11/logo-474x300.png,12588,673dad9ec0274db922d0872c6439434f7bb59b539c7baba2272e273005d766d3,image/png,,,,
uploads/sites/4/2025/11/584-1024x682.jpg,uploads/sites/4/2025/11/584-1024x682.jpg,87272,0e95d3fbec47a5532c26dcf3d68f0e15eac3864794462c55769c8afd4c01c782,image/jpeg,,,,
uploads/sites/4/2025/11/2150951473-391x260.jpg,uploads/sites/4/2025/11/2150951473-391x260.jpg,19970,95c916d47eda0a633cf7b9db8a7a03e5d65f63876eefe94ac64b4085213cb020,image/jpeg,,,,
uploads/sites/4/2025/11/559-1080x675.jpg,uploads/sites/4/2025/11/559-1080x675.jpg,171689,0a5ba451de50a8b8c823cb12b7f6039cd39d10402c8ae25f7be2d2b81e6de648,image/jpeg,,,,
uploads/sites/4/2025/11/2151930388-1280x640.jpg,uploads/sites/4/2025/11/2151930388-1280x640.jpg,94215,317d141d9bb12fd5df674ed874f05ae792ed5c527e5ad93e7bcc8bd9243e8ab5,image/jpeg,,,,
uploads/sites/4/2025/11/2151930388-400x250.jpg,uploads/sites/4/2025/11/2151930388-400x250.jpg,18038,a42447677d791fc47ee0bbf531ae38814323d433dfbb5fb44076e8ae8bb36c02,image/jpeg,,,,
uploads/sites/4/2025/11/129014-1080x720.jpg,uploads/sites/4/2025/11/129014-1080x720.jpg,32625,550d45037e513e431d8849ab0fb88c06f7e7b6f8d18a359efb269c55d7912e27,image/jpeg,,,,
uploads/sites/4/2025/11/19692-1536x1022.jpg,uploads/sites/4/2025/11/19692-1536x1022.jpg,78455,16d579e6310c3cffc07e962bf92b708a06cd3d2b9e53f460740ad535e875d758,image/jpeg,,,,
uploads/sites/4/2025/11/2733704_12016-scaled-1-1080x675.jpg,uploads/sites/4/2025/11/2733704_12016-scaled-1-1080x675.jpg,102052,47ec56aa521d75eb60995d0e240b586012060283a7cbf210c376749dc68a56d5,image/jpeg,,,,
uploads/sites/4/2025/11/2147770870-e1763292893626-300x69.jpg,uploads/sites/4/2025/11/2147770870-e1763292893626-300x69.jpg,4878,e97be3bb27be60434c2055664a15a37ca76281170d387120ae59a68ed86768df,image/jpeg,,,,
uploads/sites/4/2025/11/logo-300x75.png,uploads/sites/4/2025/11/logo-300x75.png,14367,1f3da3c13a9840e676716d75da7422ceb851f84b2e9d8aba856a8c5a719c6d84,image/png,,,,
uploads/sites/4/2025/11/2150951473-300x300.jpg,uploads/sites/4/2025/11/2150951473-300x300.jpg,17669,758fc2b03b562c2ff0349a6403276e060733aff1613a77903cf83c40a1f14f09,image/jpeg,,,,
uploads/sites/4/2025/11/123795-400x250.jpg,uploads/sites/4/2025/11/123795-400x250.jpg,16641,e13484e16475b53d71f48c5daf3d73ddcc7443704a9f5847ba49c69cf49a3ab5,image/jpeg,,,,
uploads/sites/4/2025/11/19692-768x511.jpg,uploads/sites/4/2025/11/19692-768x511.jpg,28619,e2e3e056b3a9314ef02c48a81d9a5fb09fa9e80fe99c519d11a8b383587b0726,image/jpeg,,,,
uploads/sites/4/2025/11/584-400x284.jpg,uploads/sites/4/2025/11/584-400x284.jpg,23097,d2aea07d6964ef2653c274b1bd04108d12390e7bad15d31886051fccf7388078,image/jpeg,,,,
uploads/sites/4/2025/11/143021-e1763291423474-300x400.jpg,uploads/sites/4/2025/11/143021-e1763291423474-300x400.jpg,11949,d758bce9cd610870cd2b684ecbff5b8632ca8a58476748266c6f9292700c94f7,image/jpeg,,,,
uploads/sites/4/2025/11/helping-each-other-scaled-1-1080x483.jpg,uploads/sites/4/2025/11/helping-each-other-scaled-1-1080x483.jpg,52253,4d251aa938306363cf3782d9a0a32267439162a0422a0b63e73a5674431000a9,image/jpeg,,,,
uploads/sites/4/2025/11/2147770870-e1763292893626-400x463.jpg,uploads/sites/4/2025/11/2147770870-e1763292893626-400x463.jpg,19747,59a71534f69076fd4abe96fd94feb8aec1b440a463b2b9aeed729d57f6aef306,image/jpeg,,,,
uploads/sites/4/2025/11/2733704_12016-scaled-1-400x250.jpg,uploads/sites/4/2025/11/2733704_12016-scaled-1-400x250.jpg,23149,c88c32b1622e216e77e795753367140d08860d8607b747379b3dcf5e151217a8,image/jpeg,,,,
uploads/sites/4/2025/11/120044-400x250.jpg,uploads/sites/4/2025/11/120044-400x250.jpg,24272,e95b8188cb272202298530966db88a6aa0181ba9d56277e96e1d4573035624e0,image/jpeg,,,,
uploads/sites/4/2025/11/helping-each-other-scaled-1-1024x458.jpg,uploads/sites/4/2025/11/helping-each-other-scaled-1-1024x458.jpg,47143,52b167996e528f3d8726757c1a34fa9520f4ce36519709049a7ff56e15c7bf9d,image/jpeg,,,,
uploads/sites/4/2025/11/123795-391x260.jpg,uploads/sites/4/2025/11/123795-391x260.jpg,16470,fcd70b3112f7c1293d52bb68bf11497c5474b6de0f4b0df3801b019567a0b1b0,image/jpeg,,,,
uploads/sites/4/2025/11/helping-each-other-scaled-1-500x500.jpg,uploads/sites/4/2025/11/helping-each-other-scaled-1-500x500.jpg,28430,812afa44ac4faafba425428b8f7aefadae4f72655e49d39f73b9c6d6a200101b,image/jpeg,,,,
uploads/sites/4/2025/11/cropped-favicon-400x250.png,uploads/sites/4/2025/11/cropped-favicon-400x250.png,66044,11aa64e359358dfeee317c9de0ce570adb6279361ad4cb5695bc78fdd341826d,image/png,,,,
uploads/sites/4/2025/11/29376-400x516.jpg,uploads/sites/4/2025/11/29376-400x516.jpg,25557,0e0f6d88b329e5dd7ee4837dbb663e13e647d1eb4ff530fc4df704d4c979c535,image/jpeg,,,,
uploads/sites/4/2025/11/29680-1536x878.jpg,uploads/sites/4/2025/11/29680-1536x878.jpg,115224,eb647844e073f908346cf1ec18f9cfc043092a840a7969d6211365e39c51a62a,image/jpeg,,,,
uploads/sites/4/2025/11/favicon.png,uploads/sites/4/2025/11/favicon.png,48244,f5d430889ce2151b288dcbb7d01eef450ccfe87172684a86f09037000e015741,image/png,,,,
uploads/sites/4/2025/11/banner-wc-001-e1763484626801-1024x476.webp,uploads/sites/4/2025/11/banner-wc-001-e1763484626801-1024x476.webp,111622,dd209e9d3f60cda280e9e0dce5e8c079846429cf86ec1887878491e952b08b28,image/webp,,,,
uploads/sites/4/2025/11/cropped-favicon-32x32.png,uploads/sites/4/2025/11/cropped-favicon-32x32.png,2193,5307f4b1b2ead2f3560d0ad455a1fa8eb7965fb50c504aee4aea5d7d3b6ef08e,image/png,,,,
uploads/sites/4/2025/11/2151930388-300x150.jpg,uploads/sites/4/2025/11/2151930388-300x150.jpg,9390,15fe8c18c15b274a3658b28113023e3bff0061a33f1eb4671e2c42a3d319bd76,image/jpeg,,,,
uploads/sites/4/2025/11/helping-each-other-scaled-1-474x324.jpg,uploads/sites/4/2025/11/helping-each-other-scaled-1-474x324.jpg,17186,ed9eaeb158e815eed9fbbf23e7326aca02982f5545d2630a5abf0b4ffa14d94b,image/jpeg,,,,
uploads/sites/4/2025/11/120044-510x382.jpg,uploads/sites/4/2025/11/120044-510x382.jpg,39725,71a8daa50f0d4151d39d8d79920a0b6c77b188eb1b0194c3505c168e0158787a,image/jpeg,,,,
uploads/sites/4/2025/11/2147770870-e1763292893626-474x324.jpg,uploads/sites/4/2025/11/2147770870-e1763292893626-474x324.jpg,19342,22a433e09c45e023d291e3bf8cfdd3ccc2cf44a0b85b70b50a0b8c43e29bd731,image/jpeg,,,,
uploads/sites/4/2025/11/helping-each-other-scaled-1-1080x675.jpg,uploads/sites/4/2025/11/helping-each-other-scaled-1-1080x675.jpg,80422,e06929ca55cafd00f2f6f153e36ccf774952e3e1c8ba35b539369c845a2d2681,image/jpeg,,,,
uploads/sites/4/2025/11/home-banner-1080x675.jpg,uploads/sites/4/2025/11/home-banner-1080x675.jpg,166019,8e9330ca08eb446a96fa64250ee9ad57c9637f030e1fa7a92d9200fecbc51a59,image/jpeg,,,,
uploads/sites/4/2025/11/2147770870-e1763292893626-300x400.jpg,uploads/sites/4/2025/11/2147770870-e1763292893626-300x400.jpg,13164,0f1b8ac90383ccff3f4db6d410253a82135aa5574096a171b49d1e45ec10e2c5,image/jpeg,,,,
uploads/sites/4/2025/11/29376-400x250.jpg,uploads/sites/4/2025/11/29376-400x250.jpg,17256,f12b846b21ef94c03a16b57fc0bdcb4148a359640babc6b36ec03deba81b5478,image/jpeg,,,,
uploads/sites/4/2025/11/29376-1080x675.jpg,uploads/sites/4/2025/11/29376-1080x675.jpg,69747,175a1467732a4cef457a91854a78d9837c3963de14da5fd516f5089c5ef4457f,image/jpeg,,,,
uploads/sites/4/2025/11/584-474x324.jpg,uploads/sites/4/2025/11/584-474x324.jpg,28928,8f10101405c184b766bfa3024d1138bdc14964f09eb032ee2bb3085245712956,image/jpeg,,,,
uploads/sites/4/2025/11/19692-510x382.jpg,uploads/sites/4/2025/11/19692-510x382.jpg,17147,536c22f9958053665f493784501842e4c9e05cd1f642d1339118085c6bd0625d,image/jpeg,,,,
uploads/sites/4/2025/11/2147770870-e1763292893626-1536x356.jpg,uploads/sites/4/2025/11/2147770870-e1763292893626-1536x356.jpg,58932,677bca7b9cb05116a133605fd7d641b55f59be4a08e110901b2bd4ce1d330b1e,image/jpeg,,,,
uploads/sites/4/2025/11/143021-e1763291423474-400x250.jpg,uploads/sites/4/2025/11/143021-e1763291423474-400x250.jpg,12918,c241fcfc4675895589b5edfdc060814867814387cbafbc340ddac37a8c29f725,image/jpeg,,,,
uploads/woocommerce-placeholder-391x260.webp,uploads/woocommerce-placeholder-391x260.webp,1688,bdb40c83630025e8d31b9e92f8cc686b00c13148bf05aacbf2a425efb8f946cd,image/webp,,,,
