legacy_url,legacy_path,owning_area,audit_categories,highest_severity,sample_issues,planned_destination,migration_status,redirect_required
https://cpanel.na.org.za/,/,Region,Security & privacy,Medium,cPanel and webmail login screens are reachable from the open internet,/,Not started,To assess
https://na.org.za/,/,Johannesburg; KwaZulu-Natal; Pretoria; Region; Western Cape,Accessibility & mobile; Broken links; Content; Headings; Meta descriptions; Security & privacy,High,Pinch-to-zoom disabled — people cannot enlarge text on a phone | Link points to a page that does not exist (404) | Insecure http:// resource on a secure page,/,Not started,To assess
https://na.org.za/about-na/,/about-na/,Region,Accessibility & mobile; Broken links; Meta descriptions; Security & privacy; Spelling,High,Pinch-to-zoom disabled — people cannot enlarge text on a phone | Link points to a page that does not exist (404) | Insecure http:// resource on a secure page,Route mapping required,Not started,To assess
https://na.org.za/blog/author/wc-website-administratorna-org-za,/blog/author/wc-website-administratorna-org-za,Region,Security & privacy,Medium,Public author page puts an administrator email address in the web address,Route mapping required,Not started,To assess
https://na.org.za/blog/category/uncategorized/,/blog/category/uncategorized/,Region,Accessibility & mobile; Broken links; Content; Headings; Meta descriptions; Page titles; Security & privacy; Spelling,High,Pinch-to-zoom disabled — people cannot enlarge text on a phone | Link points to a page that does not exist (404) | Insecure http:// resource on a secure page,Route mapping required,Not started,To assess
https://na.org.za/blog/hello-world/,/blog/hello-world/,Region,Accessibility & mobile; Broken links; Headings; Meta descriptions; Security & privacy; Spelling,High,Pinch-to-zoom disabled — people cannot enlarge text on a phone | Link points to a page that does not exist (404) | Insecure http:// resource on a secure page,Route mapping required,Not started,To assess
https://na.org.za/blog/locations/,/blog/locations/,Region,Accessibility & mobile; Headings; Indexing & canonicals; Meta descriptions; Page titles; Spelling,Medium,Missing mobile viewport meta tag | Missing meta description | Missing canonical tag,/areas (area-level migration),Not started,To assess
https://na.org.za/blog/locations/1-pam-rd-morningside-sandton-2057-south-africa-2/,/blog/locations/1-pam-rd-morningside-sandton-2057-south-africa-2/,Region,Accessibility & mobile; Broken links; Content; Crawl & indexation; Headings; Indexing & canonicals; Meta descriptions; Page titles; Security & privacy,High,Pinch-to-zoom disabled — people cannot enlarge text on a phone | Link points to a page that does not exist (404) | Insecure http:// resource on a secure page,/areas (area-level migration),Not started,To assess
https://na.org.za/blog/locations/10-cnr-central-and-noord-street-noordgesig-soweto-1804-2/,/blog/locations/10-cnr-central-and-noord-street-noordgesig-soweto-1804-2/,Region,Accessibility & mobile; Broken links; Content; Crawl & indexation; Headings; Indexing & canonicals; Meta descriptions; Security & privacy,High,Pinch-to-zoom disabled — people cannot enlarge text on a phone | Link points to a page that does not exist (404) | Insecure http:// resource on a secure page,/areas (area-level migration),Not started,To assess
https://na.org.za/blog/locations/10-tehore-rdmulbarton-johannesburg-south-2091/,/blog/locations/10-tehore-rdmulbarton-johannesburg-south-2091/,Region,Accessibility & mobile; Broken links; Content; Crawl & indexation; Headings; Indexing & canonicals; Meta descriptions; Security & privacy,High,Pinch-to-zoom disabled — people cannot enlarge text on a phone | Link points to a page that does not exist (404) | Insecure http:// resource on a secure page,/areas (area-level migration),Not started,To assess
https://na.org.za/blog/locations/108-colorado-dr-riverlea-johannesburg-2093-south-africa-2/,/blog/locations/108-colorado-dr-riverlea-johannesburg-2093-south-africa-2/,Region,Accessibility & mobile; Broken links; Content; Crawl & indexation; Headings; Indexing & canonicals; Meta descriptions; Security & privacy,High,Pinch-to-zoom disabled — people cannot enlarge text on a phone | Link points to a page that does not exist (404) | Insecure http:// resource on a secure page,/areas (area-level migration),Not started,To assess
https://na.org.za/blog/locations/1140-cornelius-st-weltevredenpark-roodepoort-1709-south-africa/,/blog/locations/1140-cornelius-st-weltevredenpark-roodepoort-1709-south-africa/,Region,Accessibility & mobile; Broken links; Content; Crawl & indexation; Headings; Indexing & canonicals; Meta descriptions; Security & privacy,High,Pinch-to-zoom disabled — people cannot enlarge text on a phone | Link points to a page that does not exist (404) | Insecure http:// resource on a secure page,/areas (area-level migration),Not started,To assess
https://na.org.za/blog/locations/115-grosvenor-rd-bryanston-sandton-2191-south-africa/,/blog/locations/115-grosvenor-rd-bryanston-sandton-2191-south-africa/,Region,Accessibility & mobile; Broken links; Content; Crawl & indexation; Headings; Indexing & canonicals; Meta descriptions; Security & privacy,High,Pinch-to-zoom disabled — people cannot enlarge text on a phone | Link points to a page that does not exist (404) | Insecure http:// resource on a secure page,/areas (area-level migration),Not started,To assess
https://na.org.za/blog/locations/133-plane-road-spartan-kempton-park-1619/,/blog/locations/133-plane-road-spartan-kempton-park-1619/,Region,Accessibility & mobile; Broken links; Content; Crawl & indexation; Headings; Indexing & canonicals; Meta descriptions; Security & privacy,High,Pinch-to-zoom disabled — people cannot enlarge text on a phone | Link points to a page that does not exist (404) | Insecure http:// resource on a secure page,/areas (area-level migration),Not started,To assess
https://na.org.za/blog/locations/134-gardiner-street-brakpan-1540/,/blog/locations/134-gardiner-street-brakpan-1540/,Region,Accessibility & mobile; Broken links; Content; Crawl & indexation; Headings; Indexing & canonicals; Meta descriptions; Security & privacy,High,Pinch-to-zoom disabled — people cannot enlarge text on a phone | Link points to a page that does not exist (404) | Insecure http:// resource on a secure page,/areas (area-level migration),Not started,To assess
https://na.org.za/blog/locations/152-market-street-fairlands/,/blog/locations/152-market-street-fairlands/,Region,Accessibility & mobile; Broken links; Content; Crawl & indexation; Headings; Indexing & canonicals; Meta descriptions; Security & privacy,High,Pinch-to-zoom disabled — people cannot enlarge text on a phone | Link points to a page that does not exist (404) | Insecure http:// resource on a secure page,/areas (area-level migration),Not started,To assess
https://na.org.za/blog/locations/1559-link-st-orange-farm-johannesburg-1841-south-africa/,/blog/locations/1559-link-st-orange-farm-johannesburg-1841-south-africa/,Region,Accessibility & mobile; Broken links; Content; Crawl & indexation; Headings; Indexing & canonicals; Meta descriptions; Security & privacy,High,Pinch-to-zoom disabled — people cannot enlarge text on a phone | Link points to a page that does not exist (404) | Insecure http:// resource on a secure page,/areas (area-level migration),Not started,To assess
https://na.org.za/blog/locations/1607-kanya-rd-senaoane-soweto-1818-south-africa-2/,/blog/locations/1607-kanya-rd-senaoane-soweto-1818-south-africa-2/,Region,Accessibility & mobile; Broken links; Content; Crawl & indexation; Headings; Indexing & canonicals; Meta descriptions; Security & privacy,High,Pinch-to-zoom disabled — people cannot enlarge text on a phone | Link points to a page that does not exist (404) | Insecure http:// resource on a secure page,/areas (area-level migration),Not started,To assess
https://na.org.za/blog/locations/1607-kanya-rd-senaoane-soweto-1818-south-africa/,/blog/locations/1607-kanya-rd-senaoane-soweto-1818-south-africa/,Region,Accessibility & mobile; Broken links; Content; Crawl & indexation; Headings; Indexing & canonicals; Meta descriptions; Security & privacy,High,Pinch-to-zoom disabled — people cannot enlarge text on a phone | Link points to a page that does not exist (404) | Insecure http:// resource on a secure page,/areas (area-level migration),Not started,To assess
https://na.org.za/blog/locations/1607-kanya-road-and-umthwalume-street-senaone-mvezo-community-center/,/blog/locations/1607-kanya-road-and-umthwalume-street-senaone-mvezo-community-center/,Region,Accessibility & mobile; Broken links; Content; Crawl & indexation; Headings; Indexing & canonicals; Meta descriptions; Security & privacy,High,Pinch-to-zoom disabled — people cannot enlarge text on a phone | Link points to a page that does not exist (404) | Insecure http:// resource on a secure page,/areas (area-level migration),Not started,To assess
https://na.org.za/blog/locations/166-south-road-walkers-fruit-farms-2/,/blog/locations/166-south-road-walkers-fruit-farms-2/,Region,Accessibility & mobile; Broken links; Content; Crawl & indexation; Headings; Indexing & canonicals; Meta descriptions; Security & privacy,High,Pinch-to-zoom disabled — people cannot enlarge text on a phone | Link points to a page that does not exist (404) | Insecure http:// resource on a secure page,/areas (area-level migration),Not started,To assess
https://na.org.za/blog/locations/16b-penguin-dr-norscot-fourways-sandton-2055/,/blog/locations/16b-penguin-dr-norscot-fourways-sandton-2055/,Region,Accessibility & mobile; Broken links; Content; Crawl & indexation; Headings; Indexing & canonicals; Meta descriptions; Security & privacy,High,Pinch-to-zoom disabled — people cannot enlarge text on a phone | Link points to a page that does not exist (404) | Insecure http:// resource on a secure page,/areas (area-level migration),Not started,To assess
https://na.org.za/blog/locations/18-high-rd-orchards-johannesburg-2192/,/blog/locations/18-high-rd-orchards-johannesburg-2192/,Region,Accessibility & mobile; Broken links; Content; Crawl & indexation; Headings; Indexing & canonicals; Meta descriptions; Security & privacy,High,Pinch-to-zoom disabled — people cannot enlarge text on a phone | Link points to a page that does not exist (404) | Insecure http:// resource on a secure page,/areas (area-level migration),Not started,To assess
https://na.org.za/blog/locations/19027-somo-st-pretoria-0122-south-africa/,/blog/locations/19027-somo-st-pretoria-0122-south-africa/,Region,Accessibility & mobile; Broken links; Content; Crawl & indexation; Headings; Indexing & canonicals; Meta descriptions; Security & privacy,High,Pinch-to-zoom disabled — people cannot enlarge text on a phone | Link points to a page that does not exist (404) | Insecure http:// resource on a secure page,/areas (area-level migration),Not started,To assess
https://na.org.za/blog/locations/1954-peacock-str-lenasia-south-1827-2/,/blog/locations/1954-peacock-str-lenasia-south-1827-2/,Region,Accessibility & mobile; Broken links; Content; Crawl & indexation; Headings; Indexing & canonicals; Meta descriptions; Security & privacy,High,Pinch-to-zoom disabled — people cannot enlarge text on a phone | Link points to a page that does not exist (404) | Insecure http:// resource on a secure page,/areas (area-level migration),Not started,To assess
https://na.org.za/blog/locations/1st-rosebank-air-scouts-hall/,/blog/locations/1st-rosebank-air-scouts-hall/,Region,Accessibility & mobile; Broken links; Content; Crawl & indexation; Headings; Indexing & canonicals; Meta descriptions; Security & privacy,High,Pinch-to-zoom disabled — people cannot enlarge text on a phone | Link points to a page that does not exist (404) | Insecure http:// resource on a secure page,/areas (area-level migration),Not started,To assess
https://na.org.za/blog/locations/2-diamant-st-toekomsrus-randfontein-1765-south-africa-2/,/blog/locations/2-diamant-st-toekomsrus-randfontein-1765-south-africa-2/,Region,Accessibility & mobile; Broken links; Content; Crawl & indexation; Headings; Indexing & canonicals; Meta descriptions; Security & privacy,High,Pinch-to-zoom disabled — people cannot enlarge text on a phone | Link points to a page that does not exist (404) | Insecure http:// resource on a secure page,/areas (area-level migration),Not started,To assess
https://na.org.za/blog/locations/20a-7th-ave-parktown-north-johannesburg-2193-2/,/blog/locations/20a-7th-ave-parktown-north-johannesburg-2193-2/,Region,Accessibility & mobile; Broken links; Content; Crawl & indexation; Headings; Indexing & canonicals; Meta descriptions; Security & privacy,High,Pinch-to-zoom disabled — people cannot enlarge text on a phone | Link points to a page that does not exist (404) | Insecure http:// resource on a secure page,/areas (area-level migration),Not started,To assess
https://na.org.za/blog/locations/243-6th-ave-mid-ennerdale-johannesburg-1830-south-africa-2/,/blog/locations/243-6th-ave-mid-ennerdale-johannesburg-1830-south-africa-2/,Region,Accessibility & mobile; Broken links; Content; Crawl & indexation; Headings; Indexing & canonicals; Meta descriptions; Security & privacy,High,Pinch-to-zoom disabled — people cannot enlarge text on a phone | Link points to a page that does not exist (404) | Insecure http:// resource on a secure page,/areas (area-level migration),Not started,To assess
https://na.org.za/blog/locations/25-vrede-street-fochville/,/blog/locations/25-vrede-street-fochville/,Region,Accessibility & mobile; Broken links; Content; Crawl & indexation; Headings; Indexing & canonicals; Meta descriptions; Security & privacy,High,Pinch-to-zoom disabled — people cannot enlarge text on a phone | Link points to a page that does not exist (404) | Insecure http:// resource on a secure page,/areas (area-level migration),Not started,To assess
https://na.org.za/blog/locations/253-bryanston-drive-2/,/blog/locations/253-bryanston-drive-2/,Region,Accessibility & mobile; Broken links; Content; Crawl & indexation; Headings; Indexing & canonicals; Meta descriptions; Security & privacy,High,Pinch-to-zoom disabled — people cannot enlarge text on a phone | Link points to a page that does not exist (404) | Insecure http:// resource on a secure page,/areas (area-level migration),Not started,To assess
https://na.org.za/blog/locations/27-george-ave-fairmount-johannesburg-2192-south-africa-2/,/blog/locations/27-george-ave-fairmount-johannesburg-2192-south-africa-2/,Region,Accessibility & mobile; Broken links; Content; Crawl & indexation; Headings; Indexing & canonicals; Meta descriptions; Security & privacy,High,Pinch-to-zoom disabled — people cannot enlarge text on a phone | Link points to a page that does not exist (404) | Insecure http:// resource on a secure page,/areas (area-level migration),Not started,To assess
https://na.org.za/blog/locations/272-york-ave-ferndale-randburg-2194/,/blog/locations/272-york-ave-ferndale-randburg-2194/,Region,Accessibility & mobile; Broken links; Content; Crawl & indexation; Headings; Indexing & canonicals; Meta descriptions; Security & privacy,High,Pinch-to-zoom disabled — people cannot enlarge text on a phone | Link points to a page that does not exist (404) | Insecure http:// resource on a secure page,/areas (area-level migration),Not started,To assess
https://na.org.za/blog/locations/29-dippenaar-rd-noordheuwel-krugersdorp-1739-south-africa/,/blog/locations/29-dippenaar-rd-noordheuwel-krugersdorp-1739-south-africa/,Region,Accessibility & mobile; Broken links; Content; Crawl & indexation; Headings; Indexing & canonicals; Meta descriptions; Security & privacy,High,Pinch-to-zoom disabled — people cannot enlarge text on a phone | Link points to a page that does not exist (404) | Insecure http:// resource on a secure page,/areas (area-level migration),Not started,To assess
https://na.org.za/blog/locations/31-richard-rd-kengies-sandton-2055/,/blog/locations/31-richard-rd-kengies-sandton-2055/,Region,Accessibility & mobile; Broken links; Content; Crawl & indexation; Headings; Indexing & canonicals; Meta descriptions; Security & privacy,High,Pinch-to-zoom disabled — people cannot enlarge text on a phone | Link points to a page that does not exist (404) | Insecure http:// resource on a secure page,/areas (area-level migration),Not started,To assess
https://na.org.za/blog/locations/3131-bolani-rd-zola-soweto-1878/,/blog/locations/3131-bolani-rd-zola-soweto-1878/,Region,Accessibility & mobile; Broken links; Content; Crawl & indexation; Headings; Indexing & canonicals; Meta descriptions; Security & privacy,High,Pinch-to-zoom disabled — people cannot enlarge text on a phone | Link points to a page that does not exist (404) | Insecure http:// resource on a secure page,/areas (area-level migration),Not started,To assess
https://na.org.za/blog/locations/33747-indaba-street-tsakane-2/,/blog/locations/33747-indaba-street-tsakane-2/,Region,Accessibility & mobile; Broken links; Content; Crawl & indexation; Headings; Indexing & canonicals; Meta descriptions; Security & privacy,High,Pinch-to-zoom disabled — people cannot enlarge text on a phone | Link points to a page that does not exist (404) | Insecure http:// resource on a secure page,/areas (area-level migration),Not started,To assess
https://na.org.za/blog/locations/3707b-molatedi-street-zone3-diepkloof/,/blog/locations/3707b-molatedi-street-zone3-diepkloof/,Region,Accessibility & mobile; Broken links; Content; Crawl & indexation; Headings; Indexing & canonicals; Meta descriptions; Security & privacy,High,Pinch-to-zoom disabled — people cannot enlarge text on a phone | Link points to a page that does not exist (404) | Insecure http:// resource on a secure page,/areas (area-level migration),Not started,To assess
https://na.org.za/blog/locations/3859-sebati-street-ext-1-vosloorus-1475-2/,/blog/locations/3859-sebati-street-ext-1-vosloorus-1475-2/,Region,Accessibility & mobile; Broken links; Content; Crawl & indexation; Headings; Indexing & canonicals; Meta descriptions; Security & privacy,High,Pinch-to-zoom disabled — people cannot enlarge text on a phone | Link points to a page that does not exist (404) | Insecure http:// resource on a secure page,/areas (area-level migration),Not started,To assess
https://na.org.za/blog/locations/386-e-bank-ave-alexandra-2014-south-africa-2/,/blog/locations/386-e-bank-ave-alexandra-2014-south-africa-2/,Region,Accessibility & mobile; Broken links; Content; Crawl & indexation; Headings; Indexing & canonicals; Meta descriptions; Security & privacy,High,Pinch-to-zoom disabled — people cannot enlarge text on a phone | Link points to a page that does not exist (404) | Insecure http:// resource on a secure page,/areas (area-level migration),Not started,To assess
https://na.org.za/blog/locations/4-hoy-st-newclare-randburg-2/,/blog/locations/4-hoy-st-newclare-randburg-2/,Region,Accessibility & mobile; Broken links; Content; Crawl & indexation; Headings; Indexing & canonicals; Meta descriptions; Security & privacy,High,Pinch-to-zoom disabled — people cannot enlarge text on a phone | Link points to a page that does not exist (404) | Insecure http:// resource on a secure page,/areas (area-level migration),Not started,To assess
https://na.org.za/blog/locations/40-gaysingh-rd-northdale-pietermaritzburg-3201-south-africa/,/blog/locations/40-gaysingh-rd-northdale-pietermaritzburg-3201-south-africa/,Region,Accessibility & mobile; Broken links; Content; Crawl & indexation; Headings; Indexing & canonicals; Meta descriptions; Security & privacy,High,Pinch-to-zoom disabled — people cannot enlarge text on a phone | Link points to a page that does not exist (404) | Insecure http:// resource on a secure page,/areas (area-level migration),Not started,To assess
https://na.org.za/blog/locations/41-pretoria-street-oaklands-2/,/blog/locations/41-pretoria-street-oaklands-2/,Region,Accessibility & mobile; Broken links; Content; Crawl & indexation; Headings; Indexing & canonicals; Meta descriptions; Security & privacy,High,Pinch-to-zoom disabled — people cannot enlarge text on a phone | Link points to a page that does not exist (404) | Insecure http:// resource on a secure page,/areas (area-level migration),Not started,To assess
https://na.org.za/blog/locations/420-york-ave-ferndale-randburg-2194-south-africa-2/,/blog/locations/420-york-ave-ferndale-randburg-2194-south-africa-2/,Region,Accessibility & mobile; Broken links; Content; Crawl & indexation; Headings; Indexing & canonicals; Meta descriptions; Security & privacy,High,Pinch-to-zoom disabled — people cannot enlarge text on a phone | Link points to a page that does not exist (404) | Insecure http:// resource on a secure page,/areas (area-level migration),Not started,To assess
https://na.org.za/blog/locations/43-madeline-st-florida-roodepoort-1709/,/blog/locations/43-madeline-st-florida-roodepoort-1709/,Region,Accessibility & mobile; Broken links; Content; Crawl & indexation; Headings; Indexing & canonicals; Meta descriptions; Security & privacy,High,Pinch-to-zoom disabled — people cannot enlarge text on a phone | Link points to a page that does not exist (404) | Insecure http:// resource on a secure page,/areas (area-level migration),Not started,To assess
https://na.org.za/blog/locations/45-lily-ave-northcliff-randburg-2115-south-africa-2/,/blog/locations/45-lily-ave-northcliff-randburg-2115-south-africa-2/,Region,Accessibility & mobile; Broken links; Content; Crawl & indexation; Headings; Indexing & canonicals; Meta descriptions; Security & privacy,High,Pinch-to-zoom disabled — people cannot enlarge text on a phone | Link points to a page that does not exist (404) | Insecure http:// resource on a secure page,/areas (area-level migration),Not started,To assess
https://na.org.za/blog/locations/5-suikerbos-street-lenasia-2/,/blog/locations/5-suikerbos-street-lenasia-2/,Region,Accessibility & mobile; Broken links; Content; Crawl & indexation; Headings; Indexing & canonicals; Meta descriptions; Security & privacy,High,Pinch-to-zoom disabled — people cannot enlarge text on a phone | Link points to a page that does not exist (404) | Insecure http:// resource on a secure page,/areas (area-level migration),Not started,To assess
https://na.org.za/blog/locations/50-saxon-rd-sandhurst-sandton-2196-south-africa/,/blog/locations/50-saxon-rd-sandhurst-sandton-2196-south-africa/,Region,Accessibility & mobile; Broken links; Content; Crawl & indexation; Headings; Indexing & canonicals; Meta descriptions; Security & privacy,High,Pinch-to-zoom disabled — people cannot enlarge text on a phone | Link points to a page that does not exist (404) | Insecure http:// resource on a secure page,/areas (area-level migration),Not started,To assess
https://na.org.za/blog/locations/556-chester-street-lenasia-south-johannesburg/,/blog/locations/556-chester-street-lenasia-south-johannesburg/,Region,Accessibility & mobile; Broken links; Content; Crawl & indexation; Headings; Indexing & canonicals; Meta descriptions; Security & privacy,High,Pinch-to-zoom disabled — people cannot enlarge text on a phone | Link points to a page that does not exist (404) | Insecure http:// resource on a secure page,/areas (area-level migration),Not started,To assess
https://na.org.za/blog/locations/5634-unity-boulevard-ext-2-bram-fischerville/,/blog/locations/5634-unity-boulevard-ext-2-bram-fischerville/,Region,Accessibility & mobile; Broken links; Content; Crawl & indexation; Headings; Indexing & canonicals; Meta descriptions; Security & privacy,High,Pinch-to-zoom disabled — people cannot enlarge text on a phone | Link points to a page that does not exist (404) | Insecure http:// resource on a secure page,/areas (area-level migration),Not started,To assess
https://na.org.za/blog/locations/6-brink-st-bryanbrink-randburg-2194-johannesburg-south-africa-2/,/blog/locations/6-brink-st-bryanbrink-randburg-2194-johannesburg-south-africa-2/,Region,Accessibility & mobile; Broken links; Content; Crawl & indexation; Headings; Indexing & canonicals; Meta descriptions; Security & privacy,High,Pinch-to-zoom disabled — people cannot enlarge text on a phone | Link points to a page that does not exist (404) | Insecure http:// resource on a secure page,/areas (area-level migration),Not started,To assess
https://na.org.za/blog/locations/65-foyle-ave-crosby-johannesburg-2092/,/blog/locations/65-foyle-ave-crosby-johannesburg-2092/,Region,Accessibility & mobile; Broken links; Content; Crawl & indexation; Headings; Indexing & canonicals; Meta descriptions; Security & privacy,High,Pinch-to-zoom disabled — people cannot enlarge text on a phone | Link points to a page that does not exist (404) | Insecure http:// resource on a secure page,/areas (area-level migration),Not started,To assess
https://na.org.za/blog/locations/67-nanyuki-rd-sunninghill-sandton-2157-south-africa-3/,/blog/locations/67-nanyuki-rd-sunninghill-sandton-2157-south-africa-3/,Region,Accessibility & mobile; Broken links; Content; Crawl & indexation; Headings; Indexing & canonicals; Meta descriptions; Security & privacy,High,Pinch-to-zoom disabled — people cannot enlarge text on a phone | Link points to a page that does not exist (404) | Insecure http:// resource on a secure page,/areas (area-level migration),Not started,To assess
https://na.org.za/blog/locations/68-6th-ave-edenvale-1609-south-africa/,/blog/locations/68-6th-ave-edenvale-1609-south-africa/,Region,Accessibility & mobile; Broken links; Content; Crawl & indexation; Headings; Indexing & canonicals; Meta descriptions; Security & privacy,High,Pinch-to-zoom disabled — people cannot enlarge text on a phone | Link points to a page that does not exist (404) | Insecure http:// resource on a secure page,/areas (area-level migration),Not started,To assess
https://na.org.za/blog/locations/68-7th-ave-parktown-north-2/,/blog/locations/68-7th-ave-parktown-north-2/,Region,Accessibility & mobile; Broken links; Content; Crawl & indexation; Headings; Indexing & canonicals; Meta descriptions; Security & privacy,High,Pinch-to-zoom disabled — people cannot enlarge text on a phone | Link points to a page that does not exist (404) | Insecure http:// resource on a secure page,/areas (area-level migration),Not started,To assess
https://na.org.za/blog/locations/71-cr-swart-drboskruin-randburg-2188-2/,/blog/locations/71-cr-swart-drboskruin-randburg-2188-2/,Region,Accessibility & mobile; Broken links; Content; Crawl & indexation; Headings; Indexing & canonicals; Meta descriptions; Security & privacy,High,Pinch-to-zoom disabled — people cannot enlarge text on a phone | Link points to a page that does not exist (404) | Insecure http:// resource on a secure page,/areas (area-level migration),Not started,To assess
https://na.org.za/blog/locations/7644-eben-cuyler-dr-diepkloof-zone-1-diepmeadow-1862-south-africa-2/,/blog/locations/7644-eben-cuyler-dr-diepkloof-zone-1-diepmeadow-1862-south-africa-2/,Region,Accessibility & mobile; Broken links; Content; Crawl & indexation; Headings; Indexing & canonicals; Meta descriptions; Security & privacy,High,Pinch-to-zoom disabled — people cannot enlarge text on a phone | Link points to a page that does not exist (404) | Insecure http:// resource on a secure page,/areas (area-level migration),Not started,To assess
https://na.org.za/blog/locations/8-marilyn-street-towerby-2190/,/blog/locations/8-marilyn-street-towerby-2190/,Region,Accessibility & mobile; Broken links; Content; Crawl & indexation; Headings; Indexing & canonicals; Meta descriptions; Security & privacy,High,Pinch-to-zoom disabled — people cannot enlarge text on a phone | Link points to a page that does not exist (404) | Insecure http:// resource on a secure page,/areas (area-level migration),Not started,To assess
https://na.org.za/blog/locations/827-elias-motsoaledi-road-moroka-soweto-1860/,/blog/locations/827-elias-motsoaledi-road-moroka-soweto-1860/,Region,Accessibility & mobile; Broken links; Content; Crawl & indexation; Headings; Indexing & canonicals; Meta descriptions; Security & privacy,High,Pinch-to-zoom disabled — people cannot enlarge text on a phone | Link points to a page that does not exist (404) | Insecure http:// resource on a secure page,/areas (area-level migration),Not started,To assess
https://na.org.za/blog/locations/86-buitekant-st-alabama-klerksdorp/,/blog/locations/86-buitekant-st-alabama-klerksdorp/,Region,Accessibility & mobile; Broken links; Content; Crawl & indexation; Headings; Indexing & canonicals; Meta descriptions; Security & privacy,High,Pinch-to-zoom disabled — people cannot enlarge text on a phone | Link points to a page that does not exist (404) | Insecure http:// resource on a secure page,/areas (area-level migration),Not started,To assess
https://na.org.za/blog/locations/90-abraham-st-mantervrede-ah-vanderbijlpark-1900/,/blog/locations/90-abraham-st-mantervrede-ah-vanderbijlpark-1900/,Region,Accessibility & mobile; Broken links; Content; Crawl & indexation; Headings; Indexing & canonicals; Meta descriptions; Security & privacy,High,Pinch-to-zoom disabled — people cannot enlarge text on a phone | Link points to a page that does not exist (404) | Insecure http:// resource on a secure page,/areas (area-level migration),Not started,To assess
https://na.org.za/blog/locations/92-voortrekker-ave-edenvale-1609-2/,/blog/locations/92-voortrekker-ave-edenvale-1609-2/,Region,Accessibility & mobile; Broken links; Content; Crawl & indexation; Headings; Indexing & canonicals; Meta descriptions; Security & privacy,High,Pinch-to-zoom disabled — people cannot enlarge text on a phone | Link points to a page that does not exist (404) | Insecure http:// resource on a secure page,/areas (area-level migration),Not started,To assess
https://na.org.za/blog/locations/929-leoatleng-street-central-western-jabavu-2/,/blog/locations/929-leoatleng-street-central-western-jabavu-2/,Region,Accessibility & mobile; Broken links; Content; Crawl & indexation; Headings; Indexing & canonicals; Meta descriptions; Security & privacy,High,Pinch-to-zoom disabled — people cannot enlarge text on a phone | Link points to a page that does not exist (404) | Insecure http:// resource on a secure page,/areas (area-level migration),Not started,To assess
https://na.org.za/blog/locations/akeso-crescent-clinic-president-fouche-dr-boskruin/,/blog/locations/akeso-crescent-clinic-president-fouche-dr-boskruin/,Region,Accessibility & mobile; Broken links; Content; Crawl & indexation; Headings; Indexing & canonicals; Meta descriptions; Security & privacy,High,Pinch-to-zoom disabled — people cannot enlarge text on a phone | Link points to a page that does not exist (404) | Insecure http:// resource on a secure page,/areas (area-level migration),Not started,To assess
https://na.org.za/blog/locations/alabama-grace-community-church/,/blog/locations/alabama-grace-community-church/,Region,Accessibility & mobile; Broken links; Content; Crawl & indexation; Headings; Indexing & canonicals; Meta descriptions; Security & privacy,High,Pinch-to-zoom disabled — people cannot enlarge text on a phone | Link points to a page that does not exist (404) | Insecure http:// resource on a secure page,/areas (area-level migration),Not started,To assess
https://na.org.za/blog/locations/alberton-civic-center-3rd-floor-alwyn-taljaard-ave-new-redruth-alberton-1449-south-africa-2/,/blog/locations/alberton-civic-center-3rd-floor-alwyn-taljaard-ave-new-redruth-alberton-1449-south-africa-2/,Region,Accessibility & mobile; Broken links; Content; Crawl & indexation; Headings; Indexing & canonicals; Meta descriptions; Security & privacy,High,Pinch-to-zoom disabled — people cannot enlarge text on a phone | Link points to a page that does not exist (404) | Insecure http:// resource on a secure page,/areas (area-level migration),Not started,To assess
https://na.org.za/blog/locations/albertus-pop-recreation-centre/,/blog/locations/albertus-pop-recreation-centre/,Region,Accessibility & mobile; Broken links; Content; Crawl & indexation; Headings; Indexing & canonicals; Meta descriptions; Security & privacy,High,Pinch-to-zoom disabled — people cannot enlarge text on a phone | Link points to a page that does not exist (404) | Insecure http:// resource on a secure page,/areas (area-level migration),Not started,To assess
https://na.org.za/blog/locations/ballito-public-library/,/blog/locations/ballito-public-library/,Region,Accessibility & mobile; Broken links; Content; Crawl & indexation; Headings; Indexing & canonicals; Meta descriptions; Security & privacy,High,Pinch-to-zoom disabled — people cannot enlarge text on a phone | Link points to a page that does not exist (404) | Insecure http:// resource on a secure page,/areas (area-level migration),Not started,To assess
https://na.org.za/blog/locations/belverdere-community-centre/,/blog/locations/belverdere-community-centre/,Region,Accessibility & mobile; Broken links; Content; Crawl & indexation; Headings; Indexing & canonicals; Meta descriptions; Security & privacy,High,Pinch-to-zoom disabled — people cannot enlarge text on a phone | Link points to a page that does not exist (404) | Insecure http:// resource on a secure page,/areas (area-level migration),Not started,To assess
https://na.org.za/blog/locations/berachah-church/,/blog/locations/berachah-church/,Region,Accessibility & mobile; Broken links; Content; Crawl & indexation; Headings; Indexing & canonicals; Meta descriptions; Security & privacy,High,Pinch-to-zoom disabled — people cannot enlarge text on a phone | Link points to a page that does not exist (404) | Insecure http:// resource on a secure page,/areas (area-level migration),Not started,To assess
https://na.org.za/blog/locations/berea-church/,/blog/locations/berea-church/,Region,Accessibility & mobile; Broken links; Content; Crawl & indexation; Headings; Indexing & canonicals; Meta descriptions; Security & privacy,High,Pinch-to-zoom disabled — people cannot enlarge text on a phone | Link points to a page that does not exist (404) | Insecure http:// resource on a secure page,/areas (area-level migration),Not started,To assess
https://na.org.za/blog/locations/blairgowrie-recreation-centre-2/,/blog/locations/blairgowrie-recreation-centre-2/,Region,Accessibility & mobile; Broken links; Content; Crawl & indexation; Headings; Indexing & canonicals; Meta descriptions; Security & privacy,High,Pinch-to-zoom disabled — people cannot enlarge text on a phone | Link points to a page that does not exist (404) | Insecure http:// resource on a secure page,/areas (area-level migration),Not started,To assess
https://na.org.za/blog/locations/blessed-liberat-catholic-church/,/blog/locations/blessed-liberat-catholic-church/,Region,Accessibility & mobile; Broken links; Content; Crawl & indexation; Headings; Indexing & canonicals; Meta descriptions; Security & privacy,High,Pinch-to-zoom disabled — people cannot enlarge text on a phone | Link points to a page that does not exist (404) | Insecure http:// resource on a secure page,/areas (area-level migration),Not started,To assess
https://na.org.za/blog/locations/bosmont-recreation-centre/,/blog/locations/bosmont-recreation-centre/,Region,Accessibility & mobile; Broken links; Content; Crawl & indexation; Headings; Indexing & canonicals; Meta descriptions; Security & privacy,High,Pinch-to-zoom disabled — people cannot enlarge text on a phone | Link points to a page that does not exist (404) | Insecure http:// resource on a secure page,/areas (area-level migration),Not started,To assess
https://na.org.za/blog/locations/braamficher-phase-1-amandla-boulevard/,/blog/locations/braamficher-phase-1-amandla-boulevard/,Region,Accessibility & mobile; Broken links; Content; Crawl & indexation; Headings; Indexing & canonicals; Meta descriptions; Security & privacy,High,Pinch-to-zoom disabled — people cannot enlarge text on a phone | Link points to a page that does not exist (404) | Insecure http:// resource on a secure page,/areas (area-level migration),Not started,To assess
https://na.org.za/blog/locations/brackenhurst-methodist-church-9-toinette-st-brackenhurst-alberton-1453-south-africa/,/blog/locations/brackenhurst-methodist-church-9-toinette-st-brackenhurst-alberton-1453-south-africa/,Region,Accessibility & mobile; Broken links; Content; Crawl & indexation; Headings; Indexing & canonicals; Meta descriptions; Security & privacy,High,Pinch-to-zoom disabled — people cannot enlarge text on a phone | Link points to a page that does not exist (404) | Insecure http:// resource on a secure page,/areas (area-level migration),Not started,To assess
https://na.org.za/blog/locations/brixton/,/blog/locations/brixton/,Region,Accessibility & mobile; Broken links; Content; Crawl & indexation; Headings; Indexing & canonicals; Meta descriptions; Security & privacy,High,Pinch-to-zoom disabled — people cannot enlarge text on a phone | Link points to a page that does not exist (404) | Insecure http:// resource on a secure page,/areas (area-level migration),Not started,To assess
https://na.org.za/blog/locations/buffelsdale-community-hall/,/blog/locations/buffelsdale-community-hall/,Region,Accessibility & mobile; Broken links; Content; Crawl & indexation; Headings; Indexing & canonicals; Meta descriptions; Security & privacy,High,Pinch-to-zoom disabled — people cannot enlarge text on a phone | Link points to a page that does not exist (404) | Insecure http:// resource on a secure page,/areas (area-level migration),Not started,To assess
https://na.org.za/blog/locations/calvary-methodist-church-2/,/blog/locations/calvary-methodist-church-2/,Region,Accessibility & mobile; Broken links; Content; Crawl & indexation; Headings; Indexing & canonicals; Meta descriptions; Security & privacy,High,Pinch-to-zoom disabled — people cannot enlarge text on a phone | Link points to a page that does not exist (404) | Insecure http:// resource on a secure page,/areas (area-level migration),Not started,To assess
https://na.org.za/blog/locations/christ-church-north-coast-2/,/blog/locations/christ-church-north-coast-2/,Region,Accessibility & mobile; Broken links; Content; Crawl & indexation; Headings; Indexing & canonicals; Meta descriptions; Security & privacy,High,Pinch-to-zoom disabled — people cannot enlarge text on a phone | Link points to a page that does not exist (404) | Insecure http:// resource on a secure page,/areas (area-level migration),Not started,To assess
https://na.org.za/blog/locations/church-st-goodwood-estate-cape-town-7460-2/,/blog/locations/church-st-goodwood-estate-cape-town-7460-2/,Region,Accessibility & mobile; Broken links; Content; Crawl & indexation; Headings; Indexing & canonicals; Meta descriptions; Security & privacy,High,Pinch-to-zoom disabled — people cannot enlarge text on a phone | Link points to a page that does not exist (404) | Insecure http:// resource on a secure page,/areas (area-level migration),Not started,To assess
https://na.org.za/blog/locations/collegevale-primary-school/,/blog/locations/collegevale-primary-school/,Region,Accessibility & mobile; Broken links; Content; Crawl & indexation; Headings; Indexing & canonicals; Meta descriptions; Security & privacy,High,Pinch-to-zoom disabled — people cannot enlarge text on a phone | Link points to a page that does not exist (404) | Insecure http:// resource on a secure page,/areas (area-level migration),Not started,To assess
https://na.org.za/blog/locations/constantia-park-2/,/blog/locations/constantia-park-2/,Region,Accessibility & mobile; Broken links; Content; Crawl & indexation; Headings; Indexing & canonicals; Meta descriptions; Security & privacy,High,Pinch-to-zoom disabled — people cannot enlarge text on a phone | Link points to a page that does not exist (404) | Insecure http:// resource on a secure page,/areas (area-level migration),Not started,To assess
https://na.org.za/blog/locations/constantia-park/,/blog/locations/constantia-park/,Region,Accessibility & mobile; Broken links; Content; Crawl & indexation; Headings; Indexing & canonicals; Meta descriptions; Security & privacy,High,Pinch-to-zoom disabled — people cannot enlarge text on a phone | Link points to a page that does not exist (404) | Insecure http:// resource on a secure page,/areas (area-level migration),Not started,To assess
https://na.org.za/blog/locations/denis-hurley-centre/,/blog/locations/denis-hurley-centre/,Region,Accessibility & mobile; Broken links; Content; Crawl & indexation; Headings; Indexing & canonicals; Meta descriptions; Security & privacy,High,Pinch-to-zoom disabled — people cannot enlarge text on a phone | Link points to a page that does not exist (404) | Insecure http:// resource on a secure page,/areas (area-level migration),Not started,To assess
https://na.org.za/blog/locations/depot-road-memorial-primary-school/,/blog/locations/depot-road-memorial-primary-school/,Region,Accessibility & mobile; Broken links; Content; Crawl & indexation; Headings; Indexing & canonicals; Meta descriptions; Security & privacy,High,Pinch-to-zoom disabled — people cannot enlarge text on a phone | Link points to a page that does not exist (404) | Insecure http:// resource on a secure page,/areas (area-level migration),Not started,To assess
https://na.org.za/blog/locations/dube-community-centre-2/,/blog/locations/dube-community-centre-2/,Region,Accessibility & mobile; Broken links; Content; Crawl & indexation; Headings; Indexing & canonicals; Meta descriptions; Security & privacy,High,Pinch-to-zoom disabled — people cannot enlarge text on a phone | Link points to a page that does not exist (404) | Insecure http:// resource on a secure page,/areas (area-level migration),Not started,To assess
https://na.org.za/blog/locations/durban-north-methodist-church/,/blog/locations/durban-north-methodist-church/,Region,Accessibility & mobile; Broken links; Content; Crawl & indexation; Headings; Indexing & canonicals; Meta descriptions; Security & privacy,High,Pinch-to-zoom disabled — people cannot enlarge text on a phone | Link points to a page that does not exist (404) | Insecure http:// resource on a secure page,/areas (area-level migration),Not started,To assess
https://na.org.za/blog/locations/durbanville-presbyterian-church-cnr-louw-st-and-hafele-st-durbanville-2/,/blog/locations/durbanville-presbyterian-church-cnr-louw-st-and-hafele-st-durbanville-2/,Region,Accessibility & mobile; Broken links; Content; Crawl & indexation; Headings; Indexing & canonicals; Meta descriptions; Security & privacy,High,Pinch-to-zoom disabled — people cannot enlarge text on a phone | Link points to a page that does not exist (404) | Insecure http:// resource on a secure page,/areas (area-level migration),Not started,To assess
https://na.org.za/blog/locations/eastwood/,/blog/locations/eastwood/,Region,Accessibility & mobile; Broken links; Content; Crawl & indexation; Headings; Indexing & canonicals; Meta descriptions; Security & privacy,High,Pinch-to-zoom disabled — people cannot enlarge text on a phone | Link points to a page that does not exist (404) | Insecure http:// resource on a secure page,/areas (area-level migration),Not started,To assess
https://na.org.za/blog/locations/edenvale-methodist-church-57-6th-ave-edenvale-1610-south-africa/,/blog/locations/edenvale-methodist-church-57-6th-ave-edenvale-1610-south-africa/,Region,Accessibility & mobile; Broken links; Content; Crawl & indexation; Headings; Indexing & canonicals; Meta descriptions; Security & privacy,High,Pinch-to-zoom disabled — people cannot enlarge text on a phone | Link points to a page that does not exist (404) | Insecure http:// resource on a secure page,/areas (area-level migration),Not started,To assess
https://na.org.za/blog/locations/eersterus/,/blog/locations/eersterus/,Region,Accessibility & mobile; Broken links; Content; Crawl & indexation; Headings; Indexing & canonicals; Meta descriptions; Security & privacy,High,Pinch-to-zoom disabled — people cannot enlarge text on a phone | Link points to a page that does not exist (404) | Insecure http:// resource on a secure page,/areas (area-level migration),Not started,To assess
https://na.org.za/blog/locations/eldorado-park-ext-9-community-clinic-and-center-2/,/blog/locations/eldorado-park-ext-9-community-clinic-and-center-2/,Region,Accessibility & mobile; Broken links; Content; Crawl & indexation; Headings; Indexing & canonicals; Meta descriptions; Security & privacy,High,Pinch-to-zoom disabled — people cannot enlarge text on a phone | Link points to a page that does not exist (404) | Insecure http:// resource on a secure page,/areas (area-level migration),Not started,To assess
https://na.org.za/blog/locations/foresthaven-secondary-school/,/blog/locations/foresthaven-secondary-school/,Region,Accessibility & mobile; Broken links; Content; Crawl & indexation; Headings; Indexing & canonicals; Meta descriptions; Security & privacy,High,Pinch-to-zoom disabled — people cannot enlarge text on a phone | Link points to a page that does not exist (404) | Insecure http:// resource on a secure page,/areas (area-level migration),Not started,To assess
https://na.org.za/blog/locations/fynnlands-primary-school/,/blog/locations/fynnlands-primary-school/,Region,Accessibility & mobile; Broken links; Content; Crawl & indexation; Headings; Indexing & canonicals; Meta descriptions; Security & privacy,High,Pinch-to-zoom disabled — people cannot enlarge text on a phone | Link points to a page that does not exist (404) | Insecure http:// resource on a secure page,/areas (area-level migration),Not started,To assess
https://na.org.za/blog/locations/garsfontein-2/,/blog/locations/garsfontein-2/,Region,Accessibility & mobile; Broken links; Content; Crawl & indexation; Headings; Indexing & canonicals; Meta descriptions; Security & privacy,High,Pinch-to-zoom disabled — people cannot enlarge text on a phone | Link points to a page that does not exist (404) | Insecure http:// resource on a secure page,/areas (area-level migration),Not started,To assess
https://na.org.za/blog/locations/garsfontein/,/blog/locations/garsfontein/,Region,Accessibility & mobile; Broken links; Content; Crawl & indexation; Headings; Indexing & canonicals; Meta descriptions; Security & privacy,High,Pinch-to-zoom disabled — people cannot enlarge text on a phone | Link points to a page that does not exist (404) | Insecure http:// resource on a secure page,/areas (area-level migration),Not started,To assess
https://na.org.za/blog/locations/girl-guide-hall/,/blog/locations/girl-guide-hall/,Region,Accessibility & mobile; Broken links; Content; Crawl & indexation; Headings; Indexing & canonicals; Meta descriptions; Security & privacy,High,Pinch-to-zoom disabled — people cannot enlarge text on a phone | Link points to a page that does not exist (404) | Insecure http:// resource on a secure page,/areas (area-level migration),Not started,To assess
https://na.org.za/blog/locations/good-tidings-full-gospel-church/,/blog/locations/good-tidings-full-gospel-church/,Region,Accessibility & mobile; Broken links; Content; Crawl & indexation; Headings; Indexing & canonicals; Meta descriptions; Security & privacy,High,Pinch-to-zoom disabled — people cannot enlarge text on a phone | Link points to a page that does not exist (404) | Insecure http:// resource on a secure page,/areas (area-level migration),Not started,To assess
https://na.org.za/blog/locations/gracepoint-church-2/,/blog/locations/gracepoint-church-2/,Region,Accessibility & mobile; Broken links; Content; Crawl & indexation; Headings; Indexing & canonicals; Meta descriptions; Security & privacy,High,Pinch-to-zoom disabled — people cannot enlarge text on a phone | Link points to a page that does not exist (404) | Insecure http:// resource on a secure page,/areas (area-level migration),Not started,To assess
https://na.org.za/blog/locations/hammanskraal-2/,/blog/locations/hammanskraal-2/,Region,Accessibility & mobile; Broken links; Content; Crawl & indexation; Headings; Indexing & canonicals; Meta descriptions; Security & privacy,High,Pinch-to-zoom disabled — people cannot enlarge text on a phone | Link points to a page that does not exist (404) | Insecure http:// resource on a secure page,/areas (area-level migration),Not started,To assess
https://na.org.za/blog/locations/hammanskraal/,/blog/locations/hammanskraal/,Region,Accessibility & mobile; Broken links; Content; Crawl & indexation; Headings; Indexing & canonicals; Meta descriptions; Security & privacy,High,Pinch-to-zoom disabled — people cannot enlarge text on a phone | Link points to a page that does not exist (404) | Insecure http:// resource on a secure page,/areas (area-level migration),Not started,To assess
https://na.org.za/blog/locations/hillcrest-presbyterian-family-church/,/blog/locations/hillcrest-presbyterian-family-church/,Region,Accessibility & mobile; Broken links; Content; Crawl & indexation; Headings; Indexing & canonicals; Meta descriptions; Security & privacy,High,Pinch-to-zoom disabled — people cannot enlarge text on a phone | Link points to a page that does not exist (404) | Insecure http:// resource on a secure page,/areas (area-level migration),Not started,To assess
https://na.org.za/blog/locations/hillcrest/,/blog/locations/hillcrest/,Region,Accessibility & mobile; Broken links; Content; Crawl & indexation; Headings; Indexing & canonicals; Meta descriptions; Security & privacy,High,Pinch-to-zoom disabled — people cannot enlarge text on a phone | Link points to a page that does not exist (404) | Insecure http:// resource on a secure page,/areas (area-level migration),Not started,To assess
https://na.org.za/blog/locations/holy-trinity-church/,/blog/locations/holy-trinity-church/,Region,Accessibility & mobile; Broken links; Content; Crawl & indexation; Headings; Indexing & canonicals; Meta descriptions; Security & privacy,High,Pinch-to-zoom disabled — people cannot enlarge text on a phone | Link points to a page that does not exist (404) | Insecure http:// resource on a secure page,/areas (area-level migration),Not started,To assess
https://na.org.za/blog/locations/immanuel-church/,/blog/locations/immanuel-church/,Region,Accessibility & mobile; Broken links; Content; Crawl & indexation; Headings; Indexing & canonicals; Meta descriptions; Security & privacy,High,Pinch-to-zoom disabled — people cannot enlarge text on a phone | Link points to a page that does not exist (404) | Insecure http:// resource on a secure page,/areas (area-level migration),Not started,To assess
https://na.org.za/blog/locations/ithuba-centre-3315-ralarata-street-mohlakeng-randfontein-2/,/blog/locations/ithuba-centre-3315-ralarata-street-mohlakeng-randfontein-2/,Region,Accessibility & mobile; Broken links; Content; Crawl & indexation; Headings; Indexing & canonicals; Meta descriptions; Security & privacy,High,Pinch-to-zoom disabled — people cannot enlarge text on a phone | Link points to a page that does not exist (404) | Insecure http:// resource on a secure page,/areas (area-level migration),Not started,To assess
https://na.org.za/blog/locations/jesus-international-ministry/,/blog/locations/jesus-international-ministry/,Region,Accessibility & mobile; Broken links; Content; Crawl & indexation; Headings; Indexing & canonicals; Meta descriptions; Security & privacy,High,Pinch-to-zoom disabled — people cannot enlarge text on a phone | Link points to a page that does not exist (404) | Insecure http:// resource on a secure page,/areas (area-level migration),Not started,To assess
https://na.org.za/blog/locations/johannesburg-south-2190-south-africa/,/blog/locations/johannesburg-south-2190-south-africa/,Region,Accessibility & mobile; Broken links; Content; Crawl & indexation; Headings; Indexing & canonicals; Meta descriptions; Security & privacy,High,Pinch-to-zoom disabled — people cannot enlarge text on a phone | Link points to a page that does not exist (404) | Insecure http:// resource on a secure page,/areas (area-level migration),Not started,To assess
https://na.org.za/blog/locations/johannesburg/,/blog/locations/johannesburg/,Region,Accessibility & mobile; Broken links; Content; Crawl & indexation; Headings; Indexing & canonicals; Meta descriptions; Security & privacy,High,Pinch-to-zoom disabled — people cannot enlarge text on a phone | Link points to a page that does not exist (404) | Insecure http:// resource on a secure page,/areas (area-level migration),Not started,To assess
https://na.org.za/blog/locations/kwazulu-natal/,/blog/locations/kwazulu-natal/,Region,Accessibility & mobile; Broken links; Content; Crawl & indexation; Headings; Indexing & canonicals; Meta descriptions; Security & privacy,High,Pinch-to-zoom disabled — people cannot enlarge text on a phone | Link points to a page that does not exist (404) | Insecure http:// resource on a secure page,/areas (area-level migration),Not started,To assess
https://na.org.za/blog/locations/laudium/,/blog/locations/laudium/,Region,Accessibility & mobile; Broken links; Content; Crawl & indexation; Headings; Indexing & canonicals; Meta descriptions; Security & privacy,High,Pinch-to-zoom disabled — people cannot enlarge text on a phone | Link points to a page that does not exist (404) | Insecure http:// resource on a secure page,/areas (area-level migration),Not started,To assess
https://na.org.za/blog/locations/lynnwoodrif-gemeente/,/blog/locations/lynnwoodrif-gemeente/,Region,Accessibility & mobile; Broken links; Content; Crawl & indexation; Headings; Indexing & canonicals; Meta descriptions; Security & privacy,High,Pinch-to-zoom disabled — people cannot enlarge text on a phone | Link points to a page that does not exist (404) | Insecure http:// resource on a secure page,/areas (area-level migration),Not started,To assess
https://na.org.za/blog/locations/lyttleton-2/,/blog/locations/lyttleton-2/,Region,Accessibility & mobile; Broken links; Content; Crawl & indexation; Headings; Indexing & canonicals; Meta descriptions; Security & privacy,High,Pinch-to-zoom disabled — people cannot enlarge text on a phone | Link points to a page that does not exist (404) | Insecure http:// resource on a secure page,/areas (area-level migration),Not started,To assess
https://na.org.za/blog/locations/lyttleton/,/blog/locations/lyttleton/,Region,Accessibility & mobile; Broken links; Content; Crawl & indexation; Headings; Indexing & canonicals; Meta descriptions; Security & privacy,High,Pinch-to-zoom disabled — people cannot enlarge text on a phone | Link points to a page that does not exist (404) | Insecure http:// resource on a secure page,/areas (area-level migration),Not started,To assess
https://na.org.za/blog/locations/mabewana-primary-school/,/blog/locations/mabewana-primary-school/,Region,Accessibility & mobile; Broken links; Content; Crawl & indexation; Headings; Indexing & canonicals; Meta descriptions; Security & privacy,High,Pinch-to-zoom disabled — people cannot enlarge text on a phone | Link points to a page that does not exist (404) | Insecure http:// resource on a secure page,/areas (area-level migration),Not started,To assess
https://na.org.za/blog/locations/mabopane-service-point/,/blog/locations/mabopane-service-point/,Region,Accessibility & mobile; Broken links; Content; Crawl & indexation; Headings; Indexing & canonicals; Meta descriptions; Security & privacy,High,Pinch-to-zoom disabled — people cannot enlarge text on a phone | Link points to a page that does not exist (404) | Insecure http:// resource on a secure page,/areas (area-level migration),Not started,To assess
https://na.org.za/blog/locations/mali-congo-street-welamlambo-section-tembisa-1632-2/,/blog/locations/mali-congo-street-welamlambo-section-tembisa-1632-2/,Region,Accessibility & mobile; Broken links; Content; Crawl & indexation; Headings; Indexing & canonicals; Meta descriptions; Security & privacy,High,Pinch-to-zoom disabled — people cannot enlarge text on a phone | Link points to a page that does not exist (404) | Insecure http:// resource on a secure page,/areas (area-level migration),Not started,To assess
https://na.org.za/blog/locations/mamelodi-2/,/blog/locations/mamelodi-2/,Region,Accessibility & mobile; Broken links; Content; Crawl & indexation; Headings; Indexing & canonicals; Meta descriptions; Security & privacy,High,Pinch-to-zoom disabled — people cannot enlarge text on a phone | Link points to a page that does not exist (404) | Insecure http:// resource on a secure page,/areas (area-level migration),Not started,To assess
https://na.org.za/blog/locations/mamelodi/,/blog/locations/mamelodi/,Region,Accessibility & mobile; Broken links; Content; Crawl & indexation; Headings; Indexing & canonicals; Meta descriptions; Security & privacy,High,Pinch-to-zoom disabled — people cannot enlarge text on a phone | Link points to a page that does not exist (404) | Insecure http:// resource on a secure page,/areas (area-level migration),Not started,To assess
https://na.org.za/blog/locations/margate-methodist-church/,/blog/locations/margate-methodist-church/,Region,Accessibility & mobile; Broken links; Content; Crawl & indexation; Headings; Indexing & canonicals; Meta descriptions; Security & privacy,High,Pinch-to-zoom disabled — people cannot enlarge text on a phone | Link points to a page that does not exist (404) | Insecure http:// resource on a secure page,/areas (area-level migration),Not started,To assess
https://na.org.za/blog/locations/memezelo-secondary-highschool/,/blog/locations/memezelo-secondary-highschool/,Region,Accessibility & mobile; Broken links; Content; Crawl & indexation; Headings; Indexing & canonicals; Meta descriptions; Security & privacy,High,Pinch-to-zoom disabled — people cannot enlarge text on a phone | Link points to a page that does not exist (404) | Insecure http:// resource on a secure page,/areas (area-level migration),Not started,To assess
https://na.org.za/blog/locations/merebank-secondary/,/blog/locations/merebank-secondary/,Region,Accessibility & mobile; Broken links; Content; Crawl & indexation; Headings; Indexing & canonicals; Meta descriptions; Security & privacy,High,Pinch-to-zoom disabled — people cannot enlarge text on a phone | Link points to a page that does not exist (404) | Insecure http:// resource on a secure page,/areas (area-level migration),Not started,To assess
https://na.org.za/blog/locations/montana/,/blog/locations/montana/,Region,Accessibility & mobile; Broken links; Content; Crawl & indexation; Headings; Indexing & canonicals; Meta descriptions; Security & privacy,High,Pinch-to-zoom disabled — people cannot enlarge text on a phone | Link points to a page that does not exist (404) | Insecure http:// resource on a secure page,/areas (area-level migration),Not started,To assess
https://na.org.za/blog/locations/naledi-sports-complex-naledi-ext-2-742-cnr-letsatsi-radebe-st-soweto-south-africa/,/blog/locations/naledi-sports-complex-naledi-ext-2-742-cnr-letsatsi-radebe-st-soweto-south-africa/,Region,Accessibility & mobile; Broken links; Content; Crawl & indexation; Headings; Indexing & canonicals; Meta descriptions; Security & privacy,High,Pinch-to-zoom disabled — people cannot enlarge text on a phone | Link points to a page that does not exist (404) | Insecure http:// resource on a secure page,/areas (area-level migration),Not started,To assess
https://na.org.za/blog/locations/nelson-mandela-youth-centre/,/blog/locations/nelson-mandela-youth-centre/,Region,Accessibility & mobile; Broken links; Content; Crawl & indexation; Headings; Indexing & canonicals; Meta descriptions; Security & privacy,High,Pinch-to-zoom disabled — people cannot enlarge text on a phone | Link points to a page that does not exist (404) | Insecure http:// resource on a secure page,/areas (area-level migration),Not started,To assess
https://na.org.za/blog/locations/new-apostolic-church-booysens/,/blog/locations/new-apostolic-church-booysens/,Region,Accessibility & mobile; Broken links; Content; Crawl & indexation; Headings; Indexing & canonicals; Meta descriptions; Security & privacy,High,Pinch-to-zoom disabled — people cannot enlarge text on a phone | Link points to a page that does not exist (404) | Insecure http:// resource on a secure page,/areas (area-level migration),Not started,To assess
https://na.org.za/blog/locations/newlands-east-library/,/blog/locations/newlands-east-library/,Region,Accessibility & mobile; Broken links; Content; Crawl & indexation; Headings; Indexing & canonicals; Meta descriptions; Security & privacy,High,Pinch-to-zoom disabled — people cannot enlarge text on a phone | Link points to a page that does not exist (404) | Insecure http:// resource on a secure page,/areas (area-level migration),Not started,To assess
https://na.org.za/blog/locations/ngk-nederduitse-gereformeerde-kerk-church/,/blog/locations/ngk-nederduitse-gereformeerde-kerk-church/,Region,Accessibility & mobile; Broken links; Content; Crawl & indexation; Headings; Indexing & canonicals; Meta descriptions; Security & privacy,High,Pinch-to-zoom disabled — people cannot enlarge text on a phone | Link points to a page that does not exist (404) | Insecure http:// resource on a secure page,/areas (area-level migration),Not started,To assess
https://na.org.za/blog/locations/north-beach-in-front-of-minitown/,/blog/locations/north-beach-in-front-of-minitown/,Region,Accessibility & mobile; Broken links; Content; Crawl & indexation; Headings; Indexing & canonicals; Meta descriptions; Security & privacy,High,Pinch-to-zoom disabled — people cannot enlarge text on a phone | Link points to a page that does not exist (404) | Insecure http:// resource on a secure page,/areas (area-level migration),Not started,To assess
https://na.org.za/blog/locations/northcliff-union-church-cnr-dawn-and-pendoring-road/,/blog/locations/northcliff-union-church-cnr-dawn-and-pendoring-road/,Region,Accessibility & mobile; Broken links; Content; Crawl & indexation; Headings; Indexing & canonicals; Meta descriptions; Security & privacy,High,Pinch-to-zoom disabled — people cannot enlarge text on a phone | Link points to a page that does not exist (404) | Insecure http:// resource on a secure page,/areas (area-level migration),Not started,To assess
https://na.org.za/blog/locations/odirileng-maponya-clinicsonap/,/blog/locations/odirileng-maponya-clinicsonap/,Region,Accessibility & mobile; Broken links; Content; Crawl & indexation; Headings; Indexing & canonicals; Meta descriptions; Security & privacy,High,Pinch-to-zoom disabled — people cannot enlarge text on a phone | Link points to a page that does not exist (404) | Insecure http:// resource on a secure page,/areas (area-level migration),Not started,To assess
https://na.org.za/blog/locations/olive-tree-church-kloof/,/blog/locations/olive-tree-church-kloof/,Region,Accessibility & mobile; Broken links; Content; Crawl & indexation; Headings; Indexing & canonicals; Meta descriptions; Security & privacy,High,Pinch-to-zoom disabled — people cannot enlarge text on a phone | Link points to a page that does not exist (404) | Insecure http:// resource on a secure page,/areas (area-level migration),Not started,To assess
https://na.org.za/blog/locations/olympus/,/blog/locations/olympus/,Region,Accessibility & mobile; Broken links; Content; Crawl & indexation; Headings; Indexing & canonicals; Meta descriptions; Security & privacy,High,Pinch-to-zoom disabled — people cannot enlarge text on a phone | Link points to a page that does not exist (404) | Insecure http:// resource on a secure page,/areas (area-level migration),Not started,To assess
https://na.org.za/blog/locations/parish-of-the-immaculate-conception-catholic-church/,/blog/locations/parish-of-the-immaculate-conception-catholic-church/,Region,Accessibility & mobile; Broken links; Content; Crawl & indexation; Headings; Indexing & canonicals; Meta descriptions; Security & privacy,High,Pinch-to-zoom disabled — people cannot enlarge text on a phone | Link points to a page that does not exist (404) | Insecure http:// resource on a secure page,/areas (area-level migration),Not started,To assess
https://na.org.za/blog/locations/parkhurst-recreation-centre/,/blog/locations/parkhurst-recreation-centre/,Region,Accessibility & mobile; Broken links; Content; Crawl & indexation; Headings; Indexing & canonicals; Meta descriptions; Security & privacy,High,Pinch-to-zoom disabled — people cannot enlarge text on a phone | Link points to a page that does not exist (404) | Insecure http:// resource on a secure page,/areas (area-level migration),Not started,To assess
https://na.org.za/blog/locations/pennington-methodist-church/,/blog/locations/pennington-methodist-church/,Region,Accessibility & mobile; Broken links; Content; Crawl & indexation; Headings; Indexing & canonicals; Meta descriptions; Security & privacy,High,Pinch-to-zoom disabled — people cannot enlarge text on a phone | Link points to a page that does not exist (404) | Insecure http:// resource on a secure page,/areas (area-level migration),Not started,To assess
https://na.org.za/blog/locations/phefeni-recreation-center-12764-funani-street-orlando-wes/,/blog/locations/phefeni-recreation-center-12764-funani-street-orlando-wes/,Region,Accessibility & mobile; Broken links; Content; Crawl & indexation; Headings; Indexing & canonicals; Meta descriptions; Security & privacy,High,Pinch-to-zoom disabled — people cannot enlarge text on a phone | Link points to a page that does not exist (404) | Insecure http:// resource on a secure page,/areas (area-level migration),Not started,To assess
https://na.org.za/blog/locations/phoenix-victory-center/,/blog/locations/phoenix-victory-center/,Region,Accessibility & mobile; Broken links; Content; Crawl & indexation; Headings; Indexing & canonicals; Meta descriptions; Security & privacy,High,Pinch-to-zoom disabled — people cannot enlarge text on a phone | Link points to a page that does not exist (404) | Insecure http:// resource on a secure page,/areas (area-level migration),Not started,To assess
https://na.org.za/blog/locations/pimville-zone-4-pcc-hall-11624-mathithibala-st-pimville-zone-4-pimville-1809/,/blog/locations/pimville-zone-4-pcc-hall-11624-mathithibala-st-pimville-zone-4-pimville-1809/,Region,Accessibility & mobile; Broken links; Content; Crawl & indexation; Headings; Indexing & canonicals; Meta descriptions; Security & privacy,High,Pinch-to-zoom disabled — people cannot enlarge text on a phone | Link points to a page that does not exist (404) | Insecure http:// resource on a secure page,/areas (area-level migration),Not started,To assess
https://na.org.za/blog/locations/pretoria-south-africa/,/blog/locations/pretoria-south-africa/,Region,Accessibility & mobile; Broken links; Content; Crawl & indexation; Headings; Indexing & canonicals; Meta descriptions; Security & privacy,High,Pinch-to-zoom disabled — people cannot enlarge text on a phone | Link points to a page that does not exist (404) | Insecure http:// resource on a secure page,/areas (area-level migration),Not started,To assess
https://na.org.za/blog/locations/protea-glen-recreation-center-1703-milkwood-streetm-protea-glen-ext-2/,/blog/locations/protea-glen-recreation-center-1703-milkwood-streetm-protea-glen-ext-2/,Region,Accessibility & mobile; Broken links; Content; Crawl & indexation; Headings; Indexing & canonicals; Meta descriptions; Security & privacy,High,Pinch-to-zoom disabled — people cannot enlarge text on a phone | Link points to a page that does not exist (404) | Insecure http:// resource on a secure page,/areas (area-level migration),Not started,To assess
https://na.org.za/blog/locations/queensburgh-community-hall/,/blog/locations/queensburgh-community-hall/,Region,Accessibility & mobile; Broken links; Content; Crawl & indexation; Headings; Indexing & canonicals; Meta descriptions; Security & privacy,High,Pinch-to-zoom disabled — people cannot enlarge text on a phone | Link points to a page that does not exist (404) | Insecure http:// resource on a secure page,/areas (area-level migration),Not started,To assess
https://na.org.za/blog/locations/queenswood/,/blog/locations/queenswood/,Region,Accessibility & mobile; Broken links; Content; Crawl & indexation; Headings; Indexing & canonicals; Meta descriptions; Security & privacy,High,Pinch-to-zoom disabled — people cannot enlarge text on a phone | Link points to a page that does not exist (404) | Insecure http:// resource on a secure page,/areas (area-level migration),Not started,To assess
https://na.org.za/blog/locations/raisethorpe-high-school/,/blog/locations/raisethorpe-high-school/,Region,Accessibility & mobile; Broken links; Content; Crawl & indexation; Headings; Indexing & canonicals; Meta descriptions; Security & privacy,High,Pinch-to-zoom disabled — people cannot enlarge text on a phone | Link points to a page that does not exist (404) | Insecure http:// resource on a secure page,/areas (area-level migration),Not started,To assess
https://na.org.za/blog/locations/real-life-church-86-viljoen-st-krugersdorp-north-krugersdorp-1740-2/,/blog/locations/real-life-church-86-viljoen-st-krugersdorp-north-krugersdorp-1740-2/,Region,Accessibility & mobile; Broken links; Content; Crawl & indexation; Headings; Indexing & canonicals; Meta descriptions; Security & privacy,High,Pinch-to-zoom disabled — people cannot enlarge text on a phone | Link points to a page that does not exist (404) | Insecure http:// resource on a secure page,/areas (area-level migration),Not started,To assess
https://na.org.za/blog/locations/redhill-public-library/,/blog/locations/redhill-public-library/,Region,Accessibility & mobile; Broken links; Content; Crawl & indexation; Headings; Indexing & canonicals; Meta descriptions; Security & privacy,High,Pinch-to-zoom disabled — people cannot enlarge text on a phone | Link points to a page that does not exist (404) | Insecure http:// resource on a secure page,/areas (area-level migration),Not started,To assess
https://na.org.za/blog/locations/ring-road-block-4-doornkop-johannesburg-2091-gauteng-2/,/blog/locations/ring-road-block-4-doornkop-johannesburg-2091-gauteng-2/,Region,Accessibility & mobile; Broken links; Content; Crawl & indexation; Headings; Indexing & canonicals; Meta descriptions; Security & privacy,High,Pinch-to-zoom disabled — people cannot enlarge text on a phone | Link points to a page that does not exist (404) | Insecure http:// resource on a secure page,/areas (area-level migration),Not started,To assess
https://na.org.za/blog/locations/ring-road-block-4-doornkop-johannesburg-2091-gauteng/,/blog/locations/ring-road-block-4-doornkop-johannesburg-2091-gauteng/,Region,Accessibility & mobile; Broken links; Content; Crawl & indexation; Headings; Indexing & canonicals; Meta descriptions; Security & privacy,High,Pinch-to-zoom disabled — people cannot enlarge text on a phone | Link points to a page that does not exist (404) | Insecure http:// resource on a secure page,/areas (area-level migration),Not started,To assess
https://na.org.za/blog/locations/rock-foundation-ministries-corner-of-strandbrook-and-towerbrook/,/blog/locations/rock-foundation-ministries-corner-of-strandbrook-and-towerbrook/,Region,Accessibility & mobile; Broken links; Content; Crawl & indexation; Headings; Indexing & canonicals; Meta descriptions; Security & privacy,High,Pinch-to-zoom disabled — people cannot enlarge text on a phone | Link points to a page that does not exist (404) | Insecure http:// resource on a secure page,/areas (area-level migration),Not started,To assess
https://na.org.za/blog/locations/rock-foundation-ministries/,/blog/locations/rock-foundation-ministries/,Region,Accessibility & mobile; Broken links; Content; Crawl & indexation; Headings; Indexing & canonicals; Meta descriptions; Security & privacy,High,Pinch-to-zoom disabled — people cannot enlarge text on a phone | Link points to a page that does not exist (404) | Insecure http:// resource on a secure page,/areas (area-level migration),Not started,To assess
https://na.org.za/blog/locations/rooihuiskraal/,/blog/locations/rooihuiskraal/,Region,Accessibility & mobile; Broken links; Content; Crawl & indexation; Headings; Indexing & canonicals; Meta descriptions; Security & privacy,High,Pinch-to-zoom disabled — people cannot enlarge text on a phone | Link points to a page that does not exist (404) | Insecure http:// resource on a secure page,/areas (area-level migration),Not started,To assess
https://na.org.za/blog/locations/rosettenville-2/,/blog/locations/rosettenville-2/,Region,Accessibility & mobile; Broken links; Content; Crawl & indexation; Headings; Indexing & canonicals; Meta descriptions; Security & privacy,High,Pinch-to-zoom disabled — people cannot enlarge text on a phone | Link points to a page that does not exist (404) | Insecure http:// resource on a secure page,/areas (area-level migration),Not started,To assess
https://na.org.za/blog/locations/rustenburg-2/,/blog/locations/rustenburg-2/,Region,Accessibility & mobile; Broken links; Content; Crawl & indexation; Headings; Indexing & canonicals; Meta descriptions; Security & privacy,High,Pinch-to-zoom disabled — people cannot enlarge text on a phone | Link points to a page that does not exist (404) | Insecure http:// resource on a secure page,/areas (area-level migration),Not started,To assess
https://na.org.za/blog/locations/rustenburg-3/,/blog/locations/rustenburg-3/,Region,Accessibility & mobile; Broken links; Content; Crawl & indexation; Headings; Indexing & canonicals; Meta descriptions; Security & privacy,High,Pinch-to-zoom disabled — people cannot enlarge text on a phone | Link points to a page that does not exist (404) | Insecure http:// resource on a secure page,/areas (area-level migration),Not started,To assess
https://na.org.za/blog/locations/rustenburg-4/,/blog/locations/rustenburg-4/,Region,Accessibility & mobile; Broken links; Content; Crawl & indexation; Headings; Indexing & canonicals; Meta descriptions; Security & privacy,High,Pinch-to-zoom disabled — people cannot enlarge text on a phone | Link points to a page that does not exist (404) | Insecure http:// resource on a secure page,/areas (area-level migration),Not started,To assess
https://na.org.za/blog/locations/rustenburg-6/,/blog/locations/rustenburg-6/,Region,Accessibility & mobile; Broken links; Content; Crawl & indexation; Headings; Indexing & canonicals; Meta descriptions; Security & privacy,High,Pinch-to-zoom disabled — people cannot enlarge text on a phone | Link points to a page that does not exist (404) | Insecure http:// resource on a secure page,/areas (area-level migration),Not started,To assess
https://na.org.za/blog/locations/rustenburg/,/blog/locations/rustenburg/,Region,Accessibility & mobile; Broken links; Content; Crawl & indexation; Headings; Indexing & canonicals; Meta descriptions; Security & privacy,High,Pinch-to-zoom disabled — people cannot enlarge text on a phone | Link points to a page that does not exist (404) | Insecure http:// resource on a secure page,/areas (area-level migration),Not started,To assess
https://na.org.za/blog/locations/saint-peters-united-church/,/blog/locations/saint-peters-united-church/,Region,Accessibility & mobile; Broken links; Content; Crawl & indexation; Headings; Indexing & canonicals; Meta descriptions; Security & privacy,High,Pinch-to-zoom disabled — people cannot enlarge text on a phone | Link points to a page that does not exist (404) | Insecure http:// resource on a secure page,/areas (area-level migration),Not started,To assess
https://na.org.za/blog/locations/salt-rock-library/,/blog/locations/salt-rock-library/,Region,Accessibility & mobile; Broken links; Content; Crawl & indexation; Headings; Indexing & canonicals; Meta descriptions; Security & privacy,High,Pinch-to-zoom disabled — people cannot enlarge text on a phone | Link points to a page that does not exist (404) | Insecure http:// resource on a secure page,/areas (area-level migration),Not started,To assess
https://na.org.za/blog/locations/sanca-diepsloot-boardroom-136-dr-moosa-diepsloot-centre-extension-10-off-r511-methodist-church-complex-2/,/blog/locations/sanca-diepsloot-boardroom-136-dr-moosa-diepsloot-centre-extension-10-off-r511-methodist-church-complex-2/,Region,Accessibility & mobile; Broken links; Content; Crawl & indexation; Headings; Indexing & canonicals; Meta descriptions; Security & privacy,High,Pinch-to-zoom disabled — people cannot enlarge text on a phone | Link points to a page that does not exist (404) | Insecure http:// resource on a secure page,/areas (area-level migration),Not started,To assess
https://na.org.za/blog/locations/scottburgh-beach-marine-terrace-near-caravan-park/,/blog/locations/scottburgh-beach-marine-terrace-near-caravan-park/,Region,Accessibility & mobile; Broken links; Content; Crawl & indexation; Headings; Indexing & canonicals; Meta descriptions; Security & privacy,High,Pinch-to-zoom disabled — people cannot enlarge text on a phone | Link points to a page that does not exist (404) | Insecure http:// resource on a secure page,/areas (area-level migration),Not started,To assess
https://na.org.za/blog/locations/scottsville-pietermaritzburg/,/blog/locations/scottsville-pietermaritzburg/,Region,Accessibility & mobile; Broken links; Content; Crawl & indexation; Headings; Indexing & canonicals; Meta descriptions; Security & privacy,High,Pinch-to-zoom disabled — people cannot enlarge text on a phone | Link points to a page that does not exist (404) | Insecure http:// resource on a secure page,/areas (area-level migration),Not started,To assess
https://na.org.za/blog/locations/sharicrest-primary-school/,/blog/locations/sharicrest-primary-school/,Region,Accessibility & mobile; Broken links; Content; Crawl & indexation; Headings; Indexing & canonicals; Meta descriptions; Security & privacy,High,Pinch-to-zoom disabled — people cannot enlarge text on a phone | Link points to a page that does not exist (404) | Insecure http:// resource on a secure page,/areas (area-level migration),Not started,To assess
https://na.org.za/blog/locations/shrimati-anandben-desai-pre-primary-school/,/blog/locations/shrimati-anandben-desai-pre-primary-school/,Region,Accessibility & mobile; Broken links; Content; Crawl & indexation; Headings; Indexing & canonicals; Meta descriptions; Security & privacy,High,Pinch-to-zoom disabled — people cannot enlarge text on a phone | Link points to a page that does not exist (404) | Insecure http:// resource on a secure page,/areas (area-level migration),Not started,To assess
https://na.org.za/blog/locations/st-agnes-catholic-church/,/blog/locations/st-agnes-catholic-church/,Region,Accessibility & mobile; Broken links; Content; Crawl & indexation; Headings; Indexing & canonicals; Meta descriptions; Security & privacy,High,Pinch-to-zoom disabled — people cannot enlarge text on a phone | Link points to a page that does not exist (404) | Insecure http:// resource on a secure page,/areas (area-level migration),Not started,To assess
https://na.org.za/blog/locations/st-barnabus-church/,/blog/locations/st-barnabus-church/,Region,Accessibility & mobile; Broken links; Content; Crawl & indexation; Headings; Indexing & canonicals; Meta descriptions; Security & privacy,High,Pinch-to-zoom disabled — people cannot enlarge text on a phone | Link points to a page that does not exist (404) | Insecure http:// resource on a secure page,/areas (area-level migration),Not started,To assess
https://na.org.za/blog/locations/st-francis-methodist-church-1-talton-road-forest-town/,/blog/locations/st-francis-methodist-church-1-talton-road-forest-town/,Region,Accessibility & mobile; Broken links; Content; Crawl & indexation; Headings; Indexing & canonicals; Meta descriptions; Security & privacy,High,Pinch-to-zoom disabled — people cannot enlarge text on a phone | Link points to a page that does not exist (404) | Insecure http:// resource on a secure page,/areas (area-level migration),Not started,To assess
https://na.org.za/blog/locations/st-james-presbyterian-church-2/,/blog/locations/st-james-presbyterian-church-2/,Region,Accessibility & mobile; Broken links; Content; Crawl & indexation; Headings; Indexing & canonicals; Meta descriptions; Security & privacy,High,Pinch-to-zoom disabled — people cannot enlarge text on a phone | Link points to a page that does not exist (404) | Insecure http:// resource on a secure page,/areas (area-level migration),Not started,To assess
https://na.org.za/blog/locations/st-josephs-catholic-church/,/blog/locations/st-josephs-catholic-church/,Region,Accessibility & mobile; Broken links; Content; Crawl & indexation; Headings; Indexing & canonicals; Meta descriptions; Security & privacy,High,Pinch-to-zoom disabled — people cannot enlarge text on a phone | Link points to a page that does not exist (404) | Insecure http:// resource on a secure page,/areas (area-level migration),Not started,To assess
https://na.org.za/blog/locations/st-marys-anglican-church/,/blog/locations/st-marys-anglican-church/,Region,Accessibility & mobile; Broken links; Content; Crawl & indexation; Headings; Indexing & canonicals; Meta descriptions; Security & privacy,High,Pinch-to-zoom disabled — people cannot enlarge text on a phone | Link points to a page that does not exist (404) | Insecure http:// resource on a secure page,/areas (area-level migration),Not started,To assess
https://na.org.za/blog/locations/st-thomas-anglican-church/,/blog/locations/st-thomas-anglican-church/,Region,Accessibility & mobile; Broken links; Content; Crawl & indexation; Headings; Indexing & canonicals; Meta descriptions; Security & privacy,High,Pinch-to-zoom disabled — people cannot enlarge text on a phone | Link points to a page that does not exist (404) | Insecure http:// resource on a secure page,/areas (area-level migration),Not started,To assess
https://na.org.za/blog/locations/thabazimbi/,/blog/locations/thabazimbi/,Region,Accessibility & mobile; Broken links; Content; Crawl & indexation; Headings; Indexing & canonicals; Meta descriptions; Security & privacy,High,Pinch-to-zoom disabled — people cannot enlarge text on a phone | Link points to a page that does not exist (404) | Insecure http:// resource on a secure page,/areas (area-level migration),Not started,To assess
https://na.org.za/blog/locations/thames-house-hope-st-city-power-complex-2/,/blog/locations/thames-house-hope-st-city-power-complex-2/,Region,Accessibility & mobile; Broken links; Content; Crawl & indexation; Headings; Indexing & canonicals; Meta descriptions; Security & privacy,High,Pinch-to-zoom disabled — people cannot enlarge text on a phone | Link points to a page that does not exist (404) | Insecure http:// resource on a secure page,/areas (area-level migration),Not started,To assess
https://na.org.za/blog/locations/thekwini-tvet-college/,/blog/locations/thekwini-tvet-college/,Region,Accessibility & mobile; Broken links; Content; Crawl & indexation; Headings; Indexing & canonicals; Meta descriptions; Security & privacy,High,Pinch-to-zoom disabled — people cannot enlarge text on a phone | Link points to a page that does not exist (404) | Insecure http:// resource on a secure page,/areas (area-level migration),Not started,To assess
https://na.org.za/blog/locations/tongaat-central-library/,/blog/locations/tongaat-central-library/,Region,Accessibility & mobile; Broken links; Content; Crawl & indexation; Headings; Indexing & canonicals; Meta descriptions; Security & privacy,High,Pinch-to-zoom disabled — people cannot enlarge text on a phone | Link points to a page that does not exist (404) | Insecure http:// resource on a secure page,/areas (area-level migration),Not started,To assess
https://na.org.za/blog/locations/umbilo-methodist-church/,/blog/locations/umbilo-methodist-church/,Region,Accessibility & mobile; Broken links; Content; Crawl & indexation; Headings; Indexing & canonicals; Meta descriptions; Security & privacy,High,Pinch-to-zoom disabled — people cannot enlarge text on a phone | Link points to a page that does not exist (404) | Insecure http:// resource on a secure page,/areas (area-level migration),Not started,To assess
https://na.org.za/blog/locations/wanderers-cricket-stadium-35-corlette-drive-illovo/,/blog/locations/wanderers-cricket-stadium-35-corlette-drive-illovo/,Region,Accessibility & mobile; Broken links; Content; Crawl & indexation; Headings; Indexing & canonicals; Meta descriptions; Security & privacy,High,Pinch-to-zoom disabled — people cannot enlarge text on a phone | Link points to a page that does not exist (404) | Insecure http:// resource on a secure page,/areas (area-level migration),Not started,To assess
https://na.org.za/blog/locations/waterkloof-ridge/,/blog/locations/waterkloof-ridge/,Region,Accessibility & mobile; Broken links; Content; Crawl & indexation; Headings; Indexing & canonicals; Meta descriptions; Security & privacy,High,Pinch-to-zoom disabled — people cannot enlarge text on a phone | Link points to a page that does not exist (404) | Insecure http:// resource on a secure page,/areas (area-level migration),Not started,To assess
https://na.org.za/blog/locations/waterkloof/,/blog/locations/waterkloof/,Region,Accessibility & mobile; Broken links; Content; Crawl & indexation; Headings; Indexing & canonicals; Meta descriptions; Security & privacy,High,Pinch-to-zoom disabled — people cannot enlarge text on a phone | Link points to a page that does not exist (404) | Insecure http:// resource on a secure page,/areas (area-level migration),Not started,To assess
https://na.org.za/blog/locations/wayside-chapel/,/blog/locations/wayside-chapel/,Region,Accessibility & mobile; Broken links; Content; Crawl & indexation; Headings; Indexing & canonicals; Meta descriptions; Security & privacy,High,Pinch-to-zoom disabled — people cannot enlarge text on a phone | Link points to a page that does not exist (404) | Insecure http:// resource on a secure page,/areas (area-level migration),Not started,To assess
https://na.org.za/blog/locations/westville-methodist-church/,/blog/locations/westville-methodist-church/,Region,Accessibility & mobile; Broken links; Content; Crawl & indexation; Headings; Indexing & canonicals; Meta descriptions; Security & privacy,High,Pinch-to-zoom disabled — people cannot enlarge text on a phone | Link points to a page that does not exist (404) | Insecure http:// resource on a secure page,/areas (area-level migration),Not started,To assess
https://na.org.za/blog/locations/wings-of-love-building/,/blog/locations/wings-of-love-building/,Region,Accessibility & mobile; Broken links; Content; Crawl & indexation; Headings; Indexing & canonicals; Meta descriptions; Security & privacy,High,Pinch-to-zoom disabled — people cannot enlarge text on a phone | Link points to a page that does not exist (404) | Insecure http:// resource on a secure page,/areas (area-level migration),Not started,To assess
https://na.org.za/blog/meetings/,/blog/meetings/,Region,Accessibility & mobile; Broken links; Content; Headings; Meta descriptions; Security & privacy,High,Pinch-to-zoom disabled — people cannot enlarge text on a phone | Link points to a page that does not exist (404) | Insecure http:// resource on a secure page,/meetings (record-level migration),Not started,To assess
https://na.org.za/blog/meetings/afrikaans/,/blog/meetings/afrikaans/,Region,Accessibility & mobile; Broken links; Headings; Meta descriptions; Page titles; Security & privacy; Spelling,High,Pinch-to-zoom disabled — people cannot enlarge text on a phone | Link points to a page that does not exist (404) | Insecure http:// resource on a secure page,/meetings (record-level migration),Not started,To assess
https://na.org.za/blog/meetings/alabama-klerksdorp-sunday-1730-2/,/blog/meetings/alabama-klerksdorp-sunday-1730-2/,Region,Accessibility & mobile; Broken links; Headings; Meeting data; Meta descriptions; Page titles; Security & privacy; Spelling,High,Pinch-to-zoom disabled — people cannot enlarge text on a phone | Link points to a page that does not exist (404) | Insecure http:// resource on a secure page,/meetings (record-level migration),Not started,To assess
https://na.org.za/blog/meetings/alabama-klerksdorp-thursday-1730-2/,/blog/meetings/alabama-klerksdorp-thursday-1730-2/,Region,Accessibility & mobile; Content; Crawl & indexation; Headings; Indexing & canonicals; Meta descriptions; Page titles,Critical,Server error 500 on a URL listed in the sitemap | Page set to noindex — will not appear in Google | Missing meta description,/meetings (record-level migration),Not started,To assess
https://na.org.za/blog/meetings/alabama-klerksdorp-thursday-1730/,/blog/meetings/alabama-klerksdorp-thursday-1730/,Region,Accessibility & mobile; Broken links; Headings; Meeting data; Meta descriptions; Page titles; Security & privacy; Spelling,High,Pinch-to-zoom disabled — people cannot enlarge text on a phone | Link points to a page that does not exist (404) | Insecure http:// resource on a secure page,/meetings (record-level migration),Not started,To assess
https://na.org.za/blog/meetings/alabama-klerksdorp-tuesday-1730/,/blog/meetings/alabama-klerksdorp-tuesday-1730/,Region,Accessibility & mobile; Broken links; Headings; Meeting data; Meta descriptions; Page titles; Security & privacy; Spelling,High,Pinch-to-zoom disabled — people cannot enlarge text on a phone | Link points to a page that does not exist (404) | Insecure http:// resource on a secure page,/meetings (record-level migration),Not started,To assess
https://na.org.za/blog/meetings/alberton-thursday-1930-2/,/blog/meetings/alberton-thursday-1930-2/,Region,Accessibility & mobile; Content; Crawl & indexation; Headings; Indexing & canonicals; Meta descriptions,Critical,Server error 500 on a URL listed in the sitemap | Page set to noindex — will not appear in Google | Missing meta description,/meetings (record-level migration),Not started,To assess
https://na.org.za/blog/meetings/alberton-thursday-1930/,/blog/meetings/alberton-thursday-1930/,Region,Accessibility & mobile; Broken links; Headings; Meeting data; Meta descriptions; Page titles; Security & privacy; Spelling,High,Pinch-to-zoom disabled — people cannot enlarge text on a phone | Link points to a page that does not exist (404) | Insecure http:// resource on a secure page,/meetings (record-level migration),Not started,To assess
https://na.org.za/blog/meetings/alberton-tuesday-1930-2/,/blog/meetings/alberton-tuesday-1930-2/,Region,Accessibility & mobile; Broken links; Headings; Meeting data; Meta descriptions; Page titles; Security & privacy; Spelling,High,Pinch-to-zoom disabled — people cannot enlarge text on a phone | Link points to a page that does not exist (404) | Insecure http:// resource on a secure page,/meetings (record-level migration),Not started,To assess
https://na.org.za/blog/meetings/alexander-sunday-1600-2/,/blog/meetings/alexander-sunday-1600-2/,Region,Accessibility & mobile; Broken links; Headings; Meeting data; Meta descriptions; Page titles; Security & privacy; Spelling,High,Pinch-to-zoom disabled — people cannot enlarge text on a phone | Link points to a page that does not exist (404) | Insecure http:// resource on a secure page,/meetings (record-level migration),Not started,To assess
https://na.org.za/blog/meetings/amanzimtoti-tuesday/,/blog/meetings/amanzimtoti-tuesday/,Region,Accessibility & mobile; Broken links; Headings; Meeting data; Meta descriptions; Page titles; Security & privacy; Spelling,High,Pinch-to-zoom disabled — people cannot enlarge text on a phone | Link points to a page that does not exist (404) | Insecure http:// resource on a secure page,/meetings (record-level migration),Not started,To assess
https://na.org.za/blog/meetings/austerville-friday/,/blog/meetings/austerville-friday/,Region,Accessibility & mobile; Broken links; Headings; Meeting data; Meta descriptions; Security & privacy,High,Pinch-to-zoom disabled — people cannot enlarge text on a phone | Link points to a page that does not exist (404) | Insecure http:// resource on a secure page,/meetings (record-level migration),Not started,To assess
https://na.org.za/blog/meetings/austerville-monday/,/blog/meetings/austerville-monday/,Region,Accessibility & mobile; Broken links; Headings; Meeting data; Meta descriptions; Security & privacy,High,Pinch-to-zoom disabled — people cannot enlarge text on a phone | Link points to a page that does not exist (404) | Insecure http:// resource on a secure page,/meetings (record-level migration),Not started,To assess
https://na.org.za/blog/meetings/austerville-wednesday/,/blog/meetings/austerville-wednesday/,Region,Accessibility & mobile; Broken links; Headings; Meeting data; Meta descriptions; Page titles; Security & privacy,High,Pinch-to-zoom disabled — people cannot enlarge text on a phone | Link points to a page that does not exist (404) | Insecure http:// resource on a secure page,/meetings (record-level migration),Not started,To assess
https://na.org.za/blog/meetings/back-to-basics/,/blog/meetings/back-to-basics/,Region,Accessibility & mobile; Broken links; Headings; Meta descriptions; Page titles; Security & privacy,High,Pinch-to-zoom disabled — people cannot enlarge text on a phone | Link points to a page that does not exist (404) | Insecure http:// resource on a secure page,/meetings (record-level migration),Not started,To assess
https://na.org.za/blog/meetings/ballito-saturday/,/blog/meetings/ballito-saturday/,Region,Accessibility & mobile; Broken links; Headings; Meeting data; Meta descriptions; Security & privacy,High,Pinch-to-zoom disabled — people cannot enlarge text on a phone | Link points to a page that does not exist (404) | Insecure http:// resource on a secure page,/meetings (record-level migration),Not started,To assess
https://na.org.za/blog/meetings/beacon-of-hope-na/,/blog/meetings/beacon-of-hope-na/,Region,Accessibility & mobile; Broken links; Headings; Meeting data; Meta descriptions; Security & privacy,High,Pinch-to-zoom disabled — people cannot enlarge text on a phone | Link points to a page that does not exist (404) | Insecure http:// resource on a secure page,/meetings (record-level migration),Not started,To assess
https://na.org.za/blog/meetings/bedfordview-saturday-0900-2/,/blog/meetings/bedfordview-saturday-0900-2/,Region,Accessibility & mobile; Broken links; Headings; Meeting data; Meta descriptions; Page titles; Security & privacy,High,Pinch-to-zoom disabled — people cannot enlarge text on a phone | Link points to a page that does not exist (404) | Insecure http:// resource on a secure page,/meetings (record-level migration),Not started,To assess
https://na.org.za/blog/meetings/beginners-group/,/blog/meetings/beginners-group/,Region,Accessibility & mobile; Broken links; Headings; Meeting data; Meta descriptions; Page titles; Security & privacy,High,Pinch-to-zoom disabled — people cannot enlarge text on a phone | Link points to a page that does not exist (404) | Insecure http:// resource on a secure page,/meetings (record-level migration),Not started,To assess
https://na.org.za/blog/meetings/bellville/,/blog/meetings/bellville/,Region,Accessibility & mobile; Broken links; Headings; Meeting data; Meta descriptions; Security & privacy,High,Pinch-to-zoom disabled — people cannot enlarge text on a phone | Link points to a page that does not exist (404) | Insecure http:// resource on a secure page,/meetings (record-level migration),Not started,To assess
https://na.org.za/blog/meetings/benmore-sunday-1800-2/,/blog/meetings/benmore-sunday-1800-2/,Region,Accessibility & mobile; Broken links; Headings; Meeting data; Meta descriptions; Page titles; Security & privacy,High,Pinch-to-zoom disabled — people cannot enlarge text on a phone | Link points to a page that does not exist (404) | Insecure http:// resource on a secure page,/meetings (record-level migration),Not started,To assess
https://na.org.za/blog/meetings/benmore-tuesday-1930-2/,/blog/meetings/benmore-tuesday-1930-2/,Region,Accessibility & mobile; Content; Crawl & indexation; Headings; Indexing & canonicals; Meta descriptions,Critical,Server error 500 on a URL listed in the sitemap | Page set to noindex — will not appear in Google | Missing meta description,/meetings (record-level migration),Not started,To assess
https://na.org.za/blog/meetings/benmore-tuesday-1930-3/,/blog/meetings/benmore-tuesday-1930-3/,Region,Accessibility & mobile; Broken links; Headings; Meeting data; Meta descriptions; Page titles; Security & privacy,High,Pinch-to-zoom disabled — people cannot enlarge text on a phone | Link points to a page that does not exist (404) | Insecure http:// resource on a secure page,/meetings (record-level migration),Not started,To assess
https://na.org.za/blog/meetings/benmore-tuesdays-1930-2/,/blog/meetings/benmore-tuesdays-1930-2/,Region,Accessibility & mobile; Broken links; Headings; Meeting data; Meta descriptions; Page titles; Security & privacy,High,Pinch-to-zoom disabled — people cannot enlarge text on a phone | Link points to a page that does not exist (404) | Insecure http:// resource on a secure page,/meetings (record-level migration),Not started,To assess
https://na.org.za/blog/meetings/besileia-tuesday-meeting-open/,/blog/meetings/besileia-tuesday-meeting-open/,Region,Accessibility & mobile; Broken links; Headings; Meeting data; Meta descriptions; Page titles; Security & privacy,High,Pinch-to-zoom disabled — people cannot enlarge text on a phone | Link points to a page that does not exist (404) | Tagged online but no meeting link,/meetings (record-level migration),Not started,To assess
https://na.org.za/blog/meetings/blairgowrie-saturday-1700-2/,/blog/meetings/blairgowrie-saturday-1700-2/,Region,Accessibility & mobile; Broken links; Headings; Meeting data; Meta descriptions; Page titles; Security & privacy,High,Pinch-to-zoom disabled — people cannot enlarge text on a phone | Link points to a page that does not exist (404) | Insecure http:// resource on a secure page,/meetings (record-level migration),Not started,To assess
https://na.org.za/blog/meetings/blouberg-2/,/blog/meetings/blouberg-2/,Region,Accessibility & mobile; Broken links; Headings; Meeting data; Meta descriptions; Security & privacy,High,Pinch-to-zoom disabled — people cannot enlarge text on a phone | Link points to a page that does not exist (404) | Insecure http:// resource on a secure page,/meetings (record-level migration),Not started,To assess
https://na.org.za/blog/meetings/blouberg/,/blog/meetings/blouberg/,Region,Accessibility & mobile; Broken links; Headings; Meeting data; Meta descriptions; Page titles; Security & privacy,High,Pinch-to-zoom disabled — people cannot enlarge text on a phone | Link points to a page that does not exist (404) | Insecure http:// resource on a secure page,/meetings (record-level migration),Not started,To assess
https://na.org.za/blog/meetings/blue-monday-steenberg/,/blog/meetings/blue-monday-steenberg/,Region,Accessibility & mobile; Broken links; Headings; Meeting data; Meta descriptions; Page titles; Security & privacy,High,Pinch-to-zoom disabled — people cannot enlarge text on a phone | Link points to a page that does not exist (404) | Insecure http:// resource on a secure page,/meetings (record-level migration),Not started,To assess
https://na.org.za/blog/meetings/bluff-tuesday/,/blog/meetings/bluff-tuesday/,Region,Accessibility & mobile; Broken links; Headings; Meeting data; Meta descriptions; Page titles; Security & privacy,High,Pinch-to-zoom disabled — people cannot enlarge text on a phone | Link points to a page that does not exist (404) | Insecure http:// resource on a secure page,/meetings (record-level migration),Not started,To assess
https://na.org.za/blog/meetings/bonfire-saturday-2/,/blog/meetings/bonfire-saturday-2/,Region,Accessibility & mobile; Broken links; Headings; Meeting data; Meta descriptions; Page titles; Security & privacy,High,Pinch-to-zoom disabled — people cannot enlarge text on a phone | Link points to a page that does not exist (404) | Insecure http:// resource on a secure page,/meetings (record-level migration),Not started,To assess
https://na.org.za/blog/meetings/bonfire-saturday/,/blog/meetings/bonfire-saturday/,Region,Accessibility & mobile; Content; Crawl & indexation; Headings; Indexing & canonicals; Meta descriptions,Critical,Server error 500 on a URL listed in the sitemap | Page set to noindex — will not appear in Google | Missing meta description,/meetings (record-level migration),Not started,To assess
https://na.org.za/blog/meetings/bonteheuwel/,/blog/meetings/bonteheuwel/,Region,Accessibility & mobile; Broken links; Headings; Meeting data; Meta descriptions; Page titles; Security & privacy,High,Pinch-to-zoom disabled — people cannot enlarge text on a phone | Link points to a page that does not exist (404) | Insecure http:// resource on a secure page,/meetings (record-level migration),Not started,To assess
https://na.org.za/blog/meetings/booysens-meeting-thursday-open/,/blog/meetings/booysens-meeting-thursday-open/,Region,Accessibility & mobile; Broken links; Headings; Meta descriptions; Page titles; Security & privacy,High,Pinch-to-zoom disabled — people cannot enlarge text on a phone | Link points to a page that does not exist (404) | Insecure http:// resource on a secure page,/meetings (record-level migration),Not started,To assess
https://na.org.za/blog/meetings/boskriun-friday-2/,/blog/meetings/boskriun-friday-2/,Region,Accessibility & mobile; Broken links; Headings; Meeting data; Meta descriptions; Page titles; Security & privacy,High,Pinch-to-zoom disabled — people cannot enlarge text on a phone | Link points to a page that does not exist (404) | Insecure http:// resource on a secure page,/meetings (record-level migration),Not started,To assess
https://na.org.za/blog/meetings/boskruin-tuesday/,/blog/meetings/boskruin-tuesday/,Region,Accessibility & mobile; Broken links; Headings; Meeting data; Meta descriptions; Page titles; Security & privacy,High,Pinch-to-zoom disabled — people cannot enlarge text on a phone | Link points to a page that does not exist (404) | Insecure http:// resource on a secure page,/meetings (record-level migration),Not started,To assess
https://na.org.za/blog/meetings/boskruin-wednesday-1900-2/,/blog/meetings/boskruin-wednesday-1900-2/,Region,Accessibility & mobile; Broken links; Headings; Meeting data; Meta descriptions; Page titles; Security & privacy,High,Pinch-to-zoom disabled — people cannot enlarge text on a phone | Link points to a page that does not exist (404) | Insecure http:// resource on a secure page,/meetings (record-level migration),Not started,To assess
https://na.org.za/blog/meetings/bosmont-thursday-1830/,/blog/meetings/bosmont-thursday-1830/,Region,Accessibility & mobile; Broken links; Headings; Meeting data; Meta descriptions; Page titles; Security & privacy,High,Pinch-to-zoom disabled — people cannot enlarge text on a phone | Link points to a page that does not exist (404) | Insecure http:// resource on a secure page,/meetings (record-level migration),Not started,To assess
https://na.org.za/blog/meetings/braam-fischer-thursday-1600-2/,/blog/meetings/braam-fischer-thursday-1600-2/,Region,Accessibility & mobile; Broken links; Headings; Meeting data; Meta descriptions; Page titles; Security & privacy,High,Pinch-to-zoom disabled — people cannot enlarge text on a phone | Link points to a page that does not exist (404) | Insecure http:// resource on a secure page,/meetings (record-level migration),Not started,To assess
https://na.org.za/blog/meetings/braam-fischer-tuesday-1600/,/blog/meetings/braam-fischer-tuesday-1600/,Region,Accessibility & mobile; Broken links; Headings; Meeting data; Meta descriptions; Page titles; Security & privacy,High,Pinch-to-zoom disabled — people cannot enlarge text on a phone | Link points to a page that does not exist (404) | Insecure http:// resource on a secure page,/meetings (record-level migration),Not started,To assess
https://na.org.za/blog/meetings/brackenhurst-monday-1900-2/,/blog/meetings/brackenhurst-monday-1900-2/,Region,Accessibility & mobile; Broken links; Headings; Meeting data; Meta descriptions; Page titles; Security & privacy,High,Pinch-to-zoom disabled — people cannot enlarge text on a phone | Link points to a page that does not exist (404) | Insecure http:// resource on a secure page,/meetings (record-level migration),Not started,To assess
https://na.org.za/blog/meetings/brackenhurst-wednesday-1930/,/blog/meetings/brackenhurst-wednesday-1930/,Region,Accessibility & mobile; Broken links; Headings; Meeting data; Meta descriptions; Page titles; Security & privacy,High,Pinch-to-zoom disabled — people cannot enlarge text on a phone | Link points to a page that does not exist (404) | Insecure http:// resource on a secure page,/meetings (record-level migration),Not started,To assess
https://na.org.za/blog/meetings/brakpan-tuesday-1800/,/blog/meetings/brakpan-tuesday-1800/,Region,Accessibility & mobile; Broken links; Headings; Meeting data; Meta descriptions; Page titles; Security & privacy,High,Pinch-to-zoom disabled — people cannot enlarge text on a phone | Link points to a page that does not exist (404) | Insecure http:// resource on a secure page,/meetings (record-level migration),Not started,To assess
https://na.org.za/blog/meetings/brixton-real-talk/,/blog/meetings/brixton-real-talk/,Region,Accessibility & mobile; Broken links; Headings; Meeting data; Meta descriptions; Page titles; Security & privacy,High,"Pinch-to-zoom disabled — people cannot enlarge text on a phone | Link points to a page that does not exist (404) | Location flagged ""approximate"" — pin not precisely geocoded",/meetings (record-level migration),Not started,To assess
https://na.org.za/blog/meetings/bryanston-saturday-1800-2/,/blog/meetings/bryanston-saturday-1800-2/,Region,Accessibility & mobile; Broken links; Headings; Meeting data; Meta descriptions; Page titles; Security & privacy,High,Pinch-to-zoom disabled — people cannot enlarge text on a phone | Link points to a page that does not exist (404) | Insecure http:// resource on a secure page,/meetings (record-level migration),Not started,To assess
https://na.org.za/blog/meetings/bryanston-thursday-1930/,/blog/meetings/bryanston-thursday-1930/,Region,Accessibility & mobile; Broken links; Headings; Meeting data; Meta descriptions; Page titles; Security & privacy,High,Pinch-to-zoom disabled — people cannot enlarge text on a phone | Link points to a page that does not exist (404) | Insecure http:// resource on a secure page,/meetings (record-level migration),Not started,To assess
https://na.org.za/blog/meetings/buffelsdale-wednesday-meeting/,/blog/meetings/buffelsdale-wednesday-meeting/,Region,Accessibility & mobile; Broken links; Headings; Meeting data; Meta descriptions; Page titles; Security & privacy,High,Pinch-to-zoom disabled — people cannot enlarge text on a phone | Link points to a page that does not exist (404) | Insecure http:// resource on a secure page,/meetings (record-level migration),Not started,To assess
https://na.org.za/blog/meetings/central-western-jabavu-soweto-thursday-1800-2/,/blog/meetings/central-western-jabavu-soweto-thursday-1800-2/,Region,Accessibility & mobile; Broken links; Headings; Meeting data; Meta descriptions; Page titles; Security & privacy,High,Pinch-to-zoom disabled — people cannot enlarge text on a phone | Link points to a page that does not exist (404) | Insecure http:// resource on a secure page,/meetings (record-level migration),Not started,To assess
https://na.org.za/blog/meetings/chatsworth-monday/,/blog/meetings/chatsworth-monday/,Region,Accessibility & mobile; Broken links; Headings; Meeting data; Meta descriptions; Security & privacy,High,Pinch-to-zoom disabled — people cannot enlarge text on a phone | Link points to a page that does not exist (404) | Insecure http:// resource on a secure page,/meetings (record-level migration),Not started,To assess
https://na.org.za/blog/meetings/chatsworth-wednesday-step-work/,/blog/meetings/chatsworth-wednesday-step-work/,Region,Accessibility & mobile; Broken links; Headings; Meeting data; Meta descriptions; Page titles; Security & privacy,High,Pinch-to-zoom disabled — people cannot enlarge text on a phone | Link points to a page that does not exist (404) | Insecure http:// resource on a secure page,/meetings (record-level migration),Not started,To assess
https://na.org.za/blog/meetings/city-bowl/,/blog/meetings/city-bowl/,Region,Accessibility & mobile; Broken links; Headings; Meeting data; Meta descriptions; Security & privacy,High,Pinch-to-zoom disabled — people cannot enlarge text on a phone | Link points to a page that does not exist (404) | Insecure http:// resource on a secure page,/meetings (record-level migration),Not started,To assess
https://na.org.za/blog/meetings/city-group-wednesday/,/blog/meetings/city-group-wednesday/,Region,Accessibility & mobile; Broken links; Headings; Meeting data; Meta descriptions; Page titles; Security & privacy,High,Pinch-to-zoom disabled — people cannot enlarge text on a phone | Link points to a page that does not exist (404) | Insecure http:// resource on a secure page,/meetings (record-level migration),Not started,To assess
https://na.org.za/blog/meetings/claremont-express-meeting/,/blog/meetings/claremont-express-meeting/,Region,Accessibility & mobile; Broken links; Headings; Meeting data; Meta descriptions; Page titles; Security & privacy,High,Pinch-to-zoom disabled — people cannot enlarge text on a phone | Link points to a page that does not exist (404) | Insecure http:// resource on a secure page,/meetings (record-level migration),Not started,To assess
https://na.org.za/blog/meetings/constantia/,/blog/meetings/constantia/,Region,Accessibility & mobile; Broken links; Headings; Meta descriptions; Security & privacy,High,Pinch-to-zoom disabled — people cannot enlarge text on a phone | Link points to a page that does not exist (404) | Insecure http:// resource on a secure page,/meetings (record-level migration),Not started,To assess
https://na.org.za/blog/meetings/crawford/,/blog/meetings/crawford/,Region,Accessibility & mobile; Broken links; Headings; Meeting data; Meta descriptions; Page titles; Security & privacy,High,Pinch-to-zoom disabled — people cannot enlarge text on a phone | Link points to a page that does not exist (404) | Insecure http:// resource on a secure page,/meetings (record-level migration),Not started,To assess
https://na.org.za/blog/meetings/crosby-wednesday-1900/,/blog/meetings/crosby-wednesday-1900/,Region,Accessibility & mobile; Broken links; Headings; Meeting data; Meta descriptions; Page titles; Security & privacy,High,Pinch-to-zoom disabled — people cannot enlarge text on a phone | Link points to a page that does not exist (404) | Insecure http:// resource on a secure page,/meetings (record-level migration),Not started,To assess
https://na.org.za/blog/meetings/ct-womens-meeting-2/,/blog/meetings/ct-womens-meeting-2/,Region,Accessibility & mobile; Broken links; Headings; Meeting data; Meta descriptions; Page titles; Security & privacy,High,Pinch-to-zoom disabled — people cannot enlarge text on a phone | Link points to a page that does not exist (404) | Insecure http:// resource on a secure page,/meetings (record-level migration),Not started,To assess
https://na.org.za/blog/meetings/ct-womens-meeting-3/,/blog/meetings/ct-womens-meeting-3/,Region,Accessibility & mobile; Broken links; Meeting data; Meta descriptions; Page titles; Security & privacy,High,Pinch-to-zoom disabled — people cannot enlarge text on a phone | Link points to a page that does not exist (404) | Insecure http:// resource on a secure page,/meetings (record-level migration),Not started,To assess
https://na.org.za/blog/meetings/ct-womens-meeting/,/blog/meetings/ct-womens-meeting/,Region,Accessibility & mobile; Broken links; Meeting data; Meta descriptions; Security & privacy,High,Pinch-to-zoom disabled — people cannot enlarge text on a phone | Link points to a page that does not exist (404) | Insecure http:// resource on a secure page,/meetings (record-level migration),Not started,To assess
https://na.org.za/blog/meetings/delft/,/blog/meetings/delft/,Region,Accessibility & mobile; Broken links; Headings; Meeting data; Meta descriptions; Page titles; Security & privacy,High,Pinch-to-zoom disabled — people cannot enlarge text on a phone | Link points to a page that does not exist (404) | Insecure http:// resource on a secure page,/meetings (record-level migration),Not started,To assess
https://na.org.za/blog/meetings/diepkloof-thursdays-1800-2/,/blog/meetings/diepkloof-thursdays-1800-2/,Region,Accessibility & mobile; Broken links; Headings; Meeting data; Meta descriptions; Page titles; Security & privacy,High,Pinch-to-zoom disabled — people cannot enlarge text on a phone | Link points to a page that does not exist (404) | Insecure http:// resource on a secure page,/meetings (record-level migration),Not started,To assess
https://na.org.za/blog/meetings/diepkloof-tuesdays-1800/,/blog/meetings/diepkloof-tuesdays-1800/,Region,Accessibility & mobile; Broken links; Headings; Meeting data; Meta descriptions; Page titles; Security & privacy,High,Pinch-to-zoom disabled — people cannot enlarge text on a phone | Link points to a page that does not exist (404) | Insecure http:// resource on a secure page,/meetings (record-level migration),Not started,To assess
https://na.org.za/blog/meetings/diepsloot-friday-1030-2/,/blog/meetings/diepsloot-friday-1030-2/,Region,Accessibility & mobile; Broken links; Headings; Meeting data; Meta descriptions; Page titles; Security & privacy,High,Pinch-to-zoom disabled — people cannot enlarge text on a phone | Link points to a page that does not exist (404) | Insecure http:// resource on a secure page,/meetings (record-level migration),Not started,To assess
https://na.org.za/blog/meetings/durban-beach-sunday/,/blog/meetings/durban-beach-sunday/,Region,Accessibility & mobile; Broken links; Headings; Meeting data; Meta descriptions; Page titles; Security & privacy,High,Pinch-to-zoom disabled — people cannot enlarge text on a phone | Link points to a page that does not exist (404) | Insecure http:// resource on a secure page,/meetings (record-level migration),Not started,To assess
https://na.org.za/blog/meetings/durban-north-monday/,/blog/meetings/durban-north-monday/,Region,Accessibility & mobile; Broken links; Headings; Meeting data; Meta descriptions; Page titles; Security & privacy,High,Pinch-to-zoom disabled — people cannot enlarge text on a phone | Link points to a page that does not exist (404) | Insecure http:// resource on a secure page,/meetings (record-level migration),Not started,To assess
https://na.org.za/blog/meetings/durbanville-2/,/blog/meetings/durbanville-2/,Region,Accessibility & mobile; Broken links; Headings; Meeting data; Meta descriptions; Page titles; Security & privacy,High,Pinch-to-zoom disabled — people cannot enlarge text on a phone | Link points to a page that does not exist (404) | Insecure http:// resource on a secure page,/meetings (record-level migration),Not started,To assess
https://na.org.za/blog/meetings/durbanville-wednesday-lunch/,/blog/meetings/durbanville-wednesday-lunch/,Region,Accessibility & mobile; Broken links; Headings; Meta descriptions; Page titles; Security & privacy,High,Pinch-to-zoom disabled — people cannot enlarge text on a phone | Link points to a page that does not exist (404) | Insecure http:// resource on a secure page,/meetings (record-level migration),Not started,To assess
https://na.org.za/blog/meetings/durbanville/,/blog/meetings/durbanville/,Region,Accessibility & mobile; Broken links; Headings; Meeting data; Meta descriptions; Page titles; Security & privacy,High,Pinch-to-zoom disabled — people cannot enlarge text on a phone | Link points to a page that does not exist (404) | Insecure http:// resource on a secure page,/meetings (record-level migration),Not started,To assess
https://na.org.za/blog/meetings/edenvale-friday-1900-2/,/blog/meetings/edenvale-friday-1900-2/,Region,Accessibility & mobile; Broken links; Headings; Meeting data; Meta descriptions; Page titles; Security & privacy,High,Pinch-to-zoom disabled — people cannot enlarge text on a phone | Link points to a page that does not exist (404) | Insecure http:// resource on a secure page,/meetings (record-level migration),Not started,To assess
https://na.org.za/blog/meetings/edenvale-friday-1900-3/,/blog/meetings/edenvale-friday-1900-3/,Region,Accessibility & mobile; Content; Crawl & indexation; Headings; Indexing & canonicals; Meta descriptions,Critical,Server error 500 on a URL listed in the sitemap | Page set to noindex — will not appear in Google | Missing meta description,/meetings (record-level migration),Not started,To assess
https://na.org.za/blog/meetings/edenvale-friday-1900/,/blog/meetings/edenvale-friday-1900/,Region,Accessibility & mobile; Content; Crawl & indexation; Headings; Indexing & canonicals; Meta descriptions,Critical,Server error 500 on a URL listed in the sitemap | Page set to noindex — will not appear in Google | Missing meta description,/meetings (record-level migration),Not started,To assess
https://na.org.za/blog/meetings/edenvale-monday-1930-2/,/blog/meetings/edenvale-monday-1930-2/,Region,Accessibility & mobile; Broken links; Headings; Meeting data; Meta descriptions; Page titles; Security & privacy,High,Pinch-to-zoom disabled — people cannot enlarge text on a phone | Link points to a page that does not exist (404) | Insecure http:// resource on a secure page,/meetings (record-level migration),Not started,To assess
https://na.org.za/blog/meetings/edenvale-wednesday-1930/,/blog/meetings/edenvale-wednesday-1930/,Region,Accessibility & mobile; Broken links; Headings; Meeting data; Meta descriptions; Page titles; Security & privacy,High,Pinch-to-zoom disabled — people cannot enlarge text on a phone | Link points to a page that does not exist (404) | Insecure http:// resource on a secure page,/meetings (record-level migration),Not started,To assess
https://na.org.za/blog/meetings/eersterus-2/,/blog/meetings/eersterus-2/,Region,Accessibility & mobile; Broken links; Headings; Meeting data; Meta descriptions; Security & privacy,High,"Pinch-to-zoom disabled — people cannot enlarge text on a phone | Link points to a page that does not exist (404) | Location flagged ""approximate"" — pin not precisely geocoded",/meetings (record-level migration),Not started,To assess
https://na.org.za/blog/meetings/eldorado-park-saturday-1000-2/,/blog/meetings/eldorado-park-saturday-1000-2/,Region,Accessibility & mobile; Broken links; Headings; Meeting data; Meta descriptions; Page titles; Security & privacy,High,"Pinch-to-zoom disabled — people cannot enlarge text on a phone | Link points to a page that does not exist (404) | Location flagged ""approximate"" — pin not precisely geocoded",/meetings (record-level migration),Not started,To assess
https://na.org.za/blog/meetings/eldorado-park-wednesday-1930/,/blog/meetings/eldorado-park-wednesday-1930/,Region,Accessibility & mobile; Broken links; Headings; Meeting data; Meta descriptions; Page titles; Security & privacy,High,Pinch-to-zoom disabled — people cannot enlarge text on a phone | Link points to a page that does not exist (404) | Insecure http:// resource on a secure page,/meetings (record-level migration),Not started,To assess
https://na.org.za/blog/meetings/ennerdale-tuesday-2000-2/,/blog/meetings/ennerdale-tuesday-2000-2/,Region,Accessibility & mobile; Broken links; Headings; Meeting data; Meta descriptions; Page titles; Security & privacy,High,Pinch-to-zoom disabled — people cannot enlarge text on a phone | Link points to a page that does not exist (404) | Insecure http:// resource on a secure page,/meetings (record-level migration),Not started,To assess
https://na.org.za/blog/meetings/ennerdale-tuesday-2000/,/blog/meetings/ennerdale-tuesday-2000/,Region,Accessibility & mobile; Content; Crawl & indexation; Headings; Indexing & canonicals; Meta descriptions,Critical,Server error 500 on a URL listed in the sitemap | Page set to noindex — will not appear in Google | Missing meta description,/meetings (record-level migration),Not started,To assess
https://na.org.za/blog/meetings/esihlahleni-tsakane-daily-1730-2/,/blog/meetings/esihlahleni-tsakane-daily-1730-2/,Region,Accessibility & mobile; Broken links; Headings; Meeting data; Meta descriptions; Page titles; Security & privacy,High,Pinch-to-zoom disabled — people cannot enlarge text on a phone | Link points to a page that does not exist (404) | Meeting has no day/time set,/meetings (record-level migration),Not started,To assess
https://na.org.za/blog/meetings/fairlands-tuesday-1900/,/blog/meetings/fairlands-tuesday-1900/,Region,Accessibility & mobile; Broken links; Headings; Meeting data; Meta descriptions; Page titles; Security & privacy,High,Pinch-to-zoom disabled — people cannot enlarge text on a phone | Link points to a page that does not exist (404) | Insecure http:// resource on a secure page,/meetings (record-level migration),Not started,To assess
https://na.org.za/blog/meetings/ferndale-friday-1800-2/,/blog/meetings/ferndale-friday-1800-2/,Region,Accessibility & mobile; Broken links; Headings; Meeting data; Meta descriptions; Page titles; Security & privacy,High,Pinch-to-zoom disabled — people cannot enlarge text on a phone | Link points to a page that does not exist (404) | Insecure http:// resource on a secure page,/meetings (record-level migration),Not started,To assess
https://na.org.za/blog/meetings/florida-mondays-1830/,/blog/meetings/florida-mondays-1830/,Region,Accessibility & mobile; Broken links; Headings; Meeting data; Meta descriptions; Page titles; Security & privacy,High,Pinch-to-zoom disabled — people cannot enlarge text on a phone | Link points to a page that does not exist (404) | Insecure http:// resource on a secure page,/meetings (record-level migration),Not started,To assess
https://na.org.za/blog/meetings/forest-town-thursday-1930/,/blog/meetings/forest-town-thursday-1930/,Region,Accessibility & mobile; Broken links; Headings; Meeting data; Meta descriptions; Page titles; Security & privacy,High,Pinch-to-zoom disabled — people cannot enlarge text on a phone | Link points to a page that does not exist (404) | Insecure http:// resource on a secure page,/meetings (record-level migration),Not started,To assess
https://na.org.za/blog/meetings/fourways-tuesdays-1930/,/blog/meetings/fourways-tuesdays-1930/,Region,Accessibility & mobile; Broken links; Headings; Meeting data; Meta descriptions; Page titles; Security & privacy,High,Pinch-to-zoom disabled — people cannot enlarge text on a phone | Link points to a page that does not exist (404) | Insecure http:// resource on a secure page,/meetings (record-level migration),Not started,To assess
https://na.org.za/blog/meetings/freaky-fridays/,/blog/meetings/freaky-fridays/,Region,Accessibility & mobile; Broken links; Headings; Meeting data; Meta descriptions; Security & privacy,High,Pinch-to-zoom disabled — people cannot enlarge text on a phone | Link points to a page that does not exist (404) | Insecure http:// resource on a secure page,/meetings (record-level migration),Not started,To assess
https://na.org.za/blog/meetings/friday-ballito-beach-meeting/,/blog/meetings/friday-ballito-beach-meeting/,Region,Accessibility & mobile; Broken links; Headings; Meta descriptions; Page titles; Security & privacy,High,Pinch-to-zoom disabled — people cannot enlarge text on a phone | Link points to a page that does not exist (404) | Insecure http:// resource on a secure page,/meetings (record-level migration),Not started,To assess
https://na.org.za/blog/meetings/friday-second-chance-meeting/,/blog/meetings/friday-second-chance-meeting/,Region,Accessibility & mobile; Broken links; Headings; Meeting data; Meta descriptions; Page titles; Security & privacy,High,Pinch-to-zoom disabled — people cannot enlarge text on a phone | Link points to a page that does not exist (404) | Insecure http:// resource on a secure page,/meetings (record-level migration),Not started,To assess
https://na.org.za/blog/meetings/fynnlands-thursday/,/blog/meetings/fynnlands-thursday/,Region,Accessibility & mobile; Broken links; Headings; Meeting data; Meta descriptions; Page titles; Security & privacy,High,Pinch-to-zoom disabled — people cannot enlarge text on a phone | Link points to a page that does not exist (404) | Insecure http:// resource on a secure page,/meetings (record-level migration),Not started,To assess
https://na.org.za/blog/meetings/goodwood/,/blog/meetings/goodwood/,Region,Accessibility & mobile; Broken links; Headings; Meeting data; Meta descriptions; Page titles; Security & privacy,High,Pinch-to-zoom disabled — people cannot enlarge text on a phone | Link points to a page that does not exist (404) | Google plus code used instead of a street address,/meetings (record-level migration),Not started,To assess
https://na.org.za/blog/meetings/gordons-bay/,/blog/meetings/gordons-bay/,Region,Accessibility & mobile; Broken links; Headings; Meeting data; Meta descriptions; Page titles; Security & privacy,High,Pinch-to-zoom disabled — people cannot enlarge text on a phone | Link points to a page that does not exist (404) | Insecure http:// resource on a secure page,/meetings (record-level migration),Not started,To assess
https://na.org.za/blog/meetings/grassy_park/,/blog/meetings/grassy_park/,Region,Accessibility & mobile; Broken links; Headings; Meeting data; Meta descriptions; Page titles; Security & privacy,High,Pinch-to-zoom disabled — people cannot enlarge text on a phone | Link points to a page that does not exist (404) | Insecure http:// resource on a secure page,/meetings (record-level migration),Not started,To assess
https://na.org.za/blog/meetings/green-point-just-for-today/,/blog/meetings/green-point-just-for-today/,Region,Accessibility & mobile; Broken links; Headings; Meeting data; Meta descriptions; Page titles; Security & privacy,High,"Pinch-to-zoom disabled — people cannot enlarge text on a phone | Link points to a page that does not exist (404) | Location flagged ""approximate"" — pin not precisely geocoded",/meetings (record-level migration),Not started,To assess
https://na.org.za/blog/meetings/green-point-topic-meeting-share-2/,/blog/meetings/green-point-topic-meeting-share-2/,Region,Accessibility & mobile; Broken links; Meeting data; Meta descriptions; Page titles; Security & privacy,High,"Pinch-to-zoom disabled — people cannot enlarge text on a phone | Link points to a page that does not exist (404) | Location flagged ""approximate"" — pin not precisely geocoded",/meetings (record-level migration),Not started,To assess
https://na.org.za/blog/meetings/green-point-topic-meeting-share/,/blog/meetings/green-point-topic-meeting-share/,Region,Accessibility & mobile; Broken links; Meeting data; Meta descriptions; Page titles; Security & privacy,High,"Pinch-to-zoom disabled — people cannot enlarge text on a phone | Link points to a page that does not exist (404) | Location flagged ""approximate"" — pin not precisely geocoded",/meetings (record-level migration),Not started,To assess
https://na.org.za/blog/meetings/green-point/,/blog/meetings/green-point/,Region,Accessibility & mobile; Broken links; Headings; Meeting data; Meta descriptions; Page titles; Security & privacy,High,Pinch-to-zoom disabled — people cannot enlarge text on a phone | Link points to a page that does not exist (404) | Insecure http:// resource on a secure page,/meetings (record-level migration),Not started,To assess
https://na.org.za/blog/meetings/greenpoint/,/blog/meetings/greenpoint/,Region,Accessibility & mobile; Broken links; Meeting data; Meta descriptions; Page titles; Security & privacy,High,"Pinch-to-zoom disabled — people cannot enlarge text on a phone | Link points to a page that does not exist (404) | Location flagged ""approximate"" — pin not precisely geocoded",/meetings (record-level migration),Not started,To assess
https://na.org.za/blog/meetings/group-living-clean-format-literature-study/,/blog/meetings/group-living-clean-format-literature-study/,Region,Accessibility & mobile; Broken links; Headings; Meeting data; Meta descriptions; Page titles; Security & privacy,High,Pinch-to-zoom disabled — people cannot enlarge text on a phone | Link points to a page that does not exist (404) | Insecure http:// resource on a secure page,/meetings (record-level migration),Not started,To assess
https://na.org.za/blog/meetings/hammanskraal-meeting-monday-open/,/blog/meetings/hammanskraal-meeting-monday-open/,Region,Accessibility & mobile; Broken links; Headings; Meta descriptions; Page titles; Security & privacy,High,Pinch-to-zoom disabled — people cannot enlarge text on a phone | Link points to a page that does not exist (404) | Insecure http:// resource on a secure page,/meetings (record-level migration),Not started,To assess
https://na.org.za/blog/meetings/hammanskraal-tuesday-meeting-open/,/blog/meetings/hammanskraal-tuesday-meeting-open/,Region,Accessibility & mobile; Broken links; Headings; Meta descriptions; Page titles; Security & privacy,High,Pinch-to-zoom disabled — people cannot enlarge text on a phone | Link points to a page that does not exist (404) | Insecure http:// resource on a secure page,/meetings (record-level migration),Not started,To assess
https://na.org.za/blog/meetings/hanover-park-get-back-up/,/blog/meetings/hanover-park-get-back-up/,Region,Accessibility & mobile; Broken links; Headings; Meeting data; Meta descriptions; Page titles; Security & privacy,High,Pinch-to-zoom disabled — people cannot enlarge text on a phone | Link points to a page that does not exist (404) | Insecure http:// resource on a secure page,/meetings (record-level migration),Not started,To assess
https://na.org.za/blog/meetings/helderberg/,/blog/meetings/helderberg/,Region,Accessibility & mobile; Broken links; Headings; Meeting data; Meta descriptions; Security & privacy,High,Pinch-to-zoom disabled — people cannot enlarge text on a phone | Link points to a page that does not exist (404) | Insecure http:// resource on a secure page,/meetings (record-level migration),Not started,To assess
https://na.org.za/blog/meetings/hillcrest-sunday/,/blog/meetings/hillcrest-sunday/,Region,Accessibility & mobile; Broken links; Headings; Meeting data; Meta descriptions; Security & privacy,High,Pinch-to-zoom disabled — people cannot enlarge text on a phone | Link points to a page that does not exist (404) | Insecure http:// resource on a secure page,/meetings (record-level migration),Not started,To assess
https://na.org.za/blog/meetings/hillcrest-thursday/,/blog/meetings/hillcrest-thursday/,Region,Accessibility & mobile; Broken links; Headings; Meeting data; Meta descriptions; Security & privacy,High,Pinch-to-zoom disabled — people cannot enlarge text on a phone | Link points to a page that does not exist (404) | Insecure http:// resource on a secure page,/meetings (record-level migration),Not started,To assess
https://na.org.za/blog/meetings/hour-of-power-online/,/blog/meetings/hour-of-power-online/,Region,Accessibility & mobile; Broken links; Headings; Meeting data; Meta descriptions; Page titles; Security & privacy,High,"Pinch-to-zoom disabled — people cannot enlarge text on a phone | Link points to a page that does not exist (404) | Location flagged ""approximate"" — pin not precisely geocoded",/meetings (record-level migration),Not started,To assess
https://na.org.za/blog/meetings/howick-friday/,/blog/meetings/howick-friday/,Region,Accessibility & mobile; Broken links; Headings; Meeting data; Meta descriptions; Security & privacy,High,Pinch-to-zoom disabled — people cannot enlarge text on a phone | Link points to a page that does not exist (404) | Insecure http:// resource on a secure page,/meetings (record-level migration),Not started,To assess
https://na.org.za/blog/meetings/howick-wednesday-mens-meeting/,/blog/meetings/howick-wednesday-mens-meeting/,Region,Accessibility & mobile; Broken links; Headings; Meeting data; Meta descriptions; Security & privacy,High,Pinch-to-zoom disabled — people cannot enlarge text on a phone | Link points to a page that does not exist (404) | Insecure http:// resource on a secure page,/meetings (record-level migration),Not started,To assess
https://na.org.za/blog/meetings/huringham-saturday-0900/,/blog/meetings/huringham-saturday-0900/,Region,Accessibility & mobile; Broken links; Headings; Meeting data; Meta descriptions; Page titles; Security & privacy,High,Pinch-to-zoom disabled — people cannot enlarge text on a phone | Link points to a page that does not exist (404) | Insecure http:// resource on a secure page,/meetings (record-level migration),Not started,To assess
https://na.org.za/blog/meetings/i-cant-we-can-wednesday/,/blog/meetings/i-cant-we-can-wednesday/,Region,Accessibility & mobile; Broken links; Headings; Meta descriptions; Page titles; Security & privacy,High,Pinch-to-zoom disabled — people cannot enlarge text on a phone | Link points to a page that does not exist (404) | Insecure http:// resource on a secure page,/meetings (record-level migration),Not started,To assess
https://na.org.za/blog/meetings/isizulu-meeting-3-2/,/blog/meetings/isizulu-meeting-3-2/,Region,Accessibility & mobile; Broken links; Headings; Meeting data; Meta descriptions; Page titles; Security & privacy,High,"Pinch-to-zoom disabled — people cannot enlarge text on a phone | Link points to a page that does not exist (404) | Location flagged ""approximate"" — pin not precisely geocoded",/meetings (record-level migration),Not started,To assess
https://na.org.za/blog/meetings/isizulu-saturday/,/blog/meetings/isizulu-saturday/,Region,Accessibility & mobile; Broken links; Headings; Meeting data; Meta descriptions; Security & privacy,High,Pinch-to-zoom disabled — people cannot enlarge text on a phone | Link points to a page that does not exist (404) | Insecure http:// resource on a secure page,/meetings (record-level migration),Not started,To assess
https://na.org.za/blog/meetings/isizulu-sunday-online/,/blog/meetings/isizulu-sunday-online/,Region,Accessibility & mobile; Broken links; Headings; Meeting data; Meta descriptions; Page titles; Security & privacy,High,"Pinch-to-zoom disabled — people cannot enlarge text on a phone | Link points to a page that does not exist (404) | Location flagged ""approximate"" — pin not precisely geocoded",/meetings (record-level migration),Not started,To assess
https://na.org.za/blog/meetings/jft-online-2/,/blog/meetings/jft-online-2/,Region,Accessibility & mobile; Broken links; Headings; Meeting data; Meta descriptions; Page titles; Security & privacy,High,"Pinch-to-zoom disabled — people cannot enlarge text on a phone | Link points to a page that does not exist (404) | Location flagged ""approximate"" — pin not precisely geocoded",/meetings (record-level migration),Not started,To assess
https://na.org.za/blog/meetings/jft-online-3/,/blog/meetings/jft-online-3/,Region,Accessibility & mobile; Broken links; Meeting data; Meta descriptions; Security & privacy,High,"Pinch-to-zoom disabled — people cannot enlarge text on a phone | Link points to a page that does not exist (404) | Location flagged ""approximate"" — pin not precisely geocoded",/meetings (record-level migration),Not started,To assess
https://na.org.za/blog/meetings/jft-online-4/,/blog/meetings/jft-online-4/,Region,Accessibility & mobile; Broken links; Meeting data; Meta descriptions; Security & privacy,High,"Pinch-to-zoom disabled — people cannot enlarge text on a phone | Link points to a page that does not exist (404) | Location flagged ""approximate"" — pin not precisely geocoded",/meetings (record-level migration),Not started,To assess
https://na.org.za/blog/meetings/jft-online-5/,/blog/meetings/jft-online-5/,Region,Accessibility & mobile; Broken links; Meeting data; Meta descriptions; Security & privacy,High,"Pinch-to-zoom disabled — people cannot enlarge text on a phone | Link points to a page that does not exist (404) | Location flagged ""approximate"" — pin not precisely geocoded",/meetings (record-level migration),Not started,To assess
https://na.org.za/blog/meetings/jft-online-6/,/blog/meetings/jft-online-6/,Region,Accessibility & mobile; Broken links; Meeting data; Meta descriptions; Security & privacy,High,"Pinch-to-zoom disabled — people cannot enlarge text on a phone | Link points to a page that does not exist (404) | Location flagged ""approximate"" — pin not precisely geocoded",/meetings (record-level migration),Not started,To assess
https://na.org.za/blog/meetings/jft-online-7/,/blog/meetings/jft-online-7/,Region,Accessibility & mobile; Broken links; Meeting data; Meta descriptions; Security & privacy,High,"Pinch-to-zoom disabled — people cannot enlarge text on a phone | Link points to a page that does not exist (404) | Location flagged ""approximate"" — pin not precisely geocoded",/meetings (record-level migration),Not started,To assess
https://na.org.za/blog/meetings/jft-online/,/blog/meetings/jft-online/,Region,Accessibility & mobile; Broken links; Meeting data; Meta descriptions; Security & privacy,High,"Pinch-to-zoom disabled — people cannot enlarge text on a phone | Link points to a page that does not exist (404) | Location flagged ""approximate"" — pin not precisely geocoded",/meetings (record-level migration),Not started,To assess
https://na.org.za/blog/meetings/jft/,/blog/meetings/jft/,Region,Accessibility & mobile; Broken links; Meeting data; Meta descriptions; Security & privacy,High,"Pinch-to-zoom disabled — people cannot enlarge text on a phone | Link points to a page that does not exist (404) | Location flagged ""approximate"" — pin not precisely geocoded",/meetings (record-level migration),Not started,To assess
https://na.org.za/blog/meetings/johannesburg-friday-500-pm/,/blog/meetings/johannesburg-friday-500-pm/,Region,Accessibility & mobile; Broken links; Meeting data; Meta descriptions; Page titles; Security & privacy,High,"Pinch-to-zoom disabled — people cannot enlarge text on a phone | Link points to a page that does not exist (404) | Location flagged ""approximate"" — pin not precisely geocoded",/meetings (record-level migration),Not started,To assess
https://na.org.za/blog/meetings/johannesburg-sunday-530-pm/,/blog/meetings/johannesburg-sunday-530-pm/,Region,Accessibility & mobile; Broken links; Meeting data; Meta descriptions; Page titles; Security & privacy,High,"Pinch-to-zoom disabled — people cannot enlarge text on a phone | Link points to a page that does not exist (404) | Location flagged ""approximate"" — pin not precisely geocoded",/meetings (record-level migration),Not started,To assess
https://na.org.za/blog/meetings/johannesburg-wednesday-700-pm/,/blog/meetings/johannesburg-wednesday-700-pm/,Region,Accessibility & mobile; Broken links; Headings; Meeting data; Meta descriptions; Page titles; Security & privacy,High,"Pinch-to-zoom disabled — people cannot enlarge text on a phone | Link points to a page that does not exist (404) | Location flagged ""approximate"" — pin not precisely geocoded",/meetings (record-level migration),Not started,To assess
https://na.org.za/blog/meetings/just-for-today-2-2/,/blog/meetings/just-for-today-2-2/,Region,Accessibility & mobile; Broken links; Meeting data; Meta descriptions; Page titles; Security & privacy,High,"Pinch-to-zoom disabled — people cannot enlarge text on a phone | Link points to a page that does not exist (404) | Location flagged ""approximate"" — pin not precisely geocoded",/meetings (record-level migration),Not started,To assess
https://na.org.za/blog/meetings/just-for-today-2/,/blog/meetings/just-for-today-2/,Region,Accessibility & mobile; Broken links; Meeting data; Meta descriptions; Page titles; Security & privacy,High,"Pinch-to-zoom disabled — people cannot enlarge text on a phone | Link points to a page that does not exist (404) | Location flagged ""approximate"" — pin not precisely geocoded",/meetings (record-level migration),Not started,To assess
https://na.org.za/blog/meetings/just-for-today-2a/,/blog/meetings/just-for-today-2a/,Region,Accessibility & mobile; Broken links; Meeting data; Meta descriptions; Page titles; Security & privacy,High,Pinch-to-zoom disabled — people cannot enlarge text on a phone | Link points to a page that does not exist (404) | Insecure http:// resource on a secure page,/meetings (record-level migration),Not started,To assess
https://na.org.za/blog/meetings/just-for-today-3/,/blog/meetings/just-for-today-3/,Region,Accessibility & mobile; Broken links; Meeting data; Meta descriptions; Page titles; Security & privacy,High,"Pinch-to-zoom disabled — people cannot enlarge text on a phone | Link points to a page that does not exist (404) | Location flagged ""approximate"" — pin not precisely geocoded",/meetings (record-level migration),Not started,To assess
https://na.org.za/blog/meetings/just-for-today-3a/,/blog/meetings/just-for-today-3a/,Region,Accessibility & mobile; Broken links; Meeting data; Meta descriptions; Page titles; Security & privacy,High,Pinch-to-zoom disabled — people cannot enlarge text on a phone | Link points to a page that does not exist (404) | Insecure http:// resource on a secure page,/meetings (record-level migration),Not started,To assess
https://na.org.za/blog/meetings/just-for-today-5/,/blog/meetings/just-for-today-5/,Region,Accessibility & mobile; Broken links; Headings; Meeting data; Meta descriptions; Page titles; Security & privacy,High,Pinch-to-zoom disabled — people cannot enlarge text on a phone | Link points to a page that does not exist (404) | Insecure http:// resource on a secure page,/meetings (record-level migration),Not started,To assess
https://na.org.za/blog/meetings/just-for-today-7/,/blog/meetings/just-for-today-7/,Region,Accessibility & mobile; Broken links; Meeting data; Meta descriptions; Page titles; Security & privacy,High,Pinch-to-zoom disabled — people cannot enlarge text on a phone | Link points to a page that does not exist (404) | Insecure http:// resource on a secure page,/meetings (record-level migration),Not started,To assess
https://na.org.za/blog/meetings/just-for-today/,/blog/meetings/just-for-today/,Region,Accessibility & mobile; Broken links; Meeting data; Meta descriptions; Page titles; Security & privacy,High,Pinch-to-zoom disabled — people cannot enlarge text on a phone | Link points to a page that does not exist (404) | Insecure http:// resource on a secure page,/meetings (record-level migration),Not started,To assess
https://na.org.za/blog/meetings/kagiso-friday-1700/,/blog/meetings/kagiso-friday-1700/,Region,Accessibility & mobile; Broken links; Headings; Meeting data; Meta descriptions; Page titles; Security & privacy,High,Pinch-to-zoom disabled — people cannot enlarge text on a phone | Link points to a page that does not exist (404) | Insecure http:// resource on a secure page,/meetings (record-level migration),Not started,To assess
https://na.org.za/blog/meetings/kalk-bay/,/blog/meetings/kalk-bay/,Region,Accessibility & mobile; Broken links; Headings; Meta descriptions; Page titles; Security & privacy,High,Pinch-to-zoom disabled — people cannot enlarge text on a phone | Link points to a page that does not exist (404) | Insecure http:// resource on a secure page,/meetings (record-level migration),Not started,To assess
https://na.org.za/blog/meetings/kempton-park-monday-1830/,/blog/meetings/kempton-park-monday-1830/,Region,Accessibility & mobile; Broken links; Headings; Meeting data; Meta descriptions; Page titles; Security & privacy,High,Pinch-to-zoom disabled — people cannot enlarge text on a phone | Link points to a page that does not exist (404) | Insecure http:// resource on a secure page,/meetings (record-level migration),Not started,To assess
https://na.org.za/blog/meetings/kempton-park-thursday-1930-2-2/,/blog/meetings/kempton-park-thursday-1930-2-2/,Region,Accessibility & mobile; Content; Crawl & indexation; Headings; Indexing & canonicals; Meta descriptions,Critical,Server error 500 on a URL listed in the sitemap | Page set to noindex — will not appear in Google | Missing meta description,/meetings (record-level migration),Not started,To assess
https://na.org.za/blog/meetings/kenilworth-3/,/blog/meetings/kenilworth-3/,Region,Accessibility & mobile; Broken links; Headings; Meeting data; Meta descriptions; Page titles; Security & privacy,High,Pinch-to-zoom disabled — people cannot enlarge text on a phone | Link points to a page that does not exist (404) | Insecure http:// resource on a secure page,/meetings (record-level migration),Not started,To assess
https://na.org.za/blog/meetings/klerksdorp-friday-1000/,/blog/meetings/klerksdorp-friday-1000/,Region,Accessibility & mobile; Broken links; Headings; Meeting data; Meta descriptions; Page titles; Security & privacy,High,Pinch-to-zoom disabled — people cannot enlarge text on a phone | Link points to a page that does not exist (404) | Insecure http:// resource on a secure page,/meetings (record-level migration),Not started,To assess
https://na.org.za/blog/meetings/klerksdorp-monday-1000/,/blog/meetings/klerksdorp-monday-1000/,Region,Accessibility & mobile; Broken links; Headings; Meeting data; Meta descriptions; Page titles; Security & privacy,High,Pinch-to-zoom disabled — people cannot enlarge text on a phone | Link points to a page that does not exist (404) | Insecure http:// resource on a secure page,/meetings (record-level migration),Not started,To assess
https://na.org.za/blog/meetings/klerksdorp-thursday-1800/,/blog/meetings/klerksdorp-thursday-1800/,Region,Accessibility & mobile; Broken links; Headings; Meeting data; Meta descriptions; Page titles; Security & privacy,High,Pinch-to-zoom disabled — people cannot enlarge text on a phone | Link points to a page that does not exist (404) | Insecure http:// resource on a secure page,/meetings (record-level migration),Not started,To assess
https://na.org.za/blog/meetings/klerksdorp-wednesday-1000/,/blog/meetings/klerksdorp-wednesday-1000/,Region,Accessibility & mobile; Broken links; Headings; Meeting data; Meta descriptions; Page titles; Security & privacy,High,Pinch-to-zoom disabled — people cannot enlarge text on a phone | Link points to a page that does not exist (404) | Insecure http:// resource on a secure page,/meetings (record-level migration),Not started,To assess
https://na.org.za/blog/meetings/kloof-tuesday/,/blog/meetings/kloof-tuesday/,Region,Accessibility & mobile; Broken links; Headings; Meta descriptions; Security & privacy,High,Pinch-to-zoom disabled — people cannot enlarge text on a phone | Link points to a page that does not exist (404) | Insecure http:// resource on a secure page,/meetings (record-level migration),Not started,To assess
https://na.org.za/blog/meetings/knysna-wednesday-700-pm-2/,/blog/meetings/knysna-wednesday-700-pm-2/,Region,Accessibility & mobile; Broken links; Headings; Meeting data; Meta descriptions; Page titles; Security & privacy,High,Pinch-to-zoom disabled — people cannot enlarge text on a phone | Link points to a page that does not exist (404) | Insecure http:// resource on a secure page,/meetings (record-level migration),Not started,To assess
https://na.org.za/blog/meetings/knysna-wednesday-700-pm/,/blog/meetings/knysna-wednesday-700-pm/,Region,Accessibility & mobile; Broken links; Meeting data; Meta descriptions; Security & privacy,High,Pinch-to-zoom disabled — people cannot enlarge text on a phone | Link points to a page that does not exist (404) | Insecure http:// resource on a secure page,/meetings (record-level migration),Not started,To assess
https://na.org.za/blog/meetings/krugersdorp-thursday-1900-2/,/blog/meetings/krugersdorp-thursday-1900-2/,Region,Accessibility & mobile; Broken links; Headings; Meeting data; Meta descriptions; Page titles; Security & privacy,High,Pinch-to-zoom disabled — people cannot enlarge text on a phone | Link points to a page that does not exist (404) | Insecure http:// resource on a secure page,/meetings (record-level migration),Not started,To assess
https://na.org.za/blog/meetings/krugersdorp-tuesday/,/blog/meetings/krugersdorp-tuesday/,Region,Accessibility & mobile; Broken links; Headings; Meeting data; Meta descriptions; Page titles; Security & privacy,High,Pinch-to-zoom disabled — people cannot enlarge text on a phone | Link points to a page that does not exist (404) | Insecure http:// resource on a secure page,/meetings (record-level migration),Not started,To assess
https://na.org.za/blog/meetings/kuilsriver/,/blog/meetings/kuilsriver/,Region,Accessibility & mobile; Broken links; Headings; Meeting data; Meta descriptions; Page titles; Security & privacy,High,Pinch-to-zoom disabled — people cannot enlarge text on a phone | Link points to a page that does not exist (404) | Insecure http:// resource on a secure page,/meetings (record-level migration),Not started,To assess
https://na.org.za/blog/meetings/kyalami-tuesday-2000-2/,/blog/meetings/kyalami-tuesday-2000-2/,Region,Accessibility & mobile; Content; Crawl & indexation; Headings; Indexing & canonicals; Meta descriptions,Critical,Server error 500 on a URL listed in the sitemap | Page set to noindex — will not appear in Google | Missing meta description,/meetings (record-level migration),Not started,To assess
https://na.org.za/blog/meetings/kyalami-tuesday-2000-3/,/blog/meetings/kyalami-tuesday-2000-3/,Region,Accessibility & mobile; Broken links; Headings; Meeting data; Meta descriptions; Page titles; Security & privacy,High,Pinch-to-zoom disabled — people cannot enlarge text on a phone | Link points to a page that does not exist (404) | Insecure http:// resource on a secure page,/meetings (record-level migration),Not started,To assess
https://na.org.za/blog/meetings/lansdowne/,/blog/meetings/lansdowne/,Region,Accessibility & mobile; Broken links; Headings; Meeting data; Meta descriptions; Page titles; Security & privacy,High,Pinch-to-zoom disabled — people cannot enlarge text on a phone | Link points to a page that does not exist (404) | Insecure http:// resource on a secure page,/meetings (record-level migration),Not started,To assess
https://na.org.za/blog/meetings/lenasia-south-fridays-1930/,/blog/meetings/lenasia-south-fridays-1930/,Region,Accessibility & mobile; Broken links; Headings; Meeting data; Meta descriptions; Page titles; Security & privacy,High,Pinch-to-zoom disabled — people cannot enlarge text on a phone | Link points to a page that does not exist (404) | Insecure http:// resource on a secure page,/meetings (record-level migration),Not started,To assess
https://na.org.za/blog/meetings/lenasia-south-wednesday-1900-3/,/blog/meetings/lenasia-south-wednesday-1900-3/,Region,Accessibility & mobile; Broken links; Headings; Meeting data; Meta descriptions; Page titles; Security & privacy,High,Pinch-to-zoom disabled — people cannot enlarge text on a phone | Link points to a page that does not exist (404) | Insecure http:// resource on a secure page,/meetings (record-level migration),Not started,To assess
https://na.org.za/blog/meetings/lenasia-south-wednesday-1900/,/blog/meetings/lenasia-south-wednesday-1900/,Region,Accessibility & mobile; Content; Crawl & indexation; Headings; Indexing & canonicals; Meta descriptions,Critical,Server error 500 on a URL listed in the sitemap | Page set to noindex — will not appear in Google | Missing meta description,/meetings (record-level migration),Not started,To assess
https://na.org.za/blog/meetings/lenasia-wednesday-2000-2/,/blog/meetings/lenasia-wednesday-2000-2/,Region,Accessibility & mobile; Broken links; Headings; Meeting data; Meta descriptions; Page titles; Security & privacy,High,Pinch-to-zoom disabled — people cannot enlarge text on a phone | Link points to a page that does not exist (404) | Insecure http:// resource on a secure page,/meetings (record-level migration),Not started,To assess
https://na.org.za/blog/meetings/lgbt/,/blog/meetings/lgbt/,Region,Accessibility & mobile; Broken links; Headings; Meta descriptions; Page titles; Security & privacy,High,Pinch-to-zoom disabled — people cannot enlarge text on a phone | Link points to a page that does not exist (404) | Insecure http:// resource on a secure page,/meetings (record-level migration),Not started,To assess
https://na.org.za/blog/meetings/lgbtqia-monday-1900-online/,/blog/meetings/lgbtqia-monday-1900-online/,Region,Accessibility & mobile; Broken links; Headings; Meeting data; Meta descriptions; Page titles; Security & privacy,High,"Pinch-to-zoom disabled — people cannot enlarge text on a phone | Link points to a page that does not exist (404) | Location flagged ""approximate"" — pin not precisely geocoded",/meetings (record-level migration),Not started,To assess
https://na.org.za/blog/meetings/linden-friday-1930-2/,/blog/meetings/linden-friday-1930-2/,Region,Accessibility & mobile; Content; Crawl & indexation; Headings; Indexing & canonicals; Meta descriptions,Critical,Server error 500 on a URL listed in the sitemap | Page set to noindex — will not appear in Google | Missing meta description,/meetings (record-level migration),Not started,To assess
https://na.org.za/blog/meetings/linden-friday-1930/,/blog/meetings/linden-friday-1930/,Region,Accessibility & mobile; Broken links; Headings; Meeting data; Meta descriptions; Page titles; Security & privacy,High,Pinch-to-zoom disabled — people cannot enlarge text on a phone | Link points to a page that does not exist (404) | Insecure http:// resource on a secure page,/meetings (record-level migration),Not started,To assess
https://na.org.za/blog/meetings/living-miracles/,/blog/meetings/living-miracles/,Region,Accessibility & mobile; Broken links; Headings; Meeting data; Meta descriptions; Page titles; Security & privacy,High,Pinch-to-zoom disabled — people cannot enlarge text on a phone | Link points to a page that does not exist (404) | Insecure http:// resource on a secure page,/meetings (record-level migration),Not started,To assess
https://na.org.za/blog/meetings/living-queer-lit/,/blog/meetings/living-queer-lit/,Region,Accessibility & mobile; Broken links; Headings; Meta descriptions; Page titles; Security & privacy,High,Pinch-to-zoom disabled — people cannot enlarge text on a phone | Link points to a page that does not exist (404) | Insecure http:// resource on a secure page,/meetings (record-level migration),Not started,To assess
https://na.org.za/blog/meetings/living-queer/,/blog/meetings/living-queer/,Region,Accessibility & mobile; Broken links; Headings; Meta descriptions; Security & privacy,High,Pinch-to-zoom disabled — people cannot enlarge text on a phone | Link points to a page that does not exist (404) | Insecure http:// resource on a secure page,/meetings (record-level migration),Not started,To assess
https://na.org.za/blog/meetings/lotus-river-every-step-counts/,/blog/meetings/lotus-river-every-step-counts/,Region,Accessibility & mobile; Broken links; Headings; Meta descriptions; Page titles; Security & privacy,High,Pinch-to-zoom disabled — people cannot enlarge text on a phone | Link points to a page that does not exist (404) | Insecure http:// resource on a secure page,/meetings (record-level migration),Not started,To assess
https://na.org.za/blog/meetings/mamelodi-west-open2/,/blog/meetings/mamelodi-west-open2/,Region,Accessibility & mobile; Broken links; Headings; Meta descriptions; Page titles; Security & privacy,High,Pinch-to-zoom disabled — people cannot enlarge text on a phone | Link points to a page that does not exist (404) | Insecure http:// resource on a secure page,/meetings (record-level migration),Not started,To assess
https://na.org.za/blog/meetings/mamelodi/,/blog/meetings/mamelodi/,Region,Accessibility & mobile; Broken links; Headings; Meeting data; Meta descriptions; Security & privacy,High,Pinch-to-zoom disabled — people cannot enlarge text on a phone | Link points to a page that does not exist (404) | Insecure http:// resource on a secure page,/meetings (record-level migration),Not started,To assess
https://na.org.za/blog/meetings/manenberg-new-hope-meeting/,/blog/meetings/manenberg-new-hope-meeting/,Region,Accessibility & mobile; Broken links; Headings; Meeting data; Meta descriptions; Page titles; Security & privacy,High,Pinch-to-zoom disabled — people cannot enlarge text on a phone | Link points to a page that does not exist (404) | Insecure http:// resource on a secure page,/meetings (record-level migration),Not started,To assess
https://na.org.za/blog/meetings/mapetla-tuesdays-1800-2/,/blog/meetings/mapetla-tuesdays-1800-2/,Region,Accessibility & mobile; Broken links; Headings; Meeting data; Meta descriptions; Page titles; Security & privacy,High,Pinch-to-zoom disabled — people cannot enlarge text on a phone | Link points to a page that does not exist (404) | Insecure http:// resource on a secure page,/meetings (record-level migration),Not started,To assess
https://na.org.za/blog/meetings/mapetla-tuesdays-1800/,/blog/meetings/mapetla-tuesdays-1800/,Region,Accessibility & mobile; Content; Crawl & indexation; Headings; Indexing & canonicals; Meta descriptions,Critical,Server error 500 on a URL listed in the sitemap | Page set to noindex — will not appear in Google | Missing meta description,/meetings (record-level migration),Not started,To assess
https://na.org.za/blog/meetings/margate-thursday/,/blog/meetings/margate-thursday/,Region,Accessibility & mobile; Broken links; Headings; Meeting data; Meta descriptions; Security & privacy,High,Pinch-to-zoom disabled — people cannot enlarge text on a phone | Link points to a page that does not exist (404) | Insecure http:// resource on a secure page,/meetings (record-level migration),Not started,To assess
https://na.org.za/blog/meetings/mens-meeting/,/blog/meetings/mens-meeting/,Region,Accessibility & mobile; Broken links; Headings; Meta descriptions; Security & privacy,High,Pinch-to-zoom disabled — people cannot enlarge text on a phone | Link points to a page that does not exist (404) | Insecure http:// resource on a secure page,/meetings (record-level migration),Not started,To assess
https://na.org.za/blog/meetings/merebank-sunday/,/blog/meetings/merebank-sunday/,Region,Accessibility & mobile; Broken links; Headings; Meeting data; Meta descriptions; Security & privacy,High,Pinch-to-zoom disabled — people cannot enlarge text on a phone | Link points to a page that does not exist (404) | Insecure http:// resource on a secure page,/meetings (record-level migration),Not started,To assess
https://na.org.za/blog/meetings/midnight-meeting/,/blog/meetings/midnight-meeting/,Region,Accessibility & mobile; Broken links; Meeting data; Meta descriptions; Page titles; Security & privacy,High,"Pinch-to-zoom disabled — people cannot enlarge text on a phone | Link points to a page that does not exist (404) | Location flagged ""approximate"" — pin not precisely geocoded",/meetings (record-level migration),Not started,To assess
https://na.org.za/blog/meetings/midrand-thursday-1930-2/,/blog/meetings/midrand-thursday-1930-2/,Region,Accessibility & mobile; Broken links; Headings; Meeting data; Meta descriptions; Page titles; Security & privacy,High,Pinch-to-zoom disabled — people cannot enlarge text on a phone | Link points to a page that does not exist (404) | Insecure http:// resource on a secure page,/meetings (record-level migration),Not started,To assess
https://na.org.za/blog/meetings/miracles-milestones/,/blog/meetings/miracles-milestones/,Region,Accessibility & mobile; Broken links; Headings; Meeting data; Meta descriptions; Page titles; Security & privacy,High,Pinch-to-zoom disabled — people cannot enlarge text on a phone | Link points to a page that does not exist (404) | Insecure http:// resource on a secure page,/meetings (record-level migration),Not started,To assess
https://na.org.za/blog/meetings/mitchells-plain-from-the-streets-to-the-seats/,/blog/meetings/mitchells-plain-from-the-streets-to-the-seats/,Region,Accessibility & mobile; Broken links; Headings; Meeting data; Meta descriptions; Page titles; Security & privacy,High,Pinch-to-zoom disabled — people cannot enlarge text on a phone | Link points to a page that does not exist (404) | Google plus code used instead of a street address,/meetings (record-level migration),Not started,To assess
https://na.org.za/blog/meetings/mitchells-plain-grow-and-change-group/,/blog/meetings/mitchells-plain-grow-and-change-group/,Region,Accessibility & mobile; Broken links; Headings; Meeting data; Meta descriptions; Page titles; Security & privacy,High,Pinch-to-zoom disabled — people cannot enlarge text on a phone | Link points to a page that does not exist (404) | Insecure http:// resource on a secure page,/meetings (record-level migration),Not started,To assess
https://na.org.za/blog/meetings/mitchells-plain/,/blog/meetings/mitchells-plain/,Region,Accessibility & mobile; Broken links; Headings; Meeting data; Meta descriptions; Page titles; Security & privacy,High,Pinch-to-zoom disabled — people cannot enlarge text on a phone | Link points to a page that does not exist (404) | Insecure http:// resource on a secure page,/meetings (record-level migration),Not started,To assess
https://na.org.za/blog/meetings/mitchells_plein/,/blog/meetings/mitchells_plein/,Region,Accessibility & mobile; Broken links; Headings; Meeting data; Meta descriptions; Page titles; Security & privacy,High,Pinch-to-zoom disabled — people cannot enlarge text on a phone | Link points to a page that does not exist (404) | Insecure http:// resource on a secure page,/meetings (record-level migration),Not started,To assess
https://na.org.za/blog/meetings/monday-rietvlei-meeting-open/,/blog/meetings/monday-rietvlei-meeting-open/,Region,Accessibility & mobile; Broken links; Headings; Meeting data; Meta descriptions; Page titles; Security & privacy,High,"Pinch-to-zoom disabled — people cannot enlarge text on a phone | Link points to a page that does not exist (404) | Location flagged ""approximate"" — pin not precisely geocoded",/meetings (record-level migration),Not started,To assess
https://na.org.za/blog/meetings/monday-rustenburg-meeting-open/,/blog/meetings/monday-rustenburg-meeting-open/,Region,Accessibility & mobile; Broken links; Headings; Meta descriptions; Page titles; Security & privacy,High,Pinch-to-zoom disabled — people cannot enlarge text on a phone | Link points to a page that does not exist (404) | Insecure http:// resource on a secure page,/meetings (record-level migration),Not started,To assess
https://na.org.za/blog/meetings/monday-second-chance-meeting/,/blog/meetings/monday-second-chance-meeting/,Region,Accessibility & mobile; Broken links; Headings; Meeting data; Meta descriptions; Page titles; Security & privacy,High,Pinch-to-zoom disabled — people cannot enlarge text on a phone | Link points to a page that does not exist (404) | Insecure http:// resource on a secure page,/meetings (record-level migration),Not started,To assess
https://na.org.za/blog/meetings/mossel-bay/,/blog/meetings/mossel-bay/,Region,Accessibility & mobile; Broken links; Headings; Meeting data; Meta descriptions; Security & privacy,High,Pinch-to-zoom disabled — people cannot enlarge text on a phone | Link points to a page that does not exist (404) | Insecure http:// resource on a secure page,/meetings (record-level migration),Not started,To assess
https://na.org.za/blog/meetings/muizenberg/,/blog/meetings/muizenberg/,Region,Accessibility & mobile; Broken links; Headings; Meeting data; Meta descriptions; Security & privacy,High,Pinch-to-zoom disabled — people cannot enlarge text on a phone | Link points to a page that does not exist (404) | Insecure http:// resource on a secure page,/meetings (record-level migration),Not started,To assess
https://na.org.za/blog/meetings/musgrave-friday/,/blog/meetings/musgrave-friday/,Region,Accessibility & mobile; Broken links; Headings; Meta descriptions; Security & privacy,High,Pinch-to-zoom disabled — people cannot enlarge text on a phone | Link points to a page that does not exist (404) | Insecure http:// resource on a secure page,/meetings (record-level migration),Not started,To assess
https://na.org.za/blog/meetings/na-edgemead-narcotics-anonymous-cape-town-keep-it-simple-na-thursday-na-meeting-na-support-group-western-cape-na-speaker-meeting-edgemead/,/blog/meetings/na-edgemead-narcotics-anonymous-cape-town-keep-it-simple-na-thursday-na-meeting-na-support-group-western-cape-na-speaker-meeting-edgemead/,Region,Accessibility & mobile; Broken links; Headings; Meeting data; Meta descriptions; Page titles; Security & privacy,High,Pinch-to-zoom disabled — people cannot enlarge text on a phone | Link points to a page that does not exist (404) | Insecure http:// resource on a secure page,/meetings (record-level migration),Not started,To assess
https://na.org.za/blog/meetings/na-hermanus/,/blog/meetings/na-hermanus/,Region,Accessibility & mobile; Broken links; Headings; Meeting data; Meta descriptions; Security & privacy,High,Pinch-to-zoom disabled — people cannot enlarge text on a phone | Link points to a page that does not exist (404) | Insecure http:// resource on a secure page,/meetings (record-level migration),Not started,To assess
https://na.org.za/blog/meetings/naledi-wednesday-1130/,/blog/meetings/naledi-wednesday-1130/,Region,Accessibility & mobile; Broken links; Headings; Meeting data; Meta descriptions; Page titles; Security & privacy,High,Pinch-to-zoom disabled — people cannot enlarge text on a phone | Link points to a page that does not exist (404) | Insecure http:// resource on a secure page,/meetings (record-level migration),Not started,To assess
https://na.org.za/blog/meetings/narcotics-annonymous-fochville/,/blog/meetings/narcotics-annonymous-fochville/,Region,Accessibility & mobile; Broken links; Headings; Meeting data; Meta descriptions; Page titles; Security & privacy,High,Pinch-to-zoom disabled — people cannot enlarge text on a phone | Link points to a page that does not exist (404) | Insecure http:// resource on a secure page,/meetings (record-level migration),Not started,To assess
https://na.org.za/blog/meetings/narcotics-anonymous-lenz-ext-10/,/blog/meetings/narcotics-anonymous-lenz-ext-10/,Region,Accessibility & mobile; Broken links; Headings; Meeting data; Meta descriptions; Page titles; Security & privacy,High,Pinch-to-zoom disabled — people cannot enlarge text on a phone | Link points to a page that does not exist (404) | Insecure http:// resource on a secure page,/meetings (record-level migration),Not started,To assess
https://na.org.za/blog/meetings/new-meeting-thursday-700-pm/,/blog/meetings/new-meeting-thursday-700-pm/,Region,Accessibility & mobile; Broken links; Headings; Meta descriptions; Security & privacy,High,Pinch-to-zoom disabled — people cannot enlarge text on a phone | Link points to a page that does not exist (404) | Insecure http:// resource on a secure page,/meetings (record-level migration),Not started,To assess
https://na.org.za/blog/meetings/newclare-tuesday-1930/,/blog/meetings/newclare-tuesday-1930/,Region,Accessibility & mobile; Broken links; Headings; Meeting data; Meta descriptions; Page titles; Security & privacy,High,Pinch-to-zoom disabled — people cannot enlarge text on a phone | Link points to a page that does not exist (404) | Insecure http:// resource on a secure page,/meetings (record-level migration),Not started,To assess
https://na.org.za/blog/meetings/newlands-east-monday/,/blog/meetings/newlands-east-monday/,Region,Accessibility & mobile; Broken links; Headings; Meeting data; Meta descriptions; Page titles; Security & privacy,High,Pinch-to-zoom disabled — people cannot enlarge text on a phone | Link points to a page that does not exist (404) | Insecure http:// resource on a secure page,/meetings (record-level migration),Not started,To assess
https://na.org.za/blog/meetings/newlands-west-thursday/,/blog/meetings/newlands-west-thursday/,Region,Accessibility & mobile; Broken links; Headings; Meeting data; Meta descriptions; Page titles; Security & privacy,High,Pinch-to-zoom disabled — people cannot enlarge text on a phone | Link points to a page that does not exist (404) | Insecure http:// resource on a secure page,/meetings (record-level migration),Not started,To assess
https://na.org.za/blog/meetings/noordgesig-wednesday-1800-2/,/blog/meetings/noordgesig-wednesday-1800-2/,Region,Accessibility & mobile; Broken links; Headings; Meeting data; Meta descriptions; Page titles; Security & privacy,High,Pinch-to-zoom disabled — people cannot enlarge text on a phone | Link points to a page that does not exist (404) | Insecure http:// resource on a secure page,/meetings (record-level migration),Not started,To assess
https://na.org.za/blog/meetings/noordhoek-new-way-of-life-2/,/blog/meetings/noordhoek-new-way-of-life-2/,Region,Accessibility & mobile; Broken links; Headings; Meta descriptions; Page titles; Security & privacy,High,Pinch-to-zoom disabled — people cannot enlarge text on a phone | Link points to a page that does not exist (404) | Insecure http:// resource on a secure page,/meetings (record-level migration),Not started,To assess
https://na.org.za/blog/meetings/norscort-wednesday-1900-2/,/blog/meetings/norscort-wednesday-1900-2/,Region,Accessibility & mobile; Broken links; Headings; Meeting data; Meta descriptions; Page titles; Security & privacy,High,Pinch-to-zoom disabled — people cannot enlarge text on a phone | Link points to a page that does not exist (404) | Insecure http:// resource on a secure page,/meetings (record-level migration),Not started,To assess
https://na.org.za/blog/meetings/norscot-monday-1930/,/blog/meetings/norscot-monday-1930/,Region,Accessibility & mobile; Broken links; Headings; Meeting data; Meta descriptions; Page titles; Security & privacy,High,Pinch-to-zoom disabled — people cannot enlarge text on a phone | Link points to a page that does not exist (404) | Insecure http:// resource on a secure page,/meetings (record-level migration),Not started,To assess
https://na.org.za/blog/meetings/northcliff-lgbtq-thursday-2/,/blog/meetings/northcliff-lgbtq-thursday-2/,Region,Accessibility & mobile; Broken links; Headings; Meeting data; Meta descriptions; Page titles; Security & privacy,High,Pinch-to-zoom disabled — people cannot enlarge text on a phone | Link points to a page that does not exist (404) | Insecure http:// resource on a secure page,/meetings (record-level migration),Not started,To assess
https://na.org.za/blog/meetings/northcliff-wednesday-1930/,/blog/meetings/northcliff-wednesday-1930/,Region,Accessibility & mobile; Broken links; Headings; Meeting data; Meta descriptions; Page titles; Security & privacy,High,Pinch-to-zoom disabled — people cannot enlarge text on a phone | Link points to a page that does not exist (404) | Insecure http:// resource on a secure page,/meetings (record-level migration),Not started,To assess
https://na.org.za/blog/meetings/observatory-2/,/blog/meetings/observatory-2/,Region,Accessibility & mobile; Broken links; Headings; Meeting data; Meta descriptions; Page titles; Security & privacy,High,Pinch-to-zoom disabled — people cannot enlarge text on a phone | Link points to a page that does not exist (404) | Insecure http:// resource on a secure page,/meetings (record-level migration),Not started,To assess
https://na.org.za/blog/meetings/observatory-express/,/blog/meetings/observatory-express/,Region,Accessibility & mobile; Broken links; Headings; Meeting data; Meta descriptions; Page titles; Security & privacy,High,Pinch-to-zoom disabled — people cannot enlarge text on a phone | Link points to a page that does not exist (404) | Insecure http:// resource on a secure page,/meetings (record-level migration),Not started,To assess
https://na.org.za/blog/meetings/observatory/,/blog/meetings/observatory/,Region,Accessibility & mobile; Broken links; Headings; Meeting data; Meta descriptions; Security & privacy,High,Pinch-to-zoom disabled — people cannot enlarge text on a phone | Link points to a page that does not exist (404) | Insecure http:// resource on a secure page,/meetings (record-level migration),Not started,To assess
https://na.org.za/blog/meetings/on-course-recovery-thursday-1830/,/blog/meetings/on-course-recovery-thursday-1830/,Region,Accessibility & mobile; Content; Crawl & indexation; Headings; Indexing & canonicals; Meta descriptions,Critical,Server error 500 on a URL listed in the sitemap | Page set to noindex — will not appear in Google | Missing meta description,/meetings (record-level migration),Not started,To assess
https://na.org.za/blog/meetings/on-course-recovery-thursday-1915/,/blog/meetings/on-course-recovery-thursday-1915/,Region,Accessibility & mobile; Broken links; Headings; Meeting data; Meta descriptions; Page titles; Security & privacy; Spelling,High,Pinch-to-zoom disabled — people cannot enlarge text on a phone | Link points to a page that does not exist (404) | Insecure http:// resource on a secure page,/meetings (record-level migration),Not started,To assess
https://na.org.za/blog/meetings/open-meeting/,/blog/meetings/open-meeting/,Region,Accessibility & mobile; Broken links; Headings; Meeting data; Meta descriptions; Page titles; Security & privacy,High,Pinch-to-zoom disabled — people cannot enlarge text on a phone | Link points to a page that does not exist (404) | Insecure http:// resource on a secure page,/meetings (record-level migration),Not started,To assess
https://na.org.za/blog/meetings/orange-farm-monday-1600/,/blog/meetings/orange-farm-monday-1600/,Region,Accessibility & mobile; Broken links; Headings; Meeting data; Meta descriptions; Page titles; Security & privacy,High,Pinch-to-zoom disabled — people cannot enlarge text on a phone | Link points to a page that does not exist (404) | Insecure http:// resource on a secure page,/meetings (record-level migration),Not started,To assess
https://na.org.za/blog/meetings/outreach-12-past-midnight-meeting-2/,/blog/meetings/outreach-12-past-midnight-meeting-2/,Region,Accessibility & mobile; Broken links; Headings; Meeting data; Meta descriptions; Page titles; Security & privacy,High,"Pinch-to-zoom disabled — people cannot enlarge text on a phone | Link points to a page that does not exist (404) | Location flagged ""approximate"" — pin not precisely geocoded",/meetings (record-level migration),Not started,To assess
https://na.org.za/blog/meetings/overport-sunday/,/blog/meetings/overport-sunday/,Region,Accessibility & mobile; Broken links; Headings; Meeting data; Meta descriptions; Security & privacy,High,Pinch-to-zoom disabled — people cannot enlarge text on a phone | Link points to a page that does not exist (404) | Insecure http:// resource on a secure page,/meetings (record-level migration),Not started,To assess
https://na.org.za/blog/meetings/paarl/,/blog/meetings/paarl/,Region,Accessibility & mobile; Broken links; Headings; Meeting data; Meta descriptions; Security & privacy,High,Pinch-to-zoom disabled — people cannot enlarge text on a phone | Link points to a page that does not exist (404) | Insecure http:// resource on a secure page,/meetings (record-level migration),Not started,To assess
https://na.org.za/blog/meetings/page-by-page/,/blog/meetings/page-by-page/,Region,Accessibility & mobile; Broken links; Headings; Meeting data; Meta descriptions; Page titles; Security & privacy,High,"Pinch-to-zoom disabled — people cannot enlarge text on a phone | Link points to a page that does not exist (404) | Location flagged ""approximate"" — pin not precisely geocoded",/meetings (record-level migration),Not started,To assess
https://na.org.za/blog/meetings/park-rynie-sunday/,/blog/meetings/park-rynie-sunday/,Region,Accessibility & mobile; Broken links; Headings; Meeting data; Meta descriptions; Security & privacy,High,Pinch-to-zoom disabled — people cannot enlarge text on a phone | Link points to a page that does not exist (404) | Insecure http:// resource on a secure page,/meetings (record-level migration),Not started,To assess
https://na.org.za/blog/meetings/parkhurst-sunday-1800-2/,/blog/meetings/parkhurst-sunday-1800-2/,Region,Accessibility & mobile; Broken links; Headings; Meeting data; Meta descriptions; Page titles; Security & privacy,High,Pinch-to-zoom disabled — people cannot enlarge text on a phone | Link points to a page that does not exist (404) | Insecure http:// resource on a secure page,/meetings (record-level migration),Not started,To assess
https://na.org.za/blog/meetings/parkhurst-wednesday-1500-3/,/blog/meetings/parkhurst-wednesday-1500-3/,Region,Accessibility & mobile; Broken links; Headings; Meeting data; Meta descriptions; Page titles; Security & privacy,High,Pinch-to-zoom disabled — people cannot enlarge text on a phone | Link points to a page that does not exist (404) | Insecure http:// resource on a secure page,/meetings (record-level migration),Not started,To assess
https://na.org.za/blog/meetings/parkhurst-wednesday-1930/,/blog/meetings/parkhurst-wednesday-1930/,Region,Accessibility & mobile; Broken links; Headings; Meeting data; Meta descriptions; Page titles; Security & privacy,High,Pinch-to-zoom disabled — people cannot enlarge text on a phone | Link points to a page that does not exist (404) | Insecure http:// resource on a secure page,/meetings (record-level migration),Not started,To assess
https://na.org.za/blog/meetings/pennington-tuesday/,/blog/meetings/pennington-tuesday/,Region,Accessibility & mobile; Broken links; Headings; Meeting data; Meta descriptions; Security & privacy,High,Pinch-to-zoom disabled — people cannot enlarge text on a phone | Link points to a page that does not exist (404) | Insecure http:// resource on a secure page,/meetings (record-level migration),Not started,To assess
https://na.org.za/blog/meetings/phefeni-miracles/,/blog/meetings/phefeni-miracles/,Region,Accessibility & mobile; Broken links; Headings; Meeting data; Meta descriptions; Page titles; Security & privacy,High,Pinch-to-zoom disabled — people cannot enlarge text on a phone | Link points to a page that does not exist (404) | Insecure http:// resource on a secure page,/meetings (record-level migration),Not started,To assess
https://na.org.za/blog/meetings/phiri-primary-purpose-monday-1800/,/blog/meetings/phiri-primary-purpose-monday-1800/,Region,Accessibility & mobile; Broken links; Headings; Meeting data; Meta descriptions; Page titles; Security & privacy,High,Pinch-to-zoom disabled — people cannot enlarge text on a phone | Link points to a page that does not exist (404) | Insecure http:// resource on a secure page,/meetings (record-level migration),Not started,To assess
https://na.org.za/blog/meetings/phoenix-friday/,/blog/meetings/phoenix-friday/,Region,Accessibility & mobile; Broken links; Headings; Meeting data; Meta descriptions; Security & privacy,High,Pinch-to-zoom disabled — people cannot enlarge text on a phone | Link points to a page that does not exist (404) | Insecure http:// resource on a secure page,/meetings (record-level migration),Not started,To assess
https://na.org.za/blog/meetings/phoenix-monday/,/blog/meetings/phoenix-monday/,Region,Accessibility & mobile; Broken links; Headings; Meeting data; Meta descriptions; Security & privacy,High,Pinch-to-zoom disabled — people cannot enlarge text on a phone | Link points to a page that does not exist (404) | Insecure http:// resource on a secure page,/meetings (record-level migration),Not started,To assess
https://na.org.za/blog/meetings/phoenix-saturday/,/blog/meetings/phoenix-saturday/,Region,Accessibility & mobile; Broken links; Headings; Meeting data; Meta descriptions; Security & privacy,High,Pinch-to-zoom disabled — people cannot enlarge text on a phone | Link points to a page that does not exist (404) | Insecure http:// resource on a secure page,/meetings (record-level migration),Not started,To assess
https://na.org.za/blog/meetings/phoenix-sunday/,/blog/meetings/phoenix-sunday/,Region,Accessibility & mobile; Broken links; Headings; Meeting data; Meta descriptions; Security & privacy,High,Pinch-to-zoom disabled — people cannot enlarge text on a phone | Link points to a page that does not exist (404) | Insecure http:// resource on a secure page,/meetings (record-level migration),Not started,To assess
https://na.org.za/blog/meetings/phoenix-thursday/,/blog/meetings/phoenix-thursday/,Region,Accessibility & mobile; Broken links; Headings; Meeting data; Meta descriptions; Security & privacy,High,Pinch-to-zoom disabled — people cannot enlarge text on a phone | Link points to a page that does not exist (404) | Insecure http:// resource on a secure page,/meetings (record-level migration),Not started,To assess
https://na.org.za/blog/meetings/phoenix-tuesday/,/blog/meetings/phoenix-tuesday/,Region,Accessibility & mobile; Broken links; Headings; Meeting data; Meta descriptions; Security & privacy,High,Pinch-to-zoom disabled — people cannot enlarge text on a phone | Link points to a page that does not exist (404) | Insecure http:// resource on a secure page,/meetings (record-level migration),Not started,To assess
https://na.org.za/blog/meetings/pinetown-saturday/,/blog/meetings/pinetown-saturday/,Region,Accessibility & mobile; Broken links; Headings; Meeting data; Meta descriptions; Security & privacy,High,Pinch-to-zoom disabled — people cannot enlarge text on a phone | Link points to a page that does not exist (404) | Insecure http:// resource on a secure page,/meetings (record-level migration),Not started,To assess
https://na.org.za/blog/meetings/pink-cloud-2/,/blog/meetings/pink-cloud-2/,Region,Accessibility & mobile; Broken links; Headings; Meeting data; Meta descriptions; Security & privacy,High,"Pinch-to-zoom disabled — people cannot enlarge text on a phone | Link points to a page that does not exist (404) | Location flagged ""approximate"" — pin not precisely geocoded",/meetings (record-level migration),Not started,To assess
https://na.org.za/blog/meetings/plettenberg-bay-2/,/blog/meetings/plettenberg-bay-2/,Region,Accessibility & mobile; Broken links; Headings; Meeting data; Meta descriptions; Page titles; Security & privacy,High,Pinch-to-zoom disabled — people cannot enlarge text on a phone | Link points to a page that does not exist (404) | Insecure http:// resource on a secure page,/meetings (record-level migration),Not started,To assess
https://na.org.za/blog/meetings/plettenberg-bay/,/blog/meetings/plettenberg-bay/,Region,Accessibility & mobile; Broken links; Headings; Meeting data; Meta descriptions; Page titles; Security & privacy,High,Pinch-to-zoom disabled — people cannot enlarge text on a phone | Link points to a page that does not exist (404) | Insecure http:// resource on a secure page,/meetings (record-level migration),Not started,To assess
https://na.org.za/blog/meetings/plumstead-strength-and-unity/,/blog/meetings/plumstead-strength-and-unity/,Region,Accessibility & mobile; Broken links; Headings; Meeting data; Meta descriptions; Page titles; Security & privacy,High,Pinch-to-zoom disabled — people cannot enlarge text on a phone | Link points to a page that does not exist (404) | Insecure http:// resource on a secure page,/meetings (record-level migration),Not started,To assess
https://na.org.za/blog/meetings/pmb-friday/,/blog/meetings/pmb-friday/,Region,Accessibility & mobile; Broken links; Headings; Meeting data; Meta descriptions; Page titles; Security & privacy,High,Pinch-to-zoom disabled — people cannot enlarge text on a phone | Link points to a page that does not exist (404) | Insecure http:// resource on a secure page,/meetings (record-level migration),Not started,To assess
https://na.org.za/blog/meetings/pmb-midlands-friday/,/blog/meetings/pmb-midlands-friday/,Region,Accessibility & mobile; Broken links; Headings; Meeting data; Meta descriptions; Page titles; Security & privacy,High,Pinch-to-zoom disabled — people cannot enlarge text on a phone | Link points to a page that does not exist (404) | Insecure http:// resource on a secure page,/meetings (record-level migration),Not started,To assess
https://na.org.za/blog/meetings/pmb-saturday/,/blog/meetings/pmb-saturday/,Region,Accessibility & mobile; Broken links; Headings; Meeting data; Meta descriptions; Page titles; Security & privacy,High,Pinch-to-zoom disabled — people cannot enlarge text on a phone | Link points to a page that does not exist (404) | Insecure http:// resource on a secure page,/meetings (record-level migration),Not started,To assess
https://na.org.za/blog/meetings/pmb-tuesday/,/blog/meetings/pmb-tuesday/,Region,Accessibility & mobile; Broken links; Headings; Meeting data; Meta descriptions; Page titles; Security & privacy,High,Pinch-to-zoom disabled — people cannot enlarge text on a phone | Link points to a page that does not exist (404) | Insecure http:// resource on a secure page,/meetings (record-level migration),Not started,To assess
https://na.org.za/blog/meetings/pmb-wednesday/,/blog/meetings/pmb-wednesday/,Region,Accessibility & mobile; Broken links; Headings; Meeting data; Meta descriptions; Page titles; Security & privacy,High,Pinch-to-zoom disabled — people cannot enlarge text on a phone | Link points to a page that does not exist (404) | Insecure http:// resource on a secure page,/meetings (record-level migration),Not started,To assess
https://na.org.za/blog/meetings/protea-glen-tuesday-1200/,/blog/meetings/protea-glen-tuesday-1200/,Region,Accessibility & mobile; Broken links; Headings; Meeting data; Meta descriptions; Page titles; Security & privacy; Spelling,High,Pinch-to-zoom disabled — people cannot enlarge text on a phone | Link points to a page that does not exist (404) | Insecure http:// resource on a secure page,/meetings (record-level migration),Not started,To assess
https://na.org.za/blog/meetings/proteapark-wednesday-meeting-open/,/blog/meetings/proteapark-wednesday-meeting-open/,Region,Accessibility & mobile; Broken links; Headings; Meeting data; Meta descriptions; Page titles; Security & privacy,High,Pinch-to-zoom disabled — people cannot enlarge text on a phone | Link points to a page that does not exist (404) | Tagged online but no meeting link,/meetings (record-level migration),Not started,To assess
https://na.org.za/blog/meetings/randburg-tuesday-1930/,/blog/meetings/randburg-tuesday-1930/,Region,Accessibility & mobile; Broken links; Headings; Meeting data; Meta descriptions; Page titles; Security & privacy,High,Pinch-to-zoom disabled — people cannot enlarge text on a phone | Link points to a page that does not exist (404) | Insecure http:// resource on a secure page,/meetings (record-level migration),Not started,To assess
https://na.org.za/blog/meetings/randfontein-saturday-0900-2/,/blog/meetings/randfontein-saturday-0900-2/,Region,Accessibility & mobile; Broken links; Headings; Meeting data; Meta descriptions; Page titles; Security & privacy,High,Pinch-to-zoom disabled — people cannot enlarge text on a phone | Link points to a page that does not exist (404) | Insecure http:// resource on a secure page,/meetings (record-level migration),Not started,To assess
https://na.org.za/blog/meetings/redhill-friday/,/blog/meetings/redhill-friday/,Region,Accessibility & mobile; Broken links; Headings; Meeting data; Meta descriptions; Security & privacy,High,Pinch-to-zoom disabled — people cannot enlarge text on a phone | Link points to a page that does not exist (404) | Insecure http:// resource on a secure page,/meetings (record-level migration),Not started,To assess
https://na.org.za/blog/meetings/redhill-tuesday/,/blog/meetings/redhill-tuesday/,Region,Accessibility & mobile; Broken links; Headings; Meeting data; Meta descriptions; Security & privacy,High,Pinch-to-zoom disabled — people cannot enlarge text on a phone | Link points to a page that does not exist (404) | Insecure http:// resource on a secure page,/meetings (record-level migration),Not started,To assess
https://na.org.za/blog/meetings/retreat/,/blog/meetings/retreat/,Region,Accessibility & mobile; Broken links; Headings; Meeting data; Meta descriptions; Page titles; Security & privacy,High,Pinch-to-zoom disabled — people cannot enlarge text on a phone | Link points to a page that does not exist (404) | Insecure http:// resource on a secure page,/meetings (record-level migration),Not started,To assess
https://na.org.za/blog/meetings/richards-bay-thursday/,/blog/meetings/richards-bay-thursday/,Region,Accessibility & mobile; Broken links; Headings; Meeting data; Meta descriptions; Page titles; Security & privacy,High,Pinch-to-zoom disabled — people cannot enlarge text on a phone | Link points to a page that does not exist (404) | Insecure http:// resource on a secure page,/meetings (record-level migration),Not started,To assess
https://na.org.za/blog/meetings/riverlea-thursday-1830-2/,/blog/meetings/riverlea-thursday-1830-2/,Region,Accessibility & mobile; Broken links; Headings; Meeting data; Meta descriptions; Page titles; Security & privacy,High,Pinch-to-zoom disabled — people cannot enlarge text on a phone | Link points to a page that does not exist (404) | Insecure http:// resource on a secure page,/meetings (record-level migration),Not started,To assess
https://na.org.za/blog/meetings/rosebank-monday-2/,/blog/meetings/rosebank-monday-2/,Region,Accessibility & mobile; Broken links; Headings; Meeting data; Meta descriptions; Page titles; Security & privacy,High,Pinch-to-zoom disabled — people cannot enlarge text on a phone | Link points to a page that does not exist (404) | Insecure http:// resource on a secure page,/meetings (record-level migration),Not started,To assess
https://na.org.za/blog/meetings/rosettenville-na-2/,/blog/meetings/rosettenville-na-2/,Region,Accessibility & mobile; Broken links; Headings; Meeting data; Meta descriptions; Page titles; Security & privacy,High,"Pinch-to-zoom disabled — people cannot enlarge text on a phone | Link points to a page that does not exist (404) | Location flagged ""approximate"" — pin not precisely geocoded",/meetings (record-level migration),Not started,To assess
https://na.org.za/blog/meetings/salt-rock-wednesday/,/blog/meetings/salt-rock-wednesday/,Region,Accessibility & mobile; Broken links; Headings; Meta descriptions; Page titles; Security & privacy,High,Pinch-to-zoom disabled — people cannot enlarge text on a phone | Link points to a page that does not exist (404) | Insecure http:// resource on a secure page,/meetings (record-level migration),Not started,To assess
https://na.org.za/blog/meetings/scottburgh-friday/,/blog/meetings/scottburgh-friday/,Region,Accessibility & mobile; Broken links; Headings; Meeting data; Meta descriptions; Security & privacy,High,Pinch-to-zoom disabled — people cannot enlarge text on a phone | Link points to a page that does not exist (404) | Insecure http:// resource on a secure page,/meetings (record-level migration),Not started,To assess
https://na.org.za/blog/meetings/scottburgh-saturday/,/blog/meetings/scottburgh-saturday/,Region,Accessibility & mobile; Broken links; Headings; Meeting data; Meta descriptions; Page titles; Security & privacy,High,Pinch-to-zoom disabled — people cannot enlarge text on a phone | Link points to a page that does not exist (404) | Insecure http:// resource on a secure page,/meetings (record-level migration),Not started,To assess
https://na.org.za/blog/meetings/scottsville-saturday-online/,/blog/meetings/scottsville-saturday-online/,Region,Accessibility & mobile; Broken links; Headings; Meeting data; Meta descriptions; Page titles; Security & privacy,High,"Pinch-to-zoom disabled — people cannot enlarge text on a phone | Link points to a page that does not exist (404) | Location flagged ""approximate"" — pin not precisely geocoded",/meetings (record-level migration),Not started,To assess
https://na.org.za/blog/meetings/seapointlivingclean/,/blog/meetings/seapointlivingclean/,Region,Accessibility & mobile; Broken links; Headings; Meeting data; Meta descriptions; Page titles; Security & privacy,High,Pinch-to-zoom disabled — people cannot enlarge text on a phone | Link points to a page that does not exist (404) | Insecure http:// resource on a secure page,/meetings (record-level migration),Not started,To assess
https://na.org.za/blog/meetings/secunda-recovery-group-wednesday-1900/,/blog/meetings/secunda-recovery-group-wednesday-1900/,Region,Accessibility & mobile; Broken links; Headings; Meeting data; Meta descriptions; Page titles; Security & privacy,High,Pinch-to-zoom disabled — people cannot enlarge text on a phone | Link points to a page that does not exist (404) | Insecure http:// resource on a secure page,/meetings (record-level migration),Not started,To assess
https://na.org.za/blog/meetings/senaoane-sunday-1630-2/,/blog/meetings/senaoane-sunday-1630-2/,Region,Accessibility & mobile; Broken links; Headings; Meeting data; Meta descriptions; Page titles; Security & privacy,High,Pinch-to-zoom disabled — people cannot enlarge text on a phone | Link points to a page that does not exist (404) | Insecure http:// resource on a secure page,/meetings (record-level migration),Not started,To assess
https://na.org.za/blog/meetings/senaone-soweto-monday-1800/,/blog/meetings/senaone-soweto-monday-1800/,Region,Accessibility & mobile; Broken links; Headings; Meeting data; Meta descriptions; Page titles; Security & privacy,High,Pinch-to-zoom disabled — people cannot enlarge text on a phone | Link points to a page that does not exist (404) | Insecure http:// resource on a secure page,/meetings (record-level migration),Not started,To assess
https://na.org.za/blog/meetings/serenitysunrise-2/,/blog/meetings/serenitysunrise-2/,Region,Accessibility & mobile; Broken links; Headings; Meeting data; Meta descriptions; Page titles; Security & privacy,High,"Pinch-to-zoom disabled — people cannot enlarge text on a phone | Link points to a page that does not exist (404) | Location flagged ""approximate"" — pin not precisely geocoded",/meetings (record-level migration),Not started,To assess
https://na.org.za/blog/meetings/serenitysunrise-3/,/blog/meetings/serenitysunrise-3/,Region,Accessibility & mobile; Broken links; Meeting data; Meta descriptions; Security & privacy,High,"Pinch-to-zoom disabled — people cannot enlarge text on a phone | Link points to a page that does not exist (404) | Location flagged ""approximate"" — pin not precisely geocoded",/meetings (record-level migration),Not started,To assess
https://na.org.za/blog/meetings/serenitysunrise-4/,/blog/meetings/serenitysunrise-4/,Region,Accessibility & mobile; Broken links; Meeting data; Meta descriptions; Security & privacy,High,"Pinch-to-zoom disabled — people cannot enlarge text on a phone | Link points to a page that does not exist (404) | Location flagged ""approximate"" — pin not precisely geocoded",/meetings (record-level migration),Not started,To assess
https://na.org.za/blog/meetings/serenitysunrise-5/,/blog/meetings/serenitysunrise-5/,Region,Accessibility & mobile; Broken links; Meeting data; Meta descriptions; Security & privacy,High,"Pinch-to-zoom disabled — people cannot enlarge text on a phone | Link points to a page that does not exist (404) | Location flagged ""approximate"" — pin not precisely geocoded",/meetings (record-level migration),Not started,To assess
https://na.org.za/blog/meetings/serenitysunrise-6/,/blog/meetings/serenitysunrise-6/,Region,Accessibility & mobile; Broken links; Meeting data; Meta descriptions; Security & privacy,High,"Pinch-to-zoom disabled — people cannot enlarge text on a phone | Link points to a page that does not exist (404) | Location flagged ""approximate"" — pin not precisely geocoded",/meetings (record-level migration),Not started,To assess
https://na.org.za/blog/meetings/serenitysunrise/,/blog/meetings/serenitysunrise/,Region,Accessibility & mobile; Broken links; Meeting data; Meta descriptions; Security & privacy,High,"Pinch-to-zoom disabled — people cannot enlarge text on a phone | Link points to a page that does not exist (404) | Location flagged ""approximate"" — pin not precisely geocoded",/meetings (record-level migration),Not started,To assess
https://na.org.za/blog/meetings/serenitysunrise1/,/blog/meetings/serenitysunrise1/,Region,Accessibility & mobile; Broken links; Meeting data; Meta descriptions; Security & privacy,High,"Pinch-to-zoom disabled — people cannot enlarge text on a phone | Link points to a page that does not exist (404) | Location flagged ""approximate"" — pin not precisely geocoded",/meetings (record-level migration),Not started,To assess
https://na.org.za/blog/meetings/snake-park-friday-1200-2/,/blog/meetings/snake-park-friday-1200-2/,Region,Accessibility & mobile; Broken links; Headings; Meeting data; Meta descriptions; Page titles; Security & privacy,High,Pinch-to-zoom disabled — people cannot enlarge text on a phone | Link points to a page that does not exist (404) | Insecure http:// resource on a secure page,/meetings (record-level migration),Not started,To assess
https://na.org.za/blog/meetings/snake-park-wednesday-1200/,/blog/meetings/snake-park-wednesday-1200/,Region,Accessibility & mobile; Broken links; Headings; Meeting data; Meta descriptions; Page titles; Security & privacy,High,Pinch-to-zoom disabled — people cannot enlarge text on a phone | Link points to a page that does not exist (404) | Insecure http:// resource on a secure page,/meetings (record-level migration),Not started,To assess
https://na.org.za/blog/meetings/somerset-west/,/blog/meetings/somerset-west/,Region,Accessibility & mobile; Broken links; Headings; Meeting data; Meta descriptions; Security & privacy,High,Pinch-to-zoom disabled — people cannot enlarge text on a phone | Link points to a page that does not exist (404) | Insecure http:// resource on a secure page,/meetings (record-level migration),Not started,To assess
https://na.org.za/blog/meetings/soshanguve-meeting-sunday-open/,/blog/meetings/soshanguve-meeting-sunday-open/,Region,Accessibility & mobile; Broken links; Headings; Meeting data; Meta descriptions; Page titles; Security & privacy,High,"Pinch-to-zoom disabled — people cannot enlarge text on a phone | Link points to a page that does not exist (404) | Location flagged ""approximate"" — pin not precisely geocoded",/meetings (record-level migration),Not started,To assess
https://na.org.za/blog/meetings/soshanguve-meeting-wednesday-open/,/blog/meetings/soshanguve-meeting-wednesday-open/,Region,Accessibility & mobile; Broken links; Headings; Meeting data; Meta descriptions; Page titles; Security & privacy,High,"Pinch-to-zoom disabled — people cannot enlarge text on a phone | Link points to a page that does not exist (404) | Location flagged ""approximate"" — pin not precisely geocoded",/meetings (record-level migration),Not started,To assess
https://na.org.za/blog/meetings/southfield/,/blog/meetings/southfield/,Region,Accessibility & mobile; Broken links; Headings; Meeting data; Meta descriptions; Page titles; Security & privacy,High,Pinch-to-zoom disabled — people cannot enlarge text on a phone | Link points to a page that does not exist (404) | Insecure http:// resource on a secure page,/meetings (record-level migration),Not started,To assess
https://na.org.za/blog/meetings/soweto-dube-fridays-1830-3-2/,/blog/meetings/soweto-dube-fridays-1830-3-2/,Region,Accessibility & mobile; Broken links; Headings; Meeting data; Meta descriptions; Page titles; Security & privacy,High,Pinch-to-zoom disabled — people cannot enlarge text on a phone | Link points to a page that does not exist (404) | Insecure http:// resource on a secure page,/meetings (record-level migration),Not started,To assess
https://na.org.za/blog/meetings/soweto-friday-1600/,/blog/meetings/soweto-friday-1600/,Region,Accessibility & mobile; Broken links; Headings; Meeting data; Meta descriptions; Page titles; Security & privacy,High,Pinch-to-zoom disabled — people cannot enlarge text on a phone | Link points to a page that does not exist (404) | Insecure http:// resource on a secure page,/meetings (record-level migration),Not started,To assess
https://na.org.za/blog/meetings/soweto-pimville-wednesday-1830-2/,/blog/meetings/soweto-pimville-wednesday-1830-2/,Region,Accessibility & mobile; Content; Crawl & indexation; Headings; Indexing & canonicals; Meta descriptions,Critical,Server error 500 on a URL listed in the sitemap | Page set to noindex — will not appear in Google | Missing meta description,/meetings (record-level migration),Not started,To assess
https://na.org.za/blog/meetings/soweto-pimville-wednesday-1830/,/blog/meetings/soweto-pimville-wednesday-1830/,Region,Accessibility & mobile; Broken links; Headings; Meeting data; Meta descriptions; Page titles; Security & privacy,High,Pinch-to-zoom disabled — people cannot enlarge text on a phone | Link points to a page that does not exist (404) | Insecure http:// resource on a secure page,/meetings (record-level migration),Not started,To assess
https://na.org.za/blog/meetings/soweto-saturday-0900-2/,/blog/meetings/soweto-saturday-0900-2/,Region,Accessibility & mobile; Broken links; Headings; Meeting data; Meta descriptions; Page titles; Security & privacy,High,Pinch-to-zoom disabled — people cannot enlarge text on a phone | Link points to a page that does not exist (404) | Insecure http:// resource on a secure page,/meetings (record-level migration),Not started,To assess
https://na.org.za/blog/meetings/soweto-thursday-1600-2/,/blog/meetings/soweto-thursday-1600-2/,Region,Accessibility & mobile; Broken links; Headings; Meeting data; Meta descriptions; Page titles; Security & privacy,High,Pinch-to-zoom disabled — people cannot enlarge text on a phone | Link points to a page that does not exist (404) | Insecure http:// resource on a secure page,/meetings (record-level migration),Not started,To assess
https://na.org.za/blog/meetings/soweto-tuesday-1600/,/blog/meetings/soweto-tuesday-1600/,Region,Accessibility & mobile; Broken links; Headings; Meeting data; Meta descriptions; Page titles; Security & privacy,High,Pinch-to-zoom disabled — people cannot enlarge text on a phone | Link points to a page that does not exist (404) | Insecure http:// resource on a secure page,/meetings (record-level migration),Not started,To assess
https://na.org.za/blog/meetings/speaker-meeting/,/blog/meetings/speaker-meeting/,Region,Accessibility & mobile; Broken links; Headings; Meeting data; Meta descriptions; Page titles; Security & privacy,High,Pinch-to-zoom disabled — people cannot enlarge text on a phone | Link points to a page that does not exist (404) | Insecure http:// resource on a secure page,/meetings (record-level migration),Not started,To assess
https://na.org.za/blog/meetings/speaker/,/blog/meetings/speaker/,Region,Accessibility & mobile; Broken links; Headings; Meta descriptions; Security & privacy,High,Pinch-to-zoom disabled — people cannot enlarge text on a phone | Link points to a page that does not exist (404) | Insecure http:// resource on a secure page,/meetings (record-level migration),Not started,To assess
https://na.org.za/blog/meetings/spiritual-principles-2/,/blog/meetings/spiritual-principles-2/,Region,Accessibility & mobile; Broken links; Meeting data; Meta descriptions; Page titles; Security & privacy,High,"Pinch-to-zoom disabled — people cannot enlarge text on a phone | Link points to a page that does not exist (404) | Location flagged ""approximate"" — pin not precisely geocoded",/meetings (record-level migration),Not started,To assess
https://na.org.za/blog/meetings/spiritual-principles-3/,/blog/meetings/spiritual-principles-3/,Region,Accessibility & mobile; Broken links; Meeting data; Meta descriptions; Page titles; Security & privacy,High,"Pinch-to-zoom disabled — people cannot enlarge text on a phone | Link points to a page that does not exist (404) | Location flagged ""approximate"" — pin not precisely geocoded",/meetings (record-level migration),Not started,To assess
https://na.org.za/blog/meetings/spiritual-principles-4/,/blog/meetings/spiritual-principles-4/,Region,Accessibility & mobile; Broken links; Meeting data; Meta descriptions; Page titles; Security & privacy,High,"Pinch-to-zoom disabled — people cannot enlarge text on a phone | Link points to a page that does not exist (404) | Location flagged ""approximate"" — pin not precisely geocoded",/meetings (record-level migration),Not started,To assess
https://na.org.za/blog/meetings/spiritual-principles-5/,/blog/meetings/spiritual-principles-5/,Region,Accessibility & mobile; Broken links; Meeting data; Meta descriptions; Page titles; Security & privacy,High,"Pinch-to-zoom disabled — people cannot enlarge text on a phone | Link points to a page that does not exist (404) | Location flagged ""approximate"" — pin not precisely geocoded",/meetings (record-level migration),Not started,To assess
https://na.org.za/blog/meetings/spiritual-principles-6/,/blog/meetings/spiritual-principles-6/,Region,Accessibility & mobile; Broken links; Meeting data; Meta descriptions; Page titles; Security & privacy,High,"Pinch-to-zoom disabled — people cannot enlarge text on a phone | Link points to a page that does not exist (404) | Location flagged ""approximate"" — pin not precisely geocoded",/meetings (record-level migration),Not started,To assess
https://na.org.za/blog/meetings/spiritual-principles-7/,/blog/meetings/spiritual-principles-7/,Region,Accessibility & mobile; Broken links; Meeting data; Meta descriptions; Page titles; Security & privacy,High,"Pinch-to-zoom disabled — people cannot enlarge text on a phone | Link points to a page that does not exist (404) | Location flagged ""approximate"" — pin not precisely geocoded",/meetings (record-level migration),Not started,To assess
https://na.org.za/blog/meetings/spiritual-principles/,/blog/meetings/spiritual-principles/,Region,Accessibility & mobile; Broken links; Headings; Meeting data; Meta descriptions; Page titles; Security & privacy,High,Pinch-to-zoom disabled — people cannot enlarge text on a phone | Link points to a page that does not exist (404) | Insecure http:// resource on a secure page,/meetings (record-level migration),Not started,To assess
https://na.org.za/blog/meetings/st-josephs-church-friday-500-pm/,/blog/meetings/st-josephs-church-friday-500-pm/,Region,Accessibility & mobile; Broken links; Headings; Meeting data; Meta descriptions; Page titles; Security & privacy,High,Pinch-to-zoom disabled — people cannot enlarge text on a phone | Link points to a page that does not exist (404) | Insecure http:// resource on a secure page,/meetings (record-level migration),Not started,To assess
https://na.org.za/blog/meetings/stellenbosch/,/blog/meetings/stellenbosch/,Region,Accessibility & mobile; Broken links; Headings; Meeting data; Meta descriptions; Security & privacy,High,Pinch-to-zoom disabled — people cannot enlarge text on a phone | Link points to a page that does not exist (404) | Insecure http:// resource on a secure page,/meetings (record-level migration),Not started,To assess
https://na.org.za/blog/meetings/step-up-newcomer-group/,/blog/meetings/step-up-newcomer-group/,Region,Accessibility & mobile; Broken links; Headings; Meeting data; Meta descriptions; Page titles; Security & privacy,High,Pinch-to-zoom disabled — people cannot enlarge text on a phone | Link points to a page that does not exist (404) | Insecure http:// resource on a secure page,/meetings (record-level migration),Not started,To assess
https://na.org.za/blog/meetings/sunday-serenity/,/blog/meetings/sunday-serenity/,Region,Accessibility & mobile; Broken links; Headings; Meta descriptions; Security & privacy,High,Pinch-to-zoom disabled — people cannot enlarge text on a phone | Link points to a page that does not exist (404) | Insecure http:// resource on a secure page,/meetings (record-level migration),Not started,To assess
https://na.org.za/blog/meetings/sunninghill-sunday-sundowner-3/,/blog/meetings/sunninghill-sunday-sundowner-3/,Region,Accessibility & mobile; Broken links; Headings; Meeting data; Meta descriptions; Page titles; Security & privacy,High,Pinch-to-zoom disabled — people cannot enlarge text on a phone | Link points to a page that does not exist (404) | Insecure http:// resource on a secure page,/meetings (record-level migration),Not started,To assess
https://na.org.za/blog/meetings/surrender-to-monday/,/blog/meetings/surrender-to-monday/,Region,Accessibility & mobile; Broken links; Headings; Meeting data; Meta descriptions; Page titles; Security & privacy,High,Pinch-to-zoom disabled — people cannot enlarge text on a phone | Link points to a page that does not exist (404) | Insecure http:// resource on a secure page,/meetings (record-level migration),Not started,To assess
https://na.org.za/blog/meetings/sydenham-friday/,/blog/meetings/sydenham-friday/,Region,Accessibility & mobile; Broken links; Headings; Meta descriptions; Security & privacy,High,Pinch-to-zoom disabled — people cannot enlarge text on a phone | Link points to a page that does not exist (404) | Insecure http:// resource on a secure page,/meetings (record-level migration),Not started,To assess
https://na.org.za/blog/meetings/sydenham-meeting-2/,/blog/meetings/sydenham-meeting-2/,Region,Accessibility & mobile; Content; Crawl & indexation; Headings; Indexing & canonicals; Meta descriptions,Critical,Server error 500 on a URL listed in the sitemap | Page set to noindex — will not appear in Google | Missing meta description,/meetings (record-level migration),Not started,To assess
https://na.org.za/blog/meetings/sydenham-meeting-3/,/blog/meetings/sydenham-meeting-3/,Region,Accessibility & mobile; Broken links; Headings; Meeting data; Meta descriptions; Page titles; Security & privacy,High,Pinch-to-zoom disabled — people cannot enlarge text on a phone | Link points to a page that does not exist (404) | Insecure http:// resource on a secure page,/meetings (record-level migration),Not started,To assess
https://na.org.za/blog/meetings/sydenham-saturday/,/blog/meetings/sydenham-saturday/,Region,Accessibility & mobile; Broken links; Headings; Meeting data; Meta descriptions; Page titles; Security & privacy,High,Pinch-to-zoom disabled — people cannot enlarge text on a phone | Link points to a page that does not exist (404) | Insecure http:// resource on a secure page,/meetings (record-level migration),Not started,To assess
https://na.org.za/blog/meetings/table-view/,/blog/meetings/table-view/,Region,Accessibility & mobile; Broken links; Headings; Meeting data; Meta descriptions; Page titles; Security & privacy; Spelling,High,Pinch-to-zoom disabled — people cannot enlarge text on a phone | Link points to a page that does not exist (404) | Insecure http:// resource on a secure page,/meetings (record-level migration),Not started,To assess
https://na.org.za/blog/meetings/tembisa-friday-1830-2/,/blog/meetings/tembisa-friday-1830-2/,Region,Accessibility & mobile; Content; Crawl & indexation; Headings; Indexing & canonicals; Meta descriptions,Critical,Server error 500 on a URL listed in the sitemap | Page set to noindex — will not appear in Google | Missing meta description,/meetings (record-level migration),Not started,To assess
https://na.org.za/blog/meetings/tembisa-friday-1830/,/blog/meetings/tembisa-friday-1830/,Region,Accessibility & mobile; Broken links; Headings; Meeting data; Meta descriptions; Page titles; Security & privacy,High,Pinch-to-zoom disabled — people cannot enlarge text on a phone | Link points to a page that does not exist (404) | Insecure http:// resource on a secure page,/meetings (record-level migration),Not started,To assess
https://na.org.za/blog/meetings/thames-house-group-monday-2000-3/,/blog/meetings/thames-house-group-monday-2000-3/,Region,Accessibility & mobile; Broken links; Headings; Meeting data; Meta descriptions; Page titles; Security & privacy,High,Pinch-to-zoom disabled — people cannot enlarge text on a phone | Link points to a page that does not exist (404) | Insecure http:// resource on a secure page,/meetings (record-level migration),Not started,To assess
https://na.org.za/blog/meetings/thames-house-group-monday-2000/,/blog/meetings/thames-house-group-monday-2000/,Region,Accessibility & mobile; Content; Crawl & indexation; Headings; Indexing & canonicals; Meta descriptions,Critical,Server error 500 on a URL listed in the sitemap | Page set to noindex — will not appear in Google | Missing meta description,/meetings (record-level migration),Not started,To assess
https://na.org.za/blog/meetings/thandanani-walk-in-centre-tuesday-600-pm/,/blog/meetings/thandanani-walk-in-centre-tuesday-600-pm/,Region,Accessibility & mobile; Broken links; Headings; Meeting data; Meta descriptions; Security & privacy,High,Pinch-to-zoom disabled — people cannot enlarge text on a phone | Link points to a page that does not exist (404) | Insecure http:// resource on a secure page,/meetings (record-level migration),Not started,To assess
https://na.org.za/blog/meetings/the-untold-stories-of-na-members-online/,/blog/meetings/the-untold-stories-of-na-members-online/,Region,Accessibility & mobile; Broken links; Headings; Meeting data; Meta descriptions; Page titles; Security & privacy,High,"Pinch-to-zoom disabled — people cannot enlarge text on a phone | Link points to a page that does not exist (404) | Location flagged ""approximate"" — pin not precisely geocoded",/meetings (record-level migration),Not started,To assess
https://na.org.za/blog/meetings/thembisa-na-meeting-wednesday-1830-2/,/blog/meetings/thembisa-na-meeting-wednesday-1830-2/,Region,Accessibility & mobile; Broken links; Headings; Meeting data; Meta descriptions; Page titles; Security & privacy,High,Pinch-to-zoom disabled — people cannot enlarge text on a phone | Link points to a page that does not exist (404) | Insecure http:// resource on a secure page,/meetings (record-level migration),Not started,To assess
https://na.org.za/blog/meetings/thursday-queensburgh/,/blog/meetings/thursday-queensburgh/,Region,Accessibility & mobile; Broken links; Headings; Meta descriptions; Page titles; Security & privacy,High,Pinch-to-zoom disabled — people cannot enlarge text on a phone | Link points to a page that does not exist (404) | Insecure http:// resource on a secure page,/meetings (record-level migration),Not started,To assess
https://na.org.za/blog/meetings/thursday-rustenburg-meeting-open/,/blog/meetings/thursday-rustenburg-meeting-open/,Region,Accessibility & mobile; Broken links; Headings; Meta descriptions; Page titles; Security & privacy,High,Pinch-to-zoom disabled — people cannot enlarge text on a phone | Link points to a page that does not exist (404) | Insecure http:// resource on a secure page,/meetings (record-level migration),Not started,To assess
https://na.org.za/blog/meetings/thursday-second-chance-meeting/,/blog/meetings/thursday-second-chance-meeting/,Region,Accessibility & mobile; Broken links; Headings; Meeting data; Meta descriptions; Page titles; Security & privacy,High,Pinch-to-zoom disabled — people cannot enlarge text on a phone | Link points to a page that does not exist (404) | Insecure http:// resource on a secure page,/meetings (record-level migration),Not started,To assess
https://na.org.za/blog/meetings/thursday-thabazimbi-meeting-open/,/blog/meetings/thursday-thabazimbi-meeting-open/,Region,Accessibility & mobile; Broken links; Headings; Meeting data; Meta descriptions; Page titles; Security & privacy,High,Pinch-to-zoom disabled — people cannot enlarge text on a phone | Link points to a page that does not exist (404) | Insecure http:// resource on a secure page,/meetings (record-level migration),Not started,To assess
https://na.org.za/blog/meetings/toekomsrus-wednesdays-18h00-2/,/blog/meetings/toekomsrus-wednesdays-18h00-2/,Region,Accessibility & mobile; Broken links; Headings; Meeting data; Meta descriptions; Page titles; Security & privacy,High,Pinch-to-zoom disabled — people cannot enlarge text on a phone | Link points to a page that does not exist (404) | Insecure http:// resource on a secure page,/meetings (record-level migration),Not started,To assess
https://na.org.za/blog/meetings/toekomsrus-wednesdays-18h00/,/blog/meetings/toekomsrus-wednesdays-18h00/,Region,Accessibility & mobile; Broken links; Headings; Meeting data; Meta descriptions; Page titles; Security & privacy,High,Pinch-to-zoom disabled — people cannot enlarge text on a phone | Link points to a page that does not exist (404) | Insecure http:// resource on a secure page,/meetings (record-level migration),Not started,To assess
https://na.org.za/blog/meetings/tongaat-saturday/,/blog/meetings/tongaat-saturday/,Region,Accessibility & mobile; Broken links; Headings; Meeting data; Meta descriptions; Security & privacy,High,Pinch-to-zoom disabled — people cannot enlarge text on a phone | Link points to a page that does not exist (404) | Insecure http:// resource on a secure page,/meetings (record-level migration),Not started,To assess
https://na.org.za/blog/meetings/tongaat-sunday/,/blog/meetings/tongaat-sunday/,Region,Accessibility & mobile; Broken links; Headings; Meeting data; Meta descriptions; Security & privacy,High,Pinch-to-zoom disabled — people cannot enlarge text on a phone | Link points to a page that does not exist (404) | Insecure http:// resource on a secure page,/meetings (record-level migration),Not started,To assess
https://na.org.za/blog/meetings/tongaat-thursday/,/blog/meetings/tongaat-thursday/,Region,Accessibility & mobile; Broken links; Headings; Meeting data; Meta descriptions; Security & privacy,High,Pinch-to-zoom disabled — people cannot enlarge text on a phone | Link points to a page that does not exist (404) | Insecure http:// resource on a secure page,/meetings (record-level migration),Not started,To assess
https://na.org.za/blog/meetings/tongaat-tuesday/,/blog/meetings/tongaat-tuesday/,Region,Accessibility & mobile; Broken links; Headings; Meeting data; Meta descriptions; Security & privacy,High,Pinch-to-zoom disabled — people cannot enlarge text on a phone | Link points to a page that does not exist (404) | Insecure http:// resource on a secure page,/meetings (record-level migration),Not started,To assess
https://na.org.za/blog/meetings/topic-2/,/blog/meetings/topic-2/,Region,Accessibility & mobile; Broken links; Headings; Meeting data; Meta descriptions; Page titles; Security & privacy,High,Pinch-to-zoom disabled — people cannot enlarge text on a phone | Link points to a page that does not exist (404) | Insecure http:// resource on a secure page,/meetings (record-level migration),Not started,To assess
https://na.org.za/blog/meetings/topic-3/,/blog/meetings/topic-3/,Region,Accessibility & mobile; Broken links; Headings; Meta descriptions; Security & privacy,High,Pinch-to-zoom disabled — people cannot enlarge text on a phone | Link points to a page that does not exist (404) | Insecure http:// resource on a secure page,/meetings (record-level migration),Not started,To assess
https://na.org.za/blog/meetings/topic-4/,/blog/meetings/topic-4/,Region,Accessibility & mobile; Broken links; Headings; Meta descriptions; Page titles; Security & privacy,High,Pinch-to-zoom disabled — people cannot enlarge text on a phone | Link points to a page that does not exist (404) | Insecure http:// resource on a secure page,/meetings (record-level migration),Not started,To assess
https://na.org.za/blog/meetings/topic-tag-meeting/,/blog/meetings/topic-tag-meeting/,Region,Accessibility & mobile; Broken links; Headings; Meta descriptions; Security & privacy,High,Pinch-to-zoom disabled — people cannot enlarge text on a phone | Link points to a page that does not exist (404) | Insecure http:// resource on a secure page,/meetings (record-level migration),Not started,To assess
https://na.org.za/blog/meetings/topic/,/blog/meetings/topic/,Region,Accessibility & mobile; Broken links; Headings; Meta descriptions; Page titles; Security & privacy,High,Pinch-to-zoom disabled — people cannot enlarge text on a phone | Link points to a page that does not exist (404) | Insecure http:// resource on a secure page,/meetings (record-level migration),Not started,To assess
https://na.org.za/blog/meetings/toti-sunday-steps-meeting/,/blog/meetings/toti-sunday-steps-meeting/,Region,Accessibility & mobile; Broken links; Headings; Meeting data; Meta descriptions; Page titles; Security & privacy,High,Pinch-to-zoom disabled — people cannot enlarge text on a phone | Link points to a page that does not exist (404) | Insecure http:// resource on a secure page,/meetings (record-level migration),Not started,To assess
https://na.org.za/blog/meetings/towerby-tuesday-1900/,/blog/meetings/towerby-tuesday-1900/,Region,Accessibility & mobile; Broken links; Headings; Meeting data; Meta descriptions; Page titles; Security & privacy,High,Pinch-to-zoom disabled — people cannot enlarge text on a phone | Link points to a page that does not exist (404) | Insecure http:// resource on a secure page,/meetings (record-level migration),Not started,To assess
https://na.org.za/blog/meetings/tuesday-mabupane-recovery-meeting/,/blog/meetings/tuesday-mabupane-recovery-meeting/,Region,Accessibility & mobile; Broken links; Headings; Meeting data; Meta descriptions; Page titles; Security & privacy,High,Pinch-to-zoom disabled — people cannot enlarge text on a phone | Link points to a page that does not exist (404) | Insecure http:// resource on a secure page,/meetings (record-level migration),Not started,To assess
https://na.org.za/blog/meetings/tuesday-second-chance-meeting/,/blog/meetings/tuesday-second-chance-meeting/,Region,Accessibility & mobile; Broken links; Headings; Meeting data; Meta descriptions; Page titles; Security & privacy,High,Pinch-to-zoom disabled — people cannot enlarge text on a phone | Link points to a page that does not exist (404) | Insecure http:// resource on a secure page,/meetings (record-level migration),Not started,To assess
https://na.org.za/blog/meetings/umbilo-monday/,/blog/meetings/umbilo-monday/,Region,Accessibility & mobile; Broken links; Headings; Meeting data; Meta descriptions; Security & privacy,High,Pinch-to-zoom disabled — people cannot enlarge text on a phone | Link points to a page that does not exist (404) | Insecure http:// resource on a secure page,/meetings (record-level migration),Not started,To assess
https://na.org.za/blog/meetings/umhlali-tuesday-2/,/blog/meetings/umhlali-tuesday-2/,Region,Accessibility & mobile; Broken links; Headings; Meeting data; Meta descriptions; Security & privacy,High,Pinch-to-zoom disabled — people cannot enlarge text on a phone | Link points to a page that does not exist (404) | Google plus code used instead of a street address,/meetings (record-level migration),Not started,To assess
https://na.org.za/blog/meetings/umhlali-tuesday/,/blog/meetings/umhlali-tuesday/,Region,Accessibility & mobile; Broken links; Headings; Meeting data; Meta descriptions; Security & privacy,High,Pinch-to-zoom disabled — people cannot enlarge text on a phone | Link points to a page that does not exist (404) | Google plus code used instead of a street address,/meetings (record-level migration),Not started,To assess
https://na.org.za/blog/meetings/umhlanga-thursday/,/blog/meetings/umhlanga-thursday/,Region,Accessibility & mobile; Broken links; Headings; Meeting data; Meta descriptions; Security & privacy,High,Pinch-to-zoom disabled — people cannot enlarge text on a phone | Link points to a page that does not exist (404) | Insecure http:// resource on a secure page,/meetings (record-level migration),Not started,To assess
https://na.org.za/blog/meetings/umzinto-saturday/,/blog/meetings/umzinto-saturday/,Region,Accessibility & mobile; Broken links; Headings; Meeting data; Meta descriptions; Security & privacy,High,Pinch-to-zoom disabled — people cannot enlarge text on a phone | Link points to a page that does not exist (404) | Insecure http:// resource on a secure page,/meetings (record-level migration),Not started,To assess
https://na.org.za/blog/meetings/vanderbijlpark-monday-1900/,/blog/meetings/vanderbijlpark-monday-1900/,Region,Accessibility & mobile; Broken links; Headings; Meeting data; Meta descriptions; Page titles; Security & privacy,High,Pinch-to-zoom disabled — people cannot enlarge text on a phone | Link points to a page that does not exist (404) | Insecure http:// resource on a secure page,/meetings (record-level migration),Not started,To assess
https://na.org.za/blog/meetings/virtual-online-group-vog-2/,/blog/meetings/virtual-online-group-vog-2/,Region,Accessibility & mobile; Broken links; Headings; Meeting data; Meta descriptions; Page titles; Security & privacy,High,"Pinch-to-zoom disabled — people cannot enlarge text on a phone | Link points to a page that does not exist (404) | Location flagged ""approximate"" — pin not precisely geocoded",/meetings (record-level migration),Not started,To assess
https://na.org.za/blog/meetings/virtual-online-group-vog-3/,/blog/meetings/virtual-online-group-vog-3/,Region,Accessibility & mobile; Broken links; Meeting data; Meta descriptions; Page titles; Security & privacy,High,"Pinch-to-zoom disabled — people cannot enlarge text on a phone | Link points to a page that does not exist (404) | Location flagged ""approximate"" — pin not precisely geocoded",/meetings (record-level migration),Not started,To assess
https://na.org.za/blog/meetings/virtual-online-group-vog-4/,/blog/meetings/virtual-online-group-vog-4/,Region,Accessibility & mobile; Broken links; Meeting data; Meta descriptions; Page titles; Security & privacy,High,"Pinch-to-zoom disabled — people cannot enlarge text on a phone | Link points to a page that does not exist (404) | Location flagged ""approximate"" — pin not precisely geocoded",/meetings (record-level migration),Not started,To assess
https://na.org.za/blog/meetings/virtual-online-group-vog-5/,/blog/meetings/virtual-online-group-vog-5/,Region,Accessibility & mobile; Broken links; Meeting data; Meta descriptions; Page titles; Security & privacy,High,"Pinch-to-zoom disabled — people cannot enlarge text on a phone | Link points to a page that does not exist (404) | Location flagged ""approximate"" — pin not precisely geocoded",/meetings (record-level migration),Not started,To assess
https://na.org.za/blog/meetings/virtual-online-group-vog-6/,/blog/meetings/virtual-online-group-vog-6/,Region,Accessibility & mobile; Broken links; Meeting data; Meta descriptions; Page titles; Security & privacy,High,"Pinch-to-zoom disabled — people cannot enlarge text on a phone | Link points to a page that does not exist (404) | Location flagged ""approximate"" — pin not precisely geocoded",/meetings (record-level migration),Not started,To assess
https://na.org.za/blog/meetings/virtual-online-group-vog-7/,/blog/meetings/virtual-online-group-vog-7/,Region,Accessibility & mobile; Broken links; Meeting data; Meta descriptions; Page titles; Security & privacy,High,"Pinch-to-zoom disabled — people cannot enlarge text on a phone | Link points to a page that does not exist (404) | Location flagged ""approximate"" — pin not precisely geocoded",/meetings (record-level migration),Not started,To assess
https://na.org.za/blog/meetings/virtual-online-group-vog/,/blog/meetings/virtual-online-group-vog/,Region,Accessibility & mobile; Broken links; Meeting data; Meta descriptions; Page titles; Security & privacy,High,"Pinch-to-zoom disabled — people cannot enlarge text on a phone | Link points to a page that does not exist (404) | Location flagged ""approximate"" — pin not precisely geocoded",/meetings (record-level migration),Not started,To assess
https://na.org.za/blog/meetings/vosloorus-friday-1800-2/,/blog/meetings/vosloorus-friday-1800-2/,Region,Accessibility & mobile; Content; Crawl & indexation; Headings; Indexing & canonicals; Meta descriptions,Critical,Server error 500 on a URL listed in the sitemap | Page set to noindex — will not appear in Google | Missing meta description,/meetings (record-level migration),Not started,To assess
https://na.org.za/blog/meetings/vosloorus-friday-1800/,/blog/meetings/vosloorus-friday-1800/,Region,Accessibility & mobile; Broken links; Headings; Meeting data; Meta descriptions; Page titles; Security & privacy,High,Pinch-to-zoom disabled — people cannot enlarge text on a phone | Link points to a page that does not exist (404) | Insecure http:// resource on a secure page,/meetings (record-level migration),Not started,To assess
https://na.org.za/blog/meetings/vosloorus-wednesday-1800-2/,/blog/meetings/vosloorus-wednesday-1800-2/,Region,Accessibility & mobile; Broken links; Headings; Meeting data; Meta descriptions; Page titles; Security & privacy,High,Pinch-to-zoom disabled — people cannot enlarge text on a phone | Link points to a page that does not exist (404) | Insecure http:// resource on a secure page,/meetings (record-level migration),Not started,To assess
https://na.org.za/blog/meetings/walkers-fruit-farms-thursday-1830-3/,/blog/meetings/walkers-fruit-farms-thursday-1830-3/,Region,Accessibility & mobile; Broken links; Headings; Meeting data; Meta descriptions; Page titles; Security & privacy,High,Pinch-to-zoom disabled — people cannot enlarge text on a phone | Link points to a page that does not exist (404) | Insecure http:// resource on a secure page,/meetings (record-level migration),Not started,To assess
https://na.org.za/blog/meetings/wanderers-wednesday-1930-2/,/blog/meetings/wanderers-wednesday-1930-2/,Region,Accessibility & mobile; Broken links; Headings; Meeting data; Meta descriptions; Page titles; Security & privacy,High,Pinch-to-zoom disabled — people cannot enlarge text on a phone | Link points to a page that does not exist (404) | Insecure http:// resource on a secure page,/meetings (record-level migration),Not started,To assess
https://na.org.za/blog/meetings/wanderers-wednesday-1930/,/blog/meetings/wanderers-wednesday-1930/,Region,Accessibility & mobile; Content; Crawl & indexation; Headings; Indexing & canonicals; Meta descriptions,Critical,Server error 500 on a URL listed in the sitemap | Page set to noindex — will not appear in Google | Missing meta description,/meetings (record-level migration),Not started,To assess
https://na.org.za/blog/meetings/waverley-meeting/,/blog/meetings/waverley-meeting/,Region,Accessibility & mobile; Broken links; Headings; Meeting data; Meta descriptions; Page titles; Security & privacy; Spelling,High,Pinch-to-zoom disabled — people cannot enlarge text on a phone | Link points to a page that does not exist (404) | Insecure http:// resource on a secure page,/meetings (record-level migration),Not started,To assess
https://na.org.za/blog/meetings/wednesday-new-life-meeting-open/,/blog/meetings/wednesday-new-life-meeting-open/,Region,Accessibility & mobile; Broken links; Headings; Meeting data; Meta descriptions; Page titles; Security & privacy,High,Pinch-to-zoom disabled — people cannot enlarge text on a phone | Link points to a page that does not exist (404) | Insecure http:// resource on a secure page,/meetings (record-level migration),Not started,To assess
https://na.org.za/blog/meetings/wednesday-second-chance-meeting/,/blog/meetings/wednesday-second-chance-meeting/,Region,Accessibility & mobile; Broken links; Headings; Meeting data; Meta descriptions; Page titles; Security & privacy,High,Pinch-to-zoom disabled — people cannot enlarge text on a phone | Link points to a page that does not exist (404) | Insecure http:// resource on a secure page,/meetings (record-level migration),Not started,To assess
https://na.org.za/blog/meetings/wednesdays-we-can/,/blog/meetings/wednesdays-we-can/,Region,Accessibility & mobile; Broken links; Headings; Meeting data; Meta descriptions; Page titles; Security & privacy,High,Pinch-to-zoom disabled — people cannot enlarge text on a phone | Link points to a page that does not exist (404) | Insecure http:// resource on a secure page,/meetings (record-level migration),Not started,To assess
https://na.org.za/blog/meetings/welcome-home/,/blog/meetings/welcome-home/,Region,Accessibility & mobile; Broken links; Headings; Meeting data; Meta descriptions; Page titles; Security & privacy,High,Pinch-to-zoom disabled — people cannot enlarge text on a phone | Link points to a page that does not exist (404) | Insecure http:// resource on a secure page,/meetings (record-level migration),Not started,To assess
https://na.org.za/blog/meetings/welcome-to-the-newcomer/,/blog/meetings/welcome-to-the-newcomer/,Region,Accessibility & mobile; Broken links; Headings; Meeting data; Meta descriptions; Security & privacy,High,Pinch-to-zoom disabled — people cannot enlarge text on a phone | Link points to a page that does not exist (404) | Insecure http:// resource on a secure page,/meetings (record-level migration),Not started,To assess
https://na.org.za/blog/meetings/weltevreden-park-mondays-1900/,/blog/meetings/weltevreden-park-mondays-1900/,Region,Accessibility & mobile; Broken links; Headings; Meeting data; Meta descriptions; Page titles; Security & privacy,High,Pinch-to-zoom disabled — people cannot enlarge text on a phone | Link points to a page that does not exist (404) | Insecure http:// resource on a secure page,/meetings (record-level migration),Not started,To assess
https://na.org.za/blog/meetings/weltevreden-park-thursdays-1930/,/blog/meetings/weltevreden-park-thursdays-1930/,Region,Accessibility & mobile; Broken links; Headings; Meeting data; Meta descriptions; Page titles; Security & privacy,High,Pinch-to-zoom disabled — people cannot enlarge text on a phone | Link points to a page that does not exist (404) | Insecure http:// resource on a secure page,/meetings (record-level migration),Not started,To assess
https://na.org.za/blog/meetings/westville-wednesday/,/blog/meetings/westville-wednesday/,Region,Accessibility & mobile; Broken links; Headings; Meeting data; Meta descriptions; Page titles; Security & privacy,High,Pinch-to-zoom disabled — people cannot enlarge text on a phone | Link points to a page that does not exist (404) | Insecure http:// resource on a secure page,/meetings (record-level migration),Not started,To assess
https://na.org.za/blog/meetings/womens-meeting/,/blog/meetings/womens-meeting/,Region,Accessibility & mobile; Broken links; Headings; Meta descriptions; Page titles; Security & privacy,High,Pinch-to-zoom disabled — people cannot enlarge text on a phone | Link points to a page that does not exist (404) | Insecure http:// resource on a secure page,/meetings (record-level migration),Not started,To assess
https://na.org.za/blog/meetings/woodstock-meeting/,/blog/meetings/woodstock-meeting/,Region,Accessibility & mobile; Broken links; Headings; Meeting data; Meta descriptions; Page titles; Security & privacy,High,Pinch-to-zoom disabled — people cannot enlarge text on a phone | Link points to a page that does not exist (404) | Insecure http:// resource on a secure page,/meetings (record-level migration),Not started,To assess
https://na.org.za/blog/meetings/young-peoples-meeting/,/blog/meetings/young-peoples-meeting/,Region,Accessibility & mobile; Broken links; Headings; Meeting data; Meta descriptions; Page titles; Security & privacy,High,Pinch-to-zoom disabled — people cannot enlarge text on a phone | Link points to a page that does not exist (404) | Insecure http:// resource on a secure page,/meetings (record-level migration),Not started,To assess
https://na.org.za/blog/meetings/zola-thursday-1130-2-2/,/blog/meetings/zola-thursday-1130-2-2/,Region,Accessibility & mobile; Broken links; Headings; Meeting data; Meta descriptions; Page titles; Security & privacy,High,Pinch-to-zoom disabled — people cannot enlarge text on a phone | Link points to a page that does not exist (404) | Insecure http:// resource on a secure page,/meetings (record-level migration),Not started,To assess
https://na.org.za/blog/meetings/zola-tuesday-1130-2/,/blog/meetings/zola-tuesday-1130-2/,Region,Accessibility & mobile; Broken links; Headings; Meeting data; Meta descriptions; Page titles; Security & privacy,High,Pinch-to-zoom disabled — people cannot enlarge text on a phone | Link points to a page that does not exist (404) | Insecure http:// resource on a secure page,/meetings (record-level migration),Not started,To assess
https://na.org.za/blog/meetings/zola-tuesday-1130/,/blog/meetings/zola-tuesday-1130/,Region,Accessibility & mobile; Content; Crawl & indexation; Headings; Indexing & canonicals; Meta descriptions,Critical,Server error 500 on a URL listed in the sitemap | Page set to noindex — will not appear in Google | Missing meta description,/meetings (record-level migration),Not started,To assess
https://na.org.za/cart/,/cart/,Region,Accessibility & mobile; Broken links; Content; Headings; Meta descriptions; Security & privacy,High,Pinch-to-zoom disabled — people cannot enlarge text on a phone | Link points to a page that does not exist (404) | Insecure http:// resource on a secure page,Route mapping required,Not started,To assess
https://na.org.za/checkout/,/checkout/,Region,Accessibility & mobile; Broken links; Content; Headings; Meta descriptions; Security & privacy,High,Pinch-to-zoom disabled — people cannot enlarge text on a phone | Link points to a page that does not exist (404) | Insecure http:// resource on a secure page,Route mapping required,Not started,To assess
https://na.org.za/contact/,/contact/,Region,Accessibility & mobile; Broken links; Headings; Meta descriptions; Security & privacy,High,Pinch-to-zoom disabled — people cannot enlarge text on a phone | Link points to a page that does not exist (404) | Insecure http:// resource on a secure page,Route mapping required,Not started,To assess
https://na.org.za/how-to-start-an-na-meeting/,/how-to-start-an-na-meeting/,Region,Accessibility & mobile; Broken links; Headings; Meta descriptions; Page titles; Security & privacy,High,Pinch-to-zoom disabled — people cannot enlarge text on a phone | Link points to a page that does not exist (404) | Insecure http:// resource on a secure page,Route mapping required,Not started,To assess
https://na.org.za/in-person-meetings/,/in-person-meetings/,Region,Accessibility & mobile; Broken links; Content; Headings; Meta descriptions; Security & privacy,High,Pinch-to-zoom disabled — people cannot enlarge text on a phone | Link points to a page that does not exist (404) | Insecure http:// resource on a secure page,Route mapping required,Not started,To assess
https://na.org.za/information-about-na/,/information-about-na/,Region,Accessibility & mobile; Broken links; Headings; Meta descriptions; Page titles; Security & privacy; Spelling,High,Pinch-to-zoom disabled — people cannot enlarge text on a phone | Link points to a page that does not exist (404) | Insecure http:// resource on a secure page,Route mapping required,Not started,To assess
https://na.org.za/jhb/,/jhb/,Johannesburg,Accessibility & mobile; Headings; Meta descriptions; Security & privacy,High,Pinch-to-zoom disabled — people cannot enlarge text on a phone | Insecure http:// resource on a secure page | Missing meta description,/areas/{area-slug} (area content migration),Not started,To assess
https://na.org.za/jhb/2025/11/21/hello-world/,/jhb/2025/11/21/hello-world/,Johannesburg,Accessibility & mobile; Headings; Meta descriptions; Security & privacy; Spelling,High,Pinch-to-zoom disabled — people cannot enlarge text on a phone | Insecure http:// resource on a secure page | Missing meta description,/areas/{area-slug} (area content migration),Not started,To assess
https://na.org.za/jhb/7th-tradition/,/jhb/7th-tradition/,Johannesburg,Accessibility & mobile; Meta descriptions; Security & privacy,High,Pinch-to-zoom disabled — people cannot enlarge text on a phone | Insecure http:// resource on a secure page | Missing meta description,/areas/{area-slug} (area content migration),Not started,To assess
https://na.org.za/jhb/add-a-meeting/,/jhb/add-a-meeting/,Johannesburg,Accessibility & mobile; Meta descriptions; Security & privacy,High,Pinch-to-zoom disabled — people cannot enlarge text on a phone | Insecure http:// resource on a secure page | Missing meta description,/areas/{area-slug} (area content migration),Not started,To assess
https://na.org.za/jhb/add-event/,/jhb/add-event/,Johannesburg,Accessibility & mobile; Headings; Meta descriptions; Security & privacy,High,Pinch-to-zoom disabled — people cannot enlarge text on a phone | Insecure http:// resource on a secure page | Missing meta description,/areas/{area-slug} (area content migration),Not started,To assess
https://na.org.za/jhb/asc-contact-details/,/jhb/asc-contact-details/,Johannesburg,Accessibility & mobile; Meta descriptions; Security & privacy,High,Pinch-to-zoom disabled — people cannot enlarge text on a phone | Insecure http:// resource on a secure page | Missing meta description,/areas/{area-slug} (area content migration),Not started,To assess
https://na.org.za/jhb/author/wc-website-administratorna-org-za,/jhb/author/wc-website-administratorna-org-za,Johannesburg,Security & privacy,Medium,Public author page puts an administrator email address in the web address,/areas/{area-slug} (area content migration),Not started,To assess
https://na.org.za/jhb/calendar/,/jhb/calendar/,Johannesburg,Accessibility & mobile; Content; Headings; Meta descriptions; Security & privacy,High,Pinch-to-zoom disabled — people cannot enlarge text on a phone | Insecure http:// resource on a secure page | Missing meta description,/areas/{area-slug} (area content migration),Not started,To assess
https://na.org.za/jhb/category/uncategorized/,/jhb/category/uncategorized/,Johannesburg,Accessibility & mobile; Content; Headings; Meta descriptions; Security & privacy; Spelling,High,Pinch-to-zoom disabled — people cannot enlarge text on a phone | Insecure http:// resource on a secure page | Missing meta description,/areas/{area-slug} (area content migration),Not started,To assess
https://na.org.za/jhb/contact-us/,/jhb/contact-us/,Johannesburg,Accessibility & mobile; Broken links; Content; Meta descriptions; Security & privacy,High,Pinch-to-zoom disabled — people cannot enlarge text on a phone | Link points to a page that does not exist (429) | Insecure http:// resource on a secure page,/areas/{area-slug} (area content migration),Not started,To assess
https://na.org.za/jhb/downloads/,/jhb/downloads/,Johannesburg,Accessibility & mobile; Broken links; Headings; Meta descriptions; Security & privacy,High,Pinch-to-zoom disabled — people cannot enlarge text on a phone | Link points to a page that does not exist (404) | Insecure http:// resource on a secure page,/areas/{area-slug} (area content migration),Not started,To assess
https://na.org.za/jhb/group-readings/,/jhb/group-readings/,Johannesburg,Accessibility & mobile; Headings; Meta descriptions; Security & privacy,High,Pinch-to-zoom disabled — people cannot enlarge text on a phone | Insecure http:// resource on a secure page | Missing meta description,/areas/{area-slug} (area content migration),Not started,To assess
https://na.org.za/jhb/literature/,/jhb/literature/,Johannesburg,Accessibility & mobile; Broken links; Headings; Meta descriptions; Security & privacy; Spelling,High,Pinch-to-zoom disabled — people cannot enlarge text on a phone | Link points to a page that does not exist (404) | Insecure http:// resource on a secure page,/areas/{area-slug} (area content migration),Not started,To assess
https://na.org.za/jhb/locations/,/jhb/locations/,Johannesburg,Accessibility & mobile; Headings; Indexing & canonicals; Meta descriptions; Spelling,Medium,Missing mobile viewport meta tag | Missing meta description | Missing canonical tag,/areas/{area-slug} (area content migration),Not started,To assess
https://na.org.za/jhb/locations/1-pam-rd-morningside-sandton-2057-south-africa/,/jhb/locations/1-pam-rd-morningside-sandton-2057-south-africa/,Johannesburg,Accessibility & mobile; Content; Crawl & indexation; Headings; Indexing & canonicals; Meta descriptions; Page titles; Security & privacy,High,Pinch-to-zoom disabled — people cannot enlarge text on a phone | Insecure http:// resource on a secure page | Missing meta description,/areas/{area-slug} (area content migration),Not started,To assess
https://na.org.za/jhb/locations/10-cnr-central-and-noord-street-noordgesig-soweto-1804/,/jhb/locations/10-cnr-central-and-noord-street-noordgesig-soweto-1804/,Johannesburg,Accessibility & mobile; Content; Crawl & indexation; Headings; Indexing & canonicals; Meta descriptions; Security & privacy,High,Pinch-to-zoom disabled — people cannot enlarge text on a phone | Insecure http:// resource on a secure page | Missing meta description,/areas/{area-slug} (area content migration),Not started,To assess
https://na.org.za/jhb/locations/10-tehore-rdmulbarton-johannesburg-south-2091/,/jhb/locations/10-tehore-rdmulbarton-johannesburg-south-2091/,Johannesburg,Accessibility & mobile; Content; Crawl & indexation; Headings; Indexing & canonicals; Meta descriptions; Security & privacy,High,Pinch-to-zoom disabled — people cannot enlarge text on a phone | Insecure http:// resource on a secure page | Missing meta description,/areas/{area-slug} (area content migration),Not started,To assess
https://na.org.za/jhb/locations/108-colorado-dr-riverlea-johannesburg-2093-south-africa/,/jhb/locations/108-colorado-dr-riverlea-johannesburg-2093-south-africa/,Johannesburg,Accessibility & mobile; Content; Crawl & indexation; Headings; Indexing & canonicals; Meta descriptions; Security & privacy,High,Pinch-to-zoom disabled — people cannot enlarge text on a phone | Insecure http:// resource on a secure page | Missing meta description,/areas/{area-slug} (area content migration),Not started,To assess
https://na.org.za/jhb/locations/1140-cornelius-st-weltevredenpark-roodepoort-1709-south-africa/,/jhb/locations/1140-cornelius-st-weltevredenpark-roodepoort-1709-south-africa/,Johannesburg,Accessibility & mobile; Content; Crawl & indexation; Headings; Indexing & canonicals; Meta descriptions; Security & privacy,High,Pinch-to-zoom disabled — people cannot enlarge text on a phone | Insecure http:// resource on a secure page | Missing meta description,/areas/{area-slug} (area content migration),Not started,To assess
https://na.org.za/jhb/locations/115-grosvenor-rd-bryanston-sandton-2191-south-africa/,/jhb/locations/115-grosvenor-rd-bryanston-sandton-2191-south-africa/,Johannesburg,Accessibility & mobile; Content; Crawl & indexation; Headings; Indexing & canonicals; Meta descriptions; Security & privacy,High,Pinch-to-zoom disabled — people cannot enlarge text on a phone | Insecure http:// resource on a secure page | Missing meta description,/areas/{area-slug} (area content migration),Not started,To assess
https://na.org.za/jhb/locations/133-plane-road-spartan-kempton-park-1619/,/jhb/locations/133-plane-road-spartan-kempton-park-1619/,Johannesburg,Accessibility & mobile; Content; Crawl & indexation; Headings; Indexing & canonicals; Meta descriptions; Security & privacy,High,Pinch-to-zoom disabled — people cannot enlarge text on a phone | Insecure http:// resource on a secure page | Missing meta description,/areas/{area-slug} (area content migration),Not started,To assess
https://na.org.za/jhb/locations/134-gardiner-street-brakpan-1540/,/jhb/locations/134-gardiner-street-brakpan-1540/,Johannesburg,Accessibility & mobile; Content; Crawl & indexation; Headings; Indexing & canonicals; Meta descriptions; Security & privacy,High,Pinch-to-zoom disabled — people cannot enlarge text on a phone | Insecure http:// resource on a secure page | Missing meta description,/areas/{area-slug} (area content migration),Not started,To assess
https://na.org.za/jhb/locations/152-market-street-fairlands/,/jhb/locations/152-market-street-fairlands/,Johannesburg,Accessibility & mobile; Content; Crawl & indexation; Headings; Indexing & canonicals; Meta descriptions; Security & privacy,High,Pinch-to-zoom disabled — people cannot enlarge text on a phone | Insecure http:// resource on a secure page | Missing meta description,/areas/{area-slug} (area content migration),Not started,To assess
https://na.org.za/jhb/locations/1559-link-st-orange-farm-johannesburg-1841-south-africa/,/jhb/locations/1559-link-st-orange-farm-johannesburg-1841-south-africa/,Johannesburg,Accessibility & mobile; Content; Crawl & indexation; Headings; Indexing & canonicals; Meta descriptions; Security & privacy,High,Pinch-to-zoom disabled — people cannot enlarge text on a phone | Insecure http:// resource on a secure page | Missing meta description,/areas/{area-slug} (area content migration),Not started,To assess
https://na.org.za/jhb/locations/1607-kanya-rd-senaoane-soweto-1818-south-africa/,/jhb/locations/1607-kanya-rd-senaoane-soweto-1818-south-africa/,Johannesburg,Accessibility & mobile; Content; Crawl & indexation; Headings; Indexing & canonicals; Meta descriptions; Security & privacy,High,Pinch-to-zoom disabled — people cannot enlarge text on a phone | Insecure http:// resource on a secure page | Missing meta description,/areas/{area-slug} (area content migration),Not started,To assess
https://na.org.za/jhb/locations/1607-kanya-road-and-umthwalume-street-senaone-mvezo-community-center/,/jhb/locations/1607-kanya-road-and-umthwalume-street-senaone-mvezo-community-center/,Johannesburg,Accessibility & mobile; Content; Crawl & indexation; Headings; Indexing & canonicals; Meta descriptions; Security & privacy,High,Pinch-to-zoom disabled — people cannot enlarge text on a phone | Insecure http:// resource on a secure page | Missing meta description,/areas/{area-slug} (area content migration),Not started,To assess
https://na.org.za/jhb/locations/166-south-road-walkers-fruit-farms/,/jhb/locations/166-south-road-walkers-fruit-farms/,Johannesburg,Accessibility & mobile; Content; Crawl & indexation; Headings; Indexing & canonicals; Meta descriptions; Security & privacy,High,Pinch-to-zoom disabled — people cannot enlarge text on a phone | Insecure http:// resource on a secure page | Missing meta description,/areas/{area-slug} (area content migration),Not started,To assess
https://na.org.za/jhb/locations/16b-penguin-dr-norscot-fourways-sandton-2055/,/jhb/locations/16b-penguin-dr-norscot-fourways-sandton-2055/,Johannesburg,Accessibility & mobile; Content; Crawl & indexation; Headings; Indexing & canonicals; Meta descriptions; Security & privacy,High,Pinch-to-zoom disabled — people cannot enlarge text on a phone | Insecure http:// resource on a secure page | Missing meta description,/areas/{area-slug} (area content migration),Not started,To assess
https://na.org.za/jhb/locations/18-high-rd-orchards-johannesburg-2192/,/jhb/locations/18-high-rd-orchards-johannesburg-2192/,Johannesburg,Accessibility & mobile; Content; Crawl & indexation; Headings; Indexing & canonicals; Meta descriptions; Security & privacy,High,Pinch-to-zoom disabled — people cannot enlarge text on a phone | Insecure http:// resource on a secure page | Missing meta description,/areas/{area-slug} (area content migration),Not started,To assess
https://na.org.za/jhb/locations/1954-peacock-str-lenasia-south-1827/,/jhb/locations/1954-peacock-str-lenasia-south-1827/,Johannesburg,Accessibility & mobile; Content; Crawl & indexation; Headings; Indexing & canonicals; Meta descriptions; Security & privacy,High,Pinch-to-zoom disabled — people cannot enlarge text on a phone | Insecure http:// resource on a secure page | Missing meta description,/areas/{area-slug} (area content migration),Not started,To assess
https://na.org.za/jhb/locations/2-diamant-st-toekomsrus-randfontein-1765-south-africa/,/jhb/locations/2-diamant-st-toekomsrus-randfontein-1765-south-africa/,Johannesburg,Accessibility & mobile; Content; Crawl & indexation; Headings; Indexing & canonicals; Meta descriptions; Security & privacy,High,Pinch-to-zoom disabled — people cannot enlarge text on a phone | Insecure http:// resource on a secure page | Missing meta description,/areas/{area-slug} (area content migration),Not started,To assess
https://na.org.za/jhb/locations/20a-7th-ave-parktown-north-johannesburg-2193/,/jhb/locations/20a-7th-ave-parktown-north-johannesburg-2193/,Johannesburg,Accessibility & mobile; Content; Crawl & indexation; Headings; Indexing & canonicals; Meta descriptions; Security & privacy,High,Pinch-to-zoom disabled — people cannot enlarge text on a phone | Insecure http:// resource on a secure page | Missing meta description,/areas/{area-slug} (area content migration),Not started,To assess
https://na.org.za/jhb/locations/243-6th-ave-mid-ennerdale-johannesburg-1830-south-africa/,/jhb/locations/243-6th-ave-mid-ennerdale-johannesburg-1830-south-africa/,Johannesburg,Accessibility & mobile; Content; Crawl & indexation; Headings; Indexing & canonicals; Meta descriptions; Security & privacy,High,Pinch-to-zoom disabled — people cannot enlarge text on a phone | Insecure http:// resource on a secure page | Missing meta description,/areas/{area-slug} (area content migration),Not started,To assess
https://na.org.za/jhb/locations/25-vrede-street-fochville/,/jhb/locations/25-vrede-street-fochville/,Johannesburg,Accessibility & mobile; Content; Crawl & indexation; Headings; Indexing & canonicals; Meta descriptions; Security & privacy,High,Pinch-to-zoom disabled — people cannot enlarge text on a phone | Insecure http:// resource on a secure page | Missing meta description,/areas/{area-slug} (area content migration),Not started,To assess
https://na.org.za/jhb/locations/253-bryanston-drive/,/jhb/locations/253-bryanston-drive/,Johannesburg,Accessibility & mobile; Content; Crawl & indexation; Headings; Indexing & canonicals; Meta descriptions; Security & privacy,High,Pinch-to-zoom disabled — people cannot enlarge text on a phone | Insecure http:// resource on a secure page | Missing meta description,/areas/{area-slug} (area content migration),Not started,To assess
https://na.org.za/jhb/locations/27-george-ave-fairmount-johannesburg-2192-south-africa/,/jhb/locations/27-george-ave-fairmount-johannesburg-2192-south-africa/,Johannesburg,Accessibility & mobile; Content; Crawl & indexation; Headings; Indexing & canonicals; Meta descriptions; Security & privacy,High,Pinch-to-zoom disabled — people cannot enlarge text on a phone | Insecure http:// resource on a secure page | Missing meta description,/areas/{area-slug} (area content migration),Not started,To assess
https://na.org.za/jhb/locations/272-york-ave-ferndale-randburg-2194/,/jhb/locations/272-york-ave-ferndale-randburg-2194/,Johannesburg,Accessibility & mobile; Content; Crawl & indexation; Headings; Indexing & canonicals; Meta descriptions; Security & privacy,High,Pinch-to-zoom disabled — people cannot enlarge text on a phone | Insecure http:// resource on a secure page | Missing meta description,/areas/{area-slug} (area content migration),Not started,To assess
https://na.org.za/jhb/locations/29-dippenaar-rd-noordheuwel-krugersdorp-1739-south-africa/,/jhb/locations/29-dippenaar-rd-noordheuwel-krugersdorp-1739-south-africa/,Johannesburg,Accessibility & mobile; Content; Crawl & indexation; Headings; Indexing & canonicals; Meta descriptions; Security & privacy,High,Pinch-to-zoom disabled — people cannot enlarge text on a phone | Insecure http:// resource on a secure page | Missing meta description,/areas/{area-slug} (area content migration),Not started,To assess
https://na.org.za/jhb/locations/31-richard-rd-kengies-sandton-2055/,/jhb/locations/31-richard-rd-kengies-sandton-2055/,Johannesburg,Accessibility & mobile; Content; Crawl & indexation; Headings; Indexing & canonicals; Meta descriptions; Security & privacy,High,Pinch-to-zoom disabled — people cannot enlarge text on a phone | Insecure http:// resource on a secure page | Missing meta description,/areas/{area-slug} (area content migration),Not started,To assess
https://na.org.za/jhb/locations/3131-bolani-rd-zola-soweto-1878/,/jhb/locations/3131-bolani-rd-zola-soweto-1878/,Johannesburg,Accessibility & mobile; Content; Crawl & indexation; Headings; Indexing & canonicals; Meta descriptions; Security & privacy,High,Pinch-to-zoom disabled — people cannot enlarge text on a phone | Insecure http:// resource on a secure page | Missing meta description,/areas/{area-slug} (area content migration),Not started,To assess
https://na.org.za/jhb/locations/33747-indaba-street-tsakane/,/jhb/locations/33747-indaba-street-tsakane/,Johannesburg,Accessibility & mobile; Content; Crawl & indexation; Headings; Indexing & canonicals; Meta descriptions; Security & privacy,High,Pinch-to-zoom disabled — people cannot enlarge text on a phone | Insecure http:// resource on a secure page | Missing meta description,/areas/{area-slug} (area content migration),Not started,To assess
https://na.org.za/jhb/locations/3707b-molatedi-street-zone3-diepkloof/,/jhb/locations/3707b-molatedi-street-zone3-diepkloof/,Johannesburg,Accessibility & mobile; Content; Crawl & indexation; Headings; Indexing & canonicals; Meta descriptions; Security & privacy,High,Pinch-to-zoom disabled — people cannot enlarge text on a phone | Insecure http:// resource on a secure page | Missing meta description,/areas/{area-slug} (area content migration),Not started,To assess
https://na.org.za/jhb/locations/3859-sebati-street-ext-1-vosloorus-1475/,/jhb/locations/3859-sebati-street-ext-1-vosloorus-1475/,Johannesburg,Accessibility & mobile; Content; Crawl & indexation; Headings; Indexing & canonicals; Meta descriptions; Security & privacy,High,Pinch-to-zoom disabled — people cannot enlarge text on a phone | Insecure http:// resource on a secure page | Missing meta description,/areas/{area-slug} (area content migration),Not started,To assess
https://na.org.za/jhb/locations/386-e-bank-ave-alexandra-2014-south-africa/,/jhb/locations/386-e-bank-ave-alexandra-2014-south-africa/,Johannesburg,Accessibility & mobile; Content; Crawl & indexation; Headings; Indexing & canonicals; Meta descriptions; Security & privacy,High,Pinch-to-zoom disabled — people cannot enlarge text on a phone | Insecure http:// resource on a secure page | Missing meta description,/areas/{area-slug} (area content migration),Not started,To assess
https://na.org.za/jhb/locations/4-hoy-st-newclare-randburg/,/jhb/locations/4-hoy-st-newclare-randburg/,Johannesburg,Accessibility & mobile; Content; Crawl & indexation; Headings; Indexing & canonicals; Meta descriptions; Security & privacy,High,Pinch-to-zoom disabled — people cannot enlarge text on a phone | Insecure http:// resource on a secure page | Missing meta description,/areas/{area-slug} (area content migration),Not started,To assess
https://na.org.za/jhb/locations/41-pretoria-street-oaklands/,/jhb/locations/41-pretoria-street-oaklands/,Johannesburg,Accessibility & mobile; Content; Crawl & indexation; Headings; Indexing & canonicals; Meta descriptions; Security & privacy,High,Pinch-to-zoom disabled — people cannot enlarge text on a phone | Insecure http:// resource on a secure page | Missing meta description,/areas/{area-slug} (area content migration),Not started,To assess
https://na.org.za/jhb/locations/420-york-ave-ferndale-randburg-2194-south-africa/,/jhb/locations/420-york-ave-ferndale-randburg-2194-south-africa/,Johannesburg,Accessibility & mobile; Content; Crawl & indexation; Headings; Indexing & canonicals; Meta descriptions; Security & privacy,High,Pinch-to-zoom disabled — people cannot enlarge text on a phone | Insecure http:// resource on a secure page | Missing meta description,/areas/{area-slug} (area content migration),Not started,To assess
https://na.org.za/jhb/locations/43-madeline-st-florida-roodepoort-1709/,/jhb/locations/43-madeline-st-florida-roodepoort-1709/,Johannesburg,Accessibility & mobile; Content; Crawl & indexation; Headings; Indexing & canonicals; Meta descriptions; Security & privacy,High,Pinch-to-zoom disabled — people cannot enlarge text on a phone | Insecure http:// resource on a secure page | Missing meta description,/areas/{area-slug} (area content migration),Not started,To assess
https://na.org.za/jhb/locations/45-lily-ave-northcliff-randburg-2115-south-africa/,/jhb/locations/45-lily-ave-northcliff-randburg-2115-south-africa/,Johannesburg,Accessibility & mobile; Content; Crawl & indexation; Headings; Indexing & canonicals; Meta descriptions; Security & privacy,High,Pinch-to-zoom disabled — people cannot enlarge text on a phone | Insecure http:// resource on a secure page | Missing meta description,/areas/{area-slug} (area content migration),Not started,To assess
https://na.org.za/jhb/locations/5-suikerbos-street-lenasia/,/jhb/locations/5-suikerbos-street-lenasia/,Johannesburg,Accessibility & mobile; Content; Crawl & indexation; Headings; Indexing & canonicals; Meta descriptions; Security & privacy,High,Pinch-to-zoom disabled — people cannot enlarge text on a phone | Insecure http:// resource on a secure page | Missing meta description,/areas/{area-slug} (area content migration),Not started,To assess
https://na.org.za/jhb/locations/50-saxon-rd-sandhurst-sandton-2196-south-africa/,/jhb/locations/50-saxon-rd-sandhurst-sandton-2196-south-africa/,Johannesburg,Accessibility & mobile; Content; Crawl & indexation; Headings; Indexing & canonicals; Meta descriptions; Security & privacy,High,Pinch-to-zoom disabled — people cannot enlarge text on a phone | Insecure http:// resource on a secure page | Missing meta description,/areas/{area-slug} (area content migration),Not started,To assess
https://na.org.za/jhb/locations/556-chester-street-lenasia-south-johannesburg/,/jhb/locations/556-chester-street-lenasia-south-johannesburg/,Johannesburg,Accessibility & mobile; Content; Crawl & indexation; Headings; Indexing & canonicals; Meta descriptions; Security & privacy,High,Pinch-to-zoom disabled — people cannot enlarge text on a phone | Insecure http:// resource on a secure page | Missing meta description,/areas/{area-slug} (area content migration),Not started,To assess
https://na.org.za/jhb/locations/5634-unity-boulevard-ext-2-bram-fischerville/,/jhb/locations/5634-unity-boulevard-ext-2-bram-fischerville/,Johannesburg,Accessibility & mobile; Content; Crawl & indexation; Headings; Indexing & canonicals; Meta descriptions; Security & privacy,High,Pinch-to-zoom disabled — people cannot enlarge text on a phone | Insecure http:// resource on a secure page | Missing meta description,/areas/{area-slug} (area content migration),Not started,To assess
https://na.org.za/jhb/locations/6-brink-st-bryanbrink-randburg-2194-johannesburg-south-africa/,/jhb/locations/6-brink-st-bryanbrink-randburg-2194-johannesburg-south-africa/,Johannesburg,Accessibility & mobile; Content; Crawl & indexation; Headings; Indexing & canonicals; Meta descriptions; Security & privacy,High,Pinch-to-zoom disabled — people cannot enlarge text on a phone | Insecure http:// resource on a secure page | Missing meta description,/areas/{area-slug} (area content migration),Not started,To assess
https://na.org.za/jhb/locations/65-foyle-ave-crosby-johannesburg-2092/,/jhb/locations/65-foyle-ave-crosby-johannesburg-2092/,Johannesburg,Accessibility & mobile; Content; Crawl & indexation; Headings; Indexing & canonicals; Meta descriptions; Security & privacy,High,Pinch-to-zoom disabled — people cannot enlarge text on a phone | Insecure http:// resource on a secure page | Missing meta description,/areas/{area-slug} (area content migration),Not started,To assess
https://na.org.za/jhb/locations/67-nanyuki-rd-sunninghill-sandton-2157-south-africa/,/jhb/locations/67-nanyuki-rd-sunninghill-sandton-2157-south-africa/,Johannesburg,Accessibility & mobile; Content; Crawl & indexation; Headings; Indexing & canonicals; Meta descriptions; Security & privacy,High,Pinch-to-zoom disabled — people cannot enlarge text on a phone | Insecure http:// resource on a secure page | Missing meta description,/areas/{area-slug} (area content migration),Not started,To assess
https://na.org.za/jhb/locations/68-6th-ave-edenvale-1609-south-africa/,/jhb/locations/68-6th-ave-edenvale-1609-south-africa/,Johannesburg,Accessibility & mobile; Content; Crawl & indexation; Headings; Indexing & canonicals; Meta descriptions; Security & privacy,High,Pinch-to-zoom disabled — people cannot enlarge text on a phone | Insecure http:// resource on a secure page | Missing meta description,/areas/{area-slug} (area content migration),Not started,To assess
https://na.org.za/jhb/locations/68-7th-ave-parktown-north/,/jhb/locations/68-7th-ave-parktown-north/,Johannesburg,Accessibility & mobile; Content; Crawl & indexation; Headings; Indexing & canonicals; Meta descriptions; Security & privacy,High,Pinch-to-zoom disabled — people cannot enlarge text on a phone | Insecure http:// resource on a secure page | Missing meta description,/areas/{area-slug} (area content migration),Not started,To assess
https://na.org.za/jhb/locations/71-cr-swart-drboskruin-randburg-2188/,/jhb/locations/71-cr-swart-drboskruin-randburg-2188/,Johannesburg,Accessibility & mobile; Content; Crawl & indexation; Headings; Indexing & canonicals; Meta descriptions; Security & privacy,High,Pinch-to-zoom disabled — people cannot enlarge text on a phone | Insecure http:// resource on a secure page | Missing meta description,/areas/{area-slug} (area content migration),Not started,To assess
https://na.org.za/jhb/locations/7644-eben-cuyler-dr-diepkloof-zone-1-diepmeadow-1862-south-africa/,/jhb/locations/7644-eben-cuyler-dr-diepkloof-zone-1-diepmeadow-1862-south-africa/,Johannesburg,Accessibility & mobile; Content; Crawl & indexation; Headings; Indexing & canonicals; Meta descriptions; Security & privacy,High,Pinch-to-zoom disabled — people cannot enlarge text on a phone | Insecure http:// resource on a secure page | Missing meta description,/areas/{area-slug} (area content migration),Not started,To assess
https://na.org.za/jhb/locations/8-marilyn-street-towerby-2190/,/jhb/locations/8-marilyn-street-towerby-2190/,Johannesburg,Accessibility & mobile; Content; Crawl & indexation; Headings; Indexing & canonicals; Meta descriptions; Security & privacy,High,Pinch-to-zoom disabled — people cannot enlarge text on a phone | Insecure http:// resource on a secure page | Missing meta description,/areas/{area-slug} (area content migration),Not started,To assess
https://na.org.za/jhb/locations/827-elias-motsoaledi-road-moroka-soweto-1860/,/jhb/locations/827-elias-motsoaledi-road-moroka-soweto-1860/,Johannesburg,Accessibility & mobile; Content; Crawl & indexation; Headings; Indexing & canonicals; Meta descriptions; Security & privacy,High,Pinch-to-zoom disabled — people cannot enlarge text on a phone | Insecure http:// resource on a secure page | Missing meta description,/areas/{area-slug} (area content migration),Not started,To assess
https://na.org.za/jhb/locations/86-buitekant-st-alabama-klerksdorp/,/jhb/locations/86-buitekant-st-alabama-klerksdorp/,Johannesburg,Accessibility & mobile; Content; Crawl & indexation; Headings; Indexing & canonicals; Meta descriptions; Security & privacy,High,Pinch-to-zoom disabled — people cannot enlarge text on a phone | Insecure http:// resource on a secure page | Missing meta description,/areas/{area-slug} (area content migration),Not started,To assess
https://na.org.za/jhb/locations/90-abraham-st-mantervrede-ah-vanderbijlpark-1900/,/jhb/locations/90-abraham-st-mantervrede-ah-vanderbijlpark-1900/,Johannesburg,Accessibility & mobile; Content; Crawl & indexation; Headings; Indexing & canonicals; Meta descriptions; Security & privacy,High,Pinch-to-zoom disabled — people cannot enlarge text on a phone | Insecure http:// resource on a secure page | Missing meta description,/areas/{area-slug} (area content migration),Not started,To assess
https://na.org.za/jhb/locations/92-voortrekker-ave-edenvale-1609/,/jhb/locations/92-voortrekker-ave-edenvale-1609/,Johannesburg,Accessibility & mobile; Content; Crawl & indexation; Headings; Indexing & canonicals; Meta descriptions; Security & privacy,High,Pinch-to-zoom disabled — people cannot enlarge text on a phone | Insecure http:// resource on a secure page | Missing meta description,/areas/{area-slug} (area content migration),Not started,To assess
https://na.org.za/jhb/locations/929-leoatleng-street-central-western-jabavu/,/jhb/locations/929-leoatleng-street-central-western-jabavu/,Johannesburg,Accessibility & mobile; Content; Crawl & indexation; Headings; Indexing & canonicals; Meta descriptions; Security & privacy,High,Pinch-to-zoom disabled — people cannot enlarge text on a phone | Insecure http:// resource on a secure page | Missing meta description,/areas/{area-slug} (area content migration),Not started,To assess
https://na.org.za/jhb/locations/alabama-grace-community-church/,/jhb/locations/alabama-grace-community-church/,Johannesburg,Accessibility & mobile; Content; Crawl & indexation; Headings; Indexing & canonicals; Meta descriptions; Security & privacy,High,Pinch-to-zoom disabled — people cannot enlarge text on a phone | Insecure http:// resource on a secure page | Missing meta description,/areas/{area-slug} (area content migration),Not started,To assess
https://na.org.za/jhb/locations/alberton-civic-center-3rd-floor-alwyn-taljaard-ave-new-redruth-alberton-1449-south-africa/,/jhb/locations/alberton-civic-center-3rd-floor-alwyn-taljaard-ave-new-redruth-alberton-1449-south-africa/,Johannesburg,Accessibility & mobile; Content; Crawl & indexation; Headings; Indexing & canonicals; Meta descriptions; Security & privacy,High,Pinch-to-zoom disabled — people cannot enlarge text on a phone | Insecure http:// resource on a secure page | Missing meta description,/areas/{area-slug} (area content migration),Not started,To assess
https://na.org.za/jhb/locations/albertus-pop-recreation-centre/,/jhb/locations/albertus-pop-recreation-centre/,Johannesburg,Accessibility & mobile; Content; Crawl & indexation; Headings; Indexing & canonicals; Meta descriptions; Security & privacy,High,Pinch-to-zoom disabled — people cannot enlarge text on a phone | Insecure http:// resource on a secure page | Missing meta description,/areas/{area-slug} (area content migration),Not started,To assess
https://na.org.za/jhb/locations/blairgowrie-recreation-centre/,/jhb/locations/blairgowrie-recreation-centre/,Johannesburg,Accessibility & mobile; Content; Crawl & indexation; Headings; Indexing & canonicals; Meta descriptions; Security & privacy,High,Pinch-to-zoom disabled — people cannot enlarge text on a phone | Insecure http:// resource on a secure page | Missing meta description,/areas/{area-slug} (area content migration),Not started,To assess
https://na.org.za/jhb/locations/bosmont-recreation-centre-2/,/jhb/locations/bosmont-recreation-centre-2/,Johannesburg,Accessibility & mobile; Content; Crawl & indexation; Headings; Indexing & canonicals; Meta descriptions; Security & privacy,High,Pinch-to-zoom disabled — people cannot enlarge text on a phone | Insecure http:// resource on a secure page | Missing meta description,/areas/{area-slug} (area content migration),Not started,To assess
https://na.org.za/jhb/locations/braamficher-phase-1-amandla-boulevard/,/jhb/locations/braamficher-phase-1-amandla-boulevard/,Johannesburg,Accessibility & mobile; Content; Crawl & indexation; Headings; Indexing & canonicals; Meta descriptions; Security & privacy,High,Pinch-to-zoom disabled — people cannot enlarge text on a phone | Insecure http:// resource on a secure page | Missing meta description,/areas/{area-slug} (area content migration),Not started,To assess
https://na.org.za/jhb/locations/brackenhurst-methodist-church-9-toinette-st-brackenhurst-alberton-1453-south-africa/,/jhb/locations/brackenhurst-methodist-church-9-toinette-st-brackenhurst-alberton-1453-south-africa/,Johannesburg,Accessibility & mobile; Content; Crawl & indexation; Headings; Indexing & canonicals; Meta descriptions; Security & privacy,High,Pinch-to-zoom disabled — people cannot enlarge text on a phone | Insecure http:// resource on a secure page | Missing meta description,/areas/{area-slug} (area content migration),Not started,To assess
https://na.org.za/jhb/locations/brixton/,/jhb/locations/brixton/,Johannesburg,Accessibility & mobile; Content; Crawl & indexation; Headings; Indexing & canonicals; Meta descriptions; Security & privacy,High,Pinch-to-zoom disabled — people cannot enlarge text on a phone | Insecure http:// resource on a secure page | Missing meta description,/areas/{area-slug} (area content migration),Not started,To assess
https://na.org.za/jhb/locations/c-o-hawken-ave-president-fouche-dr/,/jhb/locations/c-o-hawken-ave-president-fouche-dr/,Johannesburg,Accessibility & mobile; Content; Crawl & indexation; Headings; Indexing & canonicals; Meta descriptions; Security & privacy,High,Pinch-to-zoom disabled — people cannot enlarge text on a phone | Insecure http:// resource on a secure page | Missing meta description,/areas/{area-slug} (area content migration),Not started,To assess
https://na.org.za/jhb/locations/calvary-methodist-church/,/jhb/locations/calvary-methodist-church/,Johannesburg,Accessibility & mobile; Content; Crawl & indexation; Headings; Indexing & canonicals; Meta descriptions; Security & privacy,High,Pinch-to-zoom disabled — people cannot enlarge text on a phone | Insecure http:// resource on a secure page | Missing meta description,/areas/{area-slug} (area content migration),Not started,To assess
https://na.org.za/jhb/locations/dube-community-centre/,/jhb/locations/dube-community-centre/,Johannesburg,Accessibility & mobile; Content; Crawl & indexation; Headings; Indexing & canonicals; Meta descriptions; Security & privacy,High,Pinch-to-zoom disabled — people cannot enlarge text on a phone | Insecure http:// resource on a secure page | Missing meta description,/areas/{area-slug} (area content migration),Not started,To assess
https://na.org.za/jhb/locations/edenvale-methodist-church-57-6th-ave-edenvale-1610-south-africa/,/jhb/locations/edenvale-methodist-church-57-6th-ave-edenvale-1610-south-africa/,Johannesburg,Accessibility & mobile; Content; Crawl & indexation; Headings; Indexing & canonicals; Meta descriptions; Security & privacy,High,Pinch-to-zoom disabled — people cannot enlarge text on a phone | Insecure http:// resource on a secure page | Missing meta description,/areas/{area-slug} (area content migration),Not started,To assess
https://na.org.za/jhb/locations/eldorado-park-ext-9-community-clinic-and-center/,/jhb/locations/eldorado-park-ext-9-community-clinic-and-center/,Johannesburg,Accessibility & mobile; Content; Crawl & indexation; Headings; Indexing & canonicals; Meta descriptions; Security & privacy,High,Pinch-to-zoom disabled — people cannot enlarge text on a phone | Insecure http:// resource on a secure page | Missing meta description,/areas/{area-slug} (area content migration),Not started,To assess
https://na.org.za/jhb/locations/gracepoint-church/,/jhb/locations/gracepoint-church/,Johannesburg,Accessibility & mobile; Content; Crawl & indexation; Headings; Indexing & canonicals; Meta descriptions; Security & privacy,High,Pinch-to-zoom disabled — people cannot enlarge text on a phone | Insecure http:// resource on a secure page | Missing meta description,/areas/{area-slug} (area content migration),Not started,To assess
https://na.org.za/jhb/locations/ithuba-centre-3315-ralarata-street-mohlakeng-randfontein/,/jhb/locations/ithuba-centre-3315-ralarata-street-mohlakeng-randfontein/,Johannesburg,Accessibility & mobile; Content; Crawl & indexation; Headings; Indexing & canonicals; Meta descriptions; Security & privacy,High,Pinch-to-zoom disabled — people cannot enlarge text on a phone | Insecure http:// resource on a secure page | Missing meta description,/areas/{area-slug} (area content migration),Not started,To assess
https://na.org.za/jhb/locations/johannesburg-south-2190-south-africa/,/jhb/locations/johannesburg-south-2190-south-africa/,Johannesburg,Accessibility & mobile; Content; Crawl & indexation; Headings; Indexing & canonicals; Meta descriptions; Security & privacy,High,Pinch-to-zoom disabled — people cannot enlarge text on a phone | Insecure http:// resource on a secure page | Missing meta description,/areas/{area-slug} (area content migration),Not started,To assess
https://na.org.za/jhb/locations/johannesburg/,/jhb/locations/johannesburg/,Johannesburg,Accessibility & mobile; Content; Crawl & indexation; Headings; Indexing & canonicals; Meta descriptions; Security & privacy,High,Pinch-to-zoom disabled — people cannot enlarge text on a phone | Insecure http:// resource on a secure page | Missing meta description,/areas/{area-slug} (area content migration),Not started,To assess
https://na.org.za/jhb/locations/mabewana-primary-school/,/jhb/locations/mabewana-primary-school/,Johannesburg,Accessibility & mobile; Content; Crawl & indexation; Headings; Indexing & canonicals; Meta descriptions; Security & privacy,High,Pinch-to-zoom disabled — people cannot enlarge text on a phone | Insecure http:// resource on a secure page | Missing meta description,/areas/{area-slug} (area content migration),Not started,To assess
https://na.org.za/jhb/locations/mali-congo-street-welamlambo-section-tembisa-1632/,/jhb/locations/mali-congo-street-welamlambo-section-tembisa-1632/,Johannesburg,Accessibility & mobile; Content; Crawl & indexation; Headings; Indexing & canonicals; Meta descriptions; Security & privacy,High,Pinch-to-zoom disabled — people cannot enlarge text on a phone | Insecure http:// resource on a secure page | Missing meta description,/areas/{area-slug} (area content migration),Not started,To assess
https://na.org.za/jhb/locations/naledi-sports-complex-naledi-ext-2-742-cnr-letsatsi-radebe-st-soweto-south-africa/,/jhb/locations/naledi-sports-complex-naledi-ext-2-742-cnr-letsatsi-radebe-st-soweto-south-africa/,Johannesburg,Accessibility & mobile; Content; Crawl & indexation; Headings; Indexing & canonicals; Meta descriptions; Security & privacy,High,Pinch-to-zoom disabled — people cannot enlarge text on a phone | Insecure http:// resource on a secure page | Missing meta description,/areas/{area-slug} (area content migration),Not started,To assess
https://na.org.za/jhb/locations/northcliff-union-church-cnr-dawn-and-pendoring-road/,/jhb/locations/northcliff-union-church-cnr-dawn-and-pendoring-road/,Johannesburg,Accessibility & mobile; Content; Crawl & indexation; Headings; Indexing & canonicals; Meta descriptions; Security & privacy,High,Pinch-to-zoom disabled — people cannot enlarge text on a phone | Insecure http:// resource on a secure page | Missing meta description,/areas/{area-slug} (area content migration),Not started,To assess
https://na.org.za/jhb/locations/odirileng-maponya-clinicsonap/,/jhb/locations/odirileng-maponya-clinicsonap/,Johannesburg,Accessibility & mobile; Content; Crawl & indexation; Headings; Indexing & canonicals; Meta descriptions; Security & privacy,High,Pinch-to-zoom disabled — people cannot enlarge text on a phone | Insecure http:// resource on a secure page | Missing meta description,/areas/{area-slug} (area content migration),Not started,To assess
https://na.org.za/jhb/locations/parkhurst-recreation-centre/,/jhb/locations/parkhurst-recreation-centre/,Johannesburg,Accessibility & mobile; Content; Crawl & indexation; Headings; Indexing & canonicals; Meta descriptions; Security & privacy,High,Pinch-to-zoom disabled — people cannot enlarge text on a phone | Insecure http:// resource on a secure page | Missing meta description,/areas/{area-slug} (area content migration),Not started,To assess
https://na.org.za/jhb/locations/phefeni-recreation-center-12764-funani-street-orlando-wes/,/jhb/locations/phefeni-recreation-center-12764-funani-street-orlando-wes/,Johannesburg,Accessibility & mobile; Content; Crawl & indexation; Headings; Indexing & canonicals; Meta descriptions; Security & privacy,High,Pinch-to-zoom disabled — people cannot enlarge text on a phone | Insecure http:// resource on a secure page | Missing meta description,/areas/{area-slug} (area content migration),Not started,To assess
https://na.org.za/jhb/locations/pimville-zone-4-pcc-hall-11624-mathithibala-st-pimville-zone-4-pimville-1809/,/jhb/locations/pimville-zone-4-pcc-hall-11624-mathithibala-st-pimville-zone-4-pimville-1809/,Johannesburg,Accessibility & mobile; Content; Crawl & indexation; Headings; Indexing & canonicals; Meta descriptions; Security & privacy,High,Pinch-to-zoom disabled — people cannot enlarge text on a phone | Insecure http:// resource on a secure page | Missing meta description,/areas/{area-slug} (area content migration),Not started,To assess
https://na.org.za/jhb/locations/protea-glen-recreation-center-1703-milkwood-streetm-protea-glen-ext-2/,/jhb/locations/protea-glen-recreation-center-1703-milkwood-streetm-protea-glen-ext-2/,Johannesburg,Accessibility & mobile; Content; Crawl & indexation; Headings; Indexing & canonicals; Meta descriptions; Security & privacy,High,Pinch-to-zoom disabled — people cannot enlarge text on a phone | Insecure http:// resource on a secure page | Missing meta description,/areas/{area-slug} (area content migration),Not started,To assess
https://na.org.za/jhb/locations/real-life-church-86-viljoen-st-krugersdorp-north-krugersdorp-1740/,/jhb/locations/real-life-church-86-viljoen-st-krugersdorp-north-krugersdorp-1740/,Johannesburg,Accessibility & mobile; Content; Crawl & indexation; Headings; Indexing & canonicals; Meta descriptions; Security & privacy,High,Pinch-to-zoom disabled — people cannot enlarge text on a phone | Insecure http:// resource on a secure page | Missing meta description,/areas/{area-slug} (area content migration),Not started,To assess
https://na.org.za/jhb/locations/ring-road-block-4-doornkop-johannesburg-2091-gauteng/,/jhb/locations/ring-road-block-4-doornkop-johannesburg-2091-gauteng/,Johannesburg,Accessibility & mobile; Content; Crawl & indexation; Headings; Indexing & canonicals; Meta descriptions; Security & privacy,High,Pinch-to-zoom disabled — people cannot enlarge text on a phone | Insecure http:// resource on a secure page | Missing meta description,/areas/{area-slug} (area content migration),Not started,To assess
https://na.org.za/jhb/locations/rosettenville/,/jhb/locations/rosettenville/,Johannesburg,Accessibility & mobile; Content; Crawl & indexation; Headings; Indexing & canonicals; Meta descriptions; Security & privacy,High,Pinch-to-zoom disabled — people cannot enlarge text on a phone | Insecure http:// resource on a secure page | Missing meta description,/areas/{area-slug} (area content migration),Not started,To assess
https://na.org.za/jhb/locations/saint-peters-united-church/,/jhb/locations/saint-peters-united-church/,Johannesburg,Accessibility & mobile; Content; Crawl & indexation; Headings; Indexing & canonicals; Meta descriptions; Security & privacy,High,Pinch-to-zoom disabled — people cannot enlarge text on a phone | Insecure http:// resource on a secure page | Missing meta description,/areas/{area-slug} (area content migration),Not started,To assess
https://na.org.za/jhb/locations/sanca-diepsloot-boardroom-136-dr-moosa-diepsloot-centre-extension-10-off-r511-methodist-church-complex/,/jhb/locations/sanca-diepsloot-boardroom-136-dr-moosa-diepsloot-centre-extension-10-off-r511-methodist-church-complex/,Johannesburg,Accessibility & mobile; Content; Crawl & indexation; Headings; Indexing & canonicals; Meta descriptions; Security & privacy,High,Pinch-to-zoom disabled — people cannot enlarge text on a phone | Insecure http:// resource on a secure page | Missing meta description,/areas/{area-slug} (area content migration),Not started,To assess
https://na.org.za/jhb/locations/sharicrest-primary-school/,/jhb/locations/sharicrest-primary-school/,Johannesburg,Accessibility & mobile; Content; Crawl & indexation; Headings; Indexing & canonicals; Meta descriptions; Security & privacy,High,Pinch-to-zoom disabled — people cannot enlarge text on a phone | Insecure http:// resource on a secure page | Missing meta description,/areas/{area-slug} (area content migration),Not started,To assess
https://na.org.za/jhb/locations/st-francis-methodist-church-1-talton-road-forest-town/,/jhb/locations/st-francis-methodist-church-1-talton-road-forest-town/,Johannesburg,Accessibility & mobile; Content; Crawl & indexation; Headings; Indexing & canonicals; Meta descriptions; Security & privacy,High,Pinch-to-zoom disabled — people cannot enlarge text on a phone | Insecure http:// resource on a secure page | Missing meta description,/areas/{area-slug} (area content migration),Not started,To assess
https://na.org.za/jhb/locations/st-james-presbyterian-church/,/jhb/locations/st-james-presbyterian-church/,Johannesburg,Accessibility & mobile; Content; Crawl & indexation; Headings; Indexing & canonicals; Meta descriptions; Security & privacy,High,Pinch-to-zoom disabled — people cannot enlarge text on a phone | Insecure http:// resource on a secure page | Missing meta description,/areas/{area-slug} (area content migration),Not started,To assess
https://na.org.za/jhb/locations/thames-house-hope-st-city-power-complex/,/jhb/locations/thames-house-hope-st-city-power-complex/,Johannesburg,Accessibility & mobile; Content; Crawl & indexation; Headings; Indexing & canonicals; Meta descriptions; Security & privacy,High,Pinch-to-zoom disabled — people cannot enlarge text on a phone | Insecure http:// resource on a secure page | Missing meta description,/areas/{area-slug} (area content migration),Not started,To assess
https://na.org.za/jhb/locations/wanderers-cricket-stadium-35-corlette-drive-illovo/,/jhb/locations/wanderers-cricket-stadium-35-corlette-drive-illovo/,Johannesburg,Accessibility & mobile; Content; Crawl & indexation; Headings; Indexing & canonicals; Meta descriptions; Security & privacy,High,Pinch-to-zoom disabled — people cannot enlarge text on a phone | Insecure http:// resource on a secure page | Missing meta description,/areas/{area-slug} (area content migration),Not started,To assess
https://na.org.za/jhb/meetings/,/jhb/meetings/,Johannesburg,Accessibility & mobile; Content; Headings; Meta descriptions; Security & privacy,High,Pinch-to-zoom disabled — people cannot enlarge text on a phone | Insecure http:// resource on a secure page | Missing meta description,/areas/{area-slug} (area content migration),Not started,To assess
https://na.org.za/jhb/meetings/alabama-klerksdorp-sunday-1730/,/jhb/meetings/alabama-klerksdorp-sunday-1730/,Johannesburg,Accessibility & mobile; Meeting data; Meta descriptions; Page titles; Security & privacy,High,Pinch-to-zoom disabled — people cannot enlarge text on a phone | Insecure http:// resource on a secure page | Missing meta description,/areas/{area-slug} (area content migration),Not started,To assess
https://na.org.za/jhb/meetings/alabama-klerksdorp-thursday-1730/,/jhb/meetings/alabama-klerksdorp-thursday-1730/,Johannesburg,Accessibility & mobile; Meeting data; Meta descriptions; Page titles; Security & privacy,High,Pinch-to-zoom disabled — people cannot enlarge text on a phone | Insecure http:// resource on a secure page | Missing meta description,/areas/{area-slug} (area content migration),Not started,To assess
https://na.org.za/jhb/meetings/alabama-klerksdorp-tuesday-1730/,/jhb/meetings/alabama-klerksdorp-tuesday-1730/,Johannesburg,Accessibility & mobile; Meeting data; Meta descriptions; Page titles; Security & privacy,High,Pinch-to-zoom disabled — people cannot enlarge text on a phone | Insecure http:// resource on a secure page | Missing meta description,/areas/{area-slug} (area content migration),Not started,To assess
https://na.org.za/jhb/meetings/alberton-thursday-1930/,/jhb/meetings/alberton-thursday-1930/,Johannesburg,Accessibility & mobile; Meeting data; Meta descriptions; Page titles; Security & privacy,High,Pinch-to-zoom disabled — people cannot enlarge text on a phone | Insecure http:// resource on a secure page | Missing meta description,/areas/{area-slug} (area content migration),Not started,To assess
https://na.org.za/jhb/meetings/alberton-tuesday-1930-2/,/jhb/meetings/alberton-tuesday-1930-2/,Johannesburg,Accessibility & mobile; Meeting data; Meta descriptions; Page titles; Security & privacy,High,Pinch-to-zoom disabled — people cannot enlarge text on a phone | Insecure http:// resource on a secure page | Missing meta description,/areas/{area-slug} (area content migration),Not started,To assess
https://na.org.za/jhb/meetings/alexander-sunday-1600/,/jhb/meetings/alexander-sunday-1600/,Johannesburg,Accessibility & mobile; Meeting data; Meta descriptions; Page titles; Security & privacy,High,Pinch-to-zoom disabled — people cannot enlarge text on a phone | Insecure http:// resource on a secure page | Missing meta description,/areas/{area-slug} (area content migration),Not started,To assess
https://na.org.za/jhb/meetings/bedfordview-saturday-0900/,/jhb/meetings/bedfordview-saturday-0900/,Johannesburg,Accessibility & mobile; Meeting data; Meta descriptions; Page titles; Security & privacy,High,Pinch-to-zoom disabled — people cannot enlarge text on a phone | Insecure http:// resource on a secure page | Missing meta description,/areas/{area-slug} (area content migration),Not started,To assess
https://na.org.za/jhb/meetings/benmore-sunday-1800/,/jhb/meetings/benmore-sunday-1800/,Johannesburg,Accessibility & mobile; Meeting data; Meta descriptions; Security & privacy,High,Pinch-to-zoom disabled — people cannot enlarge text on a phone | Insecure http:// resource on a secure page | Missing meta description,/areas/{area-slug} (area content migration),Not started,To assess
https://na.org.za/jhb/meetings/benmore-tuesday-1930/,/jhb/meetings/benmore-tuesday-1930/,Johannesburg,Accessibility & mobile; Meeting data; Meta descriptions; Security & privacy,High,Pinch-to-zoom disabled — people cannot enlarge text on a phone | Insecure http:// resource on a secure page | Missing meta description,/areas/{area-slug} (area content migration),Not started,To assess
https://na.org.za/jhb/meetings/benmore-tuesdays-1930/,/jhb/meetings/benmore-tuesdays-1930/,Johannesburg,Accessibility & mobile; Meeting data; Meta descriptions; Security & privacy,High,Pinch-to-zoom disabled — people cannot enlarge text on a phone | Insecure http:// resource on a secure page | Missing meta description,/areas/{area-slug} (area content migration),Not started,To assess
https://na.org.za/jhb/meetings/blairgowrie-saturday-1700/,/jhb/meetings/blairgowrie-saturday-1700/,Johannesburg,Accessibility & mobile; Meeting data; Meta descriptions; Page titles; Security & privacy,High,Pinch-to-zoom disabled — people cannot enlarge text on a phone | Insecure http:// resource on a secure page | Missing meta description,/areas/{area-slug} (area content migration),Not started,To assess
https://na.org.za/jhb/meetings/bonfire-saturday/,/jhb/meetings/bonfire-saturday/,Johannesburg,Accessibility & mobile; Meeting data; Meta descriptions; Page titles; Security & privacy,High,Pinch-to-zoom disabled — people cannot enlarge text on a phone | Insecure http:// resource on a secure page | Missing meta description,/areas/{area-slug} (area content migration),Not started,To assess
https://na.org.za/jhb/meetings/boskriun-friday/,/jhb/meetings/boskriun-friday/,Johannesburg,Accessibility & mobile; Meeting data; Meta descriptions; Security & privacy,High,Pinch-to-zoom disabled — people cannot enlarge text on a phone | Insecure http:// resource on a secure page | Missing meta description,/areas/{area-slug} (area content migration),Not started,To assess
https://na.org.za/jhb/meetings/boskruin-tuesday/,/jhb/meetings/boskruin-tuesday/,Johannesburg,Accessibility & mobile; Meeting data; Meta descriptions; Page titles; Security & privacy,High,Pinch-to-zoom disabled — people cannot enlarge text on a phone | Insecure http:// resource on a secure page | Missing meta description,/areas/{area-slug} (area content migration),Not started,To assess
https://na.org.za/jhb/meetings/boskruin-wednesday-1900/,/jhb/meetings/boskruin-wednesday-1900/,Johannesburg,Accessibility & mobile; Meeting data; Meta descriptions; Page titles; Security & privacy,High,Pinch-to-zoom disabled — people cannot enlarge text on a phone | Insecure http:// resource on a secure page | Missing meta description,/areas/{area-slug} (area content migration),Not started,To assess
https://na.org.za/jhb/meetings/bosmont-thursday-1830/,/jhb/meetings/bosmont-thursday-1830/,Johannesburg,Accessibility & mobile; Meeting data; Meta descriptions; Page titles; Security & privacy,High,Pinch-to-zoom disabled — people cannot enlarge text on a phone | Insecure http:// resource on a secure page | Missing meta description,/areas/{area-slug} (area content migration),Not started,To assess
https://na.org.za/jhb/meetings/braam-fischer-thursday-1600/,/jhb/meetings/braam-fischer-thursday-1600/,Johannesburg,Accessibility & mobile; Meeting data; Meta descriptions; Page titles; Security & privacy,High,Pinch-to-zoom disabled — people cannot enlarge text on a phone | Insecure http:// resource on a secure page | Missing meta description,/areas/{area-slug} (area content migration),Not started,To assess
https://na.org.za/jhb/meetings/braam-fischer-tuesday-1600/,/jhb/meetings/braam-fischer-tuesday-1600/,Johannesburg,Accessibility & mobile; Meeting data; Meta descriptions; Page titles; Security & privacy,High,Pinch-to-zoom disabled — people cannot enlarge text on a phone | Insecure http:// resource on a secure page | Missing meta description,/areas/{area-slug} (area content migration),Not started,To assess
https://na.org.za/jhb/meetings/brackenhurst-monday-1900/,/jhb/meetings/brackenhurst-monday-1900/,Johannesburg,Accessibility & mobile; Meeting data; Meta descriptions; Page titles; Security & privacy,High,Pinch-to-zoom disabled — people cannot enlarge text on a phone | Insecure http:// resource on a secure page | Missing meta description,/areas/{area-slug} (area content migration),Not started,To assess
https://na.org.za/jhb/meetings/brackenhurst-wednesday-1930/,/jhb/meetings/brackenhurst-wednesday-1930/,Johannesburg,Accessibility & mobile; Meeting data; Meta descriptions; Page titles; Security & privacy,High,Pinch-to-zoom disabled — people cannot enlarge text on a phone | Insecure http:// resource on a secure page | Missing meta description,/areas/{area-slug} (area content migration),Not started,To assess
https://na.org.za/jhb/meetings/brakpan-tuesday-1800/,/jhb/meetings/brakpan-tuesday-1800/,Johannesburg,Accessibility & mobile; Meeting data; Meta descriptions; Security & privacy,High,Pinch-to-zoom disabled — people cannot enlarge text on a phone | Insecure http:// resource on a secure page | Missing meta description,/areas/{area-slug} (area content migration),Not started,To assess
https://na.org.za/jhb/meetings/brixton-real-talk/,/jhb/meetings/brixton-real-talk/,Johannesburg,Accessibility & mobile; Meeting data; Meta descriptions; Page titles; Security & privacy,High,"Pinch-to-zoom disabled — people cannot enlarge text on a phone | Location flagged ""approximate"" — pin not precisely geocoded | Insecure http:// resource on a secure page",/areas/{area-slug} (area content migration),Not started,To assess
https://na.org.za/jhb/meetings/bryanston-saturday-1800/,/jhb/meetings/bryanston-saturday-1800/,Johannesburg,Accessibility & mobile; Meeting data; Meta descriptions; Page titles; Security & privacy,High,Pinch-to-zoom disabled — people cannot enlarge text on a phone | Insecure http:// resource on a secure page | Missing meta description,/areas/{area-slug} (area content migration),Not started,To assess
https://na.org.za/jhb/meetings/bryanston-thursday-1930/,/jhb/meetings/bryanston-thursday-1930/,Johannesburg,Accessibility & mobile; Meeting data; Meta descriptions; Page titles; Security & privacy,High,Pinch-to-zoom disabled — people cannot enlarge text on a phone | Insecure http:// resource on a secure page | Missing meta description,/areas/{area-slug} (area content migration),Not started,To assess
https://na.org.za/jhb/meetings/central-western-jabavu-soweto-thursday-1800/,/jhb/meetings/central-western-jabavu-soweto-thursday-1800/,Johannesburg,Accessibility & mobile; Meeting data; Meta descriptions; Page titles; Security & privacy,High,Pinch-to-zoom disabled — people cannot enlarge text on a phone | Insecure http:// resource on a secure page | Missing meta description,/areas/{area-slug} (area content migration),Not started,To assess
https://na.org.za/jhb/meetings/crosby-wednesday-1900/,/jhb/meetings/crosby-wednesday-1900/,Johannesburg,Accessibility & mobile; Meeting data; Meta descriptions; Page titles; Security & privacy,High,Pinch-to-zoom disabled — people cannot enlarge text on a phone | Insecure http:// resource on a secure page | Missing meta description,/areas/{area-slug} (area content migration),Not started,To assess
https://na.org.za/jhb/meetings/diepkloof-thursdays-1800/,/jhb/meetings/diepkloof-thursdays-1800/,Johannesburg,Accessibility & mobile; Meeting data; Meta descriptions; Page titles; Security & privacy,High,Pinch-to-zoom disabled — people cannot enlarge text on a phone | Insecure http:// resource on a secure page | Missing meta description,/areas/{area-slug} (area content migration),Not started,To assess
https://na.org.za/jhb/meetings/diepkloof-tuesdays-1800/,/jhb/meetings/diepkloof-tuesdays-1800/,Johannesburg,Accessibility & mobile; Meeting data; Meta descriptions; Page titles; Security & privacy,High,Pinch-to-zoom disabled — people cannot enlarge text on a phone | Insecure http:// resource on a secure page | Missing meta description,/areas/{area-slug} (area content migration),Not started,To assess
https://na.org.za/jhb/meetings/diepsloot-friday-1030/,/jhb/meetings/diepsloot-friday-1030/,Johannesburg,Accessibility & mobile; Meeting data; Meta descriptions; Page titles; Security & privacy,High,Pinch-to-zoom disabled — people cannot enlarge text on a phone | Insecure http:// resource on a secure page | Missing meta description,/areas/{area-slug} (area content migration),Not started,To assess
https://na.org.za/jhb/meetings/edenvale-friday-1900/,/jhb/meetings/edenvale-friday-1900/,Johannesburg,Accessibility & mobile; Meeting data; Meta descriptions; Security & privacy,High,Pinch-to-zoom disabled — people cannot enlarge text on a phone | Insecure http:// resource on a secure page | Missing meta description,/areas/{area-slug} (area content migration),Not started,To assess
https://na.org.za/jhb/meetings/edenvale-monday-1930/,/jhb/meetings/edenvale-monday-1930/,Johannesburg,Accessibility & mobile; Meeting data; Meta descriptions; Security & privacy,High,Pinch-to-zoom disabled — people cannot enlarge text on a phone | Insecure http:// resource on a secure page | Missing meta description,/areas/{area-slug} (area content migration),Not started,To assess
https://na.org.za/jhb/meetings/edenvale-wednesday-1930/,/jhb/meetings/edenvale-wednesday-1930/,Johannesburg,Accessibility & mobile; Meeting data; Meta descriptions; Page titles; Security & privacy,High,Pinch-to-zoom disabled — people cannot enlarge text on a phone | Insecure http:// resource on a secure page | Missing meta description,/areas/{area-slug} (area content migration),Not started,To assess
https://na.org.za/jhb/meetings/eldorado-park-saturday-1000/,/jhb/meetings/eldorado-park-saturday-1000/,Johannesburg,Accessibility & mobile; Meeting data; Meta descriptions; Page titles; Security & privacy,High,"Pinch-to-zoom disabled — people cannot enlarge text on a phone | Location flagged ""approximate"" — pin not precisely geocoded | Insecure http:// resource on a secure page",/areas/{area-slug} (area content migration),Not started,To assess
https://na.org.za/jhb/meetings/eldorado-park-wednesday-1930/,/jhb/meetings/eldorado-park-wednesday-1930/,Johannesburg,Accessibility & mobile; Meeting data; Meta descriptions; Page titles; Security & privacy,High,Pinch-to-zoom disabled — people cannot enlarge text on a phone | Insecure http:// resource on a secure page | Missing meta description,/areas/{area-slug} (area content migration),Not started,To assess
https://na.org.za/jhb/meetings/ennerdale-tuesday-2000/,/jhb/meetings/ennerdale-tuesday-2000/,Johannesburg,Accessibility & mobile; Meeting data; Meta descriptions; Page titles; Security & privacy,High,Pinch-to-zoom disabled — people cannot enlarge text on a phone | Insecure http:// resource on a secure page | Missing meta description,/areas/{area-slug} (area content migration),Not started,To assess
https://na.org.za/jhb/meetings/esihlahleni-tsakane-daily-1730/,/jhb/meetings/esihlahleni-tsakane-daily-1730/,Johannesburg,Accessibility & mobile; Meeting data; Meta descriptions; Page titles; Security & privacy,High,Pinch-to-zoom disabled — people cannot enlarge text on a phone | Meeting has no day/time set | Insecure http:// resource on a secure page,/areas/{area-slug} (area content migration),Not started,To assess
https://na.org.za/jhb/meetings/fairlands-tuesday-1900/,/jhb/meetings/fairlands-tuesday-1900/,Johannesburg,Accessibility & mobile; Meeting data; Meta descriptions; Page titles; Security & privacy,High,Pinch-to-zoom disabled — people cannot enlarge text on a phone | Insecure http:// resource on a secure page | Missing meta description,/areas/{area-slug} (area content migration),Not started,To assess
https://na.org.za/jhb/meetings/ferndale-friday-1800/,/jhb/meetings/ferndale-friday-1800/,Johannesburg,Accessibility & mobile; Meeting data; Meta descriptions; Security & privacy,High,Pinch-to-zoom disabled — people cannot enlarge text on a phone | Insecure http:// resource on a secure page | Missing meta description,/areas/{area-slug} (area content migration),Not started,To assess
https://na.org.za/jhb/meetings/florida-mondays-1830/,/jhb/meetings/florida-mondays-1830/,Johannesburg,Accessibility & mobile; Meeting data; Meta descriptions; Security & privacy,High,Pinch-to-zoom disabled — people cannot enlarge text on a phone | Insecure http:// resource on a secure page | Missing meta description,/areas/{area-slug} (area content migration),Not started,To assess
https://na.org.za/jhb/meetings/forest-town-thursday-1930/,/jhb/meetings/forest-town-thursday-1930/,Johannesburg,Accessibility & mobile; Meeting data; Meta descriptions; Page titles; Security & privacy,High,Pinch-to-zoom disabled — people cannot enlarge text on a phone | Insecure http:// resource on a secure page | Missing meta description,/areas/{area-slug} (area content migration),Not started,To assess
https://na.org.za/jhb/meetings/fourways-tuesdays-1930/,/jhb/meetings/fourways-tuesdays-1930/,Johannesburg,Accessibility & mobile; Meeting data; Meta descriptions; Page titles; Security & privacy,High,Pinch-to-zoom disabled — people cannot enlarge text on a phone | Insecure http:// resource on a secure page | Missing meta description,/areas/{area-slug} (area content migration),Not started,To assess
https://na.org.za/jhb/meetings/huringham-saturday-0900/,/jhb/meetings/huringham-saturday-0900/,Johannesburg,Accessibility & mobile; Meeting data; Meta descriptions; Page titles; Security & privacy,High,Pinch-to-zoom disabled — people cannot enlarge text on a phone | Insecure http:// resource on a secure page | Missing meta description,/areas/{area-slug} (area content migration),Not started,To assess
https://na.org.za/jhb/meetings/isizulu-meeting-3/,/jhb/meetings/isizulu-meeting-3/,Johannesburg,Accessibility & mobile; Meeting data; Meta descriptions; Page titles; Security & privacy,High,"Pinch-to-zoom disabled — people cannot enlarge text on a phone | Location flagged ""approximate"" — pin not precisely geocoded | Insecure http:// resource on a secure page",/areas/{area-slug} (area content migration),Not started,To assess
https://na.org.za/jhb/meetings/kagiso-friday-1700/,/jhb/meetings/kagiso-friday-1700/,Johannesburg,Accessibility & mobile; Meeting data; Meta descriptions; Security & privacy,High,Pinch-to-zoom disabled — people cannot enlarge text on a phone | Insecure http:// resource on a secure page | Missing meta description,/areas/{area-slug} (area content migration),Not started,To assess
https://na.org.za/jhb/meetings/kempton-park-monday-1830/,/jhb/meetings/kempton-park-monday-1830/,Johannesburg,Accessibility & mobile; Meeting data; Meta descriptions; Page titles; Security & privacy,High,Pinch-to-zoom disabled — people cannot enlarge text on a phone | Insecure http:// resource on a secure page | Missing meta description,/areas/{area-slug} (area content migration),Not started,To assess
https://na.org.za/jhb/meetings/klerksdorp-friday-1000/,/jhb/meetings/klerksdorp-friday-1000/,Johannesburg,Accessibility & mobile; Meeting data; Meta descriptions; Page titles; Security & privacy,High,Pinch-to-zoom disabled — people cannot enlarge text on a phone | Insecure http:// resource on a secure page | Missing meta description,/areas/{area-slug} (area content migration),Not started,To assess
https://na.org.za/jhb/meetings/klerksdorp-monday-1000/,/jhb/meetings/klerksdorp-monday-1000/,Johannesburg,Accessibility & mobile; Meeting data; Meta descriptions; Page titles; Security & privacy,High,Pinch-to-zoom disabled — people cannot enlarge text on a phone | Insecure http:// resource on a secure page | Missing meta description,/areas/{area-slug} (area content migration),Not started,To assess
https://na.org.za/jhb/meetings/klerksdorp-thursday-1800/,/jhb/meetings/klerksdorp-thursday-1800/,Johannesburg,Accessibility & mobile; Meeting data; Meta descriptions; Page titles; Security & privacy,High,Pinch-to-zoom disabled — people cannot enlarge text on a phone | Insecure http:// resource on a secure page | Missing meta description,/areas/{area-slug} (area content migration),Not started,To assess
https://na.org.za/jhb/meetings/klerksdorp-wednesday-1000/,/jhb/meetings/klerksdorp-wednesday-1000/,Johannesburg,Accessibility & mobile; Meeting data; Meta descriptions; Page titles; Security & privacy,High,Pinch-to-zoom disabled — people cannot enlarge text on a phone | Insecure http:// resource on a secure page | Missing meta description,/areas/{area-slug} (area content migration),Not started,To assess
https://na.org.za/jhb/meetings/krugersdorp-thursday-1900/,/jhb/meetings/krugersdorp-thursday-1900/,Johannesburg,Accessibility & mobile; Meeting data; Meta descriptions; Page titles; Security & privacy,High,Pinch-to-zoom disabled — people cannot enlarge text on a phone | Insecure http:// resource on a secure page | Missing meta description,/areas/{area-slug} (area content migration),Not started,To assess
https://na.org.za/jhb/meetings/krugersdorp-tuesday/,/jhb/meetings/krugersdorp-tuesday/,Johannesburg,Accessibility & mobile; Meeting data; Meta descriptions; Page titles; Security & privacy,High,Pinch-to-zoom disabled — people cannot enlarge text on a phone | Insecure http:// resource on a secure page | Missing meta description,/areas/{area-slug} (area content migration),Not started,To assess
https://na.org.za/jhb/meetings/kyalami-tuesday-2000/,/jhb/meetings/kyalami-tuesday-2000/,Johannesburg,Accessibility & mobile; Meeting data; Meta descriptions; Security & privacy,High,Pinch-to-zoom disabled — people cannot enlarge text on a phone | Insecure http:// resource on a secure page | Missing meta description,/areas/{area-slug} (area content migration),Not started,To assess
https://na.org.za/jhb/meetings/lenasia-south-fridays-1930/,/jhb/meetings/lenasia-south-fridays-1930/,Johannesburg,Accessibility & mobile; Meeting data; Meta descriptions; Security & privacy,High,Pinch-to-zoom disabled — people cannot enlarge text on a phone | Insecure http:// resource on a secure page | Missing meta description,/areas/{area-slug} (area content migration),Not started,To assess
https://na.org.za/jhb/meetings/lenasia-south-wednesday-1900/,/jhb/meetings/lenasia-south-wednesday-1900/,Johannesburg,Accessibility & mobile; Meeting data; Meta descriptions; Page titles; Security & privacy,High,Pinch-to-zoom disabled — people cannot enlarge text on a phone | Insecure http:// resource on a secure page | Missing meta description,/areas/{area-slug} (area content migration),Not started,To assess
https://na.org.za/jhb/meetings/lenasia-wednesday-2000/,/jhb/meetings/lenasia-wednesday-2000/,Johannesburg,Accessibility & mobile; Meeting data; Meta descriptions; Security & privacy,High,Pinch-to-zoom disabled — people cannot enlarge text on a phone | Insecure http:// resource on a secure page | Missing meta description,/areas/{area-slug} (area content migration),Not started,To assess
https://na.org.za/jhb/meetings/lgbtqia-monday-1900-online/,/jhb/meetings/lgbtqia-monday-1900-online/,Johannesburg,Accessibility & mobile; Meeting data; Meta descriptions; Page titles; Security & privacy,High,"Pinch-to-zoom disabled — people cannot enlarge text on a phone | Location flagged ""approximate"" — pin not precisely geocoded | Insecure http:// resource on a secure page",/areas/{area-slug} (area content migration),Not started,To assess
https://na.org.za/jhb/meetings/linden-friday-1930/,/jhb/meetings/linden-friday-1930/,Johannesburg,Accessibility & mobile; Meeting data; Meta descriptions; Security & privacy,High,Pinch-to-zoom disabled — people cannot enlarge text on a phone | Insecure http:// resource on a secure page | Missing meta description,/areas/{area-slug} (area content migration),Not started,To assess
https://na.org.za/jhb/meetings/mapetla-tuesdays-1800/,/jhb/meetings/mapetla-tuesdays-1800/,Johannesburg,Accessibility & mobile; Meeting data; Meta descriptions; Security & privacy,High,Pinch-to-zoom disabled — people cannot enlarge text on a phone | Insecure http:// resource on a secure page | Missing meta description,/areas/{area-slug} (area content migration),Not started,To assess
https://na.org.za/jhb/meetings/midrand-thursday-1930/,/jhb/meetings/midrand-thursday-1930/,Johannesburg,Accessibility & mobile; Meeting data; Meta descriptions; Page titles; Security & privacy,High,Pinch-to-zoom disabled — people cannot enlarge text on a phone | Insecure http:// resource on a secure page | Missing meta description,/areas/{area-slug} (area content migration),Not started,To assess
https://na.org.za/jhb/meetings/naledi-wednesday-1130/,/jhb/meetings/naledi-wednesday-1130/,Johannesburg,Accessibility & mobile; Meeting data; Meta descriptions; Page titles; Security & privacy,High,Pinch-to-zoom disabled — people cannot enlarge text on a phone | Insecure http:// resource on a secure page | Missing meta description,/areas/{area-slug} (area content migration),Not started,To assess
https://na.org.za/jhb/meetings/narcotics-annonymous-fochville/,/jhb/meetings/narcotics-annonymous-fochville/,Johannesburg,Accessibility & mobile; Meeting data; Meta descriptions; Page titles; Security & privacy,High,Pinch-to-zoom disabled — people cannot enlarge text on a phone | Insecure http:// resource on a secure page | Missing meta description,/areas/{area-slug} (area content migration),Not started,To assess
https://na.org.za/jhb/meetings/narcotics-anonymous-lenz-ext-10/,/jhb/meetings/narcotics-anonymous-lenz-ext-10/,Johannesburg,Accessibility & mobile; Meeting data; Meta descriptions; Page titles; Security & privacy,High,Pinch-to-zoom disabled — people cannot enlarge text on a phone | Insecure http:// resource on a secure page | Missing meta description,/areas/{area-slug} (area content migration),Not started,To assess
https://na.org.za/jhb/meetings/newclare-tuesday-1930/,/jhb/meetings/newclare-tuesday-1930/,Johannesburg,Accessibility & mobile; Meeting data; Meta descriptions; Page titles; Security & privacy,High,Pinch-to-zoom disabled — people cannot enlarge text on a phone | Insecure http:// resource on a secure page | Missing meta description,/areas/{area-slug} (area content migration),Not started,To assess
https://na.org.za/jhb/meetings/noordgesig-wednesday-1800/,/jhb/meetings/noordgesig-wednesday-1800/,Johannesburg,Accessibility & mobile; Meeting data; Meta descriptions; Page titles; Security & privacy,High,Pinch-to-zoom disabled — people cannot enlarge text on a phone | Insecure http:// resource on a secure page | Missing meta description,/areas/{area-slug} (area content migration),Not started,To assess
https://na.org.za/jhb/meetings/norscort-wednesday-1900/,/jhb/meetings/norscort-wednesday-1900/,Johannesburg,Accessibility & mobile; Meeting data; Meta descriptions; Page titles; Security & privacy,High,Pinch-to-zoom disabled — people cannot enlarge text on a phone | Insecure http:// resource on a secure page | Missing meta description,/areas/{area-slug} (area content migration),Not started,To assess
https://na.org.za/jhb/meetings/norscot-monday-1930/,/jhb/meetings/norscot-monday-1930/,Johannesburg,Accessibility & mobile; Meeting data; Meta descriptions; Security & privacy,High,Pinch-to-zoom disabled — people cannot enlarge text on a phone | Insecure http:// resource on a secure page | Missing meta description,/areas/{area-slug} (area content migration),Not started,To assess
https://na.org.za/jhb/meetings/northcliff-lgbtq-thursday/,/jhb/meetings/northcliff-lgbtq-thursday/,Johannesburg,Accessibility & mobile; Meeting data; Meta descriptions; Page titles; Security & privacy,High,Pinch-to-zoom disabled — people cannot enlarge text on a phone | Insecure http:// resource on a secure page | Missing meta description,/areas/{area-slug} (area content migration),Not started,To assess
https://na.org.za/jhb/meetings/northcliff-wednesday-1930/,/jhb/meetings/northcliff-wednesday-1930/,Johannesburg,Accessibility & mobile; Meeting data; Meta descriptions; Page titles; Security & privacy,High,Pinch-to-zoom disabled — people cannot enlarge text on a phone | Insecure http:// resource on a secure page | Missing meta description,/areas/{area-slug} (area content migration),Not started,To assess
https://na.org.za/jhb/meetings/on-course-recovery-thursday-1915/,/jhb/meetings/on-course-recovery-thursday-1915/,Johannesburg,Accessibility & mobile; Meeting data; Meta descriptions; Page titles; Security & privacy; Spelling,High,Pinch-to-zoom disabled — people cannot enlarge text on a phone | Insecure http:// resource on a secure page | Missing meta description,/areas/{area-slug} (area content migration),Not started,To assess
https://na.org.za/jhb/meetings/orange-farm-monday-1600/,/jhb/meetings/orange-farm-monday-1600/,Johannesburg,Accessibility & mobile; Meeting data; Meta descriptions; Page titles; Security & privacy,High,Pinch-to-zoom disabled — people cannot enlarge text on a phone | Insecure http:// resource on a secure page | Missing meta description,/areas/{area-slug} (area content migration),Not started,To assess
https://na.org.za/jhb/meetings/outreach-12-past-midnight-meeting-2/,/jhb/meetings/outreach-12-past-midnight-meeting-2/,Johannesburg,Accessibility & mobile; Meeting data; Meta descriptions; Page titles; Security & privacy,High,"Pinch-to-zoom disabled — people cannot enlarge text on a phone | Location flagged ""approximate"" — pin not precisely geocoded | Insecure http:// resource on a secure page",/areas/{area-slug} (area content migration),Not started,To assess
https://na.org.za/jhb/meetings/parkhurst-sunday-1800/,/jhb/meetings/parkhurst-sunday-1800/,Johannesburg,Accessibility & mobile; Meeting data; Meta descriptions; Page titles; Security & privacy,High,Pinch-to-zoom disabled — people cannot enlarge text on a phone | Insecure http:// resource on a secure page | Missing meta description,/areas/{area-slug} (area content migration),Not started,To assess
https://na.org.za/jhb/meetings/parkhurst-wednesday-1500/,/jhb/meetings/parkhurst-wednesday-1500/,Johannesburg,Accessibility & mobile; Meeting data; Meta descriptions; Page titles; Security & privacy,High,Pinch-to-zoom disabled — people cannot enlarge text on a phone | Insecure http:// resource on a secure page | Missing meta description,/areas/{area-slug} (area content migration),Not started,To assess
https://na.org.za/jhb/meetings/parkhurst-wednesday-1930/,/jhb/meetings/parkhurst-wednesday-1930/,Johannesburg,Accessibility & mobile; Meeting data; Meta descriptions; Page titles; Security & privacy,High,Pinch-to-zoom disabled — people cannot enlarge text on a phone | Insecure http:// resource on a secure page | Missing meta description,/areas/{area-slug} (area content migration),Not started,To assess
https://na.org.za/jhb/meetings/phefeni-miracles/,/jhb/meetings/phefeni-miracles/,Johannesburg,Accessibility & mobile; Meeting data; Meta descriptions; Page titles; Security & privacy,High,Pinch-to-zoom disabled — people cannot enlarge text on a phone | Insecure http:// resource on a secure page | Missing meta description,/areas/{area-slug} (area content migration),Not started,To assess
https://na.org.za/jhb/meetings/phiri-primary-purpose-monday-1800/,/jhb/meetings/phiri-primary-purpose-monday-1800/,Johannesburg,Accessibility & mobile; Meeting data; Meta descriptions; Page titles; Security & privacy,High,Pinch-to-zoom disabled — people cannot enlarge text on a phone | Insecure http:// resource on a secure page | Missing meta description,/areas/{area-slug} (area content migration),Not started,To assess
https://na.org.za/jhb/meetings/protea-glen-tuesday-1200/,/jhb/meetings/protea-glen-tuesday-1200/,Johannesburg,Accessibility & mobile; Meeting data; Meta descriptions; Page titles; Security & privacy; Spelling,High,Pinch-to-zoom disabled — people cannot enlarge text on a phone | Insecure http:// resource on a secure page | Missing meta description,/areas/{area-slug} (area content migration),Not started,To assess
https://na.org.za/jhb/meetings/randburg-tuesday-1930/,/jhb/meetings/randburg-tuesday-1930/,Johannesburg,Accessibility & mobile; Meeting data; Meta descriptions; Page titles; Security & privacy,High,Pinch-to-zoom disabled — people cannot enlarge text on a phone | Insecure http:// resource on a secure page | Missing meta description,/areas/{area-slug} (area content migration),Not started,To assess
https://na.org.za/jhb/meetings/randfontein-saturday-0900/,/jhb/meetings/randfontein-saturday-0900/,Johannesburg,Accessibility & mobile; Meeting data; Meta descriptions; Page titles; Security & privacy,High,Pinch-to-zoom disabled — people cannot enlarge text on a phone | Insecure http:// resource on a secure page | Missing meta description,/areas/{area-slug} (area content migration),Not started,To assess
https://na.org.za/jhb/meetings/riverlea-thursday-1830/,/jhb/meetings/riverlea-thursday-1830/,Johannesburg,Accessibility & mobile; Meeting data; Meta descriptions; Page titles; Security & privacy,High,Pinch-to-zoom disabled — people cannot enlarge text on a phone | Insecure http:// resource on a secure page | Missing meta description,/areas/{area-slug} (area content migration),Not started,To assess
https://na.org.za/jhb/meetings/rosebank-monday/,/jhb/meetings/rosebank-monday/,Johannesburg,Accessibility & mobile; Meeting data; Meta descriptions; Security & privacy,High,Pinch-to-zoom disabled — people cannot enlarge text on a phone | Insecure http:// resource on a secure page | Missing meta description,/areas/{area-slug} (area content migration),Not started,To assess
https://na.org.za/jhb/meetings/rosettenville-na/,/jhb/meetings/rosettenville-na/,Johannesburg,Accessibility & mobile; Meeting data; Meta descriptions; Page titles; Security & privacy,High,"Pinch-to-zoom disabled — people cannot enlarge text on a phone | Location flagged ""approximate"" — pin not precisely geocoded | Insecure http:// resource on a secure page",/areas/{area-slug} (area content migration),Not started,To assess
https://na.org.za/jhb/meetings/secunda-recovery-group-wednesday-1900/,/jhb/meetings/secunda-recovery-group-wednesday-1900/,Johannesburg,Accessibility & mobile; Meeting data; Meta descriptions; Page titles; Security & privacy,High,Pinch-to-zoom disabled — people cannot enlarge text on a phone | Insecure http:// resource on a secure page | Missing meta description,/areas/{area-slug} (area content migration),Not started,To assess
https://na.org.za/jhb/meetings/senaoane-sunday-1630/,/jhb/meetings/senaoane-sunday-1630/,Johannesburg,Accessibility & mobile; Meeting data; Meta descriptions; Page titles; Security & privacy,High,Pinch-to-zoom disabled — people cannot enlarge text on a phone | Insecure http:// resource on a secure page | Missing meta description,/areas/{area-slug} (area content migration),Not started,To assess
https://na.org.za/jhb/meetings/senaone-soweto-monday-1800/,/jhb/meetings/senaone-soweto-monday-1800/,Johannesburg,Accessibility & mobile; Meeting data; Meta descriptions; Page titles; Security & privacy,High,Pinch-to-zoom disabled — people cannot enlarge text on a phone | Insecure http:// resource on a secure page | Missing meta description,/areas/{area-slug} (area content migration),Not started,To assess
https://na.org.za/jhb/meetings/snake-park-friday-1200/,/jhb/meetings/snake-park-friday-1200/,Johannesburg,Accessibility & mobile; Meeting data; Meta descriptions; Page titles; Security & privacy,High,Pinch-to-zoom disabled — people cannot enlarge text on a phone | Insecure http:// resource on a secure page | Missing meta description,/areas/{area-slug} (area content migration),Not started,To assess
https://na.org.za/jhb/meetings/snake-park-wednesday-1200/,/jhb/meetings/snake-park-wednesday-1200/,Johannesburg,Accessibility & mobile; Meeting data; Meta descriptions; Page titles; Security & privacy,High,Pinch-to-zoom disabled — people cannot enlarge text on a phone | Insecure http:// resource on a secure page | Missing meta description,/areas/{area-slug} (area content migration),Not started,To assess
https://na.org.za/jhb/meetings/soweto-dube-fridays-1830-3/,/jhb/meetings/soweto-dube-fridays-1830-3/,Johannesburg,Accessibility & mobile; Meeting data; Meta descriptions; Page titles; Security & privacy,High,Pinch-to-zoom disabled — people cannot enlarge text on a phone | Insecure http:// resource on a secure page | Missing meta description,/areas/{area-slug} (area content migration),Not started,To assess
https://na.org.za/jhb/meetings/soweto-friday-1600/,/jhb/meetings/soweto-friday-1600/,Johannesburg,Accessibility & mobile; Meeting data; Meta descriptions; Security & privacy,High,Pinch-to-zoom disabled — people cannot enlarge text on a phone | Insecure http:// resource on a secure page | Missing meta description,/areas/{area-slug} (area content migration),Not started,To assess
https://na.org.za/jhb/meetings/soweto-pimville-wednesday-1830/,/jhb/meetings/soweto-pimville-wednesday-1830/,Johannesburg,Accessibility & mobile; Meeting data; Meta descriptions; Page titles; Security & privacy,High,Pinch-to-zoom disabled — people cannot enlarge text on a phone | Insecure http:// resource on a secure page | Missing meta description,/areas/{area-slug} (area content migration),Not started,To assess
https://na.org.za/jhb/meetings/soweto-saturday-0900/,/jhb/meetings/soweto-saturday-0900/,Johannesburg,Accessibility & mobile; Meeting data; Meta descriptions; Security & privacy,High,Pinch-to-zoom disabled — people cannot enlarge text on a phone | Insecure http:// resource on a secure page | Missing meta description,/areas/{area-slug} (area content migration),Not started,To assess
https://na.org.za/jhb/meetings/soweto-thursday-1600/,/jhb/meetings/soweto-thursday-1600/,Johannesburg,Accessibility & mobile; Meeting data; Meta descriptions; Page titles; Security & privacy,High,Pinch-to-zoom disabled — people cannot enlarge text on a phone | Insecure http:// resource on a secure page | Missing meta description,/areas/{area-slug} (area content migration),Not started,To assess
https://na.org.za/jhb/meetings/soweto-tuesday-1600/,/jhb/meetings/soweto-tuesday-1600/,Johannesburg,Accessibility & mobile; Meeting data; Meta descriptions; Page titles; Security & privacy,High,Pinch-to-zoom disabled — people cannot enlarge text on a phone | Insecure http:// resource on a secure page | Missing meta description,/areas/{area-slug} (area content migration),Not started,To assess
https://na.org.za/jhb/meetings/sunninghill-sunday-sundowner/,/jhb/meetings/sunninghill-sunday-sundowner/,Johannesburg,Accessibility & mobile; Meeting data; Meta descriptions; Page titles; Security & privacy,High,Pinch-to-zoom disabled — people cannot enlarge text on a phone | Insecure http:// resource on a secure page | Missing meta description,/areas/{area-slug} (area content migration),Not started,To assess
https://na.org.za/jhb/meetings/sydenham-meeting/,/jhb/meetings/sydenham-meeting/,Johannesburg,Accessibility & mobile; Meeting data; Meta descriptions; Security & privacy,High,Pinch-to-zoom disabled — people cannot enlarge text on a phone | Insecure http:// resource on a secure page | Missing meta description,/areas/{area-slug} (area content migration),Not started,To assess
https://na.org.za/jhb/meetings/tembisa-friday-1830/,/jhb/meetings/tembisa-friday-1830/,Johannesburg,Accessibility & mobile; Meeting data; Meta descriptions; Security & privacy,High,Pinch-to-zoom disabled — people cannot enlarge text on a phone | Insecure http:// resource on a secure page | Missing meta description,/areas/{area-slug} (area content migration),Not started,To assess
https://na.org.za/jhb/meetings/thames-house-group-monday-2000/,/jhb/meetings/thames-house-group-monday-2000/,Johannesburg,Accessibility & mobile; Meeting data; Meta descriptions; Page titles; Security & privacy,High,Pinch-to-zoom disabled — people cannot enlarge text on a phone | Insecure http:// resource on a secure page | Missing meta description,/areas/{area-slug} (area content migration),Not started,To assess
https://na.org.za/jhb/meetings/thembisa-na-meeting-wednesday-1830/,/jhb/meetings/thembisa-na-meeting-wednesday-1830/,Johannesburg,Accessibility & mobile; Meeting data; Meta descriptions; Page titles; Security & privacy,High,Pinch-to-zoom disabled — people cannot enlarge text on a phone | Insecure http:// resource on a secure page | Missing meta description,/areas/{area-slug} (area content migration),Not started,To assess
https://na.org.za/jhb/meetings/toekomsrus-wednesdays-18h00-2/,/jhb/meetings/toekomsrus-wednesdays-18h00-2/,Johannesburg,Accessibility & mobile; Meeting data; Meta descriptions; Page titles; Security & privacy,High,Pinch-to-zoom disabled — people cannot enlarge text on a phone | Insecure http:// resource on a secure page | Missing meta description,/areas/{area-slug} (area content migration),Not started,To assess
https://na.org.za/jhb/meetings/toekomsrus-wednesdays-18h00/,/jhb/meetings/toekomsrus-wednesdays-18h00/,Johannesburg,Accessibility & mobile; Meeting data; Meta descriptions; Page titles; Security & privacy,High,Pinch-to-zoom disabled — people cannot enlarge text on a phone | Insecure http:// resource on a secure page | Missing meta description,/areas/{area-slug} (area content migration),Not started,To assess
https://na.org.za/jhb/meetings/towerby-tuesday-1900/,/jhb/meetings/towerby-tuesday-1900/,Johannesburg,Accessibility & mobile; Meeting data; Meta descriptions; Page titles; Security & privacy,High,Pinch-to-zoom disabled — people cannot enlarge text on a phone | Insecure http:// resource on a secure page | Missing meta description,/areas/{area-slug} (area content migration),Not started,To assess
https://na.org.za/jhb/meetings/vanderbijlpark-monday-1900/,/jhb/meetings/vanderbijlpark-monday-1900/,Johannesburg,Accessibility & mobile; Meeting data; Meta descriptions; Page titles; Security & privacy,High,Pinch-to-zoom disabled — people cannot enlarge text on a phone | Insecure http:// resource on a secure page | Missing meta description,/areas/{area-slug} (area content migration),Not started,To assess
https://na.org.za/jhb/meetings/vosloorus-friday-1800/,/jhb/meetings/vosloorus-friday-1800/,Johannesburg,Accessibility & mobile; Meeting data; Meta descriptions; Page titles; Security & privacy,High,Pinch-to-zoom disabled — people cannot enlarge text on a phone | Insecure http:// resource on a secure page | Missing meta description,/areas/{area-slug} (area content migration),Not started,To assess
https://na.org.za/jhb/meetings/vosloorus-wednesday-1800/,/jhb/meetings/vosloorus-wednesday-1800/,Johannesburg,Accessibility & mobile; Meeting data; Meta descriptions; Page titles; Security & privacy,High,Pinch-to-zoom disabled — people cannot enlarge text on a phone | Insecure http:// resource on a secure page | Missing meta description,/areas/{area-slug} (area content migration),Not started,To assess
https://na.org.za/jhb/meetings/walkers-fruit-farms-thursday-1830/,/jhb/meetings/walkers-fruit-farms-thursday-1830/,Johannesburg,Accessibility & mobile; Meeting data; Meta descriptions; Page titles; Security & privacy,High,Pinch-to-zoom disabled — people cannot enlarge text on a phone | Insecure http:// resource on a secure page | Missing meta description,/areas/{area-slug} (area content migration),Not started,To assess
https://na.org.za/jhb/meetings/wanderers-wednesday-1930/,/jhb/meetings/wanderers-wednesday-1930/,Johannesburg,Accessibility & mobile; Meeting data; Meta descriptions; Page titles; Security & privacy,High,Pinch-to-zoom disabled — people cannot enlarge text on a phone | Insecure http:// resource on a secure page | Missing meta description,/areas/{area-slug} (area content migration),Not started,To assess
https://na.org.za/jhb/meetings/waverley-meeting/,/jhb/meetings/waverley-meeting/,Johannesburg,Accessibility & mobile; Meeting data; Meta descriptions; Page titles; Security & privacy; Spelling,High,Pinch-to-zoom disabled — people cannot enlarge text on a phone | Insecure http:// resource on a secure page | Missing meta description,/areas/{area-slug} (area content migration),Not started,To assess
https://na.org.za/jhb/meetings/weltevreden-park-mondays-1900/,/jhb/meetings/weltevreden-park-mondays-1900/,Johannesburg,Accessibility & mobile; Meeting data; Meta descriptions; Page titles; Security & privacy,High,Pinch-to-zoom disabled — people cannot enlarge text on a phone | Insecure http:// resource on a secure page | Missing meta description,/areas/{area-slug} (area content migration),Not started,To assess
https://na.org.za/jhb/meetings/weltevreden-park-thursdays-1930/,/jhb/meetings/weltevreden-park-thursdays-1930/,Johannesburg,Accessibility & mobile; Meeting data; Meta descriptions; Page titles; Security & privacy,High,Pinch-to-zoom disabled — people cannot enlarge text on a phone | Insecure http:// resource on a secure page | Missing meta description,/areas/{area-slug} (area content migration),Not started,To assess
https://na.org.za/jhb/meetings/zola-thursday-1130-2/,/jhb/meetings/zola-thursday-1130-2/,Johannesburg,Accessibility & mobile; Meeting data; Meta descriptions; Page titles; Security & privacy,High,Pinch-to-zoom disabled — people cannot enlarge text on a phone | Insecure http:// resource on a secure page | Missing meta description,/areas/{area-slug} (area content migration),Not started,To assess
https://na.org.za/jhb/meetings/zola-tuesday-1130/,/jhb/meetings/zola-tuesday-1130/,Johannesburg,Accessibility & mobile; Meeting data; Meta descriptions; Page titles; Security & privacy,High,Pinch-to-zoom disabled — people cannot enlarge text on a phone | Insecure http:// resource on a secure page | Missing meta description,/areas/{area-slug} (area content migration),Not started,To assess
https://na.org.za/jhb/na-meetings/,/jhb/na-meetings/,Johannesburg,Accessibility & mobile; Content; Headings; Meta descriptions; Security & privacy,High,Pinch-to-zoom disabled — people cannot enlarge text on a phone | Insecure http:// resource on a secure page | Missing meta description,/areas/{area-slug} (area content migration),Not started,To assess
https://na.org.za/jhb/na-terminology/,/jhb/na-terminology/,Johannesburg,Accessibility & mobile; Headings; Meta descriptions; Security & privacy,High,Pinch-to-zoom disabled — people cannot enlarge text on a phone | Insecure http:// resource on a secure page | Missing meta description,/areas/{area-slug} (area content migration),Not started,To assess
https://na.org.za/jhb/new-to-na/,/jhb/new-to-na/,Johannesburg,Accessibility & mobile; Broken links; Meta descriptions; Security & privacy,High,Pinch-to-zoom disabled — people cannot enlarge text on a phone | Link points to a page that does not exist (404) | Insecure http:// resource on a secure page,/areas/{area-slug} (area content migration),Not started,To assess
https://na.org.za/jhb/policies/,/jhb/policies/,Johannesburg,Accessibility & mobile; Headings; Meta descriptions; Security & privacy,High,Pinch-to-zoom disabled — people cannot enlarge text on a phone | Insecure http:// resource on a secure page | Missing meta description,/areas/{area-slug} (area content migration),Not started,To assess
https://na.org.za/jhb/predatory-behaviour/,/jhb/predatory-behaviour/,Johannesburg,Accessibility & mobile; Content; Meta descriptions; Security & privacy; Spelling,High,Pinch-to-zoom disabled — people cannot enlarge text on a phone | Insecure http:// resource on a secure page | Missing meta description,/areas/{area-slug} (area content migration),Not started,To assess
https://na.org.za/jhb/subcommittees/,/jhb/subcommittees/,Johannesburg,Accessibility & mobile; Headings; Meta descriptions; Security & privacy,High,Pinch-to-zoom disabled — people cannot enlarge text on a phone | Insecure http:// resource on a secure page | Missing meta description,/areas/{area-slug} (area content migration),Not started,To assess
https://na.org.za/kzn/,/kzn/,KwaZulu-Natal,Accessibility & mobile; Headings; Meta descriptions; Security & privacy,High,Pinch-to-zoom disabled — people cannot enlarge text on a phone | Insecure http:// resource on a secure page | Missing meta description,/areas/{area-slug} (area content migration),Not started,To assess
https://na.org.za/kzn/2025/11/18/hello-world/,/kzn/2025/11/18/hello-world/,KwaZulu-Natal,Accessibility & mobile; Headings; Meta descriptions; Security & privacy; Spelling,High,Pinch-to-zoom disabled — people cannot enlarge text on a phone | Insecure http:// resource on a secure page | Missing meta description,/areas/{area-slug} (area content migration),Not started,To assess
https://na.org.za/kzn/area-service-committee/,/kzn/area-service-committee/,KwaZulu-Natal,Accessibility & mobile; Meta descriptions; Security & privacy,High,Pinch-to-zoom disabled — people cannot enlarge text on a phone | Insecure http:// resource on a secure page | Missing meta description,/areas/{area-slug} (area content migration),Not started,To assess
https://na.org.za/kzn/author/wc-website-administratorna-org-za,/kzn/author/wc-website-administratorna-org-za,KwaZulu-Natal,Security & privacy,Medium,Public author page puts an administrator email address in the web address,/areas/{area-slug} (area content migration),Not started,To assess
https://na.org.za/kzn/category/uncategorized/,/kzn/category/uncategorized/,KwaZulu-Natal,Accessibility & mobile; Content; Headings; Meta descriptions; Security & privacy; Spelling,High,Pinch-to-zoom disabled — people cannot enlarge text on a phone | Insecure http:// resource on a secure page | Missing meta description,/areas/{area-slug} (area content migration),Not started,To assess
https://na.org.za/kzn/downloads/,/kzn/downloads/,KwaZulu-Natal,Accessibility & mobile; Broken links; Meta descriptions; Security & privacy,High,Pinch-to-zoom disabled — people cannot enlarge text on a phone | Link points to a page that does not exist (404) | Insecure http:// resource on a secure page,/areas/{area-slug} (area content migration),Not started,To assess
https://na.org.za/kzn/literature/,/kzn/literature/,KwaZulu-Natal,Accessibility & mobile; Broken links; Meta descriptions; Security & privacy; Spelling,High,Pinch-to-zoom disabled — people cannot enlarge text on a phone | Link points to a page that does not exist (404) | Insecure http:// resource on a secure page,/areas/{area-slug} (area content migration),Not started,To assess
https://na.org.za/kzn/locations/,/kzn/locations/,KwaZulu-Natal,Accessibility & mobile; Headings; Indexing & canonicals; Meta descriptions,Medium,Missing mobile viewport meta tag | Missing meta description | Missing canonical tag,/areas/{area-slug} (area content migration),Not started,To assess
https://na.org.za/kzn/locations/40-gaysingh-rd-northdale-pietermaritzburg-3201-south-africa/,/kzn/locations/40-gaysingh-rd-northdale-pietermaritzburg-3201-south-africa/,KwaZulu-Natal,Accessibility & mobile; Content; Crawl & indexation; Headings; Indexing & canonicals; Meta descriptions; Page titles; Security & privacy,High,Pinch-to-zoom disabled — people cannot enlarge text on a phone | Insecure http:// resource on a secure page | Missing meta description,/areas/{area-slug} (area content migration),Not started,To assess
https://na.org.za/kzn/locations/ballito-public-library/,/kzn/locations/ballito-public-library/,KwaZulu-Natal,Accessibility & mobile; Content; Crawl & indexation; Headings; Indexing & canonicals; Meta descriptions; Security & privacy,High,Pinch-to-zoom disabled — people cannot enlarge text on a phone | Insecure http:// resource on a secure page | Missing meta description,/areas/{area-slug} (area content migration),Not started,To assess
https://na.org.za/kzn/locations/belverdere-community-centre/,/kzn/locations/belverdere-community-centre/,KwaZulu-Natal,Accessibility & mobile; Content; Crawl & indexation; Headings; Indexing & canonicals; Meta descriptions; Security & privacy,High,Pinch-to-zoom disabled — people cannot enlarge text on a phone | Insecure http:// resource on a secure page | Missing meta description,/areas/{area-slug} (area content migration),Not started,To assess
https://na.org.za/kzn/locations/berachah-church/,/kzn/locations/berachah-church/,KwaZulu-Natal,Accessibility & mobile; Content; Crawl & indexation; Headings; Indexing & canonicals; Meta descriptions; Security & privacy,High,Pinch-to-zoom disabled — people cannot enlarge text on a phone | Insecure http:// resource on a secure page | Missing meta description,/areas/{area-slug} (area content migration),Not started,To assess
https://na.org.za/kzn/locations/berea-church/,/kzn/locations/berea-church/,KwaZulu-Natal,Accessibility & mobile; Content; Crawl & indexation; Headings; Indexing & canonicals; Meta descriptions; Security & privacy,High,Pinch-to-zoom disabled — people cannot enlarge text on a phone | Insecure http:// resource on a secure page | Missing meta description,/areas/{area-slug} (area content migration),Not started,To assess
https://na.org.za/kzn/locations/blessed-liberat-catholic-church/,/kzn/locations/blessed-liberat-catholic-church/,KwaZulu-Natal,Accessibility & mobile; Content; Crawl & indexation; Headings; Indexing & canonicals; Meta descriptions; Security & privacy,High,Pinch-to-zoom disabled — people cannot enlarge text on a phone | Insecure http:// resource on a secure page | Missing meta description,/areas/{area-slug} (area content migration),Not started,To assess
https://na.org.za/kzn/locations/buffelsdale-community-hall/,/kzn/locations/buffelsdale-community-hall/,KwaZulu-Natal,Accessibility & mobile; Content; Crawl & indexation; Headings; Indexing & canonicals; Meta descriptions; Security & privacy,High,Pinch-to-zoom disabled — people cannot enlarge text on a phone | Insecure http:// resource on a secure page | Missing meta description,/areas/{area-slug} (area content migration),Not started,To assess
https://na.org.za/kzn/locations/christ-church-north-coast-2/,/kzn/locations/christ-church-north-coast-2/,KwaZulu-Natal,Accessibility & mobile; Content; Crawl & indexation; Headings; Indexing & canonicals; Meta descriptions; Security & privacy,High,Pinch-to-zoom disabled — people cannot enlarge text on a phone | Insecure http:// resource on a secure page | Missing meta description,/areas/{area-slug} (area content migration),Not started,To assess
https://na.org.za/kzn/locations/christ-church-north-coast/,/kzn/locations/christ-church-north-coast/,KwaZulu-Natal,Accessibility & mobile; Content; Crawl & indexation; Headings; Indexing & canonicals; Meta descriptions; Security & privacy,High,Pinch-to-zoom disabled — people cannot enlarge text on a phone | Insecure http:// resource on a secure page | Missing meta description,/areas/{area-slug} (area content migration),Not started,To assess
https://na.org.za/kzn/locations/collegevale-primary-school/,/kzn/locations/collegevale-primary-school/,KwaZulu-Natal,Accessibility & mobile; Content; Crawl & indexation; Headings; Indexing & canonicals; Meta descriptions; Security & privacy,High,Pinch-to-zoom disabled — people cannot enlarge text on a phone | Insecure http:// resource on a secure page | Missing meta description,/areas/{area-slug} (area content migration),Not started,To assess
https://na.org.za/kzn/locations/denis-hurley-centre/,/kzn/locations/denis-hurley-centre/,KwaZulu-Natal,Accessibility & mobile; Content; Crawl & indexation; Headings; Indexing & canonicals; Meta descriptions; Security & privacy,High,Pinch-to-zoom disabled — people cannot enlarge text on a phone | Insecure http:// resource on a secure page | Missing meta description,/areas/{area-slug} (area content migration),Not started,To assess
https://na.org.za/kzn/locations/depot-road-memorial-primary-school/,/kzn/locations/depot-road-memorial-primary-school/,KwaZulu-Natal,Accessibility & mobile; Content; Crawl & indexation; Headings; Indexing & canonicals; Meta descriptions; Security & privacy,High,Pinch-to-zoom disabled — people cannot enlarge text on a phone | Insecure http:// resource on a secure page | Missing meta description,/areas/{area-slug} (area content migration),Not started,To assess
https://na.org.za/kzn/locations/durban-north-methodist-church/,/kzn/locations/durban-north-methodist-church/,KwaZulu-Natal,Accessibility & mobile; Content; Crawl & indexation; Headings; Indexing & canonicals; Meta descriptions; Security & privacy,High,Pinch-to-zoom disabled — people cannot enlarge text on a phone | Insecure http:// resource on a secure page | Missing meta description,/areas/{area-slug} (area content migration),Not started,To assess
https://na.org.za/kzn/locations/foresthaven-secondary-school/,/kzn/locations/foresthaven-secondary-school/,KwaZulu-Natal,Accessibility & mobile; Content; Crawl & indexation; Headings; Indexing & canonicals; Meta descriptions; Security & privacy,High,Pinch-to-zoom disabled — people cannot enlarge text on a phone | Insecure http:// resource on a secure page | Missing meta description,/areas/{area-slug} (area content migration),Not started,To assess
https://na.org.za/kzn/locations/fynnlands-primary-school/,/kzn/locations/fynnlands-primary-school/,KwaZulu-Natal,Accessibility & mobile; Content; Crawl & indexation; Headings; Indexing & canonicals; Meta descriptions; Security & privacy,High,Pinch-to-zoom disabled — people cannot enlarge text on a phone | Insecure http:// resource on a secure page | Missing meta description,/areas/{area-slug} (area content migration),Not started,To assess
https://na.org.za/kzn/locations/girl-guide-hall/,/kzn/locations/girl-guide-hall/,KwaZulu-Natal,Accessibility & mobile; Content; Crawl & indexation; Headings; Indexing & canonicals; Meta descriptions; Security & privacy,High,Pinch-to-zoom disabled — people cannot enlarge text on a phone | Insecure http:// resource on a secure page | Missing meta description,/areas/{area-slug} (area content migration),Not started,To assess
https://na.org.za/kzn/locations/good-tidings-full-gospel-church/,/kzn/locations/good-tidings-full-gospel-church/,KwaZulu-Natal,Accessibility & mobile; Content; Crawl & indexation; Headings; Indexing & canonicals; Meta descriptions; Security & privacy,High,Pinch-to-zoom disabled — people cannot enlarge text on a phone | Insecure http:// resource on a secure page | Missing meta description,/areas/{area-slug} (area content migration),Not started,To assess
https://na.org.za/kzn/locations/hillcrest-presbyterian-family-church/,/kzn/locations/hillcrest-presbyterian-family-church/,KwaZulu-Natal,Accessibility & mobile; Content; Crawl & indexation; Headings; Indexing & canonicals; Meta descriptions; Security & privacy,High,Pinch-to-zoom disabled — people cannot enlarge text on a phone | Insecure http:// resource on a secure page | Missing meta description,/areas/{area-slug} (area content migration),Not started,To assess
https://na.org.za/kzn/locations/holy-trinity-church/,/kzn/locations/holy-trinity-church/,KwaZulu-Natal,Accessibility & mobile; Content; Crawl & indexation; Headings; Indexing & canonicals; Meta descriptions; Security & privacy,High,Pinch-to-zoom disabled — people cannot enlarge text on a phone | Insecure http:// resource on a secure page | Missing meta description,/areas/{area-slug} (area content migration),Not started,To assess
https://na.org.za/kzn/locations/immanuel-church/,/kzn/locations/immanuel-church/,KwaZulu-Natal,Accessibility & mobile; Content; Crawl & indexation; Headings; Indexing & canonicals; Meta descriptions; Security & privacy,High,Pinch-to-zoom disabled — people cannot enlarge text on a phone | Insecure http:// resource on a secure page | Missing meta description,/areas/{area-slug} (area content migration),Not started,To assess
https://na.org.za/kzn/locations/jesus-international-ministry/,/kzn/locations/jesus-international-ministry/,KwaZulu-Natal,Accessibility & mobile; Content; Crawl & indexation; Headings; Indexing & canonicals; Meta descriptions; Security & privacy,High,Pinch-to-zoom disabled — people cannot enlarge text on a phone | Insecure http:// resource on a secure page | Missing meta description,/areas/{area-slug} (area content migration),Not started,To assess
https://na.org.za/kzn/locations/kwazulu-natal/,/kzn/locations/kwazulu-natal/,KwaZulu-Natal,Accessibility & mobile; Content; Crawl & indexation; Headings; Indexing & canonicals; Meta descriptions; Security & privacy,High,Pinch-to-zoom disabled — people cannot enlarge text on a phone | Insecure http:// resource on a secure page | Missing meta description,/areas/{area-slug} (area content migration),Not started,To assess
https://na.org.za/kzn/locations/margate-methodist-church/,/kzn/locations/margate-methodist-church/,KwaZulu-Natal,Accessibility & mobile; Content; Crawl & indexation; Headings; Indexing & canonicals; Meta descriptions; Security & privacy,High,Pinch-to-zoom disabled — people cannot enlarge text on a phone | Insecure http:// resource on a secure page | Missing meta description,/areas/{area-slug} (area content migration),Not started,To assess
https://na.org.za/kzn/locations/merebank-secondary/,/kzn/locations/merebank-secondary/,KwaZulu-Natal,Accessibility & mobile; Content; Crawl & indexation; Headings; Indexing & canonicals; Meta descriptions; Security & privacy,High,Pinch-to-zoom disabled — people cannot enlarge text on a phone | Insecure http:// resource on a secure page | Missing meta description,/areas/{area-slug} (area content migration),Not started,To assess
https://na.org.za/kzn/locations/nelson-mandela-youth-centre/,/kzn/locations/nelson-mandela-youth-centre/,KwaZulu-Natal,Accessibility & mobile; Content; Crawl & indexation; Headings; Indexing & canonicals; Meta descriptions; Security & privacy,High,Pinch-to-zoom disabled — people cannot enlarge text on a phone | Insecure http:// resource on a secure page | Missing meta description,/areas/{area-slug} (area content migration),Not started,To assess
https://na.org.za/kzn/locations/newlands-east-library/,/kzn/locations/newlands-east-library/,KwaZulu-Natal,Accessibility & mobile; Content; Crawl & indexation; Headings; Indexing & canonicals; Meta descriptions; Security & privacy,High,Pinch-to-zoom disabled — people cannot enlarge text on a phone | Insecure http:// resource on a secure page | Missing meta description,/areas/{area-slug} (area content migration),Not started,To assess
https://na.org.za/kzn/locations/ngk-nederduitse-gereformeerde-kerk-church/,/kzn/locations/ngk-nederduitse-gereformeerde-kerk-church/,KwaZulu-Natal,Accessibility & mobile; Content; Crawl & indexation; Headings; Indexing & canonicals; Meta descriptions; Security & privacy,High,Pinch-to-zoom disabled — people cannot enlarge text on a phone | Insecure http:// resource on a secure page | Missing meta description,/areas/{area-slug} (area content migration),Not started,To assess
https://na.org.za/kzn/locations/north-beach-in-front-of-minitown/,/kzn/locations/north-beach-in-front-of-minitown/,KwaZulu-Natal,Accessibility & mobile; Content; Crawl & indexation; Headings; Indexing & canonicals; Meta descriptions; Security & privacy,High,Pinch-to-zoom disabled — people cannot enlarge text on a phone | Insecure http:// resource on a secure page | Missing meta description,/areas/{area-slug} (area content migration),Not started,To assess
https://na.org.za/kzn/locations/olive-tree-church-kloof/,/kzn/locations/olive-tree-church-kloof/,KwaZulu-Natal,Accessibility & mobile; Content; Crawl & indexation; Headings; Indexing & canonicals; Meta descriptions; Security & privacy,High,Pinch-to-zoom disabled — people cannot enlarge text on a phone | Insecure http:// resource on a secure page | Missing meta description,/areas/{area-slug} (area content migration),Not started,To assess
https://na.org.za/kzn/locations/parish-of-the-immaculate-conception-catholic-church/,/kzn/locations/parish-of-the-immaculate-conception-catholic-church/,KwaZulu-Natal,Accessibility & mobile; Content; Crawl & indexation; Headings; Indexing & canonicals; Meta descriptions; Security & privacy,High,Pinch-to-zoom disabled — people cannot enlarge text on a phone | Insecure http:// resource on a secure page | Missing meta description,/areas/{area-slug} (area content migration),Not started,To assess
https://na.org.za/kzn/locations/pennington-methodist-church/,/kzn/locations/pennington-methodist-church/,KwaZulu-Natal,Accessibility & mobile; Content; Crawl & indexation; Headings; Indexing & canonicals; Meta descriptions; Security & privacy,High,Pinch-to-zoom disabled — people cannot enlarge text on a phone | Insecure http:// resource on a secure page | Missing meta description,/areas/{area-slug} (area content migration),Not started,To assess
https://na.org.za/kzn/locations/phoenix-victory-center/,/kzn/locations/phoenix-victory-center/,KwaZulu-Natal,Accessibility & mobile; Content; Crawl & indexation; Headings; Indexing & canonicals; Meta descriptions; Security & privacy,High,Pinch-to-zoom disabled — people cannot enlarge text on a phone | Insecure http:// resource on a secure page | Missing meta description,/areas/{area-slug} (area content migration),Not started,To assess
https://na.org.za/kzn/locations/queensburgh-community-hall/,/kzn/locations/queensburgh-community-hall/,KwaZulu-Natal,Accessibility & mobile; Content; Crawl & indexation; Headings; Indexing & canonicals; Meta descriptions; Security & privacy,High,Pinch-to-zoom disabled — people cannot enlarge text on a phone | Insecure http:// resource on a secure page | Missing meta description,/areas/{area-slug} (area content migration),Not started,To assess
https://na.org.za/kzn/locations/raisethorpe-high-school/,/kzn/locations/raisethorpe-high-school/,KwaZulu-Natal,Accessibility & mobile; Content; Crawl & indexation; Headings; Indexing & canonicals; Meta descriptions; Security & privacy,High,Pinch-to-zoom disabled — people cannot enlarge text on a phone | Insecure http:// resource on a secure page | Missing meta description,/areas/{area-slug} (area content migration),Not started,To assess
https://na.org.za/kzn/locations/redhill-public-library/,/kzn/locations/redhill-public-library/,KwaZulu-Natal,Accessibility & mobile; Content; Crawl & indexation; Headings; Indexing & canonicals; Meta descriptions; Security & privacy,High,Pinch-to-zoom disabled — people cannot enlarge text on a phone | Insecure http:// resource on a secure page | Missing meta description,/areas/{area-slug} (area content migration),Not started,To assess
https://na.org.za/kzn/locations/rock-foundation-ministries-corner-of-strandbrook-and-towerbrook/,/kzn/locations/rock-foundation-ministries-corner-of-strandbrook-and-towerbrook/,KwaZulu-Natal,Accessibility & mobile; Content; Crawl & indexation; Headings; Indexing & canonicals; Meta descriptions; Security & privacy,High,Pinch-to-zoom disabled — people cannot enlarge text on a phone | Insecure http:// resource on a secure page | Missing meta description,/areas/{area-slug} (area content migration),Not started,To assess
https://na.org.za/kzn/locations/rock-foundation-ministries/,/kzn/locations/rock-foundation-ministries/,KwaZulu-Natal,Accessibility & mobile; Content; Crawl & indexation; Headings; Indexing & canonicals; Meta descriptions; Security & privacy,High,Pinch-to-zoom disabled — people cannot enlarge text on a phone | Insecure http:// resource on a secure page | Missing meta description,/areas/{area-slug} (area content migration),Not started,To assess
https://na.org.za/kzn/locations/salt-rock-library/,/kzn/locations/salt-rock-library/,KwaZulu-Natal,Accessibility & mobile; Content; Crawl & indexation; Headings; Indexing & canonicals; Meta descriptions; Security & privacy,High,Pinch-to-zoom disabled — people cannot enlarge text on a phone | Insecure http:// resource on a secure page | Missing meta description,/areas/{area-slug} (area content migration),Not started,To assess
https://na.org.za/kzn/locations/scottburgh-beach-marine-terrace-near-caravan-park/,/kzn/locations/scottburgh-beach-marine-terrace-near-caravan-park/,KwaZulu-Natal,Accessibility & mobile; Content; Crawl & indexation; Headings; Indexing & canonicals; Meta descriptions; Security & privacy,High,Pinch-to-zoom disabled — people cannot enlarge text on a phone | Insecure http:// resource on a secure page | Missing meta description,/areas/{area-slug} (area content migration),Not started,To assess
https://na.org.za/kzn/locations/scottsville-pietermaritzburg/,/kzn/locations/scottsville-pietermaritzburg/,KwaZulu-Natal,Accessibility & mobile; Content; Crawl & indexation; Headings; Indexing & canonicals; Meta descriptions; Security & privacy,High,Pinch-to-zoom disabled — people cannot enlarge text on a phone | Insecure http:// resource on a secure page | Missing meta description,/areas/{area-slug} (area content migration),Not started,To assess
https://na.org.za/kzn/locations/shrimati-anandben-desai-pre-primary-school/,/kzn/locations/shrimati-anandben-desai-pre-primary-school/,KwaZulu-Natal,Accessibility & mobile; Content; Crawl & indexation; Headings; Indexing & canonicals; Meta descriptions; Security & privacy,High,Pinch-to-zoom disabled — people cannot enlarge text on a phone | Insecure http:// resource on a secure page | Missing meta description,/areas/{area-slug} (area content migration),Not started,To assess
https://na.org.za/kzn/locations/st-barnabus-church/,/kzn/locations/st-barnabus-church/,KwaZulu-Natal,Accessibility & mobile; Content; Crawl & indexation; Headings; Indexing & canonicals; Meta descriptions; Security & privacy,High,Pinch-to-zoom disabled — people cannot enlarge text on a phone | Insecure http:// resource on a secure page | Missing meta description,/areas/{area-slug} (area content migration),Not started,To assess
https://na.org.za/kzn/locations/st-josephs-catholic-church/,/kzn/locations/st-josephs-catholic-church/,KwaZulu-Natal,Accessibility & mobile; Content; Crawl & indexation; Headings; Indexing & canonicals; Meta descriptions; Security & privacy,High,Pinch-to-zoom disabled — people cannot enlarge text on a phone | Insecure http:// resource on a secure page | Missing meta description,/areas/{area-slug} (area content migration),Not started,To assess
https://na.org.za/kzn/locations/st-marys-anglican-church/,/kzn/locations/st-marys-anglican-church/,KwaZulu-Natal,Accessibility & mobile; Content; Crawl & indexation; Headings; Indexing & canonicals; Meta descriptions; Security & privacy,High,Pinch-to-zoom disabled — people cannot enlarge text on a phone | Insecure http:// resource on a secure page | Missing meta description,/areas/{area-slug} (area content migration),Not started,To assess
https://na.org.za/kzn/locations/st-thomas-anglican-church/,/kzn/locations/st-thomas-anglican-church/,KwaZulu-Natal,Accessibility & mobile; Content; Crawl & indexation; Headings; Indexing & canonicals; Meta descriptions; Security & privacy,High,Pinch-to-zoom disabled — people cannot enlarge text on a phone | Insecure http:// resource on a secure page | Missing meta description,/areas/{area-slug} (area content migration),Not started,To assess
https://na.org.za/kzn/locations/thekwini-tvet-college/,/kzn/locations/thekwini-tvet-college/,KwaZulu-Natal,Accessibility & mobile; Content; Crawl & indexation; Headings; Indexing & canonicals; Meta descriptions; Security & privacy,High,Pinch-to-zoom disabled — people cannot enlarge text on a phone | Insecure http:// resource on a secure page | Missing meta description,/areas/{area-slug} (area content migration),Not started,To assess
https://na.org.za/kzn/locations/tongaat-central-library/,/kzn/locations/tongaat-central-library/,KwaZulu-Natal,Accessibility & mobile; Content; Crawl & indexation; Headings; Indexing & canonicals; Meta descriptions; Security & privacy,High,Pinch-to-zoom disabled — people cannot enlarge text on a phone | Insecure http:// resource on a secure page | Missing meta description,/areas/{area-slug} (area content migration),Not started,To assess
https://na.org.za/kzn/locations/umbilo-methodist-church/,/kzn/locations/umbilo-methodist-church/,KwaZulu-Natal,Accessibility & mobile; Content; Crawl & indexation; Headings; Indexing & canonicals; Meta descriptions; Security & privacy,High,Pinch-to-zoom disabled — people cannot enlarge text on a phone | Insecure http:// resource on a secure page | Missing meta description,/areas/{area-slug} (area content migration),Not started,To assess
https://na.org.za/kzn/locations/wayside-chapel/,/kzn/locations/wayside-chapel/,KwaZulu-Natal,Accessibility & mobile; Content; Crawl & indexation; Headings; Indexing & canonicals; Meta descriptions; Security & privacy,High,Pinch-to-zoom disabled — people cannot enlarge text on a phone | Insecure http:// resource on a secure page | Missing meta description,/areas/{area-slug} (area content migration),Not started,To assess
https://na.org.za/kzn/locations/westville-methodist-church/,/kzn/locations/westville-methodist-church/,KwaZulu-Natal,Accessibility & mobile; Content; Crawl & indexation; Headings; Indexing & canonicals; Meta descriptions; Security & privacy,High,Pinch-to-zoom disabled — people cannot enlarge text on a phone | Insecure http:// resource on a secure page | Missing meta description,/areas/{area-slug} (area content migration),Not started,To assess
https://na.org.za/kzn/locations/wings-of-love-building/,/kzn/locations/wings-of-love-building/,KwaZulu-Natal,Accessibility & mobile; Content; Crawl & indexation; Headings; Indexing & canonicals; Meta descriptions; Security & privacy,High,Pinch-to-zoom disabled — people cannot enlarge text on a phone | Insecure http:// resource on a secure page | Missing meta description,/areas/{area-slug} (area content migration),Not started,To assess
https://na.org.za/kzn/meetings/,/kzn/meetings/,KwaZulu-Natal,Accessibility & mobile; Content; Headings; Meta descriptions; Security & privacy,High,Pinch-to-zoom disabled — people cannot enlarge text on a phone | Insecure http:// resource on a secure page | Missing meta description,/areas/{area-slug} (area content migration),Not started,To assess
https://na.org.za/kzn/meetings/amanzimtoti-tuesday/,/kzn/meetings/amanzimtoti-tuesday/,KwaZulu-Natal,Accessibility & mobile; Meeting data; Meta descriptions; Security & privacy,High,Pinch-to-zoom disabled — people cannot enlarge text on a phone | Insecure http:// resource on a secure page | Missing meta description,/areas/{area-slug} (area content migration),Not started,To assess
https://na.org.za/kzn/meetings/austerville-friday/,/kzn/meetings/austerville-friday/,KwaZulu-Natal,Accessibility & mobile; Meeting data; Meta descriptions; Security & privacy,High,Pinch-to-zoom disabled — people cannot enlarge text on a phone | Insecure http:// resource on a secure page | Missing meta description,/areas/{area-slug} (area content migration),Not started,To assess
https://na.org.za/kzn/meetings/austerville-monday/,/kzn/meetings/austerville-monday/,KwaZulu-Natal,Accessibility & mobile; Meeting data; Meta descriptions; Security & privacy,High,Pinch-to-zoom disabled — people cannot enlarge text on a phone | Insecure http:// resource on a secure page | Missing meta description,/areas/{area-slug} (area content migration),Not started,To assess
https://na.org.za/kzn/meetings/austerville-wednesday/,/kzn/meetings/austerville-wednesday/,KwaZulu-Natal,Accessibility & mobile; Meeting data; Meta descriptions; Security & privacy,High,Pinch-to-zoom disabled — people cannot enlarge text on a phone | Insecure http:// resource on a secure page | Missing meta description,/areas/{area-slug} (area content migration),Not started,To assess
https://na.org.za/kzn/meetings/ballito-saturday/,/kzn/meetings/ballito-saturday/,KwaZulu-Natal,Accessibility & mobile; Meeting data; Meta descriptions; Security & privacy,High,Pinch-to-zoom disabled — people cannot enlarge text on a phone | Insecure http:// resource on a secure page | Missing meta description,/areas/{area-slug} (area content migration),Not started,To assess
https://na.org.za/kzn/meetings/bluff-tuesday/,/kzn/meetings/bluff-tuesday/,KwaZulu-Natal,Accessibility & mobile; Meeting data; Meta descriptions; Page titles; Security & privacy,High,Pinch-to-zoom disabled — people cannot enlarge text on a phone | Insecure http:// resource on a secure page | Missing meta description,/areas/{area-slug} (area content migration),Not started,To assess
https://na.org.za/kzn/meetings/buffelsdale-wednesday-meeting/,/kzn/meetings/buffelsdale-wednesday-meeting/,KwaZulu-Natal,Accessibility & mobile; Meeting data; Meta descriptions; Page titles; Security & privacy,High,Pinch-to-zoom disabled — people cannot enlarge text on a phone | Insecure http:// resource on a secure page | Missing meta description,/areas/{area-slug} (area content migration),Not started,To assess
https://na.org.za/kzn/meetings/chatsworth-monday/,/kzn/meetings/chatsworth-monday/,KwaZulu-Natal,Accessibility & mobile; Meeting data; Meta descriptions; Security & privacy,High,Pinch-to-zoom disabled — people cannot enlarge text on a phone | Insecure http:// resource on a secure page | Missing meta description,/areas/{area-slug} (area content migration),Not started,To assess
https://na.org.za/kzn/meetings/chatsworth-wednesday-step-work/,/kzn/meetings/chatsworth-wednesday-step-work/,KwaZulu-Natal,Accessibility & mobile; Meeting data; Meta descriptions; Page titles; Security & privacy,High,Pinch-to-zoom disabled — people cannot enlarge text on a phone | Insecure http:// resource on a secure page | Missing meta description,/areas/{area-slug} (area content migration),Not started,To assess
https://na.org.za/kzn/meetings/city-group-wednesday/,/kzn/meetings/city-group-wednesday/,KwaZulu-Natal,Accessibility & mobile; Meeting data; Meta descriptions; Security & privacy,High,Pinch-to-zoom disabled — people cannot enlarge text on a phone | Insecure http:// resource on a secure page | Missing meta description,/areas/{area-slug} (area content migration),Not started,To assess
https://na.org.za/kzn/meetings/durban-beach-sunday/,/kzn/meetings/durban-beach-sunday/,KwaZulu-Natal,Accessibility & mobile; Meeting data; Meta descriptions; Security & privacy,High,Pinch-to-zoom disabled — people cannot enlarge text on a phone | Insecure http:// resource on a secure page | Missing meta description,/areas/{area-slug} (area content migration),Not started,To assess
https://na.org.za/kzn/meetings/durban-north-monday/,/kzn/meetings/durban-north-monday/,KwaZulu-Natal,Accessibility & mobile; Meeting data; Meta descriptions; Security & privacy,High,Pinch-to-zoom disabled — people cannot enlarge text on a phone | Insecure http:// resource on a secure page | Missing meta description,/areas/{area-slug} (area content migration),Not started,To assess
https://na.org.za/kzn/meetings/friday-ballito-beach-meeting/,/kzn/meetings/friday-ballito-beach-meeting/,KwaZulu-Natal,Accessibility & mobile; Meeting data; Meta descriptions; Page titles; Security & privacy,High,Pinch-to-zoom disabled — people cannot enlarge text on a phone | Insecure http:// resource on a secure page | Missing meta description,/areas/{area-slug} (area content migration),Not started,To assess
https://na.org.za/kzn/meetings/fynnlands-thursday/,/kzn/meetings/fynnlands-thursday/,KwaZulu-Natal,Accessibility & mobile; Meeting data; Meta descriptions; Page titles; Security & privacy,High,Pinch-to-zoom disabled — people cannot enlarge text on a phone | Insecure http:// resource on a secure page | Missing meta description,/areas/{area-slug} (area content migration),Not started,To assess
https://na.org.za/kzn/meetings/hillcrest-sunday/,/kzn/meetings/hillcrest-sunday/,KwaZulu-Natal,Accessibility & mobile; Meeting data; Meta descriptions; Security & privacy,High,Pinch-to-zoom disabled — people cannot enlarge text on a phone | Insecure http:// resource on a secure page | Missing meta description,/areas/{area-slug} (area content migration),Not started,To assess
https://na.org.za/kzn/meetings/hillcrest-thursday/,/kzn/meetings/hillcrest-thursday/,KwaZulu-Natal,Accessibility & mobile; Meeting data; Meta descriptions; Security & privacy,High,Pinch-to-zoom disabled — people cannot enlarge text on a phone | Insecure http:// resource on a secure page | Missing meta description,/areas/{area-slug} (area content migration),Not started,To assess
https://na.org.za/kzn/meetings/howick-friday/,/kzn/meetings/howick-friday/,KwaZulu-Natal,Accessibility & mobile; Meeting data; Meta descriptions; Security & privacy,High,Pinch-to-zoom disabled — people cannot enlarge text on a phone | Insecure http:// resource on a secure page | Missing meta description,/areas/{area-slug} (area content migration),Not started,To assess
https://na.org.za/kzn/meetings/howick-wednesday-mens-meeting/,/kzn/meetings/howick-wednesday-mens-meeting/,KwaZulu-Natal,Accessibility & mobile; Meeting data; Meta descriptions; Security & privacy,High,Pinch-to-zoom disabled — people cannot enlarge text on a phone | Insecure http:// resource on a secure page | Missing meta description,/areas/{area-slug} (area content migration),Not started,To assess
https://na.org.za/kzn/meetings/isizulu-saturday/,/kzn/meetings/isizulu-saturday/,KwaZulu-Natal,Accessibility & mobile; Meeting data; Meta descriptions; Security & privacy,High,Pinch-to-zoom disabled — people cannot enlarge text on a phone | Insecure http:// resource on a secure page | Missing meta description,/areas/{area-slug} (area content migration),Not started,To assess
https://na.org.za/kzn/meetings/isizulu-sunday-online/,/kzn/meetings/isizulu-sunday-online/,KwaZulu-Natal,Accessibility & mobile; Meeting data; Meta descriptions; Security & privacy,High,"Pinch-to-zoom disabled — people cannot enlarge text on a phone | Location flagged ""approximate"" — pin not precisely geocoded | Insecure http:// resource on a secure page",/areas/{area-slug} (area content migration),Not started,To assess
https://na.org.za/kzn/meetings/kloof-tuesday/,/kzn/meetings/kloof-tuesday/,KwaZulu-Natal,Accessibility & mobile; Meeting data; Meta descriptions; Security & privacy,High,Pinch-to-zoom disabled — people cannot enlarge text on a phone | Insecure http:// resource on a secure page | Missing meta description,/areas/{area-slug} (area content migration),Not started,To assess
https://na.org.za/kzn/meetings/margate-thursday/,/kzn/meetings/margate-thursday/,KwaZulu-Natal,Accessibility & mobile; Meeting data; Meta descriptions; Security & privacy,High,Pinch-to-zoom disabled — people cannot enlarge text on a phone | Insecure http:// resource on a secure page | Missing meta description,/areas/{area-slug} (area content migration),Not started,To assess
https://na.org.za/kzn/meetings/merebank-sunday/,/kzn/meetings/merebank-sunday/,KwaZulu-Natal,Accessibility & mobile; Meeting data; Meta descriptions; Security & privacy,High,Pinch-to-zoom disabled — people cannot enlarge text on a phone | Insecure http:// resource on a secure page | Missing meta description,/areas/{area-slug} (area content migration),Not started,To assess
https://na.org.za/kzn/meetings/musgrave-friday/,/kzn/meetings/musgrave-friday/,KwaZulu-Natal,Accessibility & mobile; Meeting data; Meta descriptions; Security & privacy,High,Pinch-to-zoom disabled — people cannot enlarge text on a phone | Insecure http:// resource on a secure page | Missing meta description,/areas/{area-slug} (area content migration),Not started,To assess
https://na.org.za/kzn/meetings/newlands-east-monday/,/kzn/meetings/newlands-east-monday/,KwaZulu-Natal,Accessibility & mobile; Meeting data; Meta descriptions; Security & privacy,High,Pinch-to-zoom disabled — people cannot enlarge text on a phone | Insecure http:// resource on a secure page | Missing meta description,/areas/{area-slug} (area content migration),Not started,To assess
https://na.org.za/kzn/meetings/newlands-west-thursday/,/kzn/meetings/newlands-west-thursday/,KwaZulu-Natal,Accessibility & mobile; Meeting data; Meta descriptions; Security & privacy,High,Pinch-to-zoom disabled — people cannot enlarge text on a phone | Insecure http:// resource on a secure page | Missing meta description,/areas/{area-slug} (area content migration),Not started,To assess
https://na.org.za/kzn/meetings/overport-sunday/,/kzn/meetings/overport-sunday/,KwaZulu-Natal,Accessibility & mobile; Meeting data; Meta descriptions; Security & privacy,High,Pinch-to-zoom disabled — people cannot enlarge text on a phone | Insecure http:// resource on a secure page | Missing meta description,/areas/{area-slug} (area content migration),Not started,To assess
https://na.org.za/kzn/meetings/park-rynie-sunday/,/kzn/meetings/park-rynie-sunday/,KwaZulu-Natal,Accessibility & mobile; Meeting data; Meta descriptions; Security & privacy,High,Pinch-to-zoom disabled — people cannot enlarge text on a phone | Insecure http:// resource on a secure page | Missing meta description,/areas/{area-slug} (area content migration),Not started,To assess
https://na.org.za/kzn/meetings/pennington-tuesday/,/kzn/meetings/pennington-tuesday/,KwaZulu-Natal,Accessibility & mobile; Meeting data; Meta descriptions; Security & privacy,High,Pinch-to-zoom disabled — people cannot enlarge text on a phone | Insecure http:// resource on a secure page | Missing meta description,/areas/{area-slug} (area content migration),Not started,To assess
https://na.org.za/kzn/meetings/phoenix-friday/,/kzn/meetings/phoenix-friday/,KwaZulu-Natal,Accessibility & mobile; Meeting data; Meta descriptions; Security & privacy,High,Pinch-to-zoom disabled — people cannot enlarge text on a phone | Insecure http:// resource on a secure page | Missing meta description,/areas/{area-slug} (area content migration),Not started,To assess
https://na.org.za/kzn/meetings/phoenix-monday/,/kzn/meetings/phoenix-monday/,KwaZulu-Natal,Accessibility & mobile; Meeting data; Meta descriptions; Security & privacy,High,Pinch-to-zoom disabled — people cannot enlarge text on a phone | Insecure http:// resource on a secure page | Missing meta description,/areas/{area-slug} (area content migration),Not started,To assess
https://na.org.za/kzn/meetings/phoenix-saturday/,/kzn/meetings/phoenix-saturday/,KwaZulu-Natal,Accessibility & mobile; Meeting data; Meta descriptions; Security & privacy,High,Pinch-to-zoom disabled — people cannot enlarge text on a phone | Insecure http:// resource on a secure page | Missing meta description,/areas/{area-slug} (area content migration),Not started,To assess
https://na.org.za/kzn/meetings/phoenix-sunday/,/kzn/meetings/phoenix-sunday/,KwaZulu-Natal,Accessibility & mobile; Meeting data; Meta descriptions; Security & privacy,High,Pinch-to-zoom disabled — people cannot enlarge text on a phone | Insecure http:// resource on a secure page | Missing meta description,/areas/{area-slug} (area content migration),Not started,To assess
https://na.org.za/kzn/meetings/phoenix-thursday/,/kzn/meetings/phoenix-thursday/,KwaZulu-Natal,Accessibility & mobile; Meeting data; Meta descriptions; Security & privacy,High,Pinch-to-zoom disabled — people cannot enlarge text on a phone | Insecure http:// resource on a secure page | Missing meta description,/areas/{area-slug} (area content migration),Not started,To assess
https://na.org.za/kzn/meetings/phoenix-tuesday/,/kzn/meetings/phoenix-tuesday/,KwaZulu-Natal,Accessibility & mobile; Meeting data; Meta descriptions; Security & privacy,High,Pinch-to-zoom disabled — people cannot enlarge text on a phone | Insecure http:// resource on a secure page | Missing meta description,/areas/{area-slug} (area content migration),Not started,To assess
https://na.org.za/kzn/meetings/pinetown-saturday/,/kzn/meetings/pinetown-saturday/,KwaZulu-Natal,Accessibility & mobile; Meeting data; Meta descriptions; Security & privacy,High,Pinch-to-zoom disabled — people cannot enlarge text on a phone | Insecure http:// resource on a secure page | Missing meta description,/areas/{area-slug} (area content migration),Not started,To assess
https://na.org.za/kzn/meetings/pmb-friday/,/kzn/meetings/pmb-friday/,KwaZulu-Natal,Accessibility & mobile; Meeting data; Meta descriptions; Security & privacy,High,Pinch-to-zoom disabled — people cannot enlarge text on a phone | Insecure http:// resource on a secure page | Missing meta description,/areas/{area-slug} (area content migration),Not started,To assess
https://na.org.za/kzn/meetings/pmb-midlands-friday/,/kzn/meetings/pmb-midlands-friday/,KwaZulu-Natal,Accessibility & mobile; Meeting data; Meta descriptions; Security & privacy,High,Pinch-to-zoom disabled — people cannot enlarge text on a phone | Insecure http:// resource on a secure page | Missing meta description,/areas/{area-slug} (area content migration),Not started,To assess
https://na.org.za/kzn/meetings/pmb-saturday/,/kzn/meetings/pmb-saturday/,KwaZulu-Natal,Accessibility & mobile; Meeting data; Meta descriptions; Security & privacy,High,Pinch-to-zoom disabled — people cannot enlarge text on a phone | Insecure http:// resource on a secure page | Missing meta description,/areas/{area-slug} (area content migration),Not started,To assess
https://na.org.za/kzn/meetings/pmb-tuesday/,/kzn/meetings/pmb-tuesday/,KwaZulu-Natal,Accessibility & mobile; Meeting data; Meta descriptions; Security & privacy,High,Pinch-to-zoom disabled — people cannot enlarge text on a phone | Insecure http:// resource on a secure page | Missing meta description,/areas/{area-slug} (area content migration),Not started,To assess
https://na.org.za/kzn/meetings/pmb-wednesday/,/kzn/meetings/pmb-wednesday/,KwaZulu-Natal,Accessibility & mobile; Meeting data; Meta descriptions; Security & privacy,High,Pinch-to-zoom disabled — people cannot enlarge text on a phone | Insecure http:// resource on a secure page | Missing meta description,/areas/{area-slug} (area content migration),Not started,To assess
https://na.org.za/kzn/meetings/redhill-friday/,/kzn/meetings/redhill-friday/,KwaZulu-Natal,Accessibility & mobile; Meeting data; Meta descriptions; Security & privacy,High,Pinch-to-zoom disabled — people cannot enlarge text on a phone | Insecure http:// resource on a secure page | Missing meta description,/areas/{area-slug} (area content migration),Not started,To assess
https://na.org.za/kzn/meetings/redhill-tuesday/,/kzn/meetings/redhill-tuesday/,KwaZulu-Natal,Accessibility & mobile; Meeting data; Meta descriptions; Security & privacy,High,Pinch-to-zoom disabled — people cannot enlarge text on a phone | Insecure http:// resource on a secure page | Missing meta description,/areas/{area-slug} (area content migration),Not started,To assess
https://na.org.za/kzn/meetings/richards-bay-thursday/,/kzn/meetings/richards-bay-thursday/,KwaZulu-Natal,Accessibility & mobile; Meeting data; Meta descriptions; Security & privacy,High,Pinch-to-zoom disabled — people cannot enlarge text on a phone | Insecure http:// resource on a secure page | Missing meta description,/areas/{area-slug} (area content migration),Not started,To assess
https://na.org.za/kzn/meetings/salt-rock-wednesday/,/kzn/meetings/salt-rock-wednesday/,KwaZulu-Natal,Accessibility & mobile; Meeting data; Meta descriptions; Security & privacy,High,Pinch-to-zoom disabled — people cannot enlarge text on a phone | Insecure http:// resource on a secure page | Missing meta description,/areas/{area-slug} (area content migration),Not started,To assess
https://na.org.za/kzn/meetings/scottburgh-friday/,/kzn/meetings/scottburgh-friday/,KwaZulu-Natal,Accessibility & mobile; Meeting data; Meta descriptions; Security & privacy,High,Pinch-to-zoom disabled — people cannot enlarge text on a phone | Insecure http:// resource on a secure page | Missing meta description,/areas/{area-slug} (area content migration),Not started,To assess
https://na.org.za/kzn/meetings/scottburgh-saturday/,/kzn/meetings/scottburgh-saturday/,KwaZulu-Natal,Accessibility & mobile; Meeting data; Meta descriptions; Security & privacy,High,Pinch-to-zoom disabled — people cannot enlarge text on a phone | Insecure http:// resource on a secure page | Missing meta description,/areas/{area-slug} (area content migration),Not started,To assess
https://na.org.za/kzn/meetings/scottsville-saturday-online/,/kzn/meetings/scottsville-saturday-online/,KwaZulu-Natal,Accessibility & mobile; Meeting data; Meta descriptions; Page titles; Security & privacy,High,"Pinch-to-zoom disabled — people cannot enlarge text on a phone | Location flagged ""approximate"" — pin not precisely geocoded | Insecure http:// resource on a secure page",/areas/{area-slug} (area content migration),Not started,To assess
https://na.org.za/kzn/meetings/sydenham-friday/,/kzn/meetings/sydenham-friday/,KwaZulu-Natal,Accessibility & mobile; Meeting data; Meta descriptions; Security & privacy,High,Pinch-to-zoom disabled — people cannot enlarge text on a phone | Insecure http:// resource on a secure page | Missing meta description,/areas/{area-slug} (area content migration),Not started,To assess
https://na.org.za/kzn/meetings/sydenham-saturday/,/kzn/meetings/sydenham-saturday/,KwaZulu-Natal,Accessibility & mobile; Meeting data; Meta descriptions; Security & privacy,High,Pinch-to-zoom disabled — people cannot enlarge text on a phone | Insecure http:// resource on a secure page | Missing meta description,/areas/{area-slug} (area content migration),Not started,To assess
https://na.org.za/kzn/meetings/thursday-queensburgh/,/kzn/meetings/thursday-queensburgh/,KwaZulu-Natal,Accessibility & mobile; Meeting data; Meta descriptions; Security & privacy,High,Pinch-to-zoom disabled — people cannot enlarge text on a phone | Insecure http:// resource on a secure page | Missing meta description,/areas/{area-slug} (area content migration),Not started,To assess
https://na.org.za/kzn/meetings/tongaat-saturday/,/kzn/meetings/tongaat-saturday/,KwaZulu-Natal,Accessibility & mobile; Meeting data; Meta descriptions; Security & privacy,High,Pinch-to-zoom disabled — people cannot enlarge text on a phone | Insecure http:// resource on a secure page | Missing meta description,/areas/{area-slug} (area content migration),Not started,To assess
https://na.org.za/kzn/meetings/tongaat-sunday/,/kzn/meetings/tongaat-sunday/,KwaZulu-Natal,Accessibility & mobile; Meeting data; Meta descriptions; Security & privacy,High,Pinch-to-zoom disabled — people cannot enlarge text on a phone | Insecure http:// resource on a secure page | Missing meta description,/areas/{area-slug} (area content migration),Not started,To assess
https://na.org.za/kzn/meetings/tongaat-thursday/,/kzn/meetings/tongaat-thursday/,KwaZulu-Natal,Accessibility & mobile; Meeting data; Meta descriptions; Security & privacy,High,Pinch-to-zoom disabled — people cannot enlarge text on a phone | Insecure http:// resource on a secure page | Missing meta description,/areas/{area-slug} (area content migration),Not started,To assess
https://na.org.za/kzn/meetings/tongaat-tuesday/,/kzn/meetings/tongaat-tuesday/,KwaZulu-Natal,Accessibility & mobile; Meeting data; Meta descriptions; Security & privacy,High,Pinch-to-zoom disabled — people cannot enlarge text on a phone | Insecure http:// resource on a secure page | Missing meta description,/areas/{area-slug} (area content migration),Not started,To assess
https://na.org.za/kzn/meetings/toti-sunday-steps-meeting/,/kzn/meetings/toti-sunday-steps-meeting/,KwaZulu-Natal,Accessibility & mobile; Meeting data; Meta descriptions; Page titles; Security & privacy,High,Pinch-to-zoom disabled — people cannot enlarge text on a phone | Insecure http:// resource on a secure page | Missing meta description,/areas/{area-slug} (area content migration),Not started,To assess
https://na.org.za/kzn/meetings/umbilo-monday/,/kzn/meetings/umbilo-monday/,KwaZulu-Natal,Accessibility & mobile; Meeting data; Meta descriptions; Security & privacy,High,Pinch-to-zoom disabled — people cannot enlarge text on a phone | Insecure http:// resource on a secure page | Missing meta description,/areas/{area-slug} (area content migration),Not started,To assess
https://na.org.za/kzn/meetings/umhlali-tuesday-2/,/kzn/meetings/umhlali-tuesday-2/,KwaZulu-Natal,Accessibility & mobile; Meeting data; Meta descriptions; Security & privacy,High,Pinch-to-zoom disabled — people cannot enlarge text on a phone | Insecure http:// resource on a secure page | Missing meta description,/areas/{area-slug} (area content migration),Not started,To assess
https://na.org.za/kzn/meetings/umhlali-tuesday/,/kzn/meetings/umhlali-tuesday/,KwaZulu-Natal,Accessibility & mobile; Meeting data; Meta descriptions; Security & privacy,High,Pinch-to-zoom disabled — people cannot enlarge text on a phone | Google plus code used instead of a street address | Insecure http:// resource on a secure page,/areas/{area-slug} (area content migration),Not started,To assess
https://na.org.za/kzn/meetings/umhlanga-thursday/,/kzn/meetings/umhlanga-thursday/,KwaZulu-Natal,Accessibility & mobile; Meeting data; Meta descriptions; Security & privacy,High,Pinch-to-zoom disabled — people cannot enlarge text on a phone | Insecure http:// resource on a secure page | Missing meta description,/areas/{area-slug} (area content migration),Not started,To assess
https://na.org.za/kzn/meetings/umzinto-saturday/,/kzn/meetings/umzinto-saturday/,KwaZulu-Natal,Accessibility & mobile; Meeting data; Meta descriptions; Security & privacy,High,Pinch-to-zoom disabled — people cannot enlarge text on a phone | Insecure http:// resource on a secure page | Missing meta description,/areas/{area-slug} (area content migration),Not started,To assess
https://na.org.za/kzn/meetings/westville-wednesday/,/kzn/meetings/westville-wednesday/,KwaZulu-Natal,Accessibility & mobile; Broken links; Meeting data; Meta descriptions; Security & privacy,High,Pinch-to-zoom disabled — people cannot enlarge text on a phone | Link points to a page that does not exist (503) | Insecure http:// resource on a secure page,/areas/{area-slug} (area content migration),Not started,To assess
https://na.org.za/kzn/na-meetings/,/kzn/na-meetings/,KwaZulu-Natal,Accessibility & mobile; Content; Meta descriptions; Security & privacy,High,Pinch-to-zoom disabled — people cannot enlarge text on a phone | Insecure http:// resource on a secure page | Missing meta description,/areas/{area-slug} (area content migration),Not started,To assess
https://na.org.za/kzn/preambles/,/kzn/preambles/,KwaZulu-Natal,Accessibility & mobile; Headings; Meta descriptions; Security & privacy,High,Pinch-to-zoom disabled — people cannot enlarge text on a phone | Insecure http:// resource on a secure page | Missing meta description,/areas/{area-slug} (area content migration),Not started,To assess
https://na.org.za/meetings/,/meetings/,Region,Accessibility & mobile; Broken links; Content; Meta descriptions; Security & privacy,High,Pinch-to-zoom disabled — people cannot enlarge text on a phone | Link points to a page that does not exist (404) | Insecure http:// resource on a secure page,Route mapping required,Not started,To assess
https://na.org.za/my-account/,/my-account/,Region,Accessibility & mobile; Broken links; Content; Meta descriptions; Security & privacy,High,Pinch-to-zoom disabled — people cannot enlarge text on a phone | Link points to a page that does not exist (404) | Insecure http:// resource on a secure page,Route mapping required,Not started,To assess
https://na.org.za/na-literature/,/na-literature/,Region,Accessibility & mobile; Broken links; Meta descriptions; Security & privacy; Spelling,High,Pinch-to-zoom disabled — people cannot enlarge text on a phone | Link points to a page that does not exist (404) | Insecure http:// resource on a secure page,Route mapping required,Not started,To assess
https://na.org.za/online-meetings/,/online-meetings/,Region,Accessibility & mobile; Broken links; Content; Headings; Meta descriptions; Security & privacy,High,Pinch-to-zoom disabled — people cannot enlarge text on a phone | Link points to a page that does not exist (404) | Insecure http:// resource on a secure page,Route mapping required,Not started,To assess
https://na.org.za/pamphlets/1200_Introductory-Guide-English.pdf,/pamphlets/1200_Introductory-Guide-English.pdf,Region,Broken links,High,NA literature PDF is missing from the server,Route mapping required,Not started,To assess
https://na.org.za/pamphlets/3106_Recovery-Relapse-IP-6-English.pdf,/pamphlets/3106_Recovery-Relapse-IP-6-English.pdf,Region,Broken links,High,NA literature PDF is missing from the server,Route mapping required,Not started,To assess
https://na.org.za/pamphlets/Group-Business-Meetings.pdf,/pamphlets/Group-Business-Meetings.pdf,Region,Broken links,High,NA literature PDF is missing from the server,Route mapping required,Not started,To assess
https://na.org.za/pamphlets/IP-11-Sponsorship.pdf,/pamphlets/IP-11-Sponsorship.pdf,Region,Broken links,High,NA literature PDF is missing from the server,Route mapping required,Not started,To assess
https://na.org.za/pamphlets/IP-15-PI-and-the-NA-Member.pdf,/pamphlets/IP-15-PI-and-the-NA-Member.pdf,Region,Broken links,High,NA literature PDF is missing from the server,Route mapping required,Not started,To assess
https://na.org.za/pamphlets/IP-22-Welcome-to-NA.pdf.pdf,/pamphlets/IP-22-Welcome-to-NA.pdf.pdf,Region,Broken links,High,NA literature PDF is missing from the server,Route mapping required,Not started,To assess
https://na.org.za/pamphlets/IP-24-Money-Matters-Self-Support-in-NA.pdf,/pamphlets/IP-24-Money-Matters-Self-Support-in-NA.pdf,Region,Broken links,High,NA literature PDF is missing from the server,Route mapping required,Not started,To assess
https://na.org.za/pamphlets/NA-White-Booklet-English.pdf,/pamphlets/NA-White-Booklet-English.pdf,Region,Broken links,High,NA literature PDF is missing from the server,Route mapping required,Not started,To assess
https://na.org.za/pamphlets/Predatory-Behaviour.pdf,/pamphlets/Predatory-Behaviour.pdf,Region,Content,Low,Very large PDF download (6.8 MB),Route mapping required,Not started,To assess
https://na.org.za/pta/,/pta/,Pretoria,Accessibility & mobile; Headings; Meta descriptions; Security & privacy,High,Pinch-to-zoom disabled — people cannot enlarge text on a phone | Insecure http:// resource on a secure page | Missing meta description,/areas/{area-slug} (area content migration),Not started,To assess
https://na.org.za/pta/2025/11/21/hello-world/,/pta/2025/11/21/hello-world/,Pretoria,Accessibility & mobile; Content; Meta descriptions; Security & privacy; Spelling,High,Pinch-to-zoom disabled — people cannot enlarge text on a phone | Insecure http:// resource on a secure page | Missing meta description,/areas/{area-slug} (area content migration),Not started,To assess
https://na.org.za/pta/author/wc-website-administratorna-org-za,/pta/author/wc-website-administratorna-org-za,Pretoria,Security & privacy,Medium,Public author page puts an administrator email address in the web address,/areas/{area-slug} (area content migration),Not started,To assess
https://na.org.za/pta/category/uncategorized/,/pta/category/uncategorized/,Pretoria,Accessibility & mobile; Content; Headings; Meta descriptions; Security & privacy; Spelling,High,Pinch-to-zoom disabled — people cannot enlarge text on a phone | Insecure http:// resource on a secure page | Missing meta description,/areas/{area-slug} (area content migration),Not started,To assess
https://na.org.za/pta/contact-us/,/pta/contact-us/,Pretoria,Accessibility & mobile; Content; Meta descriptions; Security & privacy,High,Pinch-to-zoom disabled — people cannot enlarge text on a phone | Insecure http:// resource on a secure page | Missing meta description,/areas/{area-slug} (area content migration),Not started,To assess
https://na.org.za/pta/downloads/,/pta/downloads/,Pretoria,Accessibility & mobile; Broken links; Meta descriptions; Security & privacy,High,Pinch-to-zoom disabled — people cannot enlarge text on a phone | Link points to a page that does not exist (404) | Insecure http:// resource on a secure page,/areas/{area-slug} (area content migration),Not started,To assess
https://na.org.za/pta/event/padel-tournament/,/pta/event/padel-tournament/,Pretoria,Accessibility & mobile; Meta descriptions; Security & privacy,High,Pinch-to-zoom disabled — people cannot enlarge text on a phone | Insecure http:// resource on a secure page | Missing meta description,/areas/{area-slug} (area content migration),Not started,To assess
https://na.org.za/pta/events/,/pta/events/,Pretoria,Accessibility & mobile; Headings; Meta descriptions; Security & privacy,High,Pinch-to-zoom disabled — people cannot enlarge text on a phone | Insecure http:// resource on a secure page | Missing meta description,/areas/{area-slug} (area content migration),Not started,To assess
https://na.org.za/pta/for-the-newcomer/,/pta/for-the-newcomer/,Pretoria,Accessibility & mobile; Broken links; Meta descriptions; Security & privacy; Spelling,High,Pinch-to-zoom disabled — people cannot enlarge text on a phone | Link points to a page that does not exist (404) | Insecure http:// resource on a secure page,/areas/{area-slug} (area content migration),Not started,To assess
https://na.org.za/pta/group-readings/,/pta/group-readings/,Pretoria,Accessibility & mobile; Meta descriptions; Security & privacy,High,Pinch-to-zoom disabled — people cannot enlarge text on a phone | Insecure http:// resource on a secure page | Missing meta description,/areas/{area-slug} (area content migration),Not started,To assess
https://na.org.za/pta/literature/,/pta/literature/,Pretoria,Accessibility & mobile; Meta descriptions; Security & privacy; Spelling,High,Pinch-to-zoom disabled — people cannot enlarge text on a phone | Insecure http:// resource on a secure page | Missing meta description,/areas/{area-slug} (area content migration),Not started,To assess
https://na.org.za/pta/locations/,/pta/locations/,Pretoria,Accessibility & mobile; Headings; Indexing & canonicals; Meta descriptions,Medium,Missing mobile viewport meta tag | Missing meta description | Missing canonical tag,/areas/{area-slug} (area content migration),Not started,To assess
https://na.org.za/pta/locations/19027-somo-st-pretoria-0122-south-africa/,/pta/locations/19027-somo-st-pretoria-0122-south-africa/,Pretoria,Accessibility & mobile; Content; Crawl & indexation; Headings; Indexing & canonicals; Meta descriptions; Page titles; Security & privacy,High,Pinch-to-zoom disabled — people cannot enlarge text on a phone | Insecure http:// resource on a secure page | Missing meta description,/areas/{area-slug} (area content migration),Not started,To assess
https://na.org.za/pta/locations/constantia-park-2/,/pta/locations/constantia-park-2/,Pretoria,Accessibility & mobile; Content; Crawl & indexation; Headings; Indexing & canonicals; Meta descriptions; Security & privacy,High,Pinch-to-zoom disabled — people cannot enlarge text on a phone | Insecure http:// resource on a secure page | Missing meta description,/areas/{area-slug} (area content migration),Not started,To assess
https://na.org.za/pta/locations/constantia-park/,/pta/locations/constantia-park/,Pretoria,Accessibility & mobile; Content; Crawl & indexation; Headings; Indexing & canonicals; Meta descriptions; Security & privacy,High,Pinch-to-zoom disabled — people cannot enlarge text on a phone | Insecure http:// resource on a secure page | Missing meta description,/areas/{area-slug} (area content migration),Not started,To assess
https://na.org.za/pta/locations/eastwood/,/pta/locations/eastwood/,Pretoria,Accessibility & mobile; Content; Crawl & indexation; Headings; Indexing & canonicals; Meta descriptions; Security & privacy,High,Pinch-to-zoom disabled — people cannot enlarge text on a phone | Insecure http:// resource on a secure page | Missing meta description,/areas/{area-slug} (area content migration),Not started,To assess
https://na.org.za/pta/locations/eersterus/,/pta/locations/eersterus/,Pretoria,Accessibility & mobile; Content; Crawl & indexation; Headings; Indexing & canonicals; Meta descriptions; Security & privacy,High,Pinch-to-zoom disabled — people cannot enlarge text on a phone | Insecure http:// resource on a secure page | Missing meta description,/areas/{area-slug} (area content migration),Not started,To assess
https://na.org.za/pta/locations/garsfontein-2/,/pta/locations/garsfontein-2/,Pretoria,Accessibility & mobile; Content; Crawl & indexation; Headings; Indexing & canonicals; Meta descriptions; Security & privacy,High,Pinch-to-zoom disabled — people cannot enlarge text on a phone | Insecure http:// resource on a secure page | Missing meta description,/areas/{area-slug} (area content migration),Not started,To assess
https://na.org.za/pta/locations/garsfontein/,/pta/locations/garsfontein/,Pretoria,Accessibility & mobile; Content; Crawl & indexation; Headings; Indexing & canonicals; Meta descriptions; Security & privacy,High,Pinch-to-zoom disabled — people cannot enlarge text on a phone | Insecure http:// resource on a secure page | Missing meta description,/areas/{area-slug} (area content migration),Not started,To assess
https://na.org.za/pta/locations/hammanskraal-2/,/pta/locations/hammanskraal-2/,Pretoria,Accessibility & mobile; Content; Crawl & indexation; Headings; Indexing & canonicals; Meta descriptions; Security & privacy,High,Pinch-to-zoom disabled — people cannot enlarge text on a phone | Insecure http:// resource on a secure page | Missing meta description,/areas/{area-slug} (area content migration),Not started,To assess
https://na.org.za/pta/locations/hammanskraal/,/pta/locations/hammanskraal/,Pretoria,Accessibility & mobile; Content; Crawl & indexation; Headings; Indexing & canonicals; Meta descriptions; Security & privacy,High,Pinch-to-zoom disabled — people cannot enlarge text on a phone | Insecure http:// resource on a secure page | Missing meta description,/areas/{area-slug} (area content migration),Not started,To assess
https://na.org.za/pta/locations/hillcrest/,/pta/locations/hillcrest/,Pretoria,Accessibility & mobile; Content; Crawl & indexation; Headings; Indexing & canonicals; Meta descriptions; Security & privacy,High,Pinch-to-zoom disabled — people cannot enlarge text on a phone | Insecure http:// resource on a secure page | Missing meta description,/areas/{area-slug} (area content migration),Not started,To assess
https://na.org.za/pta/locations/laudium/,/pta/locations/laudium/,Pretoria,Accessibility & mobile; Content; Crawl & indexation; Headings; Indexing & canonicals; Meta descriptions; Security & privacy,High,Pinch-to-zoom disabled — people cannot enlarge text on a phone | Insecure http:// resource on a secure page | Missing meta description,/areas/{area-slug} (area content migration),Not started,To assess
https://na.org.za/pta/locations/lynnwoodrif-gemeente/,/pta/locations/lynnwoodrif-gemeente/,Pretoria,Accessibility & mobile; Content; Crawl & indexation; Headings; Indexing & canonicals; Meta descriptions; Security & privacy,High,Pinch-to-zoom disabled — people cannot enlarge text on a phone | Insecure http:// resource on a secure page | Missing meta description,/areas/{area-slug} (area content migration),Not started,To assess
https://na.org.za/pta/locations/lyttleton-2/,/pta/locations/lyttleton-2/,Pretoria,Accessibility & mobile; Content; Crawl & indexation; Headings; Indexing & canonicals; Meta descriptions; Security & privacy,High,Pinch-to-zoom disabled — people cannot enlarge text on a phone | Insecure http:// resource on a secure page | Missing meta description,/areas/{area-slug} (area content migration),Not started,To assess
https://na.org.za/pta/locations/lyttleton/,/pta/locations/lyttleton/,Pretoria,Accessibility & mobile; Content; Crawl & indexation; Headings; Indexing & canonicals; Meta descriptions; Security & privacy,High,Pinch-to-zoom disabled — people cannot enlarge text on a phone | Insecure http:// resource on a secure page | Missing meta description,/areas/{area-slug} (area content migration),Not started,To assess
https://na.org.za/pta/locations/mabopane-service-point/,/pta/locations/mabopane-service-point/,Pretoria,Accessibility & mobile; Content; Crawl & indexation; Headings; Indexing & canonicals; Meta descriptions; Security & privacy,High,Pinch-to-zoom disabled — people cannot enlarge text on a phone | Insecure http:// resource on a secure page | Missing meta description,/areas/{area-slug} (area content migration),Not started,To assess
https://na.org.za/pta/locations/mamelodi-2/,/pta/locations/mamelodi-2/,Pretoria,Accessibility & mobile; Content; Crawl & indexation; Headings; Indexing & canonicals; Meta descriptions; Security & privacy,High,Pinch-to-zoom disabled — people cannot enlarge text on a phone | Insecure http:// resource on a secure page | Missing meta description,/areas/{area-slug} (area content migration),Not started,To assess
https://na.org.za/pta/locations/mamelodi/,/pta/locations/mamelodi/,Pretoria,Accessibility & mobile; Content; Crawl & indexation; Headings; Indexing & canonicals; Meta descriptions; Security & privacy,High,Pinch-to-zoom disabled — people cannot enlarge text on a phone | Insecure http:// resource on a secure page | Missing meta description,/areas/{area-slug} (area content migration),Not started,To assess
https://na.org.za/pta/locations/memezelo-high-school/,/pta/locations/memezelo-high-school/,Pretoria,Accessibility & mobile; Content; Crawl & indexation; Headings; Indexing & canonicals; Meta descriptions; Security & privacy,High,Pinch-to-zoom disabled — people cannot enlarge text on a phone | Insecure http:// resource on a secure page | Missing meta description,/areas/{area-slug} (area content migration),Not started,To assess
https://na.org.za/pta/locations/montana/,/pta/locations/montana/,Pretoria,Accessibility & mobile; Content; Crawl & indexation; Headings; Indexing & canonicals; Meta descriptions; Security & privacy,High,Pinch-to-zoom disabled — people cannot enlarge text on a phone | Insecure http:// resource on a secure page | Missing meta description,/areas/{area-slug} (area content migration),Not started,To assess
https://na.org.za/pta/locations/new-apostolic-church-booysens/,/pta/locations/new-apostolic-church-booysens/,Pretoria,Accessibility & mobile; Content; Crawl & indexation; Headings; Indexing & canonicals; Meta descriptions; Security & privacy,High,Pinch-to-zoom disabled — people cannot enlarge text on a phone | Insecure http:// resource on a secure page | Missing meta description,/areas/{area-slug} (area content migration),Not started,To assess
https://na.org.za/pta/locations/olympus/,/pta/locations/olympus/,Pretoria,Accessibility & mobile; Content; Crawl & indexation; Headings; Indexing & canonicals; Meta descriptions; Security & privacy,High,Pinch-to-zoom disabled — people cannot enlarge text on a phone | Insecure http:// resource on a secure page | Missing meta description,/areas/{area-slug} (area content migration),Not started,To assess
https://na.org.za/pta/locations/pretoria-south-africa/,/pta/locations/pretoria-south-africa/,Pretoria,Accessibility & mobile; Content; Crawl & indexation; Headings; Indexing & canonicals; Meta descriptions; Security & privacy,High,Pinch-to-zoom disabled — people cannot enlarge text on a phone | Insecure http:// resource on a secure page | Missing meta description,/areas/{area-slug} (area content migration),Not started,To assess
https://na.org.za/pta/locations/queenswood/,/pta/locations/queenswood/,Pretoria,Accessibility & mobile; Content; Crawl & indexation; Headings; Indexing & canonicals; Meta descriptions; Security & privacy,High,Pinch-to-zoom disabled — people cannot enlarge text on a phone | Insecure http:// resource on a secure page | Missing meta description,/areas/{area-slug} (area content migration),Not started,To assess
https://na.org.za/pta/locations/rooihuiskraal/,/pta/locations/rooihuiskraal/,Pretoria,Accessibility & mobile; Content; Crawl & indexation; Headings; Indexing & canonicals; Meta descriptions; Security & privacy,High,Pinch-to-zoom disabled — people cannot enlarge text on a phone | Insecure http:// resource on a secure page | Missing meta description,/areas/{area-slug} (area content migration),Not started,To assess
https://na.org.za/pta/locations/rustenburg-2/,/pta/locations/rustenburg-2/,Pretoria,Accessibility & mobile; Content; Crawl & indexation; Headings; Indexing & canonicals; Meta descriptions; Security & privacy,High,Pinch-to-zoom disabled — people cannot enlarge text on a phone | Insecure http:// resource on a secure page | Missing meta description,/areas/{area-slug} (area content migration),Not started,To assess
https://na.org.za/pta/locations/rustenburg-3/,/pta/locations/rustenburg-3/,Pretoria,Accessibility & mobile; Content; Crawl & indexation; Headings; Indexing & canonicals; Meta descriptions; Security & privacy,High,Pinch-to-zoom disabled — people cannot enlarge text on a phone | Insecure http:// resource on a secure page | Missing meta description,/areas/{area-slug} (area content migration),Not started,To assess
https://na.org.za/pta/locations/rustenburg-4/,/pta/locations/rustenburg-4/,Pretoria,Accessibility & mobile; Content; Crawl & indexation; Headings; Indexing & canonicals; Meta descriptions; Security & privacy,High,Pinch-to-zoom disabled — people cannot enlarge text on a phone | Insecure http:// resource on a secure page | Missing meta description,/areas/{area-slug} (area content migration),Not started,To assess
https://na.org.za/pta/locations/rustenburg-5/,/pta/locations/rustenburg-5/,Pretoria,Accessibility & mobile; Content; Crawl & indexation; Headings; Indexing & canonicals; Meta descriptions; Security & privacy,High,Pinch-to-zoom disabled — people cannot enlarge text on a phone | Insecure http:// resource on a secure page | Missing meta description,/areas/{area-slug} (area content migration),Not started,To assess
https://na.org.za/pta/locations/rustenburg/,/pta/locations/rustenburg/,Pretoria,Accessibility & mobile; Content; Crawl & indexation; Headings; Indexing & canonicals; Meta descriptions; Security & privacy,High,Pinch-to-zoom disabled — people cannot enlarge text on a phone | Insecure http:// resource on a secure page | Missing meta description,/areas/{area-slug} (area content migration),Not started,To assess
https://na.org.za/pta/locations/thabazimbi/,/pta/locations/thabazimbi/,Pretoria,Accessibility & mobile; Content; Crawl & indexation; Headings; Indexing & canonicals; Meta descriptions; Security & privacy,High,Pinch-to-zoom disabled — people cannot enlarge text on a phone | Insecure http:// resource on a secure page | Missing meta description,/areas/{area-slug} (area content migration),Not started,To assess
https://na.org.za/pta/locations/waterkloof-ridge/,/pta/locations/waterkloof-ridge/,Pretoria,Accessibility & mobile; Content; Crawl & indexation; Headings; Indexing & canonicals; Meta descriptions; Security & privacy,High,Pinch-to-zoom disabled — people cannot enlarge text on a phone | Insecure http:// resource on a secure page | Missing meta description,/areas/{area-slug} (area content migration),Not started,To assess
https://na.org.za/pta/locations/waterkloof/,/pta/locations/waterkloof/,Pretoria,Accessibility & mobile; Content; Crawl & indexation; Headings; Indexing & canonicals; Meta descriptions; Security & privacy,High,Pinch-to-zoom disabled — people cannot enlarge text on a phone | Insecure http:// resource on a secure page | Missing meta description,/areas/{area-slug} (area content migration),Not started,To assess
https://na.org.za/pta/meetings/,/pta/meetings/,Pretoria,Accessibility & mobile; Content; Headings; Meta descriptions; Security & privacy,High,Pinch-to-zoom disabled — people cannot enlarge text on a phone | Insecure http:// resource on a secure page | Missing meta description,/areas/{area-slug} (area content migration),Not started,To assess
https://na.org.za/pta/meetings/afrikaans/,/pta/meetings/afrikaans/,Pretoria,Accessibility & mobile; Meeting data; Meta descriptions; Security & privacy,High,Pinch-to-zoom disabled — people cannot enlarge text on a phone | Insecure http:// resource on a secure page | Missing meta description,/areas/{area-slug} (area content migration),Not started,To assess
https://na.org.za/pta/meetings/back-to-basics/,/pta/meetings/back-to-basics/,Pretoria,Accessibility & mobile; Meeting data; Meta descriptions; Security & privacy,High,Pinch-to-zoom disabled — people cannot enlarge text on a phone | Insecure http:// resource on a secure page | Missing meta description,/areas/{area-slug} (area content migration),Not started,To assess
https://na.org.za/pta/meetings/besileia-tuesday-meeting-open/,/pta/meetings/besileia-tuesday-meeting-open/,Pretoria,Accessibility & mobile; Meeting data; Meta descriptions; Security & privacy,High,Pinch-to-zoom disabled — people cannot enlarge text on a phone | Pin outside this Area's expected province bounds | Tagged online but no meeting link,/areas/{area-slug} (area content migration),Not started,To assess
https://na.org.za/pta/meetings/booysens-meeting-thursday-open/,/pta/meetings/booysens-meeting-thursday-open/,Pretoria,Accessibility & mobile; Meeting data; Meta descriptions; Security & privacy,High,Pinch-to-zoom disabled — people cannot enlarge text on a phone | Insecure http:// resource on a secure page | Missing meta description,/areas/{area-slug} (area content migration),Not started,To assess
https://na.org.za/pta/meetings/eersterus-2/,/pta/meetings/eersterus-2/,Pretoria,Accessibility & mobile; Meeting data; Meta descriptions; Security & privacy,High,"Pinch-to-zoom disabled — people cannot enlarge text on a phone | Location flagged ""approximate"" — pin not precisely geocoded | Insecure http:// resource on a secure page",/areas/{area-slug} (area content migration),Not started,To assess
https://na.org.za/pta/meetings/friday-second-chance-meeting/,/pta/meetings/friday-second-chance-meeting/,Pretoria,Accessibility & mobile; Meeting data; Meta descriptions; Security & privacy,High,Pinch-to-zoom disabled — people cannot enlarge text on a phone | Insecure http:// resource on a secure page | Missing meta description,/areas/{area-slug} (area content migration),Not started,To assess
https://na.org.za/pta/meetings/group-living-clean-format-literature-study/,/pta/meetings/group-living-clean-format-literature-study/,Pretoria,Accessibility & mobile; Meeting data; Meta descriptions; Security & privacy,High,Pinch-to-zoom disabled — people cannot enlarge text on a phone | Insecure http:// resource on a secure page | Missing meta description,/areas/{area-slug} (area content migration),Not started,To assess
https://na.org.za/pta/meetings/hammanskraal-meeting-monday-open/,/pta/meetings/hammanskraal-meeting-monday-open/,Pretoria,Accessibility & mobile; Meeting data; Meta descriptions; Security & privacy,High,Pinch-to-zoom disabled — people cannot enlarge text on a phone | Insecure http:// resource on a secure page | Missing meta description,/areas/{area-slug} (area content migration),Not started,To assess
https://na.org.za/pta/meetings/hammanskraal-tuesday-meeting-open/,/pta/meetings/hammanskraal-tuesday-meeting-open/,Pretoria,Accessibility & mobile; Meeting data; Meta descriptions; Page titles; Security & privacy,High,Pinch-to-zoom disabled — people cannot enlarge text on a phone | Insecure http:// resource on a secure page | Missing meta description,/areas/{area-slug} (area content migration),Not started,To assess
https://na.org.za/pta/meetings/i-cant-we-can-wednesday/,/pta/meetings/i-cant-we-can-wednesday/,Pretoria,Accessibility & mobile; Meeting data; Meta descriptions; Security & privacy,High,Pinch-to-zoom disabled — people cannot enlarge text on a phone | Insecure http:// resource on a secure page | Missing meta description,/areas/{area-slug} (area content migration),Not started,To assess
https://na.org.za/pta/meetings/lgbt/,/pta/meetings/lgbt/,Pretoria,Accessibility & mobile; Meeting data; Meta descriptions; Security & privacy,High,Pinch-to-zoom disabled — people cannot enlarge text on a phone | Insecure http:// resource on a secure page | Missing meta description,/areas/{area-slug} (area content migration),Not started,To assess
https://na.org.za/pta/meetings/mamelodi-west-open2/,/pta/meetings/mamelodi-west-open2/,Pretoria,Accessibility & mobile; Meta descriptions; Security & privacy,High,Pinch-to-zoom disabled — people cannot enlarge text on a phone | Insecure http:// resource on a secure page | Missing meta description,/areas/{area-slug} (area content migration),Not started,To assess
https://na.org.za/pta/meetings/mamelodi/,/pta/meetings/mamelodi/,Pretoria,Accessibility & mobile; Meeting data; Meta descriptions; Security & privacy,High,Pinch-to-zoom disabled — people cannot enlarge text on a phone | Insecure http:// resource on a secure page | Missing meta description,/areas/{area-slug} (area content migration),Not started,To assess
https://na.org.za/pta/meetings/mens-meeting/,/pta/meetings/mens-meeting/,Pretoria,Accessibility & mobile; Meeting data; Meta descriptions; Security & privacy,High,Pinch-to-zoom disabled — people cannot enlarge text on a phone | Insecure http:// resource on a secure page | Missing meta description,/areas/{area-slug} (area content migration),Not started,To assess
https://na.org.za/pta/meetings/monday-rietvlei-meeting-open/,/pta/meetings/monday-rietvlei-meeting-open/,Pretoria,Accessibility & mobile; Meeting data; Meta descriptions; Security & privacy,High,"Pinch-to-zoom disabled — people cannot enlarge text on a phone | Pin outside this Area's expected province bounds | Location flagged ""approximate"" — pin not precisely geocoded",/areas/{area-slug} (area content migration),Not started,To assess
https://na.org.za/pta/meetings/monday-rustenburg-meeting-open/,/pta/meetings/monday-rustenburg-meeting-open/,Pretoria,Accessibility & mobile; Meeting data; Meta descriptions; Security & privacy,High,Pinch-to-zoom disabled — people cannot enlarge text on a phone | Insecure http:// resource on a secure page | Missing meta description,/areas/{area-slug} (area content migration),Not started,To assess
https://na.org.za/pta/meetings/monday-second-chance-meeting/,/pta/meetings/monday-second-chance-meeting/,Pretoria,Accessibility & mobile; Meeting data; Meta descriptions; Security & privacy,High,Pinch-to-zoom disabled — people cannot enlarge text on a phone | Insecure http:// resource on a secure page | Missing meta description,/areas/{area-slug} (area content migration),Not started,To assess
https://na.org.za/pta/meetings/new-meeting-thursday-700-pm/,/pta/meetings/new-meeting-thursday-700-pm/,Pretoria,Accessibility & mobile; Meeting data; Meta descriptions; Security & privacy,High,Pinch-to-zoom disabled — people cannot enlarge text on a phone | Insecure http:// resource on a secure page | Missing meta description,/areas/{area-slug} (area content migration),Not started,To assess
https://na.org.za/pta/meetings/open-meeting/,/pta/meetings/open-meeting/,Pretoria,Accessibility & mobile; Meeting data; Meta descriptions; Page titles; Security & privacy,High,Pinch-to-zoom disabled — people cannot enlarge text on a phone | Insecure http:// resource on a secure page | Missing meta description,/areas/{area-slug} (area content migration),Not started,To assess
https://na.org.za/pta/meetings/proteapark-wednesday-meeting-open/,/pta/meetings/proteapark-wednesday-meeting-open/,Pretoria,Accessibility & mobile; Meeting data; Meta descriptions; Security & privacy,High,Pinch-to-zoom disabled — people cannot enlarge text on a phone | Pin outside this Area's expected province bounds | Tagged online but no meeting link,/areas/{area-slug} (area content migration),Not started,To assess
https://na.org.za/pta/meetings/soshanguve-meeting-sunday-open/,/pta/meetings/soshanguve-meeting-sunday-open/,Pretoria,Accessibility & mobile; Meeting data; Meta descriptions; Security & privacy,High,Pinch-to-zoom disabled — people cannot enlarge text on a phone | Insecure http:// resource on a secure page | Missing meta description,/areas/{area-slug} (area content migration),Not started,To assess
https://na.org.za/pta/meetings/soshanguve-meeting-wednesday-open/,/pta/meetings/soshanguve-meeting-wednesday-open/,Pretoria,Accessibility & mobile; Meeting data; Meta descriptions; Page titles; Security & privacy,High,Pinch-to-zoom disabled — people cannot enlarge text on a phone | Insecure http:// resource on a secure page | Missing meta description,/areas/{area-slug} (area content migration),Not started,To assess
https://na.org.za/pta/meetings/speaker-meeting/,/pta/meetings/speaker-meeting/,Pretoria,Accessibility & mobile; Meeting data; Meta descriptions; Page titles; Security & privacy,High,Pinch-to-zoom disabled — people cannot enlarge text on a phone | Insecure http:// resource on a secure page | Missing meta description,/areas/{area-slug} (area content migration),Not started,To assess
https://na.org.za/pta/meetings/speaker/,/pta/meetings/speaker/,Pretoria,Accessibility & mobile; Meeting data; Meta descriptions; Security & privacy,High,Pinch-to-zoom disabled — people cannot enlarge text on a phone | Insecure http:// resource on a secure page | Missing meta description,/areas/{area-slug} (area content migration),Not started,To assess
https://na.org.za/pta/meetings/spiritual-principles/,/pta/meetings/spiritual-principles/,Pretoria,Accessibility & mobile; Meeting data; Meta descriptions; Security & privacy,High,Pinch-to-zoom disabled — people cannot enlarge text on a phone | Insecure http:// resource on a secure page | Missing meta description,/areas/{area-slug} (area content migration),Not started,To assess
https://na.org.za/pta/meetings/step-up-newcomer-group/,/pta/meetings/step-up-newcomer-group/,Pretoria,Accessibility & mobile; Meeting data; Meta descriptions; Security & privacy,High,Pinch-to-zoom disabled — people cannot enlarge text on a phone | Insecure http:// resource on a secure page | Missing meta description,/areas/{area-slug} (area content migration),Not started,To assess
https://na.org.za/pta/meetings/thandanani-walk-in-centre-tuesday-600-pm/,/pta/meetings/thandanani-walk-in-centre-tuesday-600-pm/,Pretoria,Accessibility & mobile; Meeting data; Meta descriptions; Security & privacy,High,Pinch-to-zoom disabled — people cannot enlarge text on a phone | Insecure http:// resource on a secure page | Missing meta description,/areas/{area-slug} (area content migration),Not started,To assess
https://na.org.za/pta/meetings/the-untold-stories-of-na-members-online/,/pta/meetings/the-untold-stories-of-na-members-online/,Pretoria,Accessibility & mobile; Meeting data; Meta descriptions; Page titles; Security & privacy,High,"Pinch-to-zoom disabled — people cannot enlarge text on a phone | Location flagged ""approximate"" — pin not precisely geocoded | Insecure http:// resource on a secure page",/areas/{area-slug} (area content migration),Not started,To assess
https://na.org.za/pta/meetings/thursday-rustenburg-meeting-open/,/pta/meetings/thursday-rustenburg-meeting-open/,Pretoria,Accessibility & mobile; Meeting data; Meta descriptions; Security & privacy,High,Pinch-to-zoom disabled — people cannot enlarge text on a phone | Pin outside this Area's expected province bounds | Insecure http:// resource on a secure page,/areas/{area-slug} (area content migration),Not started,To assess
https://na.org.za/pta/meetings/thursday-second-chance-meeting/,/pta/meetings/thursday-second-chance-meeting/,Pretoria,Accessibility & mobile; Meeting data; Meta descriptions; Page titles; Security & privacy,High,Pinch-to-zoom disabled — people cannot enlarge text on a phone | Insecure http:// resource on a secure page | Missing meta description,/areas/{area-slug} (area content migration),Not started,To assess
https://na.org.za/pta/meetings/thursday-thabazimbi-meeting-open/,/pta/meetings/thursday-thabazimbi-meeting-open/,Pretoria,Accessibility & mobile; Meeting data; Meta descriptions; Security & privacy,High,Pinch-to-zoom disabled — people cannot enlarge text on a phone | Insecure http:// resource on a secure page | Missing meta description,/areas/{area-slug} (area content migration),Not started,To assess
https://na.org.za/pta/meetings/topic-2/,/pta/meetings/topic-2/,Pretoria,Accessibility & mobile; Meeting data; Meta descriptions; Security & privacy,High,Pinch-to-zoom disabled — people cannot enlarge text on a phone | Insecure http:// resource on a secure page | Missing meta description,/areas/{area-slug} (area content migration),Not started,To assess
https://na.org.za/pta/meetings/topic-3/,/pta/meetings/topic-3/,Pretoria,Accessibility & mobile; Meeting data; Meta descriptions; Security & privacy,High,Pinch-to-zoom disabled — people cannot enlarge text on a phone | Insecure http:// resource on a secure page | Missing meta description,/areas/{area-slug} (area content migration),Not started,To assess
https://na.org.za/pta/meetings/topic-4/,/pta/meetings/topic-4/,Pretoria,Accessibility & mobile; Meeting data; Meta descriptions; Security & privacy,High,Pinch-to-zoom disabled — people cannot enlarge text on a phone | Insecure http:// resource on a secure page | Missing meta description,/areas/{area-slug} (area content migration),Not started,To assess
https://na.org.za/pta/meetings/topic-tag-meeting/,/pta/meetings/topic-tag-meeting/,Pretoria,Accessibility & mobile; Meeting data; Meta descriptions; Security & privacy,High,Pinch-to-zoom disabled — people cannot enlarge text on a phone | Insecure http:// resource on a secure page | Missing meta description,/areas/{area-slug} (area content migration),Not started,To assess
https://na.org.za/pta/meetings/topic/,/pta/meetings/topic/,Pretoria,Accessibility & mobile; Meeting data; Meta descriptions; Security & privacy,High,Pinch-to-zoom disabled — people cannot enlarge text on a phone | Insecure http:// resource on a secure page | Missing meta description,/areas/{area-slug} (area content migration),Not started,To assess
https://na.org.za/pta/meetings/tuesday-mabupane-recovery-meeting/,/pta/meetings/tuesday-mabupane-recovery-meeting/,Pretoria,Accessibility & mobile; Meeting data; Meta descriptions; Page titles; Security & privacy,High,Pinch-to-zoom disabled — people cannot enlarge text on a phone | Insecure http:// resource on a secure page | Missing meta description,/areas/{area-slug} (area content migration),Not started,To assess
https://na.org.za/pta/meetings/tuesday-second-chance-meeting/,/pta/meetings/tuesday-second-chance-meeting/,Pretoria,Accessibility & mobile; Meeting data; Meta descriptions; Security & privacy,High,Pinch-to-zoom disabled — people cannot enlarge text on a phone | Insecure http:// resource on a secure page | Missing meta description,/areas/{area-slug} (area content migration),Not started,To assess
https://na.org.za/pta/meetings/wednesday-new-life-meeting-open/,/pta/meetings/wednesday-new-life-meeting-open/,Pretoria,Accessibility & mobile; Meeting data; Meta descriptions; Security & privacy,High,Pinch-to-zoom disabled — people cannot enlarge text on a phone | Insecure http:// resource on a secure page | Missing meta description,/areas/{area-slug} (area content migration),Not started,To assess
https://na.org.za/pta/meetings/wednesday-second-chance-meeting/,/pta/meetings/wednesday-second-chance-meeting/,Pretoria,Accessibility & mobile; Meeting data; Meta descriptions; Page titles; Security & privacy,High,Pinch-to-zoom disabled — people cannot enlarge text on a phone | Insecure http:// resource on a secure page | Missing meta description,/areas/{area-slug} (area content migration),Not started,To assess
https://na.org.za/pta/meetings/welcome-to-the-newcomer/,/pta/meetings/welcome-to-the-newcomer/,Pretoria,Accessibility & mobile; Meeting data; Meta descriptions; Security & privacy,High,Pinch-to-zoom disabled — people cannot enlarge text on a phone | Insecure http:// resource on a secure page | Missing meta description,/areas/{area-slug} (area content migration),Not started,To assess
https://na.org.za/pta/meetings/womens-meeting/,/pta/meetings/womens-meeting/,Pretoria,Accessibility & mobile; Meeting data; Meta descriptions; Security & privacy,High,Pinch-to-zoom disabled — people cannot enlarge text on a phone | Insecure http:// resource on a secure page | Missing meta description,/areas/{area-slug} (area content migration),Not started,To assess
https://na.org.za/pta/na-meetings/,/pta/na-meetings/,Pretoria,Accessibility & mobile; Content; Meta descriptions; Security & privacy,High,Pinch-to-zoom disabled — people cannot enlarge text on a phone | Insecure http:// resource on a secure page | Missing meta description,/areas/{area-slug} (area content migration),Not started,To assess
https://na.org.za/pta/wp-json/wp/v2/users,/pta/wp-json/wp/v2/users,Pretoria,Security & privacy,High,WordPress usernames can be listed by anyone — 1 account(s) exposed,/areas/{area-slug} (area content migration),Not started,To assess
https://na.org.za/shop/,/shop/,Region,Accessibility & mobile; Content; Crawl & indexation; Indexing & canonicals; Meta descriptions; Page titles,Critical,Broken URL listed in the sitemap (404) | Missing meta description | Missing canonical tag,Route mapping required,Not started,To assess
https://na.org.za/surveys/Narcotics_Anonymous_Survey2020_final_.pdf,/surveys/Narcotics_Anonymous_Survey2020_final_.pdf,Region,Broken links,High,NA literature PDF is missing from the server,Route mapping required,Not started,To assess
https://na.org.za/wc/,/wc/,Western Cape,Accessibility & mobile; Broken links; Code faults; Headings; Meta descriptions; Security & privacy,Critical,"Hidden-SEO PHP snippet leaking into page output | WordPress add_action() printed as text, not executed | Pinch-to-zoom disabled — people cannot enlarge text on a phone",/areas/{area-slug} (area content migration),Not started,To assess
https://na.org.za/wc/12-step-shares/,/wc/12-step-shares/,Western Cape,Accessibility & mobile; Broken links; Code faults; Meta descriptions; Security & privacy,Critical,"Hidden-SEO PHP snippet leaking into page output | WordPress add_action() printed as text, not executed | Pinch-to-zoom disabled — people cannot enlarge text on a phone",/areas/{area-slug} (area content migration),Not started,To assess
https://na.org.za/wc/about-na/,/wc/about-na/,Western Cape,Accessibility & mobile; Broken links; Code faults; Meta descriptions; Security & privacy,Critical,"Hidden-SEO PHP snippet leaking into page output | WordPress add_action() printed as text, not executed | Pinch-to-zoom disabled — people cannot enlarge text on a phone",/areas/{area-slug} (area content migration),Not started,To assess
https://na.org.za/wc/add-activity-to-the-calendar/,/wc/add-activity-to-the-calendar/,Western Cape,Accessibility & mobile; Code faults; Meta descriptions; Page titles; Security & privacy,Critical,"Hidden-SEO PHP snippet leaking into page output | WordPress add_action() printed as text, not executed | Pinch-to-zoom disabled — people cannot enlarge text on a phone",/areas/{area-slug} (area content migration),Not started,To assess
https://na.org.za/wc/add-an-event/,/wc/add-an-event/,Western Cape,Accessibility & mobile; Code faults; Meta descriptions; Security & privacy,Critical,"Hidden-SEO PHP snippet leaking into page output | WordPress add_action() printed as text, not executed | Pinch-to-zoom disabled — people cannot enlarge text on a phone",/areas/{area-slug} (area content migration),Not started,To assess
https://na.org.za/wc/calendar/,/wc/calendar/,Western Cape,Accessibility & mobile; Code faults; Meta descriptions; Security & privacy,Critical,"Hidden-SEO PHP snippet leaking into page output | WordPress add_action() printed as text, not executed | Pinch-to-zoom disabled — people cannot enlarge text on a phone",/areas/{area-slug} (area content migration),Not started,To assess
https://na.org.za/wc/cart/,/wc/cart/,Western Cape,Accessibility & mobile; Code faults; Meta descriptions; Security & privacy,Critical,"Hidden-SEO PHP snippet leaking into page output | WordPress add_action() printed as text, not executed | Pinch-to-zoom disabled — people cannot enlarge text on a phone",/areas/{area-slug} (area content migration),Not started,To assess
https://na.org.za/wc/checkout/,/wc/checkout/,Western Cape,Accessibility & mobile; Code faults; Meta descriptions; Security & privacy,Critical,"Hidden-SEO PHP snippet leaking into page output | WordPress add_action() printed as text, not executed | Pinch-to-zoom disabled — people cannot enlarge text on a phone",/areas/{area-slug} (area content migration),Not started,To assess
https://na.org.za/wc/common-na-terminology/,/wc/common-na-terminology/,Western Cape,Accessibility & mobile; Code faults; Meta descriptions; Security & privacy,Critical,"Hidden-SEO PHP snippet leaking into page output | WordPress add_action() printed as text, not executed | Pinch-to-zoom disabled — people cannot enlarge text on a phone",/areas/{area-slug} (area content migration),Not started,To assess
https://na.org.za/wc/contact/,/wc/contact/,Western Cape,Accessibility & mobile; Code faults; Meta descriptions; Security & privacy,Critical,"Hidden-SEO PHP snippet leaking into page output | WordPress add_action() printed as text, not executed | Pinch-to-zoom disabled — people cannot enlarge text on a phone",/areas/{area-slug} (area content migration),Not started,To assess
https://na.org.za/wc/contacts/,/wc/contacts/,Western Cape,Accessibility & mobile; Code faults; Meta descriptions; Security & privacy; Spelling,Critical,"Hidden-SEO PHP snippet leaking into page output | WordPress add_action() printed as text, not executed | Pinch-to-zoom disabled — people cannot enlarge text on a phone",/areas/{area-slug} (area content migration),Not started,To assess
https://na.org.za/wc/contribute/,/wc/contribute/,Western Cape,Accessibility & mobile; Code faults; Meta descriptions; Security & privacy,Critical,"Hidden-SEO PHP snippet leaking into page output | WordPress add_action() printed as text, not executed | Pinch-to-zoom disabled — people cannot enlarge text on a phone",/areas/{area-slug} (area content migration),Not started,To assess
https://na.org.za/wc/downloads-2/,/wc/downloads-2/,Western Cape,Accessibility & mobile; Broken links; Code faults; Meta descriptions; Security & privacy,Critical,"Hidden-SEO PHP snippet leaking into page output | WordPress add_action() printed as text, not executed | Pinch-to-zoom disabled — people cannot enlarge text on a phone",/areas/{area-slug} (area content migration),Not started,To assess
https://na.org.za/wc/downloads/,/wc/downloads/,Western Cape,Accessibility & mobile; Broken links; Code faults; Meta descriptions; Security & privacy,Critical,"Hidden-SEO PHP snippet leaking into page output | WordPress add_action() printed as text, not executed | Pinch-to-zoom disabled — people cannot enlarge text on a phone",/areas/{area-slug} (area content migration),Not started,To assess
https://na.org.za/wc/event/bellville-boston-thursday-home/,/wc/event/bellville-boston-thursday-home/,Western Cape,Accessibility & mobile; Code faults; Maps & API keys; Meta descriptions; Page titles; Security & privacy,Critical,"Hidden-SEO PHP snippet leaking into page output | WordPress add_action() printed as text, not executed | Pinch-to-zoom disabled — people cannot enlarge text on a phone",/areas/{area-slug} (area content migration),Not started,To assess
https://na.org.za/wc/event/blaauwberg-sunday-home/,/wc/event/blaauwberg-sunday-home/,Western Cape,Accessibility & mobile; Code faults; Maps & API keys; Meta descriptions; Security & privacy,Critical,"Hidden-SEO PHP snippet leaking into page output | WordPress add_action() printed as text, not executed | Pinch-to-zoom disabled — people cannot enlarge text on a phone",/areas/{area-slug} (area content migration),Not started,To assess
https://na.org.za/wc/event/boerie-ball-autumn-edition/,/wc/event/boerie-ball-autumn-edition/,Western Cape,Accessibility & mobile; Code faults; Maps & API keys; Meta descriptions; Page titles; Security & privacy,Critical,"Hidden-SEO PHP snippet leaking into page output | WordPress add_action() printed as text, not executed | Pinch-to-zoom disabled — people cannot enlarge text on a phone",/areas/{area-slug} (area content migration),Not started,To assess
https://na.org.za/wc/event/durbanville-together-we-can-monday-home/,/wc/event/durbanville-together-we-can-monday-home/,Western Cape,Accessibility & mobile; Code faults; Maps & API keys; Meta descriptions; Page titles; Security & privacy,Critical,"Hidden-SEO PHP snippet leaking into page output | WordPress add_action() printed as text, not executed | Pinch-to-zoom disabled — people cannot enlarge text on a phone",/areas/{area-slug} (area content migration),Not started,To assess
https://na.org.za/wc/event/grassy-park-wednesday-courage-to-change-home/,/wc/event/grassy-park-wednesday-courage-to-change-home/,Western Cape,Accessibility & mobile; Code faults; Maps & API keys; Meta descriptions; Page titles; Security & privacy,Critical,"Hidden-SEO PHP snippet leaking into page output | WordPress add_action() printed as text, not executed | Pinch-to-zoom disabled — people cannot enlarge text on a phone",/areas/{area-slug} (area content migration),Not started,To assess
https://na.org.za/wc/event/lakeside-serenity-sunday-home/,/wc/event/lakeside-serenity-sunday-home/,Western Cape,Accessibility & mobile; Code faults; Maps & API keys; Meta descriptions; Page titles; Security & privacy,Critical,"Hidden-SEO PHP snippet leaking into page output | WordPress add_action() printed as text, not executed | Pinch-to-zoom disabled — people cannot enlarge text on a phone",/areas/{area-slug} (area content migration),Not started,To assess
https://na.org.za/wc/event/milnerton-wednesday-together-we-can-home/,/wc/event/milnerton-wednesday-together-we-can-home/,Western Cape,Accessibility & mobile; Code faults; Events; Maps & API keys; Meta descriptions; Page titles; Security & privacy,Critical,"Hidden-SEO PHP snippet leaking into page output | WordPress add_action() printed as text, not executed | Pinch-to-zoom disabled — people cannot enlarge text on a phone",/areas/{area-slug} (area content migration),Not started,To assess
https://na.org.za/wc/event/mini-con-2026-guiding-principles-the-spirit-of-our-traditions/,/wc/event/mini-con-2026-guiding-principles-the-spirit-of-our-traditions/,Western Cape,Accessibility & mobile; Code faults; Events; Maps & API keys; Meta descriptions; Page titles; Security & privacy,Critical,"Hidden-SEO PHP snippet leaking into page output | WordPress add_action() printed as text, not executed | Pinch-to-zoom disabled — people cannot enlarge text on a phone",/areas/{area-slug} (area content migration),Not started,To assess
https://na.org.za/wc/event/new-years-eve-party/,/wc/event/new-years-eve-party/,Western Cape,Accessibility & mobile; Code faults; Events; Maps & API keys; Meta descriptions; Security & privacy,Critical,"Hidden-SEO PHP snippet leaking into page output | WordPress add_action() printed as text, not executed | Pinch-to-zoom disabled — people cannot enlarge text on a phone",/areas/{area-slug} (area content migration),Not started,To assess
https://na.org.za/wc/event/pr-outreach-presentation-packing/,/wc/event/pr-outreach-presentation-packing/,Western Cape,Accessibility & mobile; Code faults; Maps & API keys; Meta descriptions; Page titles; Security & privacy,Critical,"Hidden-SEO PHP snippet leaking into page output | WordPress add_action() printed as text, not executed | Pinch-to-zoom disabled — people cannot enlarge text on a phone",/areas/{area-slug} (area content migration),Not started,To assess
https://na.org.za/wc/event/pr-subcom-fellowship-wide-poster-run/,/wc/event/pr-subcom-fellowship-wide-poster-run/,Western Cape,Accessibility & mobile; Code faults; Events; Maps & API keys; Meta descriptions; Page titles; Security & privacy,Critical,"Hidden-SEO PHP snippet leaking into page output | WordPress add_action() printed as text, not executed | Pinch-to-zoom disabled — people cannot enlarge text on a phone",/areas/{area-slug} (area content migration),Not started,To assess
https://na.org.za/wc/event/service-speaker-jam/,/wc/event/service-speaker-jam/,Western Cape,Accessibility & mobile; Code faults; Maps & API keys; Meta descriptions; Security & privacy,Critical,"Hidden-SEO PHP snippet leaking into page output | WordPress add_action() printed as text, not executed | Pinch-to-zoom disabled — people cannot enlarge text on a phone",/areas/{area-slug} (area content migration),Not started,To assess
https://na.org.za/wc/event/wc-events-subcomitee-presents/,/wc/event/wc-events-subcomitee-presents/,Western Cape,Accessibility & mobile; Code faults; Meta descriptions; Security & privacy,Critical,"Hidden-SEO PHP snippet leaking into page output | WordPress add_action() printed as text, not executed | Pinch-to-zoom disabled — people cannot enlarge text on a phone",/areas/{area-slug} (area content migration),Not started,To assess
https://na.org.za/wc/event/website-inventory/,/wc/event/website-inventory/,Western Cape,Accessibility & mobile; Code faults; Maps & API keys; Meta descriptions; Security & privacy,Critical,"Hidden-SEO PHP snippet leaking into page output | WordPress add_action() printed as text, not executed | Pinch-to-zoom disabled — people cannot enlarge text on a phone",/areas/{area-slug} (area content migration),Not started,To assess
https://na.org.za/wc/events/,/wc/events/,Western Cape,Accessibility & mobile; Code faults; Meta descriptions; Page titles; Security & privacy,Critical,"Hidden-SEO PHP snippet leaking into page output | WordPress add_action() printed as text, not executed | Pinch-to-zoom disabled — people cannot enlarge text on a phone",/areas/{area-slug} (area content migration),Not started,To assess
https://na.org.za/wc/events/category/at-home/,/wc/events/category/at-home/,Western Cape,Accessibility & mobile; Code faults; Meta descriptions; Page titles; Security & privacy,Critical,"Hidden-SEO PHP snippet leaking into page output | WordPress add_action() printed as text, not executed | Pinch-to-zoom disabled — people cannot enlarge text on a phone",/areas/{area-slug} (area content migration),Not started,To assess
https://na.org.za/wc/events/month/,/wc/events/month/,Region,Crawl & indexation,Low,Event calendar generates unlimited dated web addresses that search engines will keep crawling,/areas/{area-slug} (area content migration),Not started,To assess
https://na.org.za/wc/how-to-start-an-na-meeting/,/wc/how-to-start-an-na-meeting/,Western Cape,Accessibility & mobile; Code faults; Meta descriptions; Page titles; Security & privacy,Critical,"Hidden-SEO PHP snippet leaking into page output | WordPress add_action() printed as text, not executed | Pinch-to-zoom disabled — people cannot enlarge text on a phone",/areas/{area-slug} (area content migration),Not started,To assess
https://na.org.za/wc/in-person-meeting-update/,/wc/in-person-meeting-update/,Western Cape,Accessibility & mobile; Code faults; Meta descriptions; Security & privacy,Critical,"Hidden-SEO PHP snippet leaking into page output | WordPress add_action() printed as text, not executed | Pinch-to-zoom disabled — people cannot enlarge text on a phone",/areas/{area-slug} (area content migration),Not started,To assess
https://na.org.za/wc/in-person-meetings/,/wc/in-person-meetings/,Western Cape,Accessibility & mobile; Broken links; Code faults; Meta descriptions; Security & privacy,Critical,"Hidden-SEO PHP snippet leaking into page output | WordPress add_action() printed as text, not executed | Pinch-to-zoom disabled — people cannot enlarge text on a phone",/areas/{area-slug} (area content migration),Not started,To assess
https://na.org.za/wc/information-about-na/,/wc/information-about-na/,Western Cape,Accessibility & mobile; Broken links; Code faults; Meta descriptions; Security & privacy; Spelling,Critical,"Hidden-SEO PHP snippet leaking into page output | WordPress add_action() printed as text, not executed | Pinch-to-zoom disabled — people cannot enlarge text on a phone",/areas/{area-slug} (area content migration),Not started,To assess
https://na.org.za/wc/locations/,/wc/locations/,Western Cape,Accessibility & mobile; Headings; Indexing & canonicals; Meta descriptions,Medium,Missing mobile viewport meta tag | Missing meta description | Missing canonical tag,/areas/{area-slug} (area content migration),Not started,To assess
https://na.org.za/wc/locations/1st-rosebank-air-scouts-hall/,/wc/locations/1st-rosebank-air-scouts-hall/,Western Cape,Accessibility & mobile; Code faults; Crawl & indexation; Headings; Indexing & canonicals; Meta descriptions; Page titles; Security & privacy,Critical,"Hidden-SEO PHP snippet leaking into page output | WordPress add_action() printed as text, not executed | Pinch-to-zoom disabled — people cannot enlarge text on a phone",/areas/{area-slug} (area content migration),Not started,To assess
https://na.org.za/wc/locations/3-batavia-rd-bloubergstrand-cape-town-7436-south-africa/,/wc/locations/3-batavia-rd-bloubergstrand-cape-town-7436-south-africa/,Western Cape,Accessibility & mobile; Code faults; Crawl & indexation; Headings; Indexing & canonicals; Meta descriptions; Security & privacy,Critical,"Hidden-SEO PHP snippet leaking into page output | WordPress add_action() printed as text, not executed | Pinch-to-zoom disabled — people cannot enlarge text on a phone",/areas/{area-slug} (area content migration),Not started,To assess
https://na.org.za/wc/locations/316-manenberg-avenue-manenberg/,/wc/locations/316-manenberg-avenue-manenberg/,Western Cape,Accessibility & mobile; Code faults; Crawl & indexation; Headings; Security & privacy,Critical,"Hidden PHP code printing into the page instead of running | WordPress code printed as text, not executed | Pinch-to-zoom disabled on this page",/areas/{area-slug} (area content migration),Not started,To assess
https://na.org.za/wc/locations/bellville-presbyterian-church-office/,/wc/locations/bellville-presbyterian-church-office/,Western Cape,Accessibility & mobile; Code faults; Crawl & indexation; Headings; Security & privacy,Critical,"Hidden PHP code printing into the page instead of running | WordPress code printed as text, not executed | Pinch-to-zoom disabled on this page",/areas/{area-slug} (area content migration),Not started,To assess
https://na.org.za/wc/locations/bonteheuwel-multi-purpose-centre/,/wc/locations/bonteheuwel-multi-purpose-centre/,Western Cape,Accessibility & mobile; Code faults; Crawl & indexation; Headings; Security & privacy,Critical,"Hidden PHP code printing into the page instead of running | WordPress code printed as text, not executed | Pinch-to-zoom disabled on this page",/areas/{area-slug} (area content migration),Not started,To assess
https://na.org.za/wc/locations/cape-town-drug-counselling-centre/,/wc/locations/cape-town-drug-counselling-centre/,Western Cape,Accessibility & mobile; Code faults; Crawl & indexation; Headings; Security & privacy,Critical,"Hidden PHP code printing into the page instead of running | WordPress code printed as text, not executed | Pinch-to-zoom disabled on this page",/areas/{area-slug} (area content migration),Not started,To assess
https://na.org.za/wc/locations/cedar-high-school-entrance-off-weltevreden-rd/,/wc/locations/cedar-high-school-entrance-off-weltevreden-rd/,Western Cape,Accessibility & mobile; Code faults; Crawl & indexation; Headings; Security & privacy,Critical,"Hidden PHP code printing into the page instead of running | WordPress code printed as text, not executed | Pinch-to-zoom disabled on this page",/areas/{area-slug} (area content migration),Not started,To assess
https://na.org.za/wc/locations/church-st-goodwood-estate-cape-town-7460-2/,/wc/locations/church-st-goodwood-estate-cape-town-7460-2/,Western Cape,Accessibility & mobile; Code faults; Crawl & indexation; Headings; Security & privacy,Critical,"Hidden PHP code printing into the page instead of running | WordPress code printed as text, not executed | Pinch-to-zoom disabled on this page",/areas/{area-slug} (area content migration),Not started,To assess
https://na.org.za/wc/locations/cnr-of-dolfyn-street-and-5th-onse-hoop-sentrum-struisbaai-noord/,/wc/locations/cnr-of-dolfyn-street-and-5th-onse-hoop-sentrum-struisbaai-noord/,Western Cape,Accessibility & mobile; Code faults; Crawl & indexation; Headings; Security & privacy,Critical,"Hidden PHP code printing into the page instead of running | WordPress code printed as text, not executed | Pinch-to-zoom disabled on this page",/areas/{area-slug} (area content migration),Not started,To assess
https://na.org.za/wc/locations/corner-of-gordon-rd-and-2nd-road/,/wc/locations/corner-of-gordon-rd-and-2nd-road/,Western Cape,Accessibility & mobile; Code faults; Crawl & indexation; Headings; Security & privacy,Critical,"Hidden PHP code printing into the page instead of running | WordPress code printed as text, not executed | Pinch-to-zoom disabled on this page",/areas/{area-slug} (area content migration),Not started,To assess
https://na.org.za/wc/locations/delft-civic-c-o-delft-and-voorbrug-main-road/,/wc/locations/delft-civic-c-o-delft-and-voorbrug-main-road/,Western Cape,Accessibility & mobile; Code faults; Crawl & indexation; Headings; Security & privacy,Critical,"Hidden PHP code printing into the page instead of running | WordPress code printed as text, not executed | Pinch-to-zoom disabled on this page",/areas/{area-slug} (area content migration),Not started,To assess
https://na.org.za/wc/locations/durbanville-presbyterian-church-cnr-louw-st-and-hafele-st-durbanville-2/,/wc/locations/durbanville-presbyterian-church-cnr-louw-st-and-hafele-st-durbanville-2/,Western Cape,Accessibility & mobile; Code faults; Crawl & indexation; Headings; Security & privacy,Critical,"Hidden PHP code printing into the page instead of running | WordPress code printed as text, not executed | Pinch-to-zoom disabled on this page",/areas/{area-slug} (area content migration),Not started,To assess
https://na.org.za/wc/locations/durbanville-presbyterian-church-cnr-louw-st-and-hafele-st-durbanville/,/wc/locations/durbanville-presbyterian-church-cnr-louw-st-and-hafele-st-durbanville/,Western Cape,Accessibility & mobile; Code faults; Crawl & indexation; Headings; Security & privacy,Critical,"Hidden PHP code printing into the page instead of running | WordPress code printed as text, not executed | Pinch-to-zoom disabled on this page",/areas/{area-slug} (area content migration),Not started,To assess
https://na.org.za/wc/locations/east-claremont-congregational-church-craven-hall/,/wc/locations/east-claremont-congregational-church-craven-hall/,Western Cape,Accessibility & mobile; Code faults; Crawl & indexation; Headings; Security & privacy,Critical,"Hidden PHP code printing into the page instead of running | WordPress code printed as text, not executed | Pinch-to-zoom disabled on this page",/areas/{area-slug} (area content migration),Not started,To assess
https://na.org.za/wc/locations/gilpine-scout-hall/,/wc/locations/gilpine-scout-hall/,Western Cape,Accessibility & mobile; Code faults; Crawl & indexation; Headings; Security & privacy,Critical,"Hidden PHP code printing into the page instead of running | WordPress code printed as text, not executed | Pinch-to-zoom disabled on this page",/areas/{area-slug} (area content migration),Not started,To assess
https://na.org.za/wc/locations/groote-kerk-sentrum/,/wc/locations/groote-kerk-sentrum/,Western Cape,Accessibility & mobile; Code faults; Crawl & indexation; Headings; Security & privacy,Critical,"Hidden PHP code printing into the page instead of running | WordPress code printed as text, not executed | Pinch-to-zoom disabled on this page",/areas/{area-slug} (area content migration),Not started,To assess
https://na.org.za/wc/locations/hanover-park-community-center/,/wc/locations/hanover-park-community-center/,Western Cape,Accessibility & mobile; Code faults; Crawl & indexation; Headings; Security & privacy,Critical,"Hidden PHP code printing into the page instead of running | WordPress code printed as text, not executed | Pinch-to-zoom disabled on this page",/areas/{area-slug} (area content migration),Not started,To assess
https://na.org.za/wc/locations/harry-giddy-park-mosselbay-south-africa/,/wc/locations/harry-giddy-park-mosselbay-south-africa/,Western Cape,Accessibility & mobile; Code faults; Crawl & indexation; Headings; Security & privacy,Critical,"Hidden PHP code printing into the page instead of running | WordPress code printed as text, not executed | Pinch-to-zoom disabled on this page",/areas/{area-slug} (area content migration),Not started,To assess
https://na.org.za/wc/locations/house-of-steps-plettenberg-bay/,/wc/locations/house-of-steps-plettenberg-bay/,Western Cape,Accessibility & mobile; Code faults; Crawl & indexation; Headings; Security & privacy,Critical,"Hidden PHP code printing into the page instead of running | WordPress code printed as text, not executed | Pinch-to-zoom disabled on this page",/areas/{area-slug} (area content migration),Not started,To assess
https://na.org.za/wc/locations/kalk-bay-community-centre/,/wc/locations/kalk-bay-community-centre/,Western Cape,Accessibility & mobile; Code faults; Crawl & indexation; Headings,Critical,"Hidden PHP code printing into the page instead of running | WordPress code printed as text, not executed | Pinch-to-zoom disabled on this page",/areas/{area-slug} (area content migration),Not started,To assess
https://na.org.za/wc/locations/kenilworth-presybterian-church/,/wc/locations/kenilworth-presybterian-church/,Western Cape,Accessibility & mobile; Code faults; Crawl & indexation; Headings,Critical,"Hidden PHP code printing into the page instead of running | WordPress code printed as text, not executed | Pinch-to-zoom disabled on this page",/areas/{area-slug} (area content migration),Not started,To assess
https://na.org.za/wc/locations/knysna/,/wc/locations/knysna/,Western Cape,Accessibility & mobile; Code faults; Crawl & indexation; Headings,Critical,"Hidden PHP code printing into the page instead of running | WordPress code printed as text, not executed | Pinch-to-zoom disabled on this page",/areas/{area-slug} (area content migration),Not started,To assess
https://na.org.za/wc/locations/kommetjie-christian-church/,/wc/locations/kommetjie-christian-church/,Western Cape,Accessibility & mobile; Code faults; Crawl & indexation; Headings,Critical,"Hidden PHP code printing into the page instead of running | WordPress code printed as text, not executed | Pinch-to-zoom disabled on this page",/areas/{area-slug} (area content migration),Not started,To assess
https://na.org.za/wc/locations/kuilsriver-public-library/,/wc/locations/kuilsriver-public-library/,Western Cape,Accessibility & mobile; Code faults; Crawl & indexation; Headings,Critical,"Hidden PHP code printing into the page instead of running | WordPress code printed as text, not executed | Pinch-to-zoom disabled on this page",/areas/{area-slug} (area content migration),Not started,To assess
https://na.org.za/wc/locations/meadowridge-primary-school-off-a-z-berman-drive-2/,/wc/locations/meadowridge-primary-school-off-a-z-berman-drive-2/,Western Cape,Accessibility & mobile; Code faults; Crawl & indexation; Headings,Critical,"Hidden PHP code printing into the page instead of running | WordPress code printed as text, not executed | Pinch-to-zoom disabled on this page",/areas/{area-slug} (area content migration),Not started,To assess
https://na.org.za/wc/locations/medway-community-church/,/wc/locations/medway-community-church/,Western Cape,Accessibility & mobile; Code faults; Crawl & indexation; Headings; Security & privacy,Critical,"Hidden PHP code printing into the page instead of running | WordPress code printed as text, not executed | Pinch-to-zoom disabled on this page",/areas/{area-slug} (area content migration),Not started,To assess
https://na.org.za/wc/locations/methodist-church-burg-street/,/wc/locations/methodist-church-burg-street/,Western Cape,Accessibility & mobile; Code faults; Crawl & indexation; Headings,Critical,"Hidden PHP code printing into the page instead of running | WordPress code printed as text, not executed | Pinch-to-zoom disabled on this page",/areas/{area-slug} (area content migration),Not started,To assess
https://na.org.za/wc/locations/methodist-church-off-marsh-street/,/wc/locations/methodist-church-off-marsh-street/,Western Cape,Accessibility & mobile; Code faults; Crawl & indexation; Headings,Critical,"Hidden PHP code printing into the page instead of running | WordPress code printed as text, not executed | Pinch-to-zoom disabled on this page",/areas/{area-slug} (area content migration),Not started,To assess
https://na.org.za/wc/locations/milnerton/,/wc/locations/milnerton/,Western Cape,Accessibility & mobile; Code faults; Crawl & indexation; Headings,Critical,"Hidden PHP code printing into the page instead of running | WordPress code printed as text, not executed | Pinch-to-zoom disabled on this page",/areas/{area-slug} (area content migration),Not started,To assess
https://na.org.za/wc/locations/mitchells-plain-family-and-youth-centre-corner-of-kilimanjaro-and-pyrenees-street/,/wc/locations/mitchells-plain-family-and-youth-centre-corner-of-kilimanjaro-and-pyrenees-street/,Western Cape,Accessibility & mobile; Code faults; Crawl & indexation; Headings,Critical,"Hidden PHP code printing into the page instead of running | WordPress code printed as text, not executed | Pinch-to-zoom disabled on this page",/areas/{area-slug} (area content migration),Not started,To assess
https://na.org.za/wc/locations/moravian-church-school/,/wc/locations/moravian-church-school/,Western Cape,Accessibility & mobile; Code faults; Crawl & indexation; Headings,Critical,"Hidden PHP code printing into the page instead of running | WordPress code printed as text, not executed | Pinch-to-zoom disabled on this page",/areas/{area-slug} (area content migration),Not started,To assess
https://na.org.za/wc/locations/mountain-view-baptist-church/,/wc/locations/mountain-view-baptist-church/,Western Cape,Accessibility & mobile; Code faults; Crawl & indexation; Headings,Critical,"Hidden PHP code printing into the page instead of running | WordPress code printed as text, not executed | Pinch-to-zoom disabled on this page",/areas/{area-slug} (area content migration),Not started,To assess
https://na.org.za/wc/locations/muizenberg-methodist-church/,/wc/locations/muizenberg-methodist-church/,Western Cape,Accessibility & mobile; Code faults; Crawl & indexation; Headings,Critical,"Hidden PHP code printing into the page instead of running | WordPress code printed as text, not executed | Pinch-to-zoom disabled on this page",/areas/{area-slug} (area content migration),Not started,To assess
https://na.org.za/wc/locations/ng-gemeente-gordons-bay/,/wc/locations/ng-gemeente-gordons-bay/,Western Cape,Accessibility & mobile; Code faults; Crawl & indexation; Headings,Critical,"Hidden PHP code printing into the page instead of running | WordPress code printed as text, not executed | Pinch-to-zoom disabled on this page",/areas/{area-slug} (area content migration),Not started,To assess
https://na.org.za/wc/locations/ng-helderberg-gemeente-church/,/wc/locations/ng-helderberg-gemeente-church/,Western Cape,Accessibility & mobile; Code faults; Crawl & indexation; Headings,Critical,"Hidden PHP code printing into the page instead of running | WordPress code printed as text, not executed | Pinch-to-zoom disabled on this page",/areas/{area-slug} (area content migration),Not started,To assess
https://na.org.za/wc/locations/noordhoek-community-centre-2/,/wc/locations/noordhoek-community-centre-2/,Western Cape,Accessibility & mobile; Code faults; Crawl & indexation; Headings,Critical,"Hidden PHP code printing into the page instead of running | WordPress code printed as text, not executed | Pinch-to-zoom disabled on this page",/areas/{area-slug} (area content migration),Not started,To assess
https://na.org.za/wc/locations/observatory-community-centre-hall/,/wc/locations/observatory-community-centre-hall/,Western Cape,Accessibility & mobile; Code faults; Crawl & indexation; Headings,Critical,"Hidden PHP code printing into the page instead of running | WordPress code printed as text, not executed | Pinch-to-zoom disabled on this page",/areas/{area-slug} (area content migration),Not started,To assess
https://na.org.za/wc/locations/observatory-community-recreation-centre-room-4/,/wc/locations/observatory-community-recreation-centre-room-4/,Western Cape,Accessibility & mobile; Code faults; Crawl & indexation; Headings,Critical,"Hidden PHP code printing into the page instead of running | WordPress code printed as text, not executed | Pinch-to-zoom disabled on this page",/areas/{area-slug} (area content migration),Not started,To assess
https://na.org.za/wc/locations/salesians-institute/,/wc/locations/salesians-institute/,Western Cape,Accessibility & mobile; Code faults; Crawl & indexation; Headings; Indexing & canonicals; Meta descriptions; Security & privacy,Critical,"Hidden-SEO PHP snippet leaking into page output | WordPress add_action() printed as text, not executed | Pinch-to-zoom disabled — people cannot enlarge text on a phone",/areas/{area-slug} (area content migration),Not started,To assess
https://na.org.za/wc/locations/sea-point-high-school-2/,/wc/locations/sea-point-high-school-2/,Western Cape,Accessibility & mobile; Code faults; Crawl & indexation; Headings; Indexing & canonicals; Meta descriptions; Security & privacy,Critical,"Hidden-SEO PHP snippet leaking into page output | WordPress add_action() printed as text, not executed | Pinch-to-zoom disabled — people cannot enlarge text on a phone",/areas/{area-slug} (area content migration),Not started,To assess
https://na.org.za/wc/locations/somerset-west-united-church/,/wc/locations/somerset-west-united-church/,Western Cape,Accessibility & mobile; Code faults; Crawl & indexation; Headings; Indexing & canonicals; Meta descriptions; Security & privacy,Critical,"Hidden-SEO PHP snippet leaking into page output | WordPress add_action() printed as text, not executed | Pinch-to-zoom disabled — people cannot enlarge text on a phone",/areas/{area-slug} (area content migration),Not started,To assess
https://na.org.za/wc/locations/st-agnes-catholic-church/,/wc/locations/st-agnes-catholic-church/,Western Cape,Accessibility & mobile; Code faults; Crawl & indexation; Headings; Indexing & canonicals; Meta descriptions; Security & privacy,Critical,"Hidden-SEO PHP snippet leaking into page output | WordPress add_action() printed as text, not executed | Pinch-to-zoom disabled — people cannot enlarge text on a phone",/areas/{area-slug} (area content migration),Not started,To assess
https://na.org.za/wc/locations/st-clements-primary-school-st-clements-way-2/,/wc/locations/st-clements-primary-school-st-clements-way-2/,Western Cape,Accessibility & mobile; Code faults; Crawl & indexation; Headings; Indexing & canonicals; Meta descriptions; Security & privacy,Critical,"Hidden-SEO PHP snippet leaking into page output | WordPress add_action() printed as text, not executed | Pinch-to-zoom disabled — people cannot enlarge text on a phone",/areas/{area-slug} (area content migration),Not started,To assess
https://na.org.za/wc/locations/st-clements-primary-school-st-clements-way/,/wc/locations/st-clements-primary-school-st-clements-way/,Western Cape,Accessibility & mobile; Code faults; Crawl & indexation; Headings; Indexing & canonicals; Meta descriptions; Security & privacy,Critical,"Hidden-SEO PHP snippet leaking into page output | WordPress add_action() printed as text, not executed | Pinch-to-zoom disabled — people cannot enlarge text on a phone",/areas/{area-slug} (area content migration),Not started,To assess
https://na.org.za/wc/locations/st-marks-catholic-church/,/wc/locations/st-marks-catholic-church/,Western Cape,Accessibility & mobile; Code faults; Crawl & indexation; Headings; Indexing & canonicals; Meta descriptions; Security & privacy,Critical,"Hidden-SEO PHP snippet leaking into page output | WordPress add_action() printed as text, not executed | Pinch-to-zoom disabled — people cannot enlarge text on a phone",/areas/{area-slug} (area content migration),Not started,To assess
https://na.org.za/wc/locations/st-marks-church-southfield/,/wc/locations/st-marks-church-southfield/,Western Cape,Accessibility & mobile; Code faults; Crawl & indexation; Headings; Indexing & canonicals; Meta descriptions; Security & privacy,Critical,"Hidden-SEO PHP snippet leaking into page output | WordPress add_action() printed as text, not executed | Pinch-to-zoom disabled — people cannot enlarge text on a phone",/areas/{area-slug} (area content migration),Not started,To assess
https://na.org.za/wc/locations/st-martins-anglican-church/,/wc/locations/st-martins-anglican-church/,Western Cape,Accessibility & mobile; Code faults; Crawl & indexation; Headings; Indexing & canonicals; Meta descriptions; Security & privacy,Critical,"Hidden-SEO PHP snippet leaking into page output | WordPress add_action() printed as text, not executed | Pinch-to-zoom disabled — people cannot enlarge text on a phone",/areas/{area-slug} (area content migration),Not started,To assess
https://na.org.za/wc/locations/st-marys-of-angels-catholic-church-86-lawrence-road-athlone/,/wc/locations/st-marys-of-angels-catholic-church-86-lawrence-road-athlone/,Western Cape,Accessibility & mobile; Code faults; Crawl & indexation; Headings; Indexing & canonicals; Meta descriptions; Security & privacy,Critical,"Hidden-SEO PHP snippet leaking into page output | WordPress add_action() printed as text, not executed | Pinch-to-zoom disabled — people cannot enlarge text on a phone",/areas/{area-slug} (area content migration),Not started,To assess
https://na.org.za/wc/locations/st-michael-and-all-angels-anglican-church/,/wc/locations/st-michael-and-all-angels-anglican-church/,Western Cape,Accessibility & mobile; Code faults; Crawl & indexation; Headings; Indexing & canonicals; Meta descriptions; Security & privacy,Critical,"Hidden-SEO PHP snippet leaking into page output | WordPress add_action() printed as text, not executed | Pinch-to-zoom disabled — people cannot enlarge text on a phone",/areas/{area-slug} (area content migration),Not started,To assess
https://na.org.za/wc/locations/table-view-methodist-church/,/wc/locations/table-view-methodist-church/,Western Cape,Accessibility & mobile; Code faults; Crawl & indexation; Headings; Indexing & canonicals; Meta descriptions; Security & privacy,Critical,"Hidden-SEO PHP snippet leaking into page output | WordPress add_action() printed as text, not executed | Pinch-to-zoom disabled — people cannot enlarge text on a phone",/areas/{area-slug} (area content migration),Not started,To assess
https://na.org.za/wc/locations/table-view-neighborhood-watch-headquarters/,/wc/locations/table-view-neighborhood-watch-headquarters/,Western Cape,Accessibility & mobile; Code faults; Crawl & indexation; Headings; Indexing & canonicals; Meta descriptions; Security & privacy,Critical,"Hidden-SEO PHP snippet leaking into page output | WordPress add_action() printed as text, not executed | Pinch-to-zoom disabled — people cannot enlarge text on a phone",/areas/{area-slug} (area content migration),Not started,To assess
https://na.org.za/wc/locations/the-haven-night-shelter/,/wc/locations/the-haven-night-shelter/,Western Cape,Accessibility & mobile; Code faults; Crawl & indexation; Headings; Indexing & canonicals; Meta descriptions; Security & privacy,Critical,"Hidden-SEO PHP snippet leaking into page output | WordPress add_action() printed as text, not executed | Pinch-to-zoom disabled — people cannot enlarge text on a phone",/areas/{area-slug} (area content migration),Not started,To assess
https://na.org.za/wc/locations/toringkerk-paarl-church-hall-lower-hall/,/wc/locations/toringkerk-paarl-church-hall-lower-hall/,Western Cape,Accessibility & mobile; Code faults; Crawl & indexation; Headings; Indexing & canonicals; Meta descriptions; Security & privacy,Critical,"Hidden-SEO PHP snippet leaking into page output | WordPress add_action() printed as text, not executed | Pinch-to-zoom disabled — people cannot enlarge text on a phone",/areas/{area-slug} (area content migration),Not started,To assess
https://na.org.za/wc/locations/united-church-hermanus/,/wc/locations/united-church-hermanus/,Western Cape,Accessibility & mobile; Code faults; Crawl & indexation; Headings; Indexing & canonicals; Meta descriptions; Security & privacy,Critical,"Hidden-SEO PHP snippet leaking into page output | WordPress add_action() printed as text, not executed | Pinch-to-zoom disabled — people cannot enlarge text on a phone",/areas/{area-slug} (area content migration),Not started,To assess
https://na.org.za/wc/locations/western-cape-south-africa/,/wc/locations/western-cape-south-africa/,Western Cape,Accessibility & mobile; Code faults; Crawl & indexation; Headings; Indexing & canonicals; Meta descriptions; Security & privacy,Critical,"Hidden-SEO PHP snippet leaking into page output | WordPress add_action() printed as text, not executed | Pinch-to-zoom disabled — people cannot enlarge text on a phone",/areas/{area-slug} (area content migration),Not started,To assess
https://na.org.za/wc/mediapacks-announcements/,/wc/mediapacks-announcements/,Western Cape,Accessibility & mobile; Code faults; Meta descriptions; Page titles; Security & privacy; Spelling,Critical,"Hidden-SEO PHP snippet leaking into page output | WordPress add_action() printed as text, not executed | Pinch-to-zoom disabled — people cannot enlarge text on a phone",/areas/{area-slug} (area content migration),Not started,To assess
https://na.org.za/wc/meetings/,/wc/meetings/,Western Cape,Accessibility & mobile; Code faults; Headings; Meta descriptions; Security & privacy,Critical,"Hidden-SEO PHP snippet leaking into page output | WordPress add_action() printed as text, not executed | Pinch-to-zoom disabled — people cannot enlarge text on a phone",/areas/{area-slug} (area content migration),Not started,To assess
https://na.org.za/wc/meetings/beacon-of-hope-na/,/wc/meetings/beacon-of-hope-na/,Western Cape,Accessibility & mobile; Code faults; Meeting data; Meta descriptions; Security & privacy,Critical,"Hidden-SEO PHP snippet leaking into page output | WordPress add_action() printed as text, not executed | Pinch-to-zoom disabled — people cannot enlarge text on a phone",/areas/{area-slug} (area content migration),Not started,To assess
https://na.org.za/wc/meetings/beginners-group/,/wc/meetings/beginners-group/,Western Cape,Accessibility & mobile; Code faults; Meeting data; Meta descriptions; Page titles; Security & privacy,Critical,"Hidden-SEO PHP snippet leaking into page output | WordPress add_action() printed as text, not executed | Pinch-to-zoom disabled — people cannot enlarge text on a phone",/areas/{area-slug} (area content migration),Not started,To assess
https://na.org.za/wc/meetings/bellville/,/wc/meetings/bellville/,Western Cape,Accessibility & mobile; Code faults; Meeting data; Meta descriptions; Security & privacy,Critical,"Hidden-SEO PHP snippet leaking into page output | WordPress add_action() printed as text, not executed | Pinch-to-zoom disabled — people cannot enlarge text on a phone",/areas/{area-slug} (area content migration),Not started,To assess
https://na.org.za/wc/meetings/blouberg-2/,/wc/meetings/blouberg-2/,Western Cape,Accessibility & mobile; Code faults; Meeting data; Meta descriptions; Security & privacy,Critical,"Hidden-SEO PHP snippet leaking into page output | WordPress add_action() printed as text, not executed | Pinch-to-zoom disabled — people cannot enlarge text on a phone",/areas/{area-slug} (area content migration),Not started,To assess
https://na.org.za/wc/meetings/blouberg/,/wc/meetings/blouberg/,Western Cape,Accessibility & mobile; Code faults; Meeting data; Meta descriptions; Security & privacy,Critical,"Hidden-SEO PHP snippet leaking into page output | WordPress add_action() printed as text, not executed | Pinch-to-zoom disabled — people cannot enlarge text on a phone",/areas/{area-slug} (area content migration),Not started,To assess
https://na.org.za/wc/meetings/blue-monday-steenberg/,/wc/meetings/blue-monday-steenberg/,Western Cape,Accessibility & mobile; Code faults; Meeting data; Meta descriptions; Security & privacy,Critical,"Hidden-SEO PHP snippet leaking into page output | WordPress add_action() printed as text, not executed | Pinch-to-zoom disabled — people cannot enlarge text on a phone",/areas/{area-slug} (area content migration),Not started,To assess
https://na.org.za/wc/meetings/bonteheuwel/,/wc/meetings/bonteheuwel/,Western Cape,Accessibility & mobile; Code faults; Meeting data; Meta descriptions; Security & privacy,Critical,"Hidden-SEO PHP snippet leaking into page output | WordPress add_action() printed as text, not executed | Pinch-to-zoom disabled — people cannot enlarge text on a phone",/areas/{area-slug} (area content migration),Not started,To assess
https://na.org.za/wc/meetings/city-bowl/,/wc/meetings/city-bowl/,Western Cape,Accessibility & mobile; Code faults; Meeting data; Meta descriptions; Security & privacy,Critical,"Hidden-SEO PHP snippet leaking into page output | WordPress add_action() printed as text, not executed | Pinch-to-zoom disabled — people cannot enlarge text on a phone",/areas/{area-slug} (area content migration),Not started,To assess
https://na.org.za/wc/meetings/claremont-express-meeting/,/wc/meetings/claremont-express-meeting/,Western Cape,Accessibility & mobile; Code faults; Meeting data; Meta descriptions; Security & privacy,Critical,"Hidden-SEO PHP snippet leaking into page output | WordPress add_action() printed as text, not executed | Pinch-to-zoom disabled — people cannot enlarge text on a phone",/areas/{area-slug} (area content migration),Not started,To assess
https://na.org.za/wc/meetings/constantia/,/wc/meetings/constantia/,Western Cape,Accessibility & mobile; Code faults; Meeting data; Meta descriptions; Security & privacy,Critical,"Hidden-SEO PHP snippet leaking into page output | WordPress add_action() printed as text, not executed | Pinch-to-zoom disabled — people cannot enlarge text on a phone",/areas/{area-slug} (area content migration),Not started,To assess
https://na.org.za/wc/meetings/crawford/,/wc/meetings/crawford/,Western Cape,Accessibility & mobile; Code faults; Meeting data; Meta descriptions; Security & privacy,Critical,"Hidden-SEO PHP snippet leaking into page output | WordPress add_action() printed as text, not executed | Pinch-to-zoom disabled — people cannot enlarge text on a phone",/areas/{area-slug} (area content migration),Not started,To assess
https://na.org.za/wc/meetings/ct-womens-meeting/,/wc/meetings/ct-womens-meeting/,Western Cape,Accessibility & mobile; Code faults; Meeting data; Meta descriptions; Security & privacy,Critical,"Hidden-SEO PHP snippet leaking into page output | WordPress add_action() printed as text, not executed | Pinch-to-zoom disabled — people cannot enlarge text on a phone",/areas/{area-slug} (area content migration),Not started,To assess
https://na.org.za/wc/meetings/delft/,/wc/meetings/delft/,Western Cape,Accessibility & mobile; Code faults; Meeting data; Meta descriptions; Security & privacy,Critical,"Hidden-SEO PHP snippet leaking into page output | WordPress add_action() printed as text, not executed | Pinch-to-zoom disabled — people cannot enlarge text on a phone",/areas/{area-slug} (area content migration),Not started,To assess
https://na.org.za/wc/meetings/durbanville-2/,/wc/meetings/durbanville-2/,Western Cape,Accessibility & mobile; Code faults; Meeting data; Meta descriptions; Page titles; Security & privacy,Critical,"Hidden-SEO PHP snippet leaking into page output | WordPress add_action() printed as text, not executed | Pinch-to-zoom disabled — people cannot enlarge text on a phone",/areas/{area-slug} (area content migration),Not started,To assess
https://na.org.za/wc/meetings/durbanville-wednesday-lunch/,/wc/meetings/durbanville-wednesday-lunch/,Western Cape,Accessibility & mobile; Code faults; Meeting data; Meta descriptions; Page titles; Security & privacy,Critical,"Hidden-SEO PHP snippet leaking into page output | WordPress add_action() printed as text, not executed | Pinch-to-zoom disabled — people cannot enlarge text on a phone",/areas/{area-slug} (area content migration),Not started,To assess
https://na.org.za/wc/meetings/durbanville/,/wc/meetings/durbanville/,Western Cape,Accessibility & mobile; Code faults; Meeting data; Meta descriptions; Page titles; Security & privacy,Critical,"Hidden-SEO PHP snippet leaking into page output | WordPress add_action() printed as text, not executed | Pinch-to-zoom disabled — people cannot enlarge text on a phone",/areas/{area-slug} (area content migration),Not started,To assess
https://na.org.za/wc/meetings/freaky-fridays/,/wc/meetings/freaky-fridays/,Western Cape,Accessibility & mobile; Code faults; Meeting data; Meta descriptions; Security & privacy,Critical,"Hidden-SEO PHP snippet leaking into page output | WordPress add_action() printed as text, not executed | Pinch-to-zoom disabled — people cannot enlarge text on a phone",/areas/{area-slug} (area content migration),Not started,To assess
https://na.org.za/wc/meetings/goodwood/,/wc/meetings/goodwood/,Western Cape,Accessibility & mobile; Code faults; Meeting data; Meta descriptions; Security & privacy,Critical,"Hidden-SEO PHP snippet leaking into page output | WordPress add_action() printed as text, not executed | Pinch-to-zoom disabled — people cannot enlarge text on a phone",/areas/{area-slug} (area content migration),Not started,To assess
https://na.org.za/wc/meetings/gordons-bay/,/wc/meetings/gordons-bay/,Western Cape,Accessibility & mobile; Code faults; Meeting data; Meta descriptions; Security & privacy,Critical,"Hidden-SEO PHP snippet leaking into page output | WordPress add_action() printed as text, not executed | Pinch-to-zoom disabled — people cannot enlarge text on a phone",/areas/{area-slug} (area content migration),Not started,To assess
https://na.org.za/wc/meetings/grassy_park/,/wc/meetings/grassy_park/,Western Cape,Accessibility & mobile; Code faults; Meeting data; Meta descriptions; Page titles; Security & privacy,Critical,"Hidden-SEO PHP snippet leaking into page output | WordPress add_action() printed as text, not executed | Pinch-to-zoom disabled — people cannot enlarge text on a phone",/areas/{area-slug} (area content migration),Not started,To assess
https://na.org.za/wc/meetings/green-point-just-for-today/,/wc/meetings/green-point-just-for-today/,Western Cape,Accessibility & mobile; Code faults; Meeting data; Meta descriptions; Page titles; Security & privacy,Critical,"Hidden-SEO PHP snippet leaking into page output | WordPress add_action() printed as text, not executed | Pinch-to-zoom disabled — people cannot enlarge text on a phone",/areas/{area-slug} (area content migration),Not started,To assess
https://na.org.za/wc/meetings/green-point-topic-meeting-share-2/,/wc/meetings/green-point-topic-meeting-share-2/,Western Cape,Accessibility & mobile; Code faults; Meeting data; Meta descriptions; Page titles; Security & privacy,Critical,"Hidden-SEO PHP snippet leaking into page output | WordPress add_action() printed as text, not executed | Pinch-to-zoom disabled — people cannot enlarge text on a phone",/areas/{area-slug} (area content migration),Not started,To assess
https://na.org.za/wc/meetings/green-point-topic-meeting-share/,/wc/meetings/green-point-topic-meeting-share/,Western Cape,Accessibility & mobile; Code faults; Meeting data; Meta descriptions; Page titles; Security & privacy,Critical,"Hidden-SEO PHP snippet leaking into page output | WordPress add_action() printed as text, not executed | Pinch-to-zoom disabled — people cannot enlarge text on a phone",/areas/{area-slug} (area content migration),Not started,To assess
https://na.org.za/wc/meetings/green-point/,/wc/meetings/green-point/,Western Cape,Accessibility & mobile; Code faults; Meeting data; Meta descriptions; Page titles; Security & privacy,Critical,"Hidden-SEO PHP snippet leaking into page output | WordPress add_action() printed as text, not executed | Pinch-to-zoom disabled — people cannot enlarge text on a phone",/areas/{area-slug} (area content migration),Not started,To assess
https://na.org.za/wc/meetings/greenpoint/,/wc/meetings/greenpoint/,Western Cape,Accessibility & mobile; Code faults; Meeting data; Meta descriptions; Page titles; Security & privacy,Critical,"Hidden-SEO PHP snippet leaking into page output | WordPress add_action() printed as text, not executed | Pinch-to-zoom disabled — people cannot enlarge text on a phone",/areas/{area-slug} (area content migration),Not started,To assess
https://na.org.za/wc/meetings/hanover-park-get-back-up/,/wc/meetings/hanover-park-get-back-up/,Western Cape,Accessibility & mobile; Code faults; Meeting data; Meta descriptions; Page titles; Security & privacy,Critical,"Hidden-SEO PHP snippet leaking into page output | WordPress add_action() printed as text, not executed | Pinch-to-zoom disabled — people cannot enlarge text on a phone",/areas/{area-slug} (area content migration),Not started,To assess
https://na.org.za/wc/meetings/helderberg/,/wc/meetings/helderberg/,Western Cape,Accessibility & mobile; Code faults; Meeting data; Meta descriptions; Security & privacy,Critical,"Hidden-SEO PHP snippet leaking into page output | WordPress add_action() printed as text, not executed | Pinch-to-zoom disabled — people cannot enlarge text on a phone",/areas/{area-slug} (area content migration),Not started,To assess
https://na.org.za/wc/meetings/hour-of-power-online/,/wc/meetings/hour-of-power-online/,Western Cape,Accessibility & mobile; Code faults; Meeting data; Meta descriptions; Security & privacy,Critical,"Hidden-SEO PHP snippet leaking into page output | WordPress add_action() printed as text, not executed | Pinch-to-zoom disabled — people cannot enlarge text on a phone",/areas/{area-slug} (area content migration),Not started,To assess
https://na.org.za/wc/meetings/just-for-today-2-2/,/wc/meetings/just-for-today-2-2/,Western Cape,Accessibility & mobile; Code faults; Meeting data; Meta descriptions; Page titles; Security & privacy,Critical,"Hidden-SEO PHP snippet leaking into page output | WordPress add_action() printed as text, not executed | Pinch-to-zoom disabled — people cannot enlarge text on a phone",/areas/{area-slug} (area content migration),Not started,To assess
https://na.org.za/wc/meetings/just-for-today-2/,/wc/meetings/just-for-today-2/,Western Cape,Accessibility & mobile; Code faults; Meeting data; Meta descriptions; Page titles; Security & privacy,Critical,"Hidden-SEO PHP snippet leaking into page output | WordPress add_action() printed as text, not executed | Pinch-to-zoom disabled — people cannot enlarge text on a phone",/areas/{area-slug} (area content migration),Not started,To assess
https://na.org.za/wc/meetings/just-for-today-2a/,/wc/meetings/just-for-today-2a/,Western Cape,Accessibility & mobile; Code faults; Meeting data; Meta descriptions; Security & privacy,Critical,"Hidden-SEO PHP snippet leaking into page output | WordPress add_action() printed as text, not executed | Pinch-to-zoom disabled — people cannot enlarge text on a phone",/areas/{area-slug} (area content migration),Not started,To assess
https://na.org.za/wc/meetings/just-for-today-3/,/wc/meetings/just-for-today-3/,Western Cape,Accessibility & mobile; Code faults; Meeting data; Meta descriptions; Page titles; Security & privacy,Critical,"Hidden-SEO PHP snippet leaking into page output | WordPress add_action() printed as text, not executed | Pinch-to-zoom disabled — people cannot enlarge text on a phone",/areas/{area-slug} (area content migration),Not started,To assess
https://na.org.za/wc/meetings/just-for-today-3a/,/wc/meetings/just-for-today-3a/,Western Cape,Accessibility & mobile; Code faults; Meeting data; Meta descriptions; Security & privacy,Critical,"Hidden-SEO PHP snippet leaking into page output | WordPress add_action() printed as text, not executed | Pinch-to-zoom disabled — people cannot enlarge text on a phone",/areas/{area-slug} (area content migration),Not started,To assess
https://na.org.za/wc/meetings/just-for-today-5/,/wc/meetings/just-for-today-5/,Western Cape,Accessibility & mobile; Code faults; Meeting data; Meta descriptions; Page titles; Security & privacy,Critical,"Hidden-SEO PHP snippet leaking into page output | WordPress add_action() printed as text, not executed | Pinch-to-zoom disabled — people cannot enlarge text on a phone",/areas/{area-slug} (area content migration),Not started,To assess
https://na.org.za/wc/meetings/just-for-today-7/,/wc/meetings/just-for-today-7/,Western Cape,Accessibility & mobile; Code faults; Meeting data; Meta descriptions; Page titles; Security & privacy,Critical,"Hidden-SEO PHP snippet leaking into page output | WordPress add_action() printed as text, not executed | Pinch-to-zoom disabled — people cannot enlarge text on a phone",/areas/{area-slug} (area content migration),Not started,To assess
https://na.org.za/wc/meetings/just-for-today/,/wc/meetings/just-for-today/,Western Cape,Accessibility & mobile; Code faults; Meeting data; Meta descriptions; Page titles; Security & privacy,Critical,"Hidden-SEO PHP snippet leaking into page output | WordPress add_action() printed as text, not executed | Pinch-to-zoom disabled — people cannot enlarge text on a phone",/areas/{area-slug} (area content migration),Not started,To assess
https://na.org.za/wc/meetings/kalk-bay/,/wc/meetings/kalk-bay/,Western Cape,Accessibility & mobile; Code faults; Meeting data; Meta descriptions; Security & privacy,Critical,"Hidden-SEO PHP snippet leaking into page output | WordPress add_action() printed as text, not executed | Pinch-to-zoom disabled — people cannot enlarge text on a phone",/areas/{area-slug} (area content migration),Not started,To assess
https://na.org.za/wc/meetings/kenilworth-3/,/wc/meetings/kenilworth-3/,Western Cape,Accessibility & mobile; Code faults; Meeting data; Meta descriptions; Security & privacy,Critical,"Hidden-SEO PHP snippet leaking into page output | WordPress add_action() printed as text, not executed | Pinch-to-zoom disabled — people cannot enlarge text on a phone",/areas/{area-slug} (area content migration),Not started,To assess
https://na.org.za/wc/meetings/knysna-wednesday-700-pm-2/,/wc/meetings/knysna-wednesday-700-pm-2/,Western Cape,Accessibility & mobile; Code faults; Meeting data; Meta descriptions; Page titles; Security & privacy,Critical,"Hidden-SEO PHP snippet leaking into page output | WordPress add_action() printed as text, not executed | Pinch-to-zoom disabled — people cannot enlarge text on a phone",/areas/{area-slug} (area content migration),Not started,To assess
https://na.org.za/wc/meetings/knysna-wednesday-700-pm/,/wc/meetings/knysna-wednesday-700-pm/,Western Cape,Accessibility & mobile; Code faults; Meeting data; Meta descriptions; Security & privacy,Critical,"Hidden-SEO PHP snippet leaking into page output | WordPress add_action() printed as text, not executed | Pinch-to-zoom disabled — people cannot enlarge text on a phone",/areas/{area-slug} (area content migration),Not started,To assess
https://na.org.za/wc/meetings/kuilsriver/,/wc/meetings/kuilsriver/,Western Cape,Accessibility & mobile; Code faults; Meeting data; Meta descriptions; Security & privacy,Critical,"Hidden-SEO PHP snippet leaking into page output | WordPress add_action() printed as text, not executed | Pinch-to-zoom disabled — people cannot enlarge text on a phone",/areas/{area-slug} (area content migration),Not started,To assess
https://na.org.za/wc/meetings/lansdowne/,/wc/meetings/lansdowne/,Western Cape,Accessibility & mobile; Code faults; Meeting data; Meta descriptions; Page titles; Security & privacy,Critical,"Hidden-SEO PHP snippet leaking into page output | WordPress add_action() printed as text, not executed | Pinch-to-zoom disabled — people cannot enlarge text on a phone",/areas/{area-slug} (area content migration),Not started,To assess
https://na.org.za/wc/meetings/living-miracles/,/wc/meetings/living-miracles/,Western Cape,Accessibility & mobile; Code faults; Meeting data; Meta descriptions; Page titles; Security & privacy,Critical,"Hidden-SEO PHP snippet leaking into page output | WordPress add_action() printed as text, not executed | Pinch-to-zoom disabled — people cannot enlarge text on a phone",/areas/{area-slug} (area content migration),Not started,To assess
https://na.org.za/wc/meetings/living-queer-lit/,/wc/meetings/living-queer-lit/,Western Cape,Accessibility & mobile; Code faults; Meeting data; Meta descriptions; Security & privacy,Critical,"Hidden-SEO PHP snippet leaking into page output | WordPress add_action() printed as text, not executed | Pinch-to-zoom disabled — people cannot enlarge text on a phone",/areas/{area-slug} (area content migration),Not started,To assess
https://na.org.za/wc/meetings/living-queer/,/wc/meetings/living-queer/,Western Cape,Accessibility & mobile; Code faults; Meeting data; Meta descriptions; Security & privacy,Critical,"Hidden-SEO PHP snippet leaking into page output | WordPress add_action() printed as text, not executed | Pinch-to-zoom disabled — people cannot enlarge text on a phone",/areas/{area-slug} (area content migration),Not started,To assess
https://na.org.za/wc/meetings/lotus-river-every-step-counts/,/wc/meetings/lotus-river-every-step-counts/,Western Cape,Accessibility & mobile; Code faults; Meeting data; Meta descriptions; Page titles; Security & privacy,Critical,"Hidden-SEO PHP snippet leaking into page output | WordPress add_action() printed as text, not executed | Pinch-to-zoom disabled — people cannot enlarge text on a phone",/areas/{area-slug} (area content migration),Not started,To assess
https://na.org.za/wc/meetings/manenberg-new-hope-meeting/,/wc/meetings/manenberg-new-hope-meeting/,Western Cape,Accessibility & mobile; Code faults; Meeting data; Meta descriptions; Page titles; Security & privacy,Critical,"Hidden-SEO PHP snippet leaking into page output | WordPress add_action() printed as text, not executed | Pinch-to-zoom disabled — people cannot enlarge text on a phone",/areas/{area-slug} (area content migration),Not started,To assess
https://na.org.za/wc/meetings/miracles-milestones/,/wc/meetings/miracles-milestones/,Western Cape,Accessibility & mobile; Code faults; Meeting data; Meta descriptions; Security & privacy,Critical,"Hidden-SEO PHP snippet leaking into page output | WordPress add_action() printed as text, not executed | Pinch-to-zoom disabled — people cannot enlarge text on a phone",/areas/{area-slug} (area content migration),Not started,To assess
https://na.org.za/wc/meetings/mitchells-plain-from-the-streets-to-the-seats/,/wc/meetings/mitchells-plain-from-the-streets-to-the-seats/,Western Cape,Accessibility & mobile; Code faults; Meeting data; Meta descriptions; Page titles; Security & privacy,Critical,"Hidden-SEO PHP snippet leaking into page output | WordPress add_action() printed as text, not executed | Pinch-to-zoom disabled — people cannot enlarge text on a phone",/areas/{area-slug} (area content migration),Not started,To assess
https://na.org.za/wc/meetings/mitchells-plain-grow-and-change-group/,/wc/meetings/mitchells-plain-grow-and-change-group/,Western Cape,Accessibility & mobile; Code faults; Meeting data; Meta descriptions; Security & privacy,Critical,"Hidden-SEO PHP snippet leaking into page output | WordPress add_action() printed as text, not executed | Pinch-to-zoom disabled — people cannot enlarge text on a phone",/areas/{area-slug} (area content migration),Not started,To assess
https://na.org.za/wc/meetings/mitchells-plain/,/wc/meetings/mitchells-plain/,Western Cape,Accessibility & mobile; Code faults; Meeting data; Meta descriptions; Page titles; Security & privacy,Critical,"Hidden-SEO PHP snippet leaking into page output | WordPress add_action() printed as text, not executed | Pinch-to-zoom disabled — people cannot enlarge text on a phone",/areas/{area-slug} (area content migration),Not started,To assess
https://na.org.za/wc/meetings/mitchells_plein/,/wc/meetings/mitchells_plein/,Western Cape,Accessibility & mobile; Code faults; Meeting data; Meta descriptions; Page titles; Security & privacy,Critical,"Hidden-SEO PHP snippet leaking into page output | WordPress add_action() printed as text, not executed | Pinch-to-zoom disabled — people cannot enlarge text on a phone",/areas/{area-slug} (area content migration),Not started,To assess
https://na.org.za/wc/meetings/mossel-bay/,/wc/meetings/mossel-bay/,Western Cape,Accessibility & mobile; Code faults; Meeting data; Meta descriptions; Security & privacy,Critical,"Hidden-SEO PHP snippet leaking into page output | WordPress add_action() printed as text, not executed | Pinch-to-zoom disabled — people cannot enlarge text on a phone",/areas/{area-slug} (area content migration),Not started,To assess
https://na.org.za/wc/meetings/muizenberg/,/wc/meetings/muizenberg/,Western Cape,Accessibility & mobile; Code faults; Meeting data; Meta descriptions; Security & privacy,Critical,"Hidden-SEO PHP snippet leaking into page output | WordPress add_action() printed as text, not executed | Pinch-to-zoom disabled — people cannot enlarge text on a phone",/areas/{area-slug} (area content migration),Not started,To assess
https://na.org.za/wc/meetings/na-edgemead-narcotics-anonymous-cape-town-keep-it-simple-na-thursday-na-meeting-na-support-group-western-cape-na-speaker-meeting-edgemead/,/wc/meetings/na-edgemead-narcotics-anonymous-cape-town-keep-it-simple-na-thursday-na-meeting-na-support-group-western-cape-na-speaker-meeting-edgemead/,Western Cape,Accessibility & mobile; Code faults; Meeting data; Meta descriptions; Page titles; Security & privacy,Critical,"Hidden-SEO PHP snippet leaking into page output | WordPress add_action() printed as text, not executed | Pinch-to-zoom disabled — people cannot enlarge text on a phone",/areas/{area-slug} (area content migration),Not started,To assess
https://na.org.za/wc/meetings/na-hermanus/,/wc/meetings/na-hermanus/,Western Cape,Accessibility & mobile; Code faults; Meeting data; Meta descriptions; Security & privacy,Critical,"Hidden-SEO PHP snippet leaking into page output | WordPress add_action() printed as text, not executed | Pinch-to-zoom disabled — people cannot enlarge text on a phone",/areas/{area-slug} (area content migration),Not started,To assess
https://na.org.za/wc/meetings/noordhoek-new-way-of-life-2/,/wc/meetings/noordhoek-new-way-of-life-2/,Western Cape,Accessibility & mobile; Code faults; Meeting data; Meta descriptions; Page titles; Security & privacy,Critical,"Hidden-SEO PHP snippet leaking into page output | WordPress add_action() printed as text, not executed | Pinch-to-zoom disabled — people cannot enlarge text on a phone",/areas/{area-slug} (area content migration),Not started,To assess
https://na.org.za/wc/meetings/observatory-2/,/wc/meetings/observatory-2/,Western Cape,Accessibility & mobile; Code faults; Meeting data; Meta descriptions; Security & privacy,Critical,"Hidden-SEO PHP snippet leaking into page output | WordPress add_action() printed as text, not executed | Pinch-to-zoom disabled — people cannot enlarge text on a phone",/areas/{area-slug} (area content migration),Not started,To assess
https://na.org.za/wc/meetings/observatory-express/,/wc/meetings/observatory-express/,Western Cape,Accessibility & mobile; Code faults; Meeting data; Meta descriptions; Page titles; Security & privacy,Critical,"Hidden-SEO PHP snippet leaking into page output | WordPress add_action() printed as text, not executed | Pinch-to-zoom disabled — people cannot enlarge text on a phone",/areas/{area-slug} (area content migration),Not started,To assess
https://na.org.za/wc/meetings/observatory/,/wc/meetings/observatory/,Western Cape,Accessibility & mobile; Code faults; Meeting data; Meta descriptions; Security & privacy,Critical,"Hidden-SEO PHP snippet leaking into page output | WordPress add_action() printed as text, not executed | Pinch-to-zoom disabled — people cannot enlarge text on a phone",/areas/{area-slug} (area content migration),Not started,To assess
https://na.org.za/wc/meetings/paarl/,/wc/meetings/paarl/,Western Cape,Accessibility & mobile; Code faults; Meeting data; Meta descriptions; Security & privacy,Critical,"Hidden-SEO PHP snippet leaking into page output | WordPress add_action() printed as text, not executed | Pinch-to-zoom disabled — people cannot enlarge text on a phone",/areas/{area-slug} (area content migration),Not started,To assess
https://na.org.za/wc/meetings/page-by-page/,/wc/meetings/page-by-page/,Western Cape,Accessibility & mobile; Code faults; Meeting data; Meta descriptions; Security & privacy,Critical,"Hidden-SEO PHP snippet leaking into page output | WordPress add_action() printed as text, not executed | Pinch-to-zoom disabled — people cannot enlarge text on a phone",/areas/{area-slug} (area content migration),Not started,To assess
https://na.org.za/wc/meetings/pink-cloud-2/,/wc/meetings/pink-cloud-2/,Western Cape,Accessibility & mobile; Code faults; Meeting data; Meta descriptions; Security & privacy,Critical,"Hidden-SEO PHP snippet leaking into page output | WordPress add_action() printed as text, not executed | Pinch-to-zoom disabled — people cannot enlarge text on a phone",/areas/{area-slug} (area content migration),Not started,To assess
https://na.org.za/wc/meetings/plettenberg-bay-2/,/wc/meetings/plettenberg-bay-2/,Western Cape,Accessibility & mobile; Code faults; Meeting data; Meta descriptions; Page titles; Security & privacy,Critical,"Hidden-SEO PHP snippet leaking into page output | WordPress add_action() printed as text, not executed | Pinch-to-zoom disabled — people cannot enlarge text on a phone",/areas/{area-slug} (area content migration),Not started,To assess
https://na.org.za/wc/meetings/plettenberg-bay/,/wc/meetings/plettenberg-bay/,Western Cape,Accessibility & mobile; Code faults; Meeting data; Meta descriptions; Page titles; Security & privacy,Critical,"Hidden-SEO PHP snippet leaking into page output | WordPress add_action() printed as text, not executed | Pinch-to-zoom disabled — people cannot enlarge text on a phone",/areas/{area-slug} (area content migration),Not started,To assess
https://na.org.za/wc/meetings/plumstead-strength-and-unity/,/wc/meetings/plumstead-strength-and-unity/,Western Cape,Accessibility & mobile; Code faults; Meeting data; Meta descriptions; Page titles; Security & privacy,Critical,"Hidden-SEO PHP snippet leaking into page output | WordPress add_action() printed as text, not executed | Pinch-to-zoom disabled — people cannot enlarge text on a phone",/areas/{area-slug} (area content migration),Not started,To assess
https://na.org.za/wc/meetings/retreat/,/wc/meetings/retreat/,Western Cape,Accessibility & mobile; Code faults; Meeting data; Meta descriptions; Security & privacy,Critical,"Hidden-SEO PHP snippet leaking into page output | WordPress add_action() printed as text, not executed | Pinch-to-zoom disabled — people cannot enlarge text on a phone",/areas/{area-slug} (area content migration),Not started,To assess
https://na.org.za/wc/meetings/seapointlivingclean/,/wc/meetings/seapointlivingclean/,Western Cape,Accessibility & mobile; Code faults; Meeting data; Meta descriptions; Security & privacy,Critical,"Hidden-SEO PHP snippet leaking into page output | WordPress add_action() printed as text, not executed | Pinch-to-zoom disabled — people cannot enlarge text on a phone",/areas/{area-slug} (area content migration),Not started,To assess
https://na.org.za/wc/meetings/somerset-west/,/wc/meetings/somerset-west/,Western Cape,Accessibility & mobile; Code faults; Meeting data; Meta descriptions; Security & privacy,Critical,"Hidden-SEO PHP snippet leaking into page output | WordPress add_action() printed as text, not executed | Pinch-to-zoom disabled — people cannot enlarge text on a phone",/areas/{area-slug} (area content migration),Not started,To assess
https://na.org.za/wc/meetings/southfield/,/wc/meetings/southfield/,Western Cape,Accessibility & mobile; Code faults; Meeting data; Meta descriptions; Security & privacy,Critical,"Hidden-SEO PHP snippet leaking into page output | WordPress add_action() printed as text, not executed | Pinch-to-zoom disabled — people cannot enlarge text on a phone",/areas/{area-slug} (area content migration),Not started,To assess
https://na.org.za/wc/meetings/st-josephs-church-friday-500-pm/,/wc/meetings/st-josephs-church-friday-500-pm/,Western Cape,Accessibility & mobile; Code faults; Meeting data; Meta descriptions; Page titles; Security & privacy,Critical,"Hidden-SEO PHP snippet leaking into page output | WordPress add_action() printed as text, not executed | Pinch-to-zoom disabled — people cannot enlarge text on a phone",/areas/{area-slug} (area content migration),Not started,To assess
https://na.org.za/wc/meetings/stellenbosch/,/wc/meetings/stellenbosch/,Western Cape,Accessibility & mobile; Code faults; Meeting data; Meta descriptions; Security & privacy,Critical,"Hidden-SEO PHP snippet leaking into page output | WordPress add_action() printed as text, not executed | Pinch-to-zoom disabled — people cannot enlarge text on a phone",/areas/{area-slug} (area content migration),Not started,To assess
https://na.org.za/wc/meetings/sunday-serenity/,/wc/meetings/sunday-serenity/,Western Cape,Accessibility & mobile; Code faults; Meta descriptions; Security & privacy,Critical,"Hidden-SEO PHP snippet leaking into page output | WordPress add_action() printed as text, not executed | Pinch-to-zoom disabled — people cannot enlarge text on a phone",/areas/{area-slug} (area content migration),Not started,To assess
https://na.org.za/wc/meetings/surrender-to-monday/,/wc/meetings/surrender-to-monday/,Western Cape,Accessibility & mobile; Code faults; Meeting data; Meta descriptions; Page titles; Security & privacy,Critical,"Hidden-SEO PHP snippet leaking into page output | WordPress add_action() printed as text, not executed | Pinch-to-zoom disabled — people cannot enlarge text on a phone",/areas/{area-slug} (area content migration),Not started,To assess
https://na.org.za/wc/meetings/table-view/,/wc/meetings/table-view/,Western Cape,Accessibility & mobile; Code faults; Meeting data; Meta descriptions; Security & privacy; Spelling,Critical,"Hidden-SEO PHP snippet leaking into page output | WordPress add_action() printed as text, not executed | Pinch-to-zoom disabled — people cannot enlarge text on a phone",/areas/{area-slug} (area content migration),Not started,To assess
https://na.org.za/wc/meetings/wednesdays-we-can/,/wc/meetings/wednesdays-we-can/,Western Cape,Accessibility & mobile; Code faults; Meeting data; Meta descriptions; Page titles; Security & privacy,Critical,"Hidden-SEO PHP snippet leaking into page output | WordPress add_action() printed as text, not executed | Pinch-to-zoom disabled — people cannot enlarge text on a phone",/areas/{area-slug} (area content migration),Not started,To assess
https://na.org.za/wc/meetings/welcome-home/,/wc/meetings/welcome-home/,Western Cape,Accessibility & mobile; Code faults; Meeting data; Meta descriptions; Security & privacy,Critical,"Hidden-SEO PHP snippet leaking into page output | WordPress add_action() printed as text, not executed | Pinch-to-zoom disabled — people cannot enlarge text on a phone",/areas/{area-slug} (area content migration),Not started,To assess
https://na.org.za/wc/meetings/woodstock-meeting/,/wc/meetings/woodstock-meeting/,Western Cape,Accessibility & mobile; Code faults; Meeting data; Meta descriptions; Security & privacy,Critical,"Hidden-SEO PHP snippet leaking into page output | WordPress add_action() printed as text, not executed | Pinch-to-zoom disabled — people cannot enlarge text on a phone",/areas/{area-slug} (area content migration),Not started,To assess
https://na.org.za/wc/meetings/young-peoples-meeting/,/wc/meetings/young-peoples-meeting/,Western Cape,Accessibility & mobile; Code faults; Meeting data; Meta descriptions; Security & privacy,Critical,"Hidden-SEO PHP snippet leaking into page output | WordPress add_action() printed as text, not executed | Pinch-to-zoom disabled — people cannot enlarge text on a phone",/areas/{area-slug} (area content migration),Not started,To assess
https://na.org.za/wc/na-literature/,/wc/na-literature/,Western Cape,Accessibility & mobile; Broken links; Code faults; Meta descriptions; Security & privacy; Spelling,Critical,"Hidden-SEO PHP snippet leaking into page output | WordPress add_action() printed as text, not executed | Pinch-to-zoom disabled — people cannot enlarge text on a phone",/areas/{area-slug} (area content migration),Not started,To assess
https://na.org.za/wc/online-meeting-update/,/wc/online-meeting-update/,Western Cape,Accessibility & mobile; Code faults; Meta descriptions; Security & privacy,Critical,"Hidden-SEO PHP snippet leaking into page output | WordPress add_action() printed as text, not executed | Pinch-to-zoom disabled — people cannot enlarge text on a phone",/areas/{area-slug} (area content migration),Not started,To assess
https://na.org.za/wc/online-meetings/,/wc/online-meetings/,Western Cape,Accessibility & mobile; Code faults; Meta descriptions; Security & privacy,Critical,"Hidden-SEO PHP snippet leaking into page output | WordPress add_action() printed as text, not executed | Pinch-to-zoom disabled — people cannot enlarge text on a phone",/areas/{area-slug} (area content migration),Not started,To assess
https://na.org.za/wc/policies-and-resources/,/wc/policies-and-resources/,Western Cape,Accessibility & mobile; Code faults; Meta descriptions; Security & privacy,Critical,"Hidden-SEO PHP snippet leaking into page output | WordPress add_action() printed as text, not executed | Pinch-to-zoom disabled — people cannot enlarge text on a phone",/areas/{area-slug} (area content migration),Not started,To assess
https://na.org.za/wc/preambles-for-service/,/wc/preambles-for-service/,Western Cape,Accessibility & mobile; Code faults; Meta descriptions; Security & privacy,Critical,"Hidden-SEO PHP snippet leaking into page output | WordPress add_action() printed as text, not executed | Pinch-to-zoom disabled — people cannot enlarge text on a phone",/areas/{area-slug} (area content migration),Not started,To assess
https://na.org.za/wc/preambles/,/wc/preambles/,Western Cape,Accessibility & mobile; Code faults; Meta descriptions; Security & privacy,Critical,"Hidden-SEO PHP snippet leaking into page output | WordPress add_action() printed as text, not executed | Pinch-to-zoom disabled — people cannot enlarge text on a phone",/areas/{area-slug} (area content migration),Not started,To assess
https://na.org.za/wc/professionals/,/wc/professionals/,Western Cape,Accessibility & mobile; Broken links; Code faults; Meta descriptions; Security & privacy,Critical,"Hidden-SEO PHP snippet leaking into page output | WordPress add_action() printed as text, not executed | Pinch-to-zoom disabled — people cannot enlarge text on a phone",/areas/{area-slug} (area content migration),Not started,To assess
https://na.org.za/wc/service/,/wc/service/,Western Cape,Accessibility & mobile; Code faults; Meta descriptions; Security & privacy,Critical,"Hidden-SEO PHP snippet leaking into page output | WordPress add_action() printed as text, not executed | Pinch-to-zoom disabled — people cannot enlarge text on a phone",/areas/{area-slug} (area content migration),Not started,To assess
https://na.org.za/wc/shop/,/wc/shop/,Western Cape,Accessibility & mobile; Code faults; Meta descriptions; Security & privacy,Critical,"Hidden-SEO PHP snippet leaking into page output | WordPress add_action() printed as text, not executed | Pinch-to-zoom disabled — people cannot enlarge text on a phone",/areas/{area-slug} (area content migration),Not started,To assess
https://na.org.za/wc/subcommittees/,/wc/subcommittees/,Western Cape,Accessibility & mobile; Code faults; Meta descriptions; Security & privacy,Critical,"Hidden-SEO PHP snippet leaking into page output | WordPress add_action() printed as text, not executed | Pinch-to-zoom disabled — people cannot enlarge text on a phone",/areas/{area-slug} (area content migration),Not started,To assess
https://na.org.za/wc/useful-links/,/wc/useful-links/,Western Cape,Accessibility & mobile; Code faults; Meta descriptions; Security & privacy,Critical,"Hidden-SEO PHP snippet leaking into page output | WordPress add_action() printed as text, not executed | Pinch-to-zoom disabled — people cannot enlarge text on a phone",/areas/{area-slug} (area content migration),Not started,To assess
https://na.org.za/wc/wc-events/,/wc/wc-events/,Western Cape,Accessibility & mobile; Code faults; Meta descriptions; Security & privacy,Critical,"Hidden-SEO PHP snippet leaking into page output | WordPress add_action() printed as text, not executed | Pinch-to-zoom disabled — people cannot enlarge text on a phone",/areas/{area-slug} (area content migration),Not started,To assess
https://na.org.za/wc/welcome/,/wc/welcome/,Western Cape,Accessibility & mobile; Code faults; Meta descriptions; Security & privacy,Critical,"Hidden-SEO PHP snippet leaking into page output | WordPress add_action() printed as text, not executed | Pinch-to-zoom disabled — people cannot enlarge text on a phone",/areas/{area-slug} (area content migration),Not started,To assess
https://na.org.za/wc/what-happens-at-an-na-meeting/,/wc/what-happens-at-an-na-meeting/,Western Cape,Accessibility & mobile; Code faults; Headings; Meta descriptions; Page titles; Security & privacy,Critical,"Hidden-SEO PHP snippet leaking into page output | WordPress add_action() printed as text, not executed | Pinch-to-zoom disabled — people cannot enlarge text on a phone",/areas/{area-slug} (area content migration),Not started,To assess
https://na.org.za/wc/who-are-our-members/,/wc/who-are-our-members/,Western Cape,Accessibility & mobile; Code faults; Meta descriptions; Security & privacy,Critical,"Hidden-SEO PHP snippet leaking into page output | WordPress add_action() printed as text, not executed | Pinch-to-zoom disabled — people cannot enlarge text on a phone",/areas/{area-slug} (area content migration),Not started,To assess
https://na.org.za/wc/wp-json/wp/v2/users,/wc/wp-json/wp/v2/users,Western Cape,Security & privacy,High,WordPress usernames can be listed by anyone — 4 account(s) exposed,/areas/{area-slug} (area content migration),Not started,To assess
https://na.org.za/what-happens-at-an-na-meeting/,/what-happens-at-an-na-meeting/,Region,Accessibility & mobile; Broken links; Meta descriptions; Page titles; Security & privacy,High,Pinch-to-zoom disabled — people cannot enlarge text on a phone | Link points to a page that does not exist (404) | Insecure http:// resource on a secure page,Route mapping required,Not started,To assess
https://wc.shop.na.org.za/,/,Western Cape,Crawl & indexation,Medium,The Area online shop is a separate website that has never been included in any site review,/,Not started,To assess
https://wc.shop.na.org.za/products/test-weight,/products/test-weight,Western Cape,Content,Medium,A test product is publicly listed for sale in the shop,Route mapping required,Not started,To assess
